Time,Distance,Player_Pos_X,Player_Pos_Y,Player_Pos_Z,Player_Speed,Player_Health,Player_Turret_X,Player_Turret_Y,Player_Body_X,Player_Body_Y,Player_Body_Z,TurretCam_X,TurretCam_Y,TurretCam_Z,StereoL_X,StereoL_Y,StereoL_Z,StereoL_Roll,StereoL_Pitch,StereoL_Yaw,StereoR_X,StereoR_Y,StereoR_Z,StereoR_Roll,StereoR_Pitch,StereoR_Yaw,Enemy_Pos_X,Enemy_Pos_Y,Enemy_Pos_Z,Enemy_Speed,Enemy_Health,Enemy_Turret_X,Enemy_Turret_Y,Enemy_Body_X,Enemy_Body_Y,Enemy_Body_Z
0.08,361.32,10.0000,7.9938,10.0000,-0.13,100.00,359.91,0.00,0.00,0.00,0.00,10.0071,11.0117,10.3499,9.6170,11.0117,10.3593,0.00,0.00,359.91,10.6170,11.0117,10.3608,0.00,0.00,359.91,250.0000,14.9894,280.0000,-0.29,100.00,180.00,0.00,180.00,0.00,0.00
0.14,361.31,10.0000,7.9908,10.0008,0.05,100.00,359.74,0.00,0.08,0.00,0.00,10.0076,11.0087,10.3507,9.6175,11.0087,10.3589,0.00,0.00,359.74,10.6175,11.0087,10.3635,0.00,0.00,359.74,250.0000,14.9266,280.0000,1.07,100.00,180.00,0.00,180.00,0.00,0.00
0.20,361.31,10.0000,7.9880,10.0102,0.16,100.00,359.98,0.00,0.32,0.00,0.00,10.0090,11.0059,10.3601,9.6190,11.0059,10.3699,0.00,0.00,359.98,10.6190,11.0059,10.3703,0.00,0.00,359.98,250.0000,14.8300,280.0000,1.61,100.00,180.00,0.00,180.00,0.00,0.00
0.26,361.30,10.0000,7.9858,10.0112,0.04,100.00,359.98,0.00,0.32,0.00,0.00,10.0090,11.0037,10.3610,9.6190,11.0037,10.3708,0.00,0.00,359.98,10.6190,11.0037,10.3712,0.00,0.00,359.98,250.0000,14.7014,280.0000,2.14,100.00,180.00,0.00,180.00,0.00,0.00
0.32,361.30,10.0000,7.9844,10.0112,0.02,100.00,1.60,0.00,0.32,0.00,0.00,10.0090,11.0023,10.3610,9.6195,11.0023,10.3819,0.00,0.00,1.60,10.6191,11.0023,10.3540,0.00,0.00,1.60,250.0000,14.5423,280.0000,2.65,100.00,180.00,0.00,180.00,0.00,0.00
0.38,361.29,10.0000,7.9804,10.0143,0.08,100.00,5.67,0.00,2.72,0.00,0.00,10.0237,10.9983,10.3634,9.6366,10.9983,10.4119,0.00,0.00,5.67,10.6317,10.9983,10.3131,0.00,0.00,5.67,250.0000,14.3468,280.0000,3.16,100.00,180.00,0.00,180.00,0.00,0.00
0.45,361.28,10.0004,7.9742,10.0208,0.14,100.00,8.15,0.00,5.20,0.00,0.00,10.0391,10.9921,10.3686,9.6544,10.9921,10.4338,0.00,0.00,8.15,10.6443,10.9921,10.2921,0.00,0.00,8.15,250.0000,14.1152,280.0000,3.66,100.00,180.00,0.00,180.00,0.00,0.00
0.51,361.27,10.0013,7.9961,10.0310,0.36,100.00,10.68,0.00,7.73,0.00,0.00,10.0553,11.0140,10.3767,9.6739,11.0140,10.4588,0.00,0.00,10.68,10.6566,11.0140,10.2735,0.00,0.00,10.68,250.0000,13.8395,280.0000,4.17,100.00,180.00,0.00,180.00,0.00,0.00
0.58,361.25,10.0032,7.9857,10.0452,0.27,100.00,14.48,0.00,10.38,0.00,0.00,10.0732,11.0036,10.3881,9.6980,11.0036,10.4954,0.00,0.00,14.48,10.6663,11.0036,10.2453,0.00,0.00,14.48,250.0000,13.5310,280.0000,4.67,100.00,180.00,0.00,180.00,0.00,0.00
0.65,361.23,10.0065,7.9763,10.0632,0.31,100.00,18.27,0.00,13.02,0.00,0.00,10.0922,10.9942,10.4025,9.7250,10.9942,10.5342,0.00,0.00,18.27,10.6745,10.9942,10.2207,0.00,0.00,18.27,250.0000,13.1948,280.0000,5.14,100.00,180.00,0.00,180.00,0.00,0.00
0.71,361.21,10.0114,8.0006,10.0843,0.49,100.00,21.51,0.00,15.63,0.00,0.00,10.1125,11.0185,10.4193,9.7533,11.0185,10.5716,0.00,0.00,21.51,10.6836,11.0185,10.2049,0.00,0.00,21.51,250.0000,12.8262,280.0000,5.60,100.00,180.00,0.00,180.00,0.00,0.00
0.78,361.18,10.0183,7.9899,10.1089,0.42,100.00,24.78,0.00,18.26,0.00,0.00,10.1346,11.0078,10.4390,9.7847,11.0078,10.6115,0.00,0.00,24.78,10.6927,11.0078,10.1924,0.00,0.00,24.78,250.0208,12.4794,279.9816,5.26,100.00,180.21,-1.42,180.21,1.42,2.59
0.85,361.15,10.0275,7.9721,10.1370,0.49,100.00,27.42,0.00,20.91,0.00,0.00,10.1590,10.9900,10.4613,9.8174,10.9900,10.6498,0.00,0.00,27.42,10.7051,10.9900,10.1892,0.00,0.00,27.42,250.0648,12.1826,279.9432,4.31,100.00,180.95,-5.13,180.95,5.13,9.62
0.92,361.09,10.0402,7.9906,10.1702,0.58,100.00,30.23,0.00,23.72,0.00,0.00,10.1874,11.0085,10.4877,9.8555,11.0085,10.6927,0.00,0.00,30.23,10.7195,11.0085,10.1893,0.00,0.00,30.23,250.0656,11.9641,279.9106,3.18,100.00,182.02,-9.72,182.02,9.72,13.57
0.99,361.01,10.0561,7.9730,10.2063,0.62,100.00,32.46,0.00,26.49,0.00,0.00,10.2185,10.9909,10.5163,9.8948,10.9909,10.7340,0.00,0.00,32.46,10.7385,10.9909,10.1973,0.00,0.00,32.46,250.0526,11.9941,279.8598,0.86,100.00,182.95,-13.71,182.95,13.71,12.05
1.05,360.95,10.0757,7.9939,10.2457,0.71,100.00,34.73,0.00,29.29,0.00,0.00,10.2530,11.0118,10.5473,9.9382,11.0118,10.7777,0.00,0.00,34.73,10.7601,11.0118,10.2081,0.00,0.00,34.73,250.0627,12.0476,279.8287,0.92,100.00,183.29,-15.19,183.29,15.19,12.02
1.12,360.90,10.0986,7.9764,10.2865,0.72,100.00,35.94,0.00,32.02,0.00,0.00,10.2901,10.9943,10.5794,9.9802,10.9943,10.8164,0.00,0.00,35.94,10.7899,10.9943,10.2295,0.00,0.00,35.94,250.0676,12.0714,279.8142,0.41,100.00,183.44,-15.87,183.44,15.87,12.06
1.19,360.85,10.1263,7.9998,10.3308,0.86,100.00,37.28,0.00,34.81,0.00,0.00,10.3319,11.0177,10.6141,10.0276,11.0177,10.8583,0.00,0.00,37.28,10.8233,11.0177,10.2525,0.00,0.00,37.28,250.0674,12.0706,279.8148,0.02,100.00,183.43,-15.84,183.43,15.84,12.06
1.26,360.80,10.1570,7.9895,10.3750,0.83,100.00,39.95,0.00,37.48,0.00,0.00,10.3755,11.0074,10.6483,10.0830,11.0074,10.9064,0.00,0.00,39.95,10.8496,11.0074,10.2643,0.00,0.00,39.95,250.0633,12.0504,279.8271,0.36,100.00,183.31,-15.27,183.31,15.27,12.03
1.33,360.75,10.1916,7.9738,10.4201,0.86,100.00,42.58,0.00,40.11,0.00,0.00,10.4224,10.9917,10.6831,10.1421,10.9917,10.9544,0.00,0.00,42.58,10.8783,10.9917,10.2777,0.00,0.00,42.58,250.0554,12.0117,279.8496,0.66,100.00,183.07,-14.19,183.07,14.19,11.97
1.39,360.70,10.2326,7.9982,10.4687,1.03,100.00,43.16,0.00,42.87,0.00,0.00,10.4758,11.0161,10.7204,10.1982,11.0161,10.9944,0.00,0.00,43.16,10.9276,11.0161,10.3104,0.00,0.00,43.16,250.0490,11.9701,279.8756,0.75,100.00,182.75,-12.78,182.75,12.78,12.11
1.46,360.66,10.2768,7.9889,10.5163,1.00,100.00,43.66,0.00,45.52,0.00,0.00,10.5313,11.0068,10.7564,10.2561,11.0068,11.0329,0.00,0.00,43.66,10.9796,11.0068,10.3426,0.00,0.00,43.66,250.0529,11.9509,279.8934,0.41,100.00,182.48,-11.56,182.48,11.56,12.80
1.53,360.59,10.3250,7.9746,10.5637,1.02,100.00,43.49,0.00,48.13,0.00,0.00,10.5903,10.9925,10.7920,10.3142,10.9925,11.0677,0.00,0.00,43.49,11.0397,10.9925,10.3794,0.00,0.00,43.49,250.0556,11.9512,279.8978,0.08,100.00,182.38,-11.14,182.38,11.14,13.03
1.59,360.52,10.3806,7.9678,10.6135,1.17,100.00,43.62,0.00,50.85,0.00,0.00,10.6564,10.9857,10.8290,10.3810,10.9857,11.1052,0.00,0.00,43.62,11.1049,10.9857,10.4154,0.00,0.00,43.62,250.0550,11.9510,279.8970,0.02,100.00,182.40,-11.22,182.40,11.22,12.98
1.66,360.44,10.4376,7.9863,10.6599,1.09,100.00,43.22,0.00,53.41,0.00,0.00,10.7227,11.0042,10.8629,10.4454,11.0042,11.1372,0.00,0.00,43.22,11.1741,11.0042,10.4524,0.00,0.00,43.22,250.0521,11.9512,279.8928,0.07,100.00,182.49,-11.61,182.49,11.61,12.72
1.72,360.35,10.5053,7.9787,10.7102,1.32,100.00,43.28,0.00,56.19,0.00,0.00,10.7999,10.9966,10.8990,10.5229,10.9966,11.1737,0.00,0.00,43.28,11.2509,10.9966,10.4881,0.00,0.00,43.28,250.0501,11.9548,279.8878,0.10,100.00,182.57,-11.99,182.57,11.99,12.48
1.79,360.27,10.5730,7.9997,10.7555,1.24,100.00,45.85,0.00,58.76,0.00,0.00,10.8758,11.0176,10.9310,10.6113,11.0176,11.2178,0.00,0.00,45.85,11.3079,11.0176,10.5002,0.00,0.00,45.85,250.0506,11.9553,279.8877,0.01,100.00,182.57,-11.99,182.57,11.99,12.51
1.86,360.19,10.6503,7.9913,10.8024,1.40,100.00,48.58,0.00,61.48,0.00,0.00,10.9611,11.0092,10.9632,10.7105,11.0092,11.2623,0.00,0.00,48.58,11.3722,11.0092,10.5124,0.00,0.00,48.58,250.0508,11.9491,279.8925,0.12,100.00,182.50,-11.68,182.50,11.68,12.64
1.92,360.11,10.7290,7.9806,10.8452,1.37,100.00,51.17,0.00,64.07,0.00,0.00,11.0467,10.9985,10.9918,10.8100,10.9985,11.3019,0.00,0.00,51.17,11.4370,10.9985,10.5229,0.00,0.00,51.17,250.0506,11.9470,279.8951,0.05,100.00,182.46,-11.49,182.46,11.49,12.66
1.99,360.02,10.8146,8.0006,10.8868,1.42,100.00,53.81,0.00,66.72,0.00,0.00,11.1388,11.0185,11.0186,10.9166,11.0185,11.3392,0.00,0.00,53.81,11.5070,11.0185,10.5322,0.00,0.00,53.81,250.0507,11.9472,279.8946,0.01,100.00,182.47,-11.52,182.47,11.52,12.66
2.05,359.93,10.9092,7.9964,10.9275,1.65,100.00,56.56,0.00,69.46,0.00,0.00,11.2393,11.0143,11.0436,11.0327,11.0143,11.3745,0.00,0.00,56.56,11.5838,11.0143,10.5401,0.00,0.00,56.56,250.0508,11.9480,279.8933,0.02,100.00,182.49,-11.62,182.49,11.62,12.66
2.12,359.85,10.9879,7.9889,10.9570,1.31,100.00,56.56,0.00,69.46,0.00,0.00,11.3181,11.0068,11.0731,11.1115,11.0068,11.4041,0.00,0.00,56.56,11.6626,11.0068,10.5696,0.00,0.00,56.56,250.0508,11.9478,279.8935,0.00,100.00,182.49,-11.62,182.49,11.62,12.67
2.18,359.78,11.0597,7.9825,10.9839,1.21,100.00,53.25,0.00,69.46,0.00,0.00,11.3898,11.0004,11.1000,11.1645,11.0004,11.4185,0.00,0.00,53.25,11.7628,11.0004,10.6172,0.00,0.00,53.25,250.0508,11.9479,279.8934,0.00,100.00,182.49,-11.62,182.49,11.62,12.67
2.24,359.71,11.1345,7.9780,11.0119,1.28,100.00,52.07,0.00,71.53,0.00,0.00,11.4686,10.9959,11.1160,11.2367,10.9959,11.4298,0.00,0.00,52.07,11.8514,10.9959,10.6410,0.00,0.00,52.07,250.0508,11.9479,279.8934,0.00,100.00,182.49,-11.62,182.49,11.62,12.67
2.31,359.64,11.2126,7.9737,11.0379,1.32,100.00,54.10,0.00,73.57,0.00,0.00,11.5501,10.9916,11.1302,11.3296,10.9916,11.4519,0.00,0.00,54.10,11.9159,10.9916,10.6419,0.00,0.00,54.10,250.0508,11.9479,279.8935,0.00,100.00,182.49,-11.62,182.49,11.62,12.67
2.37,359.57,11.2947,7.9678,11.0622,1.35,100.00,56.60,0.00,76.07,0.00,0.00,11.6359,10.9857,11.1396,11.4296,10.9857,11.4707,0.00,0.00,56.60,11.9801,10.9857,10.6358,0.00,0.00,56.60,250.0508,11.9479,279.8934,0.00,100.00,182.49,-11.62,182.49,11.62,12.67
2.43,359.50,11.3824,8.0001,11.0839,1.56,100.00,56.39,0.00,78.60,0.00,0.00,11.7267,11.0180,11.1462,11.5192,11.0180,11.4765,0.00,0.00,56.39,12.0727,11.0180,10.6437,0.00,0.00,56.39,250.0508,11.9479,279.8934,0.00,100.00,182.49,-11.62,182.49,11.62,12.67
2.50,359.42,11.4726,7.9923,11.1021,1.43,100.00,55.24,0.00,80.31,0.00,0.00,11.8187,11.0102,11.1541,11.6045,11.0102,11.4802,0.00,0.00,55.24,12.1747,11.0102,10.6586,0.00,0.00,55.24,250.0508,11.9479,279.8934,0.00,100.00,182.49,-11.62,182.49,11.62,12.67
2.56,359.34,11.5718,7.9855,11.1191,1.58,100.00,54.31,0.00,82.10,0.00,0.00,11.9193,11.0034,11.1602,11.6999,11.0034,11.4828,0.00,0.00,54.31,12.2833,11.0034,10.6706,0.00,0.00,54.31,250.0508,11.9479,279.8934,0.00,100.00,182.49,-11.62,182.49,11.62,12.67
2.62,359.26,11.6760,7.9856,11.1335,1.76,100.00,52.95,0.00,83.28,0.00,0.00,12.0243,11.0035,11.1675,11.7973,11.0035,11.4848,0.00,0.00,52.95,12.3998,11.0035,10.6867,0.00,0.00,52.95,250.0508,11.9479,279.8934,0.00,100.00,182.49,-11.62,182.49,11.62,12.67
2.68,359.19,11.7787,7.9796,11.1456,1.63,100.00,51.69,0.00,84.39,0.00,0.00,12.1276,10.9975,11.1728,11.8937,10.9975,11.4850,0.00,0.00,51.69,12.5136,10.9975,10.7004,0.00,0.00,51.69,250.0508,11.9479,279.8934,0.00,100.00,182.49,-11.62,182.49,11.62,12.67
2.75,359.10,11.8934,7.9738,11.1569,1.82,100.00,50.31,0.00,85.37,0.00,0.00,12.2427,10.9917,11.1781,12.0013,10.9917,11.4846,0.00,0.00,50.31,12.6400,10.9917,10.7151,0.00,0.00,50.31,250.0508,11.9479,279.8934,0.00,100.00,182.49,-11.62,182.49,11.62,12.67
2.81,359.01,12.0137,7.9678,11.1666,1.91,100.00,51.29,0.00,86.36,0.00,0.00,12.3633,10.9857,11.1818,12.1272,10.9857,11.4924,0.00,0.00,51.29,12.7526,10.9857,10.7121,0.00,0.00,51.29,250.0508,11.9479,279.8934,0.00,100.00,182.49,-11.62,182.49,11.62,12.67
2.87,358.94,12.1246,7.9957,11.1737,1.78,100.00,51.29,0.00,86.36,0.00,0.00,12.4742,11.0136,11.1889,12.2381,11.0136,11.4995,0.00,0.00,51.29,12.8635,11.0136,10.7191,0.00,0.00,51.29,250.0508,11.9479,279.8934,0.00,100.00,182.49,-11.62,182.49,11.62,12.67
2.94,358.86,12.2270,7.9913,11.1802,1.64,100.00,51.29,0.00,86.36,0.00,0.00,12.5766,11.0092,11.1954,12.3405,11.0092,11.5060,0.00,0.00,51.29,12.9659,11.0092,10.7256,0.00,0.00,51.29,250.0508,11.9479,279.8934,0.00,100.00,182.49,-11.62,182.49,11.62,12.67
3.00,358.79,12.3330,7.9805,11.1869,1.61,100.00,51.98,0.00,87.04,0.00,0.00,12.6828,10.9984,11.1979,12.4504,10.9984,11.5113,0.00,0.00,51.98,13.0664,10.9984,10.7235,0.00,0.00,51.98,250.0508,11.9479,279.8934,0.00,100.00,182.49,-11.62,182.49,11.62,12.67
3.07,358.70,12.4522,7.9719,11.1931,1.85,100.00,50.77,0.00,87.77,0.00,0.00,12.8021,10.9898,11.1996,12.5633,10.9898,11.5081,0.00,0.00,50.77,13.1956,10.9898,10.7334,0.00,0.00,50.77,250.0508,11.9479,279.8934,0.00,100.00,182.49,-11.62,182.49,11.62,12.67
3.13,358.62,12.5755,7.9704,11.1979,2.03,100.00,49.88,0.00,88.70,0.00,0.00,12.9254,10.9883,11.1988,12.6818,10.9883,11.5035,0.00,0.00,49.88,13.3262,10.9883,10.7388,0.00,0.00,49.88,250.0508,11.9479,279.8934,0.00,100.00,182.49,-11.62,182.49,11.62,12.67
3.19,358.54,12.6968,7.9974,11.2006,1.92,100.00,50.74,0.00,89.56,0.00,0.00,13.0467,11.0153,11.1962,12.8076,11.0153,11.5046,0.00,0.00,50.74,13.4404,11.0153,10.7302,0.00,0.00,50.74,250.0508,11.9479,279.8934,0.00,100.00,182.49,-11.62,182.49,11.62,12.67
3.26,358.45,12.8327,7.9919,11.2016,2.16,100.00,51.38,0.00,90.20,0.00,0.00,13.1826,11.0098,11.1934,12.9470,11.0098,11.5043,0.00,0.00,51.38,13.5711,11.0098,10.7230,0.00,0.00,51.38,250.0508,11.9479,279.8934,0.00,100.00,182.49,-11.62,182.49,11.62,12.67
3.32,358.35,12.9721,7.9847,11.2012,2.18,100.00,52.00,0.00,90.82,0.00,0.00,13.3218,11.0026,11.1891,13.0896,11.0026,11.5026,0.00,0.00,52.00,13.7052,11.0026,10.7146,0.00,0.00,52.00,250.0508,11.9479,279.8934,0.00,100.00,182.49,-11.62,182.49,11.62,12.67
3.38,358.26,13.1214,7.9760,11.1990,2.31,100.00,52.40,0.00,91.21,0.00,0.00,13.4711,10.9939,11.1846,13.2410,10.9939,11.4996,0.00,0.00,52.40,13.8512,10.9939,10.7074,0.00,0.00,52.40,250.0508,11.9479,279.8934,0.00,100.00,182.49,-11.62,182.49,11.62,12.67
3.45,358.15,13.2805,7.9754,11.1956,2.64,100.00,52.79,0.00,91.61,0.00,0.00,13.6301,10.9933,11.1788,13.4022,10.9933,11.4954,0.00,0.00,52.79,14.0069,10.9933,10.6990,0.00,0.00,52.79,250.0508,11.9479,279.8934,0.00,100.00,182.49,-11.62,182.49,11.62,12.67
3.51,358.06,13.4357,7.9695,11.1913,2.45,100.00,53.10,0.00,91.92,0.00,0.00,13.7852,10.9874,11.1725,13.5590,10.9874,11.4904,0.00,0.00,53.10,14.1594,10.9874,10.6907,0.00,0.00,53.10,250.0508,11.9479,279.8934,0.00,100.00,182.49,-11.62,182.49,11.62,12.67
3.57,357.95,13.6066,7.9955,11.1856,2.65,100.00,51.97,0.00,92.24,0.00,0.00,13.9560,11.0134,11.1648,13.7236,11.0134,11.4782,0.00,0.00,51.97,14.3396,11.0134,10.6905,0.00,0.00,51.97,250.0508,11.9479,279.8934,0.00,100.00,182.49,-11.62,182.49,11.62,12.67
3.64,357.83,13.7910,7.9921,11.1783,2.98,100.00,50.90,0.00,92.55,0.00,0.00,14.1403,11.0100,11.1557,13.9021,11.0100,11.4647,0.00,0.00,50.90,14.5327,11.0100,10.6886,0.00,0.00,50.90,250.0508,11.9479,279.8934,0.00,100.00,182.49,-11.62,182.49,11.62,12.67
3.70,357.72,13.9738,7.9905,11.1702,3.00,100.00,49.80,0.00,92.84,0.00,0.00,14.3228,11.0084,11.1458,14.0788,11.0084,11.4501,0.00,0.00,49.80,14.7242,11.0084,10.6863,0.00,0.00,49.80,250.0508,11.9479,279.8934,0.00,100.00,182.49,-11.62,182.49,11.62,12.67
3.76,357.60,14.1610,7.9839,11.1609,2.94,100.00,48.60,0.00,93.08,0.00,0.00,14.5100,11.0018,11.1350,14.2595,11.0018,11.4341,0.00,0.00,48.60,14.9209,11.0018,10.6841,0.00,0.00,48.60,250.0508,11.9479,279.8934,0.00,100.00,182.49,-11.62,182.49,11.62,12.67
3.82,357.47,14.3653,7.9787,11.1498,3.25,100.00,48.85,0.00,93.34,0.00,0.00,14.7142,10.9966,11.1224,14.4651,10.9966,11.4227,0.00,0.00,48.85,15.1231,10.9966,10.6697,0.00,0.00,48.85,250.0508,11.9479,279.8934,0.00,100.00,182.49,-11.62,182.49,11.62,12.67
3.89,357.34,14.5754,7.9705,11.1376,3.26,100.00,49.04,0.00,93.53,0.00,0.00,14.9242,10.9884,11.1090,14.6761,10.9884,11.4101,0.00,0.00,49.04,15.3316,10.9884,10.6549,0.00,0.00,49.04,250.0508,11.9479,279.8934,0.00,100.00,182.49,-11.62,182.49,11.62,12.67
3.95,357.21,14.8001,7.9953,11.1237,3.44,100.00,48.16,0.00,93.72,0.00,0.00,15.1488,11.0132,11.0940,14.8961,11.0132,11.3912,0.00,0.00,48.16,15.5631,11.0132,10.6461,0.00,0.00,48.16,250.0508,11.9479,279.8934,0.00,100.00,182.49,-11.62,182.49,11.62,12.67
4.01,357.06,15.0388,7.9947,11.1082,3.96,100.00,47.35,0.00,93.89,0.00,0.00,15.3874,11.0126,11.0774,15.1305,11.0126,11.3710,0.00,0.00,47.35,15.8080,11.0126,10.6356,0.00,0.00,47.35,250.0508,11.9479,279.8934,0.00,100.00,182.49,-11.62,182.49,11.62,12.67
4.08,356.92,15.2650,7.9829,11.0928,3.40,100.00,46.53,0.00,94.04,0.00,0.00,15.6135,11.0008,11.0611,15.3525,11.0008,11.3510,0.00,0.00,46.53,16.0405,11.0008,10.6253,0.00,0.00,46.53,250.0508,11.9479,279.8934,0.00,100.00,182.49,-11.62,182.49,11.62,12.67
4.14,356.77,15.5250,7.9796,11.0745,4.21,100.00,45.76,0.00,94.17,0.00,0.00,15.8734,10.9975,11.0420,15.6085,10.9975,11.3284,0.00,0.00,45.76,16.3061,10.9975,10.6119,0.00,0.00,45.76,250.0508,11.9479,279.8934,0.00,100.00,182.49,-11.62,182.49,11.62,12.67
4.21,356.62,15.7747,7.9680,11.0562,3.77,100.00,45.03,0.00,94.30,0.00,0.00,16.1230,10.9859,11.0230,15.8545,10.9859,11.3060,0.00,0.00,45.03,16.5612,10.9859,10.5984,0.00,0.00,45.03,250.0508,11.9479,279.8934,0.00,100.00,182.49,-11.62,182.49,11.62,12.67
4.28,356.46,16.0323,7.9931,11.0369,3.94,100.00,44.19,0.00,94.30,0.00,0.00,16.3807,11.0110,11.0036,16.1080,11.0110,11.2826,0.00,0.00,44.19,16.8251,11.0110,10.5856,0.00,0.00,44.19,250.0508,11.9479,279.8934,0.00,100.00,182.49,-11.62,182.49,11.62,12.67
4.34,356.31,16.2767,7.9862,11.0185,3.84,100.00,43.63,0.00,94.30,0.00,0.00,16.6251,11.0041,10.9852,16.3497,11.0041,11.2615,0.00,0.00,43.63,17.0735,11.0041,10.5716,0.00,0.00,43.63,250.0508,11.9479,279.8934,0.00,100.00,182.49,-11.62,182.49,11.62,12.67
4.41,356.17,16.5232,7.9746,10.9999,3.72,100.00,43.13,0.00,94.38,0.00,0.00,16.8715,10.9925,10.9662,16.5937,10.9925,11.2401,0.00,0.00,43.13,17.3236,10.9925,10.5565,0.00,0.00,43.13,250.0508,11.9479,279.8934,0.00,100.00,182.49,-11.62,182.49,11.62,12.67
4.47,356.01,16.7903,7.9685,10.9795,4.22,100.00,42.74,0.00,94.47,0.00,0.00,17.1386,10.9864,10.9452,16.8589,10.9864,11.2172,0.00,0.00,42.74,17.5934,10.9864,10.5385,0.00,0.00,42.74,250.0508,11.9479,279.8934,0.00,100.00,182.49,-11.62,182.49,11.62,12.67
4.53,355.85,17.0537,7.9947,10.9589,4.08,100.00,42.36,0.00,94.58,0.00,0.00,17.4019,11.0126,10.9239,17.1205,11.0126,11.1941,0.00,0.00,42.36,17.8594,11.0126,10.5203,0.00,0.00,42.36,250.0508,11.9479,279.8934,0.00,100.00,182.49,-11.62,182.49,11.62,12.67
4.60,355.68,17.3337,7.9889,10.9364,4.44,100.00,42.18,0.00,94.70,0.00,0.00,17.6818,11.0068,10.9007,17.3995,11.0068,11.1700,0.00,0.00,42.18,18.1406,11.0068,10.4986,0.00,0.00,42.18,250.0508,11.9479,279.8934,0.00,100.00,182.49,-11.62,182.49,11.62,12.67
4.66,355.52,17.6149,7.9846,10.9133,4.52,100.00,41.97,0.00,94.78,0.00,0.00,17.9629,11.0025,10.8772,17.6797,11.0025,11.1454,0.00,0.00,41.97,18.4232,11.0025,10.4767,0.00,0.00,41.97,250.0508,11.9479,279.8934,0.00,100.00,182.49,-11.62,182.49,11.62,12.67
4.73,355.35,17.9012,7.9753,10.8894,4.41,100.00,41.91,0.00,94.85,0.00,0.00,18.2493,10.9932,10.8528,17.9657,10.9932,11.1207,0.00,0.00,41.91,18.7099,10.9932,10.4528,0.00,0.00,41.91,250.0508,11.9479,279.8934,0.00,100.00,182.49,-11.62,182.49,11.62,12.67
4.79,355.17,18.2104,7.9720,10.8631,5.01,100.00,41.83,0.00,94.91,0.00,0.00,18.5583,10.9899,10.8262,18.2744,10.9899,11.0937,0.00,0.00,41.83,19.0195,10.9899,10.4268,0.00,0.00,41.83,250.0508,11.9479,279.8934,0.00,100.00,182.49,-11.62,182.49,11.62,12.67
4.85,354.99,18.5125,8.0013,10.8372,4.80,100.00,41.71,0.00,94.96,0.00,0.00,18.8604,11.0192,10.7999,18.5759,11.0192,11.0669,0.00,0.00,41.71,19.3225,11.0192,10.4016,0.00,0.00,41.71,250.0508,11.9479,279.8934,0.00,100.00,182.49,-11.62,182.49,11.62,12.67
4.91,354.81,18.8123,7.9956,10.8112,4.76,100.00,41.54,0.00,94.96,0.00,0.00,19.1603,11.0135,10.7739,18.8750,11.0135,11.0400,0.00,0.00,41.54,19.6235,11.0135,10.3769,0.00,0.00,41.54,250.0508,11.9479,279.8934,0.00,100.00,182.49,-11.62,182.49,11.62,12.67
4.98,354.64,19.1016,7.9912,10.7861,4.65,100.00,41.39,0.00,94.96,0.00,0.00,19.4495,11.0091,10.7489,19.1635,11.0091,11.0142,0.00,0.00,41.39,19.9138,11.0091,10.3530,0.00,0.00,41.39,250.0508,11.9479,279.8934,0.00,100.00,182.49,-11.62,182.49,11.62,12.67
5.04,354.47,19.3966,7.9845,10.7605,4.64,100.00,41.28,0.00,94.99,0.00,0.00,19.7445,11.0024,10.7231,19.4581,11.0024,10.9879,0.00,0.00,41.28,20.2096,11.0024,10.3281,0.00,0.00,41.28,250.0508,11.9479,279.8934,0.00,100.00,182.49,-11.62,182.49,11.62,12.67
5.10,354.29,19.7075,7.9830,10.7334,5.13,100.00,41.32,0.00,95.03,0.00,0.00,20.0554,11.0009,10.6957,19.7691,11.0009,10.9607,0.00,0.00,41.32,20.5201,11.0009,10.3004,0.00,0.00,41.32,250.0508,11.9479,279.8934,0.00,100.00,182.49,-11.62,182.49,11.62,12.67
5.17,354.11,20.0126,7.9713,10.7065,4.60,100.00,41.36,0.00,95.08,0.00,0.00,20.3605,10.9892,10.6685,20.0744,10.9892,10.9337,0.00,0.00,41.36,20.8249,10.9892,10.2729,0.00,0.00,41.36,250.0508,11.9479,279.8934,0.00,100.00,182.49,-11.62,182.49,11.62,12.67
5.23,353.91,20.3571,8.0005,10.6759,5.47,100.00,41.33,0.00,95.13,0.00,0.00,20.7050,11.0184,10.6376,20.4187,11.0184,10.9027,0.00,0.00,41.33,21.1697,11.0184,10.2423,0.00,0.00,41.33,250.0508,11.9479,279.8934,0.00,100.00,182.49,-11.62,182.49,11.62,12.67
5.29,353.73,20.6753,7.9998,10.6473,5.29,100.00,41.24,0.00,95.13,0.00,0.00,21.0232,11.0177,10.6091,20.7365,11.0177,10.8737,0.00,0.00,41.24,21.4884,11.0177,10.2144,0.00,0.00,41.24,250.0508,11.9479,279.8934,0.00,100.00,182.49,-11.62,182.49,11.62,12.67
5.36,353.56,20.9695,7.9932,10.6209,4.64,100.00,41.18,0.00,95.13,0.00,0.00,21.3174,11.0111,10.5827,21.0304,11.0111,10.8469,0.00,0.00,41.18,21.7831,11.0111,10.1886,0.00,0.00,41.18,250.0508,11.9479,279.8934,0.00,100.00,182.49,-11.62,182.49,11.62,12.67
5.42,353.38,21.2699,7.9879,10.5940,4.79,100.00,41.11,0.00,95.13,0.00,0.00,21.6178,11.0058,10.5557,21.3305,11.0058,10.8196,0.00,0.00,41.11,22.0840,11.0058,10.1622,0.00,0.00,41.11,250.0508,11.9479,279.8934,0.00,100.00,182.49,-11.62,182.49,11.62,12.67
5.48,353.22,21.5576,7.9855,10.5682,4.71,100.00,41.04,0.00,95.13,0.00,0.00,21.9054,11.0034,10.5299,21.6178,11.0034,10.7935,0.00,0.00,41.04,22.3721,11.0034,10.1369,0.00,0.00,41.04,250.0508,11.9479,279.8934,0.00,100.00,182.49,-11.62,182.49,11.62,12.67
5.54,353.05,21.8465,7.9871,10.5423,4.91,100.00,41.00,0.00,95.16,0.00,0.00,22.1943,11.0050,10.5038,21.9065,11.0050,10.7672,0.00,0.00,41.00,22.6612,11.0050,10.1111,0.00,0.00,41.00,250.0508,11.9479,279.8934,0.00,100.00,182.49,-11.62,182.49,11.62,12.67
5.60,352.88,22.1329,7.9831,10.5164,4.62,100.00,41.03,0.00,95.19,0.00,0.00,22.4807,11.0010,10.4777,22.1931,11.0010,10.7413,0.00,0.00,41.03,22.9475,11.0010,10.0849,0.00,0.00,41.03,250.0508,11.9479,279.8934,0.00,100.00,182.49,-11.62,182.49,11.62,12.67
5.66,352.71,22.4253,7.9821,10.4898,4.85,100.00,41.03,0.00,95.19,0.00,0.00,22.7731,11.0000,10.4512,22.4855,11.0000,10.7147,0.00,0.00,41.03,23.2399,11.0000,10.0583,0.00,0.00,41.03,250.0508,11.9479,279.8934,0.00,100.00,182.49,-11.62,182.49,11.62,12.67
5.72,352.56,22.7009,7.9836,10.4648,4.68,100.00,40.96,0.00,95.19,0.00,0.00,23.0487,11.0015,10.4262,22.7607,11.0015,10.6894,0.00,0.00,40.96,23.5158,11.0015,10.0338,0.00,0.00,40.96,250.0508,11.9479,279.8934,0.00,100.00,182.49,-11.62,182.49,11.62,12.67
5.78,352.41,22.9617,7.9836,10.4411,4.36,100.00,40.90,0.00,95.19,0.00,0.00,23.3095,11.0015,10.4025,23.0212,11.0015,10.6654,0.00,0.00,40.90,23.7771,11.0015,10.0107,0.00,0.00,40.90,250.0508,11.9479,279.8934,0.00,100.00,182.49,-11.62,182.49,11.62,12.67
5.84,352.26,23.2174,7.9832,10.4179,4.26,100.00,40.84,0.00,95.19,0.00,0.00,23.5652,11.0011,10.3793,23.2767,11.0011,10.6419,0.00,0.00,40.84,24.0332,11.0011,9.9879,0.00,0.00,40.84,250.0508,11.9479,279.8934,0.00,100.00,182.49,-11.62,182.49,11.62,12.67
5.90,352.12,23.4654,7.9828,10.3954,4.14,100.00,40.79,0.00,95.19,0.00,0.00,23.8132,11.0007,10.3567,23.5244,11.0007,10.6191,0.00,0.00,40.79,24.2816,11.0007,9.9658,0.00,0.00,40.79,250.0508,11.9479,279.8934,0.00,100.00,182.49,-11.62,182.49,11.62,12.67
5.96,351.98,23.7043,7.9822,10.3737,3.97,100.00,40.79,0.00,95.19,0.00,0.00,24.0521,11.0001,10.3351,23.7634,11.0001,10.5974,0.00,0.00,40.79,24.5205,11.0001,9.9441,0.00,0.00,40.79,250.0508,11.9479,279.8934,0.00,100.00,182.49,-11.62,182.49,11.62,12.67
6.02,351.85,23.9352,7.9830,10.3527,3.89,100.00,40.79,0.00,95.19,0.00,0.00,24.2830,11.0009,10.3141,23.9942,11.0009,10.5764,0.00,0.00,40.79,24.7514,11.0009,9.9232,0.00,0.00,40.79,250.0508,11.9479,279.8934,0.00,100.00,182.49,-11.62,182.49,11.62,12.67
6.08,351.72,24.1544,7.9857,10.3328,3.77,100.00,40.73,0.00,95.19,0.00,0.00,24.5022,11.0036,10.2942,24.2132,11.0036,10.5562,0.00,0.00,40.73,24.9710,11.0036,9.9037,0.00,0.00,40.73,250.0508,11.9479,279.8934,0.00,100.00,182.49,-11.62,182.49,11.62,12.67
6.14,351.59,24.3776,7.9870,10.3126,3.78,100.00,40.69,0.00,95.21,0.00,0.00,24.7254,11.0048,10.2738,24.4362,11.0048,10.5356,0.00,0.00,40.69,25.1944,11.0048,9.8836,0.00,0.00,40.69,250.0508,11.9479,279.8934,0.00,100.00,182.49,-11.62,182.49,11.62,12.67
6.20,351.46,24.6124,7.9881,10.2911,3.97,100.00,40.66,0.00,95.24,0.00,0.00,24.9602,11.0060,10.2522,24.6709,11.0060,10.5139,0.00,0.00,40.66,25.4295,11.0060,9.8623,0.00,0.00,40.66,250.0508,11.9479,279.8934,0.00,100.00,182.49,-11.62,182.49,11.62,12.67
6.26,351.32,24.8559,7.9889,10.2688,4.11,100.00,40.62,0.00,95.26,0.00,0.00,25.2037,11.0068,10.2297,24.9141,11.0068,10.4912,0.00,0.00,40.62,25.6732,11.0068,9.8401,0.00,0.00,40.62,250.0508,11.9479,279.8934,0.00,100.00,182.49,-11.62,182.49,11.62,12.67
6.31,351.18,25.1084,7.9943,10.2456,4.46,100.00,40.60,0.00,95.29,0.00,0.00,25.4561,11.0122,10.2063,25.1665,11.0122,10.4677,0.00,0.00,40.60,25.9258,11.0122,9.8169,0.00,0.00,40.60,250.0508,11.9479,279.8934,0.00,100.00,182.49,-11.62,182.49,11.62,12.67
6.38,351.03,25.3576,7.9864,10.2225,3.88,100.00,40.56,0.00,95.31,0.00,0.00,25.7053,11.0043,10.1831,25.4155,11.0043,10.4443,0.00,0.00,40.56,26.1753,11.0043,9.7941,0.00,0.00,40.56,250.0508,11.9479,279.8934,0.00,100.00,182.49,-11.62,182.49,11.62,12.67
6.44,350.87,25.6498,7.9905,10.1954,5.09,100.00,40.52,0.00,95.32,0.00,0.00,25.9975,11.0084,10.1559,25.7076,11.0084,10.4169,0.00,0.00,40.52,26.4677,11.0084,9.7671,0.00,0.00,40.52,250.0508,11.9479,279.8934,0.00,100.00,182.49,-11.62,182.49,11.62,12.67
6.50,350.72,25.9191,7.9930,10.1703,4.61,100.00,40.49,0.00,95.33,0.00,0.00,26.2668,11.0109,10.1307,25.9766,11.0109,10.3916,0.00,0.00,40.49,26.7372,11.0109,9.7423,0.00,0.00,40.49,250.0508,11.9479,279.8934,0.00,100.00,182.49,-11.62,182.49,11.62,12.67
6.55,350.56,26.2011,7.9996,10.1439,5.04,100.00,40.46,0.00,95.35,0.00,0.00,26.5488,11.0175,10.1043,26.2585,11.0175,10.3650,0.00,0.00,40.46,27.0194,11.0175,9.7161,0.00,0.00,40.46,250.0508,11.9479,279.8934,0.00,100.00,182.49,-11.62,182.49,11.62,12.67
6.61,350.40,26.4793,8.0000,10.1179,4.67,100.00,40.42,0.00,95.36,0.00,0.00,26.8270,11.0179,10.0782,26.5365,11.0179,10.3387,0.00,0.00,40.42,27.2978,11.0179,9.6903,0.00,0.00,40.42,250.0508,11.9479,279.8934,0.00,100.00,182.49,-11.62,182.49,11.62,12.67
6.67,350.23,26.7835,7.9694,10.0894,5.36,100.00,40.39,0.00,95.37,0.00,0.00,27.1312,10.9873,10.0497,26.8406,10.9873,10.3100,0.00,0.00,40.39,27.6023,10.9873,9.6620,0.00,0.00,40.39,250.0508,11.9479,279.8934,0.00,100.00,182.49,-11.62,182.49,11.62,12.67
6.73,350.06,27.0831,7.9696,10.0613,5.03,100.00,40.35,0.00,95.37,0.00,0.00,27.4307,10.9875,10.0215,27.1400,10.9875,10.2816,0.00,0.00,40.35,27.9021,10.9875,9.6341,0.00,0.00,40.35,250.0508,11.9479,279.8934,0.00,100.00,182.49,-11.62,182.49,11.62,12.67
6.79,349.88,27.4046,7.9754,10.0310,5.69,100.00,40.36,0.00,95.38,0.00,0.00,27.7522,10.9933,9.9912,27.4615,10.9933,10.2514,0.00,0.00,40.36,28.2235,10.9933,9.6038,0.00,0.00,40.36,250.0508,11.9479,279.8934,0.00,100.00,182.49,-11.62,182.49,11.62,12.67
6.85,349.71,27.7014,7.9737,10.0030,4.89,100.00,40.36,0.00,95.38,0.00,0.00,28.0491,10.9916,9.9632,27.7584,10.9916,10.2234,0.00,0.00,40.36,28.5203,10.9916,9.5758,0.00,0.00,40.36,250.0508,11.9479,279.8934,0.00,100.00,182.49,-11.62,182.49,11.62,12.67
6.90,349.53,28.0114,7.9762,9.9738,5.32,100.00,40.36,0.00,95.38,0.00,0.00,28.3590,10.9941,9.9340,28.0683,10.9941,10.1942,0.00,0.00,40.36,28.8303,10.9941,9.5466,0.00,0.00,40.36,250.0508,11.9479,279.8934,0.00,100.00,182.49,-11.62,182.49,11.62,12.67
6.96,349.36,28.3175,7.9803,9.9450,5.33,100.00,40.37,0.00,95.39,0.00,0.00,28.6652,10.9982,9.9051,28.3745,10.9982,10.1653,0.00,0.00,40.37,29.1364,10.9982,9.5176,0.00,0.00,40.37,250.0508,11.9479,279.8934,0.00,100.00,182.49,-11.62,182.49,11.62,12.67
7.02,349.19,28.6270,7.9887,9.9158,5.63,100.00,40.37,0.00,95.40,0.00,0.00,28.9747,11.0066,9.8758,28.6841,11.0066,10.1361,0.00,0.00,40.37,29.4459,11.0066,9.4883,0.00,0.00,40.37,250.0508,11.9479,279.8934,0.00,100.00,182.49,-11.62,182.49,11.62,12.67
7.08,349.02,28.9309,7.9880,9.8871,5.05,100.00,40.38,0.00,95.40,0.00,0.00,29.2785,11.0059,9.8471,28.9879,11.0059,10.1074,0.00,0.00,40.38,29.7497,11.0059,9.4596,0.00,0.00,40.38,250.0508,11.9479,279.8934,0.00,100.00,182.49,-11.62,182.49,11.62,12.67
7.14,348.83,29.2717,7.9922,9.8548,5.95,100.00,40.38,0.00,95.41,0.00,0.00,29.6194,11.0101,9.8149,29.3288,11.0101,10.0752,0.00,0.00,40.38,30.0905,11.0101,9.4273,0.00,0.00,40.38,250.0508,11.9479,279.8934,0.00,100.00,182.49,-11.62,182.49,11.62,12.67
7.19,348.64,29.6044,7.9990,9.8234,5.95,100.00,40.44,0.00,95.47,0.00,0.00,29.9520,11.0169,9.7830,29.6617,11.0169,10.0436,0.00,0.00,40.44,30.4228,11.0169,9.3949,0.00,0.00,40.44,250.0508,11.9479,279.8934,0.00,100.00,182.49,-11.62,182.49,11.62,12.67
7.25,348.46,29.9364,7.9712,9.7916,6.00,100.00,40.35,0.00,95.52,0.00,0.00,30.2839,10.9891,9.7509,29.9932,10.9891,10.0110,0.00,0.00,40.35,30.7553,10.9891,9.3636,0.00,0.00,40.35,250.0508,11.9479,279.8934,0.00,100.00,182.49,-11.62,182.49,11.62,12.67
7.31,348.27,30.2727,7.9735,9.7591,5.76,100.00,40.25,0.00,95.58,0.00,0.00,30.6202,10.9914,9.7180,30.3290,10.9914,9.9776,0.00,0.00,40.25,31.0923,10.9914,9.3316,0.00,0.00,40.25,250.0508,11.9479,279.8934,0.00,100.00,182.49,-11.62,182.49,11.62,12.67
7.36,348.07,30.6348,7.9786,9.7237,6.37,100.00,40.15,0.00,95.64,0.00,0.00,30.9822,10.9965,9.6823,30.6906,10.9965,9.9413,0.00,0.00,40.15,31.4550,10.9965,9.2966,0.00,0.00,40.15,250.0508,11.9479,279.8934,0.00,100.00,182.49,-11.62,182.49,11.62,12.67
7.42,347.87,30.9947,7.9889,9.6881,6.68,100.00,40.03,0.00,95.68,0.00,0.00,31.3422,11.0068,9.6464,31.0500,11.0068,9.9050,0.00,0.00,40.03,31.8157,11.0068,9.2617,0.00,0.00,40.03,250.0508,11.9479,279.8934,0.00,100.00,182.49,-11.62,182.49,11.62,12.67
7.47,347.68,31.3431,7.9947,9.6534,6.18,100.00,39.93,0.00,95.72,0.00,0.00,31.6905,11.0126,9.6115,31.3979,11.0126,9.8695,0.00,0.00,39.93,32.1647,11.0126,9.2277,0.00,0.00,39.93,250.0508,11.9479,279.8934,0.00,100.00,182.49,-11.62,182.49,11.62,12.67
7.53,347.47,31.7151,7.9963,9.6162,6.33,100.00,39.81,0.00,95.75,0.00,0.00,32.0625,11.0142,9.5741,31.7693,11.0142,9.8315,0.00,0.00,39.81,32.5375,11.0142,9.1912,0.00,0.00,39.81,250.0508,11.9479,279.8934,0.00,100.00,182.49,-11.62,182.49,11.62,12.67
7.59,347.25,32.1111,8.0007,9.5763,6.92,100.00,39.72,0.00,95.78,0.00,0.00,32.4584,11.0186,9.5340,32.1649,11.0186,9.7909,0.00,0.00,39.72,32.9340,11.0186,9.1519,0.00,0.00,39.72,250.0508,11.9479,279.8934,0.00,100.00,182.49,-11.62,182.49,11.62,12.67
7.65,347.05,32.4887,7.9737,9.5380,6.88,100.00,39.60,0.00,95.78,0.00,0.00,32.8361,10.9916,9.4958,32.5420,10.9916,9.7521,0.00,0.00,39.60,33.3125,10.9916,9.1146,0.00,0.00,39.60,250.0508,11.9479,279.8934,0.00,100.00,182.49,-11.62,182.49,11.62,12.67
7.70,346.85,32.8440,7.9788,9.5020,6.25,100.00,39.60,0.00,95.78,0.00,0.00,33.1914,10.9967,9.4598,32.8973,10.9967,9.7161,0.00,0.00,39.60,33.6678,10.9967,9.0786,0.00,0.00,39.60,250.0508,11.9479,279.8934,0.00,100.00,182.49,-11.62,182.49,11.62,12.67
7.76,346.65,33.2190,7.9810,9.4641,6.42,100.00,39.63,0.00,95.81,0.00,0.00,33.5664,10.9989,9.4217,33.2724,10.9989,9.6781,0.00,0.00,39.63,34.0426,10.9989,9.0403,0.00,0.00,39.63,250.0508,11.9479,279.8934,0.00,100.00,182.49,-11.62,182.49,11.62,12.67
7.82,346.43,33.6128,7.9887,9.4240,7.12,100.00,39.65,0.00,95.83,0.00,0.00,33.9602,11.0066,9.3815,33.6663,11.0066,9.6380,0.00,0.00,39.65,34.4362,11.0066,8.9999,0.00,0.00,39.65,250.0508,11.9479,279.8934,0.00,100.00,182.49,-11.62,182.49,11.62,12.67
7.87,346.23,33.9781,7.9965,9.3867,6.60,100.00,39.65,0.00,95.83,0.00,0.00,34.3255,11.0144,9.3442,34.0316,11.0144,9.6007,0.00,0.00,39.65,34.8015,11.0144,8.9626,0.00,0.00,39.65,250.0508,11.9479,279.8934,0.00,100.00,182.49,-11.62,182.49,11.62,12.67
7.93,346.04,34.3360,7.9687,9.3502,6.47,100.00,39.30,0.00,95.83,0.00,0.00,34.6834,10.9866,9.3076,34.3879,10.9866,9.5624,0.00,0.00,39.30,35.1618,10.9866,8.9290,0.00,0.00,39.30,250.0508,11.9479,279.8934,0.00,100.00,182.49,-11.62,182.49,11.62,12.67
7.99,345.85,34.6871,7.9735,9.3143,6.16,100.00,38.93,0.00,95.83,0.00,0.00,35.0344,10.9914,9.2718,34.7373,10.9914,9.5246,0.00,0.00,38.93,35.5152,10.9914,8.8963,0.00,0.00,38.93,250.0508,11.9479,279.8934,0.00,100.00,182.49,-11.62,182.49,11.62,12.67
8.04,345.66,35.0400,7.9822,9.2783,6.44,100.00,38.93,0.00,95.83,0.00,0.00,35.3873,11.0001,9.2357,35.0902,11.0001,9.4886,0.00,0.00,38.93,35.8681,11.0001,8.8602,0.00,0.00,38.93,250.0508,11.9479,279.8934,0.00,100.00,182.49,-11.62,182.49,11.62,12.67
8.10,345.47,35.3862,7.9854,9.2429,5.98,100.00,39.02,0.00,95.92,0.00,0.00,35.7335,11.0033,9.1998,35.4368,11.0033,9.4531,0.00,0.00,39.02,36.2137,11.0033,8.8235,0.00,0.00,39.02,250.0508,11.9479,279.8934,0.00,100.00,182.49,-11.62,182.49,11.62,12.67
8.16,345.27,35.7594,7.9905,9.2042,6.57,100.00,39.12,0.00,96.02,0.00,0.00,36.1066,11.0084,9.1605,35.8104,11.0084,9.4143,0.00,0.00,39.12,36.5862,11.0084,8.7833,0.00,0.00,39.12,250.0508,11.9479,279.8934,0.00,100.00,182.49,-11.62,182.49,11.62,12.67
8.21,345.07,36.1330,7.9947,9.1648,6.52,100.00,39.23,0.00,96.13,0.00,0.00,36.4801,11.0126,9.1204,36.1843,11.0126,9.3748,0.00,0.00,39.23,36.9589,11.0126,8.7424,0.00,0.00,39.23,250.0508,11.9479,279.8934,0.00,100.00,182.49,-11.62,182.49,11.62,12.67
8.27,344.86,36.5172,7.9695,9.1235,7.14,100.00,39.34,0.00,96.24,0.00,0.00,36.8642,10.9874,9.0785,36.5689,10.9874,9.3335,0.00,0.00,39.34,37.3423,10.9874,8.6996,0.00,0.00,39.34,250.0508,11.9479,279.8934,0.00,100.00,182.49,-11.62,182.49,11.62,12.67
8.33,344.66,36.8854,7.9746,9.0833,6.49,100.00,39.44,0.00,96.34,0.00,0.00,37.2324,10.9925,9.0376,36.9376,10.9925,9.2931,0.00,0.00,39.44,37.7098,10.9925,8.6578,0.00,0.00,39.44,250.0508,11.9479,279.8934,0.00,100.00,182.49,-11.62,182.49,11.62,12.67
8.38,344.45,37.2803,7.9832,9.0394,7.21,100.00,39.45,0.00,96.45,0.00,0.00,37.6272,11.0011,8.9931,37.3324,11.0011,9.2486,0.00,0.00,39.45,38.1045,11.0011,8.6132,0.00,0.00,39.45,250.0508,11.9479,279.8934,0.00,100.00,182.49,-11.62,182.49,11.62,12.67
8.44,344.26,37.6539,7.9853,8.9972,6.39,100.00,39.34,0.00,96.45,0.00,0.00,38.0008,11.0032,8.9509,37.7055,11.0032,9.2059,0.00,0.00,39.34,38.4789,11.0032,8.5719,0.00,0.00,39.34,250.0508,11.9479,279.8934,0.00,100.00,182.49,-11.62,182.49,11.62,12.67
8.49,344.05,38.0442,7.9956,8.9531,7.26,100.00,39.21,0.00,96.45,0.00,0.00,38.3911,11.0135,8.9068,38.0952,11.0135,9.1611,0.00,0.00,39.21,38.8701,11.0135,8.5289,0.00,0.00,39.21,250.0508,11.9479,279.8934,0.00,100.00,182.49,-11.62,182.49,11.62,12.67
8.55,343.86,38.4104,7.9997,8.9117,6.39,100.00,39.10,0.00,96.48,0.00,0.00,38.7573,11.0176,8.8652,38.4609,11.0176,9.1189,0.00,0.00,39.10,39.2370,11.0176,8.4882,0.00,0.00,39.10,250.0508,11.9479,279.8934,0.00,100.00,182.49,-11.62,182.49,11.62,12.67
8.61,343.65,38.8085,7.9694,8.8664,7.03,100.00,39.02,0.00,96.52,0.00,0.00,39.1553,10.9873,8.8197,38.8586,10.9873,9.0730,0.00,0.00,39.02,39.6355,10.9873,8.4434,0.00,0.00,39.02,250.0508,11.9479,279.8934,0.00,100.00,182.49,-11.62,182.49,11.62,12.67
8.66,343.45,39.1947,7.9771,8.8223,6.98,100.00,38.91,0.00,96.52,0.00,0.00,39.5416,10.9950,8.7755,39.2444,10.9950,9.0283,0.00,0.00,38.91,40.0225,10.9950,8.4002,0.00,0.00,38.91,250.0508,11.9479,279.8934,0.00,100.00,182.49,-11.62,182.49,11.62,12.67
8.72,343.25,39.5636,7.9804,8.7801,6.39,100.00,38.27,0.00,96.52,0.00,0.00,39.9104,10.9983,8.7334,39.6104,10.9983,8.9828,0.00,0.00,38.27,40.3956,10.9983,8.3634,0.00,0.00,38.27,250.0508,11.9479,279.8934,0.00,100.00,182.49,-11.62,182.49,11.62,12.67
8.78,343.05,39.9559,7.9864,8.7353,6.98,100.00,37.81,0.00,96.69,0.00,0.00,40.3026,11.0043,8.6875,40.0006,11.0043,8.9345,0.00,0.00,37.81,40.7906,11.0043,8.3214,0.00,0.00,37.81,250.0508,11.9479,279.8934,0.00,100.00,182.49,-11.62,182.49,11.62,12.67
8.83,342.85,40.3444,7.9946,8.6897,7.07,100.00,37.72,0.00,96.86,0.00,0.00,40.6909,11.0125,8.6409,40.3885,11.0125,8.8874,0.00,0.00,37.72,41.1796,11.0125,8.2756,0.00,0.00,37.72,250.0508,11.9479,279.8934,0.00,100.00,182.49,-11.62,182.49,11.62,12.67
8.89,342.65,40.7310,7.9989,8.6431,6.76,100.00,37.62,0.00,97.04,0.00,0.00,41.0773,11.0168,8.5933,40.7746,11.0168,8.8393,0.00,0.00,37.62,41.5666,11.0168,8.2288,0.00,0.00,37.62,250.0508,11.9479,279.8934,0.00,100.00,182.49,-11.62,182.49,11.62,12.67
8.95,342.44,41.1397,7.9706,8.5927,7.37,100.00,37.81,0.00,97.22,0.00,0.00,41.4859,10.9885,8.5417,41.1839,10.9885,8.7887,0.00,0.00,37.81,41.9740,10.9885,8.1757,0.00,0.00,37.81,250.0508,11.9479,279.8934,0.00,100.00,182.49,-11.62,182.49,11.62,12.67
9.00,342.24,41.5297,7.9789,8.5432,7.11,100.00,37.81,0.00,97.22,0.00,0.00,41.8759,10.9968,8.4923,41.5739,10.9968,8.7392,0.00,0.00,37.81,42.3640,10.9968,8.1262,0.00,0.00,37.81,250.0508,11.9479,279.8934,0.00,100.00,182.49,-11.62,182.49,11.62,12.67
9.06,342.05,41.9073,7.9814,8.4954,6.50,100.00,37.81,0.00,97.22,0.00,0.00,42.2536,10.9993,8.4444,41.9516,10.9993,8.6914,0.00,0.00,37.81,42.7417,10.9993,8.0784,0.00,0.00,37.81,250.0508,11.9479,279.8934,0.00,100.00,182.49,-11.62,182.49,11.62,12.67
9.12,341.84,42.3151,7.9886,8.4437,7.35,100.00,37.90,0.00,97.32,0.00,0.00,42.6612,11.0065,8.3921,42.3596,11.0065,8.6396,0.00,0.00,37.90,43.1486,11.0065,8.0253,0.00,0.00,37.90,250.0508,11.9479,279.8934,0.00,100.00,182.49,-11.62,182.49,11.62,12.67
9.17,341.64,42.7113,7.9956,8.3928,7.13,100.00,38.00,0.00,97.41,0.00,0.00,43.0574,11.0135,8.3407,42.7562,11.0135,8.5886,0.00,0.00,38.00,43.5442,11.0135,7.9730,0.00,0.00,38.00,250.0508,11.9479,279.8934,0.00,100.00,182.49,-11.62,182.49,11.62,12.67
9.23,341.44,43.1150,7.9999,8.3403,7.07,100.00,38.13,0.00,97.54,0.00,0.00,43.4609,11.0178,8.2874,43.1603,11.0178,8.5360,0.00,0.00,38.13,43.9469,11.0178,7.9186,0.00,0.00,38.13,250.0508,11.9479,279.8934,0.00,100.00,182.49,-11.62,182.49,11.62,12.67
9.29,341.23,43.5369,7.9997,8.2844,7.08,100.00,38.26,0.00,97.67,0.00,0.00,43.8827,11.0176,8.2307,43.5826,11.0176,8.4800,0.00,0.00,38.26,44.3678,11.0176,7.8608,0.00,0.00,38.26,250.0508,11.9479,279.8934,0.00,100.00,182.49,-11.62,182.49,11.62,12.67
9.35,341.00,43.9855,7.9706,8.2240,8.03,100.00,38.36,0.00,97.78,0.00,0.00,44.3312,10.9885,8.1696,44.0316,10.9885,8.4195,0.00,0.00,38.36,44.8157,10.9885,7.7989,0.00,0.00,38.36,250.0508,11.9479,279.8934,0.00,100.00,182.49,-11.62,182.49,11.62,12.67
9.41,340.79,44.4140,7.9745,8.1654,7.49,100.00,38.46,0.00,97.88,0.00,0.00,44.7596,10.9924,8.1105,44.4604,10.9924,8.3609,0.00,0.00,38.46,45.2435,10.9924,7.7389,0.00,0.00,38.46,250.0508,11.9479,279.8934,0.00,100.00,182.49,-11.62,182.49,11.62,12.67
9.46,340.58,44.8440,7.9820,8.1059,7.78,100.00,38.46,0.00,97.88,0.00,0.00,45.1897,10.9999,8.0510,44.8905,10.9999,8.3014,0.00,0.00,38.46,45.6735,10.9999,7.6794,0.00,0.00,38.46,250.0508,11.9479,279.8934,0.00,100.00,182.49,-11.62,182.49,11.62,12.67
9.52,340.38,45.2518,7.9844,8.0495,7.02,100.00,38.46,0.00,97.88,0.00,0.00,45.5974,11.0023,7.9945,45.2982,11.0023,8.2450,0.00,0.00,38.46,46.0813,11.0023,7.6230,0.00,0.00,38.46,250.0508,11.9479,279.8934,0.00,100.00,182.49,-11.62,182.49,11.62,12.67
9.58,340.17,45.6719,7.9922,7.9913,7.63,100.00,38.46,0.00,97.88,0.00,0.00,46.0175,11.0101,7.9364,45.7184,11.0101,8.1868,0.00,0.00,38.46,46.5014,11.0101,7.5648,0.00,0.00,38.46,250.0508,11.9479,279.8934,0.00,100.00,182.49,-11.62,182.49,11.62,12.67
9.63,339.98,46.0630,8.0014,7.9372,7.21,100.00,38.03,0.00,97.88,0.00,0.00,46.4087,11.0193,7.8823,46.1076,11.0193,8.1304,0.00,0.00,38.03,46.8953,11.0193,7.5144,0.00,0.00,38.03,250.0508,11.9479,279.8934,0.00,100.00,182.49,-11.62,182.49,11.62,12.67
9.69,339.79,46.4539,7.9670,7.8831,6.66,100.00,37.91,0.00,98.23,0.00,0.00,46.7992,10.9849,7.8261,46.4976,10.9849,8.0736,0.00,0.00,37.91,47.2866,10.9849,7.4592,0.00,0.00,37.91,250.0508,11.9479,279.8934,0.00,100.00,182.49,-11.62,182.49,11.62,12.67
9.75,339.58,46.8847,7.9753,7.8208,7.87,100.00,37.80,0.00,98.61,0.00,0.00,47.2296,10.9932,7.7615,46.9275,10.9932,8.0084,0.00,0.00,37.80,47.7177,10.9932,7.3956,0.00,0.00,37.80,250.0508,11.9479,279.8934,0.00,100.00,182.49,-11.62,182.49,11.62,12.67
9.81,339.39,47.2904,7.9752,7.7594,6.83,100.00,37.64,0.00,98.99,0.00,0.00,47.6349,10.9931,7.6978,47.3322,10.9931,7.9439,0.00,0.00,37.64,48.1241,10.9931,7.3332,0.00,0.00,37.64,250.0508,11.9479,279.8934,0.00,100.00,182.49,-11.62,182.49,11.62,12.67
9.86,339.18,47.7372,7.9845,7.6888,8.26,100.00,38.04,0.00,99.39,0.00,0.00,48.0813,11.0024,7.6247,47.7803,11.0024,7.8729,0.00,0.00,38.04,48.5678,11.0024,7.2566,0.00,0.00,38.04,250.0508,11.9479,279.8934,0.00,100.00,182.49,-11.62,182.49,11.62,12.67
9.92,338.99,48.1370,7.9912,7.6226,7.21,100.00,38.04,0.00,99.39,0.00,0.00,48.4810,11.0091,7.5586,48.1800,11.0091,7.8068,0.00,0.00,38.04,48.9676,11.0091,7.1905,0.00,0.00,38.04,250.0508,11.9479,279.8934,0.00,100.00,182.49,-11.62,182.49,11.62,12.67
9.97,338.81,48.5397,7.9939,7.5560,6.98,100.00,37.65,0.00,99.39,0.00,0.00,48.8838,11.0118,7.4919,48.5811,11.0118,7.7381,0.00,0.00,37.65,49.3728,11.0118,7.1272,0.00,0.00,37.65,250.0508,11.9479,279.8934,0.00,100.00,182.49,-11.62,182.49,11.62,12.67
10.03,338.61,48.9657,7.9677,7.4855,7.89,100.00,37.52,0.00,99.62,0.00,0.00,49.3095,10.9856,7.4201,49.0063,10.9856,7.6655,0.00,0.00,37.52,49.7994,10.9856,7.0565,0.00,0.00,37.52,250.0508,11.9479,279.8934,0.00,100.00,182.49,-11.62,182.49,11.62,12.67
10.09,338.43,49.3707,7.9738,7.4168,7.26,100.00,37.74,0.00,99.84,0.00,0.00,49.7143,10.9917,7.3501,49.4120,10.9917,7.5967,0.00,0.00,37.74,50.2028,10.9917,6.9847,0.00,0.00,37.74,250.0508,11.9479,279.8934,0.00,100.00,182.49,-11.62,182.49,11.62,12.67
10.14,338.24,49.7808,7.9804,7.3457,7.39,100.00,37.74,0.00,99.84,0.00,0.00,50.1243,10.9983,7.2789,49.8220,10.9983,7.5255,0.00,0.00,37.74,50.6129,10.9983,6.9135,0.00,0.00,37.74,250.0508,11.9479,279.8934,0.00,100.00,182.49,-11.62,182.49,11.62,12.67
10.20,338.06,50.1813,7.9846,7.2762,7.06,100.00,36.32,0.00,99.84,0.00,0.00,50.5249,11.0025,7.2095,50.2166,11.0025,7.4485,0.00,0.00,36.32,51.0223,11.0025,6.8562,0.00,0.00,36.32,250.0508,11.9479,279.8934,0.00,100.00,182.49,-11.62,182.49,11.62,12.67
10.26,337.87,50.5950,7.9881,7.2044,7.23,100.00,36.20,0.00,101.15,0.00,0.00,50.9369,11.0060,7.1299,50.6281,11.0060,7.3683,0.00,0.00,36.20,51.4350,11.0060,6.7776,0.00,0.00,36.20,250.0508,11.9479,279.8934,0.00,100.00,182.49,-11.62,182.49,11.62,12.67
10.31,337.69,51.0143,7.9956,7.1218,7.67,100.00,37.95,0.00,102.47,0.00,0.00,51.3544,11.0135,7.0394,51.0530,11.0135,7.2871,0.00,0.00,37.95,51.8415,11.0135,6.6721,0.00,0.00,37.95,250.0508,11.9479,279.8934,0.00,100.00,182.49,-11.62,182.49,11.62,12.67
10.37,337.52,51.4202,7.9973,7.0320,7.04,100.00,37.91,0.00,101.97,0.00,0.00,51.7611,11.0152,6.9526,51.4595,11.0152,7.2001,0.00,0.00,37.91,52.2485,11.0152,6.5857,0.00,0.00,37.91,250.0508,11.9479,279.8934,0.00,100.00,182.49,-11.62,182.49,11.62,12.67
10.43,337.34,51.8569,7.9686,6.9394,7.96,100.00,37.37,0.00,101.44,0.00,0.00,52.1985,10.9865,6.8631,51.8946,10.9865,7.1078,0.00,0.00,37.37,52.6893,10.9865,6.5008,0.00,0.00,37.37,250.0508,11.9479,279.8934,0.00,100.00,182.49,-11.62,182.49,11.62,12.67
10.49,337.17,52.2660,7.9726,6.8567,7.23,100.00,37.37,0.00,101.44,0.00,0.00,52.6076,10.9905,6.7804,52.3037,10.9905,7.0251,0.00,0.00,37.37,53.0984,10.9905,6.4180,0.00,0.00,37.37,250.0508,11.9479,279.8934,0.00,100.00,182.49,-11.62,182.49,11.62,12.67
10.54,337.00,52.6780,7.9761,6.7733,7.24,100.00,37.37,0.00,101.44,0.00,0.00,53.0195,10.9940,6.6970,52.7157,10.9940,6.9417,0.00,0.00,37.37,53.5103,10.9940,6.3347,0.00,0.00,37.37,250.0508,11.9479,279.8934,0.00,100.00,182.49,-11.62,182.49,11.62,12.67
10.60,336.82,53.0977,7.9856,6.6884,7.84,100.00,36.75,0.00,100.81,0.00,0.00,53.4400,11.0035,6.6159,53.1335,11.0035,6.8572,0.00,0.00,36.75,53.9348,11.0035,6.2589,0.00,0.00,36.75,250.0508,11.9479,279.8934,0.00,100.00,182.49,-11.62,182.49,11.62,12.67
10.66,336.65,53.4984,7.9921,6.6119,7.24,100.00,36.16,0.00,100.22,0.00,0.00,53.8415,11.0099,6.5429,53.5325,11.0099,6.7810,0.00,0.00,36.16,54.3399,11.0099,6.1911,0.00,0.00,36.16,250.0508,11.9479,279.8934,0.00,100.00,182.49,-11.62,182.49,11.62,12.67
10.71,336.46,53.9172,7.9956,6.5364,7.34,100.00,35.44,0.00,99.50,0.00,0.00,54.2611,11.0135,6.4717,53.9491,11.0135,6.7060,0.00,0.00,35.44,54.7639,11.0135,6.1261,0.00,0.00,35.44,250.0508,11.9479,279.8934,0.00,100.00,182.49,-11.62,182.49,11.62,12.67
10.77,336.27,54.3544,7.9996,6.4632,7.68,100.00,34.70,0.00,98.77,0.00,0.00,54.6991,11.0175,6.4029,54.3842,11.0175,6.6332,0.00,0.00,34.70,55.2063,11.0175,6.0638,0.00,0.00,34.70,250.0508,11.9479,279.8934,0.00,100.00,182.49,-11.62,182.49,11.62,12.67
10.83,336.07,54.7825,7.9728,6.3972,7.87,100.00,34.70,0.00,98.77,0.00,0.00,55.1272,10.9907,6.3369,54.8123,10.9907,6.5671,0.00,0.00,34.70,55.6344,10.9907,5.9978,0.00,0.00,34.70,250.0508,11.9479,279.8934,0.00,100.00,182.49,-11.62,182.49,11.62,12.67
10.88,335.89,55.1842,7.9771,6.3352,7.06,100.00,34.70,0.00,98.77,0.00,0.00,55.5289,10.9950,6.2749,55.2139,10.9950,6.5052,0.00,0.00,34.70,56.0361,10.9950,5.9359,0.00,0.00,34.70,250.0508,11.9479,279.8934,0.00,100.00,182.49,-11.62,182.49,11.62,12.67
10.94,335.70,55.6095,7.9821,6.2696,7.53,100.00,34.31,0.00,98.37,0.00,0.00,55.9547,11.0000,6.2117,55.6381,11.0000,6.4398,0.00,0.00,34.31,56.4642,11.0000,5.8762,0.00,0.00,34.31,250.0508,11.9479,279.8934,0.00,100.00,182.49,-11.62,182.49,11.62,12.67
11.00,335.50,56.0386,7.9889,6.2065,7.72,100.00,34.28,0.00,97.97,0.00,0.00,56.3841,11.0068,6.1510,56.0675,11.0068,6.3789,0.00,0.00,34.28,56.8938,11.0068,5.8157,0.00,0.00,34.28,250.0508,11.9479,279.8934,0.00,100.00,182.49,-11.62,182.49,11.62,12.67
11.05,335.31,56.4527,7.9945,6.1485,7.36,100.00,34.64,0.00,97.97,0.00,0.00,56.7982,11.0124,6.0930,56.4830,11.0124,6.3229,0.00,0.00,34.64,57.3057,11.0124,5.7544,0.00,0.00,34.64,250.0508,11.9479,279.8934,0.00,100.00,182.49,-11.62,182.49,11.62,12.67
11.11,335.12,56.8639,7.9999,6.0909,7.29,100.00,35.15,0.00,97.97,0.00,0.00,57.2094,11.0178,6.0354,56.8963,11.0178,6.2681,0.00,0.00,35.15,57.7139,11.0178,5.6923,0.00,0.00,35.15,250.0508,11.9479,279.8934,0.00,100.00,182.49,-11.62,182.49,11.62,12.67
11.17,334.93,57.2818,7.9738,6.0324,7.71,100.00,35.23,0.00,97.56,0.00,0.00,57.6277,10.9917,5.9793,57.3149,10.9917,6.2125,0.00,0.00,35.23,58.1317,10.9917,5.6356,0.00,0.00,35.23,250.0508,11.9479,279.8934,0.00,100.00,182.49,-11.62,182.49,11.62,12.67
11.22,334.74,57.6899,7.9771,5.9781,7.08,100.00,35.33,0.00,97.17,0.00,0.00,58.0362,10.9950,5.9275,57.7238,10.9950,6.1612,0.00,0.00,35.33,58.5397,10.9950,5.5829,0.00,0.00,35.33,250.0508,11.9479,279.8934,0.00,100.00,182.49,-11.62,182.49,11.62,12.67
11.28,334.53,58.1291,7.9777,5.9229,7.42,100.00,35.32,0.00,96.66,0.00,0.00,58.4758,10.9956,5.8753,58.1634,10.9956,6.1090,0.00,0.00,35.32,58.9793,10.9956,5.5308,0.00,0.00,35.32,250.0508,11.9479,279.8934,0.00,100.00,182.49,-11.62,182.49,11.62,12.67
11.34,334.31,58.5865,7.9863,5.8695,8.36,100.00,34.80,0.00,96.14,0.00,0.00,58.9336,11.0042,5.8250,58.6191,11.0042,6.0558,0.00,0.00,34.80,59.4402,11.0042,5.4851,0.00,0.00,34.80,250.0508,11.9479,279.8934,0.00,100.00,182.49,-11.62,182.49,11.62,12.67
11.40,334.10,59.0149,7.9929,5.8234,7.66,100.00,34.45,0.00,95.79,0.00,0.00,59.3623,11.0108,5.7811,59.0463,11.0108,6.0099,0.00,0.00,34.45,59.8710,11.0108,5.4443,0.00,0.00,34.45,250.0508,11.9479,279.8934,0.00,100.00,182.49,-11.62,182.49,11.62,12.67
11.45,333.89,59.4587,7.9955,5.7784,7.62,100.00,34.08,0.00,95.43,0.00,0.00,59.8063,11.0134,5.7383,59.4889,11.0134,5.9651,0.00,0.00,34.08,60.3171,11.0134,5.4047,0.00,0.00,34.08,250.0508,11.9479,279.8934,0.00,100.00,182.49,-11.62,182.49,11.62,12.67
11.51,333.66,59.9273,7.9686,5.7339,8.54,100.00,33.73,0.00,95.07,0.00,0.00,60.2752,10.9865,5.6959,59.9564,10.9865,5.9208,0.00,0.00,33.73,60.7881,10.9865,5.3655,0.00,0.00,33.73,250.0508,11.9479,279.8934,0.00,100.00,182.49,-11.62,182.49,11.62,12.67
11.57,333.43,60.3756,7.9735,5.6941,7.86,100.00,33.64,0.00,94.74,0.00,0.00,60.7237,10.9914,5.6581,60.4045,10.9914,5.8825,0.00,0.00,33.64,61.2370,10.9914,5.3285,0.00,0.00,33.64,250.0508,11.9479,279.8934,0.00,100.00,182.49,-11.62,182.49,11.62,12.67
11.63,333.21,60.8322,7.9718,5.6562,7.52,100.00,33.89,0.00,94.74,0.00,0.00,61.1803,10.9897,5.6202,60.8622,10.9897,5.8460,0.00,0.00,33.89,61.6923,10.9897,5.2884,0.00,0.00,33.89,250.0508,11.9479,279.8934,0.00,100.00,182.49,-11.62,182.49,11.62,12.67
11.68,332.97,61.3096,7.9784,5.6166,8.52,100.00,33.89,0.00,94.74,0.00,0.00,61.6577,10.9963,5.5806,61.3395,10.9963,5.8064,0.00,0.00,33.89,62.1696,10.9963,5.2488,0.00,0.00,33.89,250.0508,11.9479,279.8934,0.00,100.00,182.49,-11.62,182.49,11.62,12.67
11.74,332.75,61.7425,7.9871,5.5807,7.89,100.00,33.89,0.00,94.74,0.00,0.00,62.0906,11.0050,5.5447,61.7724,11.0050,5.7705,0.00,0.00,33.89,62.6025,11.0050,5.2128,0.00,0.00,33.89,250.0508,11.9479,279.8934,0.00,100.00,182.49,-11.62,182.49,11.62,12.67
11.80,332.54,62.1589,7.9890,5.5461,7.09,100.00,34.17,0.00,94.74,0.00,0.00,62.5070,11.0069,5.5102,62.1900,11.0069,5.7375,0.00,0.00,34.17,63.0173,11.0069,5.1758,0.00,0.00,34.17,250.0508,11.9479,279.8934,0.00,100.00,182.49,-11.62,182.49,11.62,12.67
11.85,332.32,62.6121,7.9947,5.5085,8.02,100.00,34.26,0.00,94.56,0.00,0.00,62.9603,11.0126,5.4737,62.6436,11.0126,5.7015,0.00,0.00,34.26,63.4701,11.0126,5.1385,0.00,0.00,34.26,250.0508,11.9479,279.8934,0.00,100.00,182.49,-11.62,182.49,11.62,12.67
11.91,332.10,63.0552,8.0004,5.4732,7.73,100.00,34.40,0.20,94.39,359.65,359.97,63.3851,11.0204,5.4394,63.0689,11.0184,5.6680,0.29,359.80,34.40,63.8940,11.0235,5.1030,0.29,359.80,34.40,250.0508,11.9479,279.8934,0.00,100.00,182.49,-11.62,182.49,11.62,12.67
11.97,331.87,63.5111,7.9716,5.4382,7.88,100.00,34.42,0.07,94.10,359.87,359.99,63.8529,10.9903,5.4062,63.5368,10.9896,5.6349,0.10,359.93,34.42,64.3617,10.9914,5.0696,0.10,359.93,34.42,250.0508,11.9479,279.8934,0.00,100.00,182.49,-11.62,182.49,11.62,12.67
12.03,331.64,63.9788,7.9757,5.4047,8.13,100.00,34.13,0.04,93.81,359.92,-0.01,64.3235,10.9941,5.3744,64.0063,10.9937,5.6016,0.06,359.96,34.13,64.8340,10.9948,5.0404,0.06,359.96,34.13,250.0508,11.9479,279.8934,0.00,100.00,182.49,-11.62,182.49,11.62,12.67
12.08,331.41,64.4348,7.9834,5.3744,8.21,100.00,34.13,0.04,93.81,359.92,-0.01,64.7795,11.0018,5.3441,64.4623,11.0013,5.5712,0.06,359.96,34.13,65.2900,11.0024,5.0101,0.06,359.96,34.13,250.0508,11.9479,279.8934,0.00,100.00,182.49,-11.62,182.49,11.62,12.67
12.14,331.19,64.8674,7.9852,5.3456,7.35,100.00,34.13,0.04,93.81,359.92,-0.01,65.2121,11.0035,5.3153,64.8949,11.0031,5.5424,0.06,359.96,34.13,65.7226,11.0042,4.9813,0.06,359.96,34.13,250.0508,11.9479,279.8934,0.00,100.00,182.49,-11.62,182.49,11.62,12.67
12.20,330.95,65.3333,7.9958,5.3146,8.44,100.00,33.95,-0.09,93.62,359.61,0.33,65.6627,11.0160,5.3039,65.3448,11.0125,5.5300,0.50,0.09,33.95,66.1743,11.0213,4.9715,0.50,0.09,33.95,250.0508,11.9479,279.8934,0.00,100.00,182.49,-11.62,182.49,11.62,12.67
12.25,330.73,65.7766,8.0033,5.2865,7.76,100.00,33.78,-0.31,93.45,359.90,0.42,66.1213,11.0218,5.2808,65.8026,11.0197,5.5060,0.30,0.31,33.78,66.6338,11.0250,4.9500,0.30,0.31,33.78,250.0508,11.9479,279.8934,0.00,100.00,182.49,-11.62,182.49,11.62,12.67
12.31,330.50,66.2276,8.0068,5.2593,7.73,100.00,33.78,-0.46,93.45,359.59,0.77,66.5570,11.0270,5.2730,66.2384,11.0219,5.4981,0.75,0.46,33.78,67.0696,11.0349,4.9422,0.75,0.46,33.78,250.0508,11.9479,279.8934,0.00,100.00,182.49,-11.62,182.49,11.62,12.67
12.37,330.27,66.6796,7.9832,5.2320,8.05,100.00,34.02,-0.47,93.45,359.55,0.81,67.0073,11.0035,5.2479,66.6897,10.9980,5.4743,0.80,0.47,34.02,67.5185,11.0120,4.9150,0.80,0.47,34.02,250.0508,11.9479,279.8934,0.00,100.00,182.49,-11.62,182.49,11.62,12.67
12.43,330.05,67.1219,7.9845,5.2054,7.45,100.00,34.08,-0.39,93.27,359.88,0.53,67.4663,11.0030,5.2064,67.1488,11.0005,5.4332,0.37,0.39,34.08,67.9771,11.0069,4.8729,0.37,0.39,34.08,250.0508,11.9479,279.8934,0.00,100.00,182.49,-11.62,182.49,11.62,12.67
12.48,329.81,67.5971,7.9949,5.1783,8.62,100.00,33.88,-0.18,93.07,359.61,0.45,67.9266,11.0151,5.1770,67.6084,11.0113,5.4027,0.57,0.18,33.88,68.4386,11.0211,4.8453,0.57,0.18,33.88,250.0508,11.9479,279.8934,0.00,100.00,182.49,-11.62,182.49,11.62,12.67
12.54,329.59,68.0308,8.0012,5.1550,7.48,100.00,33.88,-0.33,93.07,359.90,0.45,68.3756,11.0197,5.1530,68.0574,11.0174,5.3788,0.32,0.33,33.88,68.8876,11.0230,4.8213,0.32,0.33,33.88,250.0508,11.9479,279.8934,0.00,100.00,182.49,-11.62,182.49,11.62,12.67
12.60,329.36,68.4786,8.0118,5.1310,8.07,100.00,33.88,-0.17,93.07,359.61,0.43,68.8083,11.0320,5.1289,68.4901,11.0282,5.3546,0.56,0.17,33.88,69.3202,11.0379,4.7971,0.56,0.17,33.88,250.0508,11.9479,279.8934,0.00,100.00,182.49,-11.62,182.49,11.62,12.67
12.65,329.15,68.8999,8.0214,5.1085,7.57,100.00,33.88,-0.33,93.07,359.90,0.44,69.2447,11.0399,5.1063,68.9265,11.0377,5.3320,0.32,0.33,33.88,69.7567,11.0432,4.7745,0.32,0.33,33.88,250.0508,11.9479,279.8934,0.00,100.00,182.49,-11.62,182.49,11.62,12.67
12.71,328.94,69.3145,8.0230,5.0862,7.01,100.00,33.88,-0.33,93.07,359.90,0.44,69.6593,11.0414,5.0841,69.3412,11.0392,5.3098,0.32,0.33,33.88,70.1713,11.0447,4.7523,0.32,0.33,33.88,250.0508,11.9479,279.8934,0.00,100.00,182.49,-11.62,182.49,11.62,12.67
12.77,328.71,69.7625,7.9977,5.0622,7.94,100.00,33.70,-0.52,92.88,359.35,0.99,70.0799,11.0190,5.0914,69.7611,11.0117,5.3160,1.07,0.52,33.70,70.5929,11.0303,4.7613,1.07,0.52,33.70,250.0508,11.9479,279.8934,0.00,100.00,182.49,-11.62,182.49,11.62,12.67
12.83,328.49,70.1974,8.0110,5.0404,7.62,100.00,33.76,-0.50,92.71,359.45,0.92,70.5201,11.0318,5.0663,70.2014,11.0253,5.2912,0.94,0.50,33.76,71.0328,11.0417,4.7358,0.94,0.50,33.76,250.0508,11.9479,279.8934,0.00,100.00,182.49,-11.62,182.49,11.62,12.67
12.88,328.27,70.6290,8.0196,5.0199,7.55,100.00,33.98,-0.50,92.71,359.45,0.92,70.9517,11.0404,5.0459,70.6339,11.0339,5.2721,0.94,0.50,33.98,71.4631,11.0503,4.7133,0.94,0.50,33.98,250.0508,11.9479,279.8934,0.00,100.00,182.49,-11.62,182.49,11.62,12.67
12.94,328.06,71.0531,8.0334,4.9999,7.33,100.00,34.23,-0.87,92.70,359.11,1.57,71.3596,11.0555,5.0609,71.0428,11.0446,5.2884,1.57,0.87,34.23,71.8695,11.0720,4.7264,1.57,0.87,34.23,250.0508,11.9479,279.8934,0.00,100.00,182.49,-11.62,182.49,11.62,12.67
13.00,327.84,71.4746,8.0427,4.9800,7.32,100.00,34.46,-0.86,92.71,359.41,1.37,71.7961,11.0634,5.0301,71.4802,11.0549,5.2589,1.23,0.86,34.46,72.3047,11.0763,4.6934,1.23,0.86,34.46,250.0508,11.9479,279.8934,0.00,100.00,182.49,-11.62,182.49,11.62,12.67
13.06,327.64,71.8859,8.0557,4.9605,7.11,100.00,34.64,-0.54,92.68,358.41,1.63,72.1552,11.0811,5.0268,71.8401,11.0660,5.2565,2.21,0.54,34.64,72.6625,11.1046,4.6888,2.21,0.54,34.64,250.0508,11.9479,279.8934,0.00,100.00,182.49,-11.62,182.49,11.62,12.67
13.11,327.43,72.3058,8.0750,4.9409,7.36,100.00,34.54,-0.28,92.39,357.85,1.68,72.5455,11.1028,5.0124,72.2302,11.0843,5.2414,2.71,0.28,34.54,73.0531,11.1316,4.6752,2.71,0.28,34.54,250.0508,11.9479,279.8934,0.00,100.00,182.49,-11.62,182.49,11.62,12.67
13.17,327.21,72.7262,8.0936,4.9233,7.48,100.00,34.42,0.35,92.12,357.76,1.00,72.9595,11.1225,4.9603,72.6438,11.1061,5.1888,2.43,359.65,34.42,73.4679,11.1484,4.6239,2.43,359.65,34.42,250.0508,11.9479,279.8934,0.00,100.00,182.49,-11.62,182.49,11.62,12.67
13.23,327.00,73.1467,8.0795,4.9077,7.24,100.00,34.31,0.15,91.82,357.45,1.45,73.3639,11.1092,4.9702,73.0478,11.0892,5.1980,2.93,359.85,34.31,73.8727,11.1404,4.6350,2.93,359.85,34.31,250.0508,11.9479,279.8934,0.00,100.00,182.49,-11.62,182.49,11.62,12.67
13.29,326.77,73.5875,8.1010,4.8936,7.47,100.00,34.17,-0.04,91.50,356.96,2.00,73.7795,11.1316,4.9869,73.4630,11.1069,5.2137,3.64,0.04,34.17,74.2888,11.1703,4.6533,3.64,0.04,34.17,250.0508,11.9479,279.8934,0.00,100.00,182.49,-11.62,182.49,11.62,12.67
13.35,326.53,74.0427,8.1289,4.8817,7.92,100.00,34.13,-0.67,91.27,356.85,2.83,74.2293,11.1581,5.0193,73.9127,11.1296,5.2455,4.18,0.67,34.13,74.7388,11.2025,4.6867,4.18,0.67,34.13,250.0508,11.9479,279.8934,0.00,100.00,182.49,-11.62,182.49,11.62,12.67
13.40,326.30,74.4933,8.1567,4.8717,7.64,100.00,36.10,-0.44,91.02,356.48,3.01,74.6602,11.1866,5.0201,74.3519,11.1552,5.2570,4.61,0.44,36.10,75.1576,11.2355,4.6702,4.61,0.44,36.10,250.0508,11.9479,279.8934,0.00,100.00,182.49,-11.62,182.49,11.62,12.67
13.46,326.06,74.9468,8.1908,4.8636,7.85,100.00,38.27,-0.31,91.00,356.06,3.38,75.0918,11.2208,5.0318,74.7929,11.1855,5.2801,5.18,0.31,38.27,75.5751,11.2758,4.6637,5.18,0.31,38.27,250.0508,11.9479,279.8934,0.00,100.00,182.49,-11.62,182.49,11.62,12.67
13.52,325.83,75.3833,8.2238,4.8560,7.42,100.00,40.48,-0.11,90.99,355.98,3.45,75.5239,11.2538,5.0281,75.2350,11.2177,5.2878,5.30,0.11,40.48,75.9925,11.3101,4.6415,5.30,0.11,40.48,250.0508,11.9479,279.8934,0.00,100.00,182.49,-11.62,182.49,11.62,12.67
13.58,325.61,75.8195,8.2554,4.8485,7.52,100.00,42.68,-0.14,91.01,356.29,3.49,75.9767,11.2844,5.0223,75.6978,11.2498,5.2929,5.09,0.14,42.68,76.4302,11.3385,4.6178,5.09,0.14,42.68,250.0508,11.9479,279.8934,0.00,100.00,182.49,-11.62,182.49,11.62,12.67
13.64,325.39,76.2413,8.2865,4.8410,7.17,100.00,41.88,0.21,90.97,355.66,3.48,76.3650,11.3171,5.0153,76.0828,11.2793,5.2820,5.56,359.79,41.88,76.8235,11.3762,4.6173,5.56,359.79,41.88,250.0508,11.9479,279.8934,0.00,100.00,182.49,-11.62,182.49,11.62,12.67
13.70,325.17,76.6659,8.3225,4.8338,6.99,100.00,38.74,0.04,88.50,354.31,4.74,76.7096,11.3505,5.0772,76.4142,11.3003,5.3270,7.40,359.96,38.74,77.1877,11.4291,4.7064,7.40,359.96,38.74,250.0508,11.9479,279.8934,0.00,100.00,182.49,-11.62,182.49,11.62,12.67
13.76,324.93,77.1000,8.3577,4.8452,7.27,100.00,38.01,-0.67,86.12,355.25,5.14,77.1815,11.3828,5.1147,76.8823,11.3354,5.3605,6.97,0.67,38.01,77.6653,11.4566,4.7504,6.97,0.67,38.01,250.0508,11.9479,279.8934,0.00,100.00,182.49,-11.62,182.49,11.62,12.67
13.82,324.68,77.5239,8.3877,4.8739,6.87,100.00,37.26,-0.47,83.68,354.93,5.44,77.5758,11.4118,5.1607,77.2738,11.3614,5.4024,7.42,0.47,37.26,78.0637,11.4905,4.8029,7.42,0.47,37.26,250.0508,11.9479,279.8934,0.00,100.00,182.49,-11.62,182.49,11.62,12.67
13.88,324.40,77.9569,8.4274,4.9219,7.47,100.00,36.31,-1.23,81.26,355.79,5.94,78.0374,11.4474,5.2430,77.7309,11.3985,5.4793,7.17,1.23,36.31,78.5320,11.5233,4.8940,7.17,1.23,36.31,250.0508,11.9479,279.8934,0.00,100.00,182.49,-11.62,182.49,11.62,12.67
13.94,324.14,78.3612,8.4589,4.9840,6.84,100.00,35.45,-1.28,78.91,355.83,6.23,78.4278,11.4773,5.3235,78.1179,11.4270,5.5550,7.38,1.28,35.45,78.9275,11.5554,4.9822,7.38,1.28,35.45,250.0508,11.9479,279.8934,0.00,100.00,182.49,-11.62,182.49,11.62,12.67
14.00,323.85,78.7693,8.4920,5.0640,7.05,100.00,34.91,-1.71,76.49,355.88,7.17,78.8131,11.5046,5.4547,78.5012,11.4495,5.6826,8.09,1.71,34.91,79.3155,11.5901,5.1194,8.09,1.71,34.91,250.0508,11.9479,279.8934,0.00,100.00,182.49,-11.62,182.49,11.62,12.67
14.06,323.56,79.1675,8.5250,5.1597,6.97,100.00,34.35,-1.76,74.06,355.57,8.02,79.1673,11.5324,5.5905,78.8538,11.4712,5.8146,8.99,1.76,34.35,79.6720,11.6274,5.2612,8.99,1.76,34.35,250.0508,11.9479,279.8934,0.00,100.00,182.49,-11.62,182.49,11.62,12.67
14.12,323.26,79.5598,8.5521,5.2717,6.71,100.00,32.08,-2.51,71.79,356.39,8.22,79.5802,11.5561,5.7252,79.2574,11.4973,5.9363,8.61,2.51,32.08,80.0986,11.6470,5.4167,8.61,2.51,32.08,250.0508,11.9479,279.8934,0.00,100.00,182.49,-11.62,182.49,11.62,12.67
14.18,322.93,79.9608,8.5760,5.4036,7.09,100.00,29.75,-3.40,69.46,357.32,8.48,80.0037,11.5750,5.8876,79.6719,11.5188,6.0849,8.22,3.40,29.75,80.5354,11.6615,5.6012,8.22,3.40,29.75,250.0508,11.9479,279.8934,0.00,100.00,182.49,-11.62,182.49,11.62,12.67
14.24,322.61,80.3479,8.5986,5.5487,6.90,100.00,27.31,-3.23,67.00,357.04,8.56,80.3550,11.5980,6.0320,80.0153,11.5402,6.2149,8.46,3.23,27.31,80.8980,11.6870,5.7685,8.46,3.23,27.31,250.0508,11.9479,279.8934,0.00,100.00,182.49,-11.62,182.49,11.62,12.67
14.30,322.26,80.7339,8.6229,5.7125,7.13,100.00,25.27,-3.55,65.06,358.00,7.91,80.7840,11.6234,6.1862,80.4371,11.5730,6.3576,7.35,3.55,25.27,81.3374,11.7007,5.9414,7.35,3.55,25.27,250.0508,11.9479,279.8934,0.00,100.00,182.49,-11.62,182.49,11.62,12.67
14.36,321.92,81.1107,8.6379,5.8878,6.91,100.00,23.28,-3.99,63.05,358.26,8.27,81.1481,11.6347,6.3859,80.7954,11.5835,6.5446,7.46,3.99,23.28,81.7098,11.7129,6.1610,7.46,3.99,23.28,250.0508,11.9479,279.8934,0.00,100.00,182.49,-11.62,182.49,11.62,12.67
14.42,321.56,81.4811,8.6551,6.0761,7.09,100.00,23.27,-3.89,63.00,357.96,8.48,81.4991,11.6516,6.5769,81.1466,11.5980,6.7354,7.81,3.89,23.27,82.0604,11.7336,6.3525,7.81,3.89,23.27,250.0508,11.9479,279.8934,0.00,100.00,182.49,-11.62,182.49,11.62,12.67
14.48,321.22,81.8345,8.6708,6.2561,6.79,100.00,25.28,-3.40,63.08,358.50,7.45,81.9023,11.6723,6.7218,81.5552,11.6256,6.8937,6.80,3.40,25.28,82.4561,11.7438,6.4760,6.80,3.40,25.28,250.0508,11.9479,279.8934,0.00,100.00,182.49,-11.62,182.49,11.62,12.67
14.53,320.88,82.1905,8.6808,6.4369,6.69,100.00,25.92,-3.29,61.65,358.80,7.26,82.2652,11.6821,6.9029,81.9200,11.6368,7.0789,6.59,3.29,25.92,82.8164,11.7514,6.6506,6.59,3.29,25.92,250.0508,11.9479,279.8934,0.00,100.00,182.49,-11.62,182.49,11.62,12.67
14.59,320.53,82.5529,8.6957,6.6325,7.36,100.00,24.47,-3.76,60.20,359.18,7.54,82.6259,11.6931,7.1226,82.2762,11.6478,7.2895,6.59,3.76,24.47,83.1835,11.7624,6.8849,6.59,3.76,24.47,250.0508,11.9479,279.8934,0.00,100.00,182.49,-11.62,182.49,11.62,12.67
14.65,320.20,82.8818,8.6679,6.8209,6.48,100.00,24.48,-3.79,60.20,359.20,7.57,82.9551,11.6651,7.3128,82.6054,11.6197,7.4797,6.60,3.79,24.48,83.5126,11.7344,7.0750,6.60,3.79,24.48,250.0508,11.9479,279.8934,0.00,100.00,182.49,-11.62,182.49,11.62,12.67
14.71,319.85,83.2187,8.6755,7.0138,6.52,100.00,24.43,-3.37,60.14,358.75,7.47,83.2738,11.6757,7.4896,82.9243,11.6291,7.6564,6.78,3.37,24.43,83.8312,11.7470,7.2521,6.78,3.37,24.43,250.0508,11.9479,279.8934,0.00,100.00,182.49,-11.62,182.49,11.62,12.67
14.76,319.52,83.5534,8.6924,7.2059,6.97,100.00,24.40,-3.11,60.14,358.79,6.97,83.6227,11.6956,7.6602,83.2729,11.6518,7.8273,6.36,3.11,24.40,84.1805,11.7625,7.4223,6.36,3.11,24.40,250.0508,11.9479,279.8934,0.00,100.00,182.49,-11.62,182.49,11.62,12.67
14.83,319.21,83.8584,8.6941,7.3810,5.62,100.00,26.51,-2.97,60.18,359.09,6.70,83.9492,11.6974,7.8306,83.6057,11.6557,8.0108,6.07,2.97,26.51,84.4980,11.7613,7.5718,6.07,2.97,26.51,250.0508,11.9479,279.8934,0.00,100.00,182.49,-11.62,182.49,11.62,12.67
14.88,318.86,84.2063,8.7074,7.5804,7.01,100.00,26.62,-3.30,58.35,359.56,6.96,84.2962,11.7065,8.0571,83.9529,11.6643,8.2376,6.15,3.30,26.62,84.8446,11.7712,7.7977,6.15,3.30,26.62,250.0508,11.9479,279.8934,0.00,100.00,182.49,-11.62,182.49,11.62,12.67
14.94,318.53,84.5215,8.7148,7.7747,6.32,100.00,24.91,-3.52,56.66,359.79,6.99,84.6065,11.7123,8.2622,84.2580,11.6706,8.4323,6.05,3.52,24.91,85.1626,11.7759,8.0193,6.05,3.52,24.91,250.0508,11.9479,279.8934,0.00,100.00,182.49,-11.62,182.49,11.62,12.67
15.00,318.19,84.8312,8.7190,7.9784,6.29,100.00,24.88,-3.16,56.64,359.69,6.49,84.9259,11.7202,8.4410,84.5771,11.6811,8.6113,5.68,3.16,24.88,85.4822,11.7800,8.1977,5.68,3.16,24.88,250.0508,11.9479,279.8934,0.00,100.00,182.49,-11.62,182.49,11.62,12.67
15.06,317.86,85.1355,8.7276,8.1787,6.33,100.00,27.10,-2.32,56.59,359.23,6.05,85.2226,11.7339,8.6087,84.8809,11.6952,8.7930,5.64,2.32,27.10,85.7687,11.7934,8.3433,5.64,2.32,27.10,250.0508,11.9479,279.8934,0.00,100.00,182.49,-11.62,182.49,11.62,12.67
15.12,317.55,85.4260,8.7353,8.3703,6.04,100.00,29.38,-2.13,56.61,359.42,5.76,85.5299,11.7420,8.7932,85.1958,11.7050,8.9913,5.39,2.13,29.38,86.0650,11.7989,8.5058,5.39,2.13,29.38,250.0508,11.9479,279.8934,0.00,100.00,182.49,-11.62,182.49,11.62,12.67
15.18,317.24,85.7102,8.7395,8.5575,5.79,100.00,31.14,-2.16,56.65,359.75,5.51,85.8361,11.7456,8.9789,85.5081,11.7107,9.1872,5.08,2.16,31.14,86.3624,11.7992,8.6751,5.08,2.16,31.14,250.0508,11.9479,279.8934,0.00,100.00,182.49,-11.62,182.49,11.62,12.67
15.24,316.92,86.0029,8.7419,8.7502,5.80,100.00,31.27,-2.00,54.99,359.70,5.66,86.1098,11.7476,9.1797,85.7824,11.7112,9.3887,5.30,2.00,31.27,86.6352,11.8035,8.8746,5.30,2.00,31.27,250.0508,11.9479,279.8934,0.00,100.00,182.49,-11.62,182.49,11.62,12.67
15.29,316.59,86.3012,8.7493,8.9592,6.28,100.00,29.56,-1.83,53.28,359.61,5.42,86.3992,11.7567,9.3788,86.0657,11.7216,9.5781,5.11,1.83,29.56,86.9335,11.8107,9.0893,5.11,1.83,29.56,250.0508,11.9479,279.8934,0.00,100.00,182.49,-11.62,182.49,11.62,12.67
15.36,316.26,86.5845,8.7503,9.1704,5.79,100.00,27.85,-1.94,51.58,359.74,5.40,86.6760,11.7571,9.5964,86.3367,11.7224,9.7857,5.04,1.94,27.85,87.2188,11.8103,9.3230,5.04,1.94,27.85,250.0508,11.9479,279.8934,0.00,100.00,182.49,-11.62,182.49,11.62,12.67
15.41,315.91,86.8788,8.7535,9.4038,6.34,100.00,27.85,-1.94,49.80,359.91,5.40,86.9636,11.7592,9.8384,86.6242,11.7246,10.0277,5.04,1.94,27.85,87.5063,11.8124,9.5649,5.04,1.94,27.85,250.0508,11.9479,279.8934,0.00,100.00,182.49,-11.62,182.49,11.62,12.67
15.47,315.56,87.1608,8.7614,9.6422,6.39,100.00,28.37,-1.54,48.58,359.76,5.11,87.2407,11.7694,10.0614,86.9031,11.7360,10.2540,4.87,1.54,28.37,87.7809,11.8210,9.7826,4.87,1.54,28.37,250.0508,11.9479,279.8934,0.00,100.00,182.49,-11.62,182.49,11.62,12.67
15.53,315.21,87.4341,8.7623,9.8832,6.02,100.00,28.44,-1.18,47.42,359.84,4.07,87.5454,11.7740,10.2671,87.2078,11.7472,10.4607,3.90,1.18,28.44,88.0858,11.8153,9.9868,3.90,1.18,28.44,250.0508,11.9479,279.8934,0.00,100.00,182.49,-11.62,182.49,11.62,12.67
15.59,314.86,87.7087,8.7642,10.1355,6.35,100.00,29.69,-1.46,47.43,0.06,4.60,87.8097,11.7726,10.5472,87.4764,11.7427,10.7479,4.36,1.46,29.69,88.3436,11.8187,10.2557,4.36,1.46,29.69,250.0508,11.9479,279.8934,0.00,100.00,182.49,-11.62,182.49,11.62,12.67
15.65,314.52,87.9687,8.7346,10.3743,6.29,100.00,30.73,-1.44,47.44,0.09,4.69,88.0679,11.7424,10.7909,87.7384,11.7118,10.9976,4.47,1.44,30.73,88.5963,11.7897,10.4898,4.47,1.44,30.73,250.0508,11.9479,279.8934,0.00,100.00,182.49,-11.62,182.49,11.62,12.67
15.71,314.19,88.2217,8.7669,10.6066,5.54,100.00,31.07,-1.24,46.62,359.90,5.00,88.2963,11.7746,11.0292,87.9683,11.7414,11.2377,4.84,1.24,31.07,88.8227,11.8258,10.7251,4.84,1.24,31.07,250.0508,11.9479,279.8934,0.00,100.00,182.49,-11.62,182.49,11.62,12.67
15.77,313.82,88.5017,8.7370,10.8712,6.70,100.00,31.41,-1.10,45.74,359.95,4.63,88.5856,11.7459,11.2830,88.2586,11.7152,11.4937,4.49,1.10,31.41,89.1103,11.7935,10.9754,4.49,1.10,31.41,250.0508,11.9479,279.8934,0.00,100.00,182.49,-11.62,182.49,11.62,12.67
15.83,313.47,88.7605,8.7367,11.1234,5.90,100.00,31.58,-0.74,44.62,359.78,4.22,88.8453,11.7482,11.5152,88.5190,11.7198,11.7271,4.16,0.74,31.58,89.3691,11.7923,11.2056,4.16,0.74,31.58,250.0508,11.9479,279.8934,0.00,100.00,182.49,-11.62,182.49,11.62,12.67
15.89,313.09,89.0334,8.7381,11.4000,6.37,100.00,31.30,-0.50,43.43,359.57,4.38,89.0960,11.7502,11.7915,88.7688,11.7204,12.0018,4.38,0.50,31.30,89.6211,11.7967,11.4844,4.38,0.50,31.30,250.0508,11.9479,279.8934,0.00,100.00,182.49,-11.62,182.49,11.62,12.67
15.95,312.71,89.3031,8.7411,11.6849,6.58,100.00,31.30,-0.75,42.53,359.83,4.66,89.3581,11.7506,12.0975,89.0309,11.7191,12.3076,4.61,0.75,31.30,89.8832,11.7994,11.7907,4.61,0.75,31.30,250.0508,11.9479,279.8934,0.00,100.00,182.49,-11.62,182.49,11.62,12.67
16.01,312.33,89.5661,8.7420,11.9716,6.49,100.00,31.07,-0.79,41.64,359.93,4.70,89.6167,11.7508,12.3897,89.2887,11.7192,12.5985,4.63,0.79,31.07,90.1430,11.7998,12.0851,4.63,0.79,31.07,250.0508,11.9479,279.8934,0.00,100.00,182.49,-11.62,182.49,11.62,12.67
16.07,311.94,89.8296,8.7470,12.2679,6.78,100.00,30.86,-0.66,40.79,359.80,5.00,89.8575,11.7553,12.6918,89.5289,11.7215,12.8993,4.96,0.66,30.86,90.3846,11.8079,12.3892,4.96,0.66,30.86,250.0508,11.9479,279.8934,0.00,100.00,182.49,-11.62,182.49,11.62,12.67
16.13,311.55,90.0855,8.7521,12.5645,6.74,100.00,30.04,-0.72,39.97,359.85,5.03,90.1076,11.7599,12.9919,89.7760,11.7259,13.1947,4.98,0.72,30.04,90.6390,11.8127,12.6970,4.98,0.72,30.04,250.0508,11.9479,279.8934,0.00,100.00,182.49,-11.62,182.49,11.62,12.67
16.18,311.16,90.3393,8.7558,12.8673,6.75,100.00,29.44,-0.79,39.38,0.05,4.31,90.3929,11.7654,13.2793,90.0589,11.7364,13.4788,4.24,0.79,29.44,90.9279,11.8103,12.9895,4.24,0.79,29.44,250.0508,11.9479,279.8934,0.00,100.00,182.49,-11.62,182.49,11.62,12.67
16.24,310.76,90.5954,8.7558,13.1793,6.74,100.00,29.34,-0.50,38.77,359.85,3.94,90.6535,11.7680,13.5713,90.3191,11.7413,13.7705,3.91,0.50,29.34,91.1891,11.8095,13.2822,3.91,0.50,29.34,250.0508,11.9479,279.8934,0.00,100.00,182.49,-11.62,182.49,11.62,12.67
16.30,310.35,90.8579,8.7581,13.5061,7.03,100.00,29.32,-0.26,38.23,359.62,4.13,90.8966,11.7710,13.8953,90.5623,11.7428,14.0944,4.14,0.26,29.32,91.4321,11.8150,13.6063,4.14,0.26,29.32,250.0508,11.9479,279.8934,0.00,100.00,182.49,-11.62,182.49,11.62,12.67
16.36,309.93,91.1200,8.7626,13.8388,7.24,100.00,28.83,-0.56,37.73,359.87,4.39,91.1528,11.7730,14.2473,90.8168,11.7433,14.4433,4.36,0.56,28.83,91.6907,11.8192,13.9632,4.36,0.56,28.83,250.0508,11.9479,279.8934,0.00,100.00,182.49,-11.62,182.49,11.62,12.67
16.42,309.51,91.3779,8.7630,14.1721,7.02,100.00,28.33,-0.62,37.23,359.94,4.42,91.4079,11.7729,14.5845,91.0702,11.7430,14.7775,4.38,0.62,28.33,91.9483,11.8193,14.3051,4.38,0.62,28.33,250.0508,11.9479,279.8934,0.00,100.00,182.49,-11.62,182.49,11.62,12.67
16.48,309.07,91.6433,8.7659,14.5214,7.31,100.00,28.41,-0.20,36.69,359.65,3.76,91.6885,11.7799,14.9012,91.3510,11.7542,15.0951,3.77,0.20,28.41,92.2287,11.8199,14.6205,3.77,0.20,28.41,250.0508,11.9479,279.8934,0.00,100.00,182.49,-11.62,182.49,11.62,12.67
16.54,308.63,91.9092,8.7701,14.8783,7.56,100.00,28.58,-0.71,36.24,0.18,4.03,91.9562,11.7799,15.2892,91.6192,11.7528,15.4838,3.97,0.71,28.58,92.4956,11.8220,15.0073,3.97,0.71,28.58,250.0508,11.9479,279.8934,0.00,100.00,182.49,-11.62,182.49,11.62,12.67
16.60,308.19,92.1710,8.7746,15.2354,7.66,100.00,28.73,-0.34,35.74,359.83,4.16,92.1980,11.7860,15.6361,91.8617,11.7577,15.8318,4.15,0.34,28.73,92.7364,11.8301,15.3527,4.15,0.34,28.73,250.0508,11.9479,279.8934,0.00,100.00,182.49,-11.62,182.49,11.62,12.67
16.66,307.75,92.4285,8.7778,15.5932,7.18,100.00,28.91,0.37,35.23,359.21,3.79,92.4491,11.7940,15.9562,92.1134,11.7679,16.1532,3.86,359.63,28.91,92.9866,11.8351,15.6704,3.86,359.63,28.91,250.0508,11.9479,279.8934,0.00,100.00,182.49,-11.62,182.49,11.62,12.67
16.72,307.28,92.7022,8.7823,15.9807,7.98,100.00,28.47,-0.27,34.78,359.76,4.60,92.7015,11.7924,16.3921,92.3644,11.7611,16.5860,4.60,0.27,28.47,93.2409,11.8413,16.1112,4.60,0.27,28.47,250.0508,11.9479,279.8934,0.00,100.00,182.49,-11.62,182.49,11.62,12.67
16.78,306.83,92.9596,8.7829,16.3514,7.58,100.00,28.49,-0.57,34.80,0.08,4.49,92.9733,11.7916,16.7728,92.6362,11.7612,16.9668,4.45,0.57,28.49,93.5128,11.8389,16.4919,4.45,0.57,28.49,250.0508,11.9479,279.8934,0.00,100.00,182.49,-11.62,182.49,11.62,12.67
16.84,306.38,93.2126,8.7854,16.7154,7.46,100.00,28.45,-0.02,34.76,359.57,4.07,93.2291,11.7988,17.1022,92.8918,11.7710,17.2963,4.09,0.02,28.45,93.7689,11.8423,16.8211,4.09,0.02,28.45,250.0508,11.9479,279.8934,0.00,100.00,182.49,-11.62,182.49,11.62,12.67
16.90,305.95,93.4600,8.7885,17.0719,7.00,100.00,28.42,0.41,34.74,359.17,3.78,93.4770,11.8051,17.4329,93.1396,11.7790,17.6270,3.84,359.59,28.42,94.0169,11.8460,17.1518,3.84,359.59,28.42,250.0508,11.9479,279.8934,0.00,100.00,182.49,-11.62,182.49,11.62,12.67
16.96,305.51,93.7125,8.7909,17.4360,7.21,100.00,28.46,-0.12,34.77,359.66,4.11,93.7299,11.8036,17.8282,93.3927,11.7755,18.0223,4.12,0.12,28.46,94.2697,11.8474,17.5472,4.12,0.12,28.46,250.0508,11.9479,279.8934,0.00,100.00,182.49,-11.62,182.49,11.62,12.67
17.03,305.07,93.9611,8.7859,17.7940,6.94,100.00,26.04,-0.72,32.35,0.24,4.38,93.9664,11.7941,18.2198,93.6212,11.7645,18.3992,4.32,0.72,26.04,94.5176,11.8399,17.9623,4.32,0.72,26.04,250.0508,11.9479,279.8934,0.00,100.00,182.49,-11.62,182.49,11.62,12.67
17.09,304.63,94.1976,8.7890,18.1674,7.36,100.00,26.08,0.29,29.77,359.44,4.19,94.1713,11.8026,18.5516,93.8264,11.7739,18.7317,4.22,359.71,26.08,94.7220,11.8475,18.2930,4.22,359.71,26.08,250.0508,11.9479,279.8934,0.00,100.00,182.49,-11.62,182.49,11.62,12.67
17.15,304.21,94.4059,8.7937,18.5316,7.05,100.00,26.37,-0.70,27.46,0.59,5.66,94.3239,11.7938,19.0036,93.9805,11.7553,19.1846,5.64,0.70,26.37,94.8726,11.8536,18.7436,5.64,0.70,26.37,250.0508,11.9479,279.8934,0.00,100.00,182.49,-11.62,182.49,11.62,12.67
17.21,303.80,94.5965,8.7862,18.8983,6.83,100.00,24.03,-1.19,25.12,1.08,5.87,94.4958,11.7819,19.3944,94.1452,11.7419,19.5607,5.85,1.19,24.03,95.0546,11.8439,19.1576,5.85,1.19,24.03,250.0508,11.9479,279.8934,0.00,100.00,182.49,-11.62,182.49,11.62,12.67
17.26,303.39,94.7710,8.7910,19.2704,7.14,100.00,23.87,0.52,24.96,359.39,4.73,94.6857,11.8028,19.6608,94.3345,11.7706,19.8275,4.74,359.48,23.87,95.2455,11.8533,19.4235,4.74,359.48,23.87,250.0508,11.9479,279.8934,0.00,100.00,182.49,-11.62,182.49,11.62,12.67
17.32,303.01,94.9326,8.7957,19.6176,6.28,100.00,23.89,0.25,24.98,359.66,4.78,94.8511,11.8057,20.0219,94.4998,11.7732,20.1885,4.79,359.75,23.89,95.4108,11.8567,19.7846,4.79,359.75,23.89,250.0508,11.9479,279.8934,0.00,100.00,182.49,-11.62,182.49,11.62,12.67
17.38,302.62,95.1003,8.7990,19.9775,7.01,100.00,23.95,-0.44,25.04,0.35,5.09,95.0201,11.8034,20.4213,94.6690,11.7688,20.5879,5.08,0.44,23.95,95.5796,11.8574,20.1842,5.08,0.44,23.95,250.0508,11.9479,279.8934,0.00,100.00,182.49,-11.62,182.49,11.62,12.67
17.44,302.26,95.2531,8.7970,20.3045,5.96,100.00,26.97,0.62,24.98,359.55,4.71,95.1725,11.8079,20.7019,94.8307,11.7761,20.8873,4.69,359.38,26.97,95.7186,11.8580,20.4346,4.69,359.38,26.97,250.0508,11.9479,279.8934,0.00,100.00,182.49,-11.62,182.49,11.62,12.67
17.50,301.87,95.4173,8.8035,20.6571,6.64,100.00,27.52,0.83,22.55,359.57,4.65,95.3233,11.8145,21.0506,94.9834,11.7834,21.2395,4.60,359.17,27.52,95.8668,11.8636,20.7779,4.60,359.17,27.52,250.0508,11.9479,279.8934,0.00,100.00,182.49,-11.62,182.49,11.62,12.67
17.56,301.49,95.5628,8.8099,21.0074,6.65,100.00,25.19,0.51,20.23,359.93,5.10,95.4373,11.8169,21.4225,95.0902,11.7825,21.5972,5.07,359.49,25.19,95.9912,11.8710,21.1725,5.07,359.49,25.19,250.0508,11.9479,279.8934,0.00,100.00,182.49,-11.62,182.49,11.62,12.67
17.62,301.14,95.6877,8.8128,21.3464,6.06,100.00,25.18,0.63,20.22,359.85,5.52,95.5399,11.8183,21.7652,95.1930,11.7811,21.9398,5.49,359.37,25.18,96.0934,11.8768,21.5153,5.49,359.37,25.18,250.0508,11.9479,279.8934,0.00,100.00,182.49,-11.62,182.49,11.62,12.67
17.68,300.78,95.8152,8.8143,21.6926,6.25,100.00,27.87,0.59,20.24,0.07,4.96,95.6993,11.8210,22.1121,95.3607,11.7877,22.3029,4.92,359.41,27.87,96.2410,11.8735,21.8364,4.92,359.41,27.87,250.0508,11.9479,279.8934,0.00,100.00,182.49,-11.62,182.49,11.62,12.67
17.73,300.41,95.9426,8.8219,22.0384,6.63,100.00,28.01,0.85,17.86,359.98,4.72,95.8201,11.8302,22.4446,95.4818,11.7988,22.6364,4.64,359.15,28.01,96.3612,11.8798,22.1673,4.64,359.15,28.01,250.0508,11.9479,279.8934,0.00,100.00,182.49,-11.62,182.49,11.62,12.67
17.79,300.07,96.0499,8.7910,22.3712,6.09,100.00,25.76,0.97,15.62,359.84,4.60,95.9154,11.8007,22.7634,95.5699,11.7703,22.9419,4.50,359.03,25.76,96.4671,11.8488,22.5073,4.50,359.03,25.76,250.0508,11.9479,279.8934,0.00,100.00,182.49,-11.62,182.49,11.62,12.67
17.85,299.72,96.1484,8.7897,22.7234,6.04,100.00,23.46,0.88,13.32,0.06,5.31,95.9645,11.7949,23.1297,95.6124,11.7594,23.2940,5.24,359.12,23.46,96.5254,11.8507,22.8963,5.24,359.12,23.46,250.0508,11.9479,279.8934,0.00,100.00,182.49,-11.62,182.49,11.62,12.67
17.91,299.35,96.2375,8.7889,23.0998,6.44,100.00,23.71,0.92,10.91,0.29,5.43,96.0330,11.7920,23.5112,95.6817,11.7558,23.6770,5.36,359.08,23.71,96.5927,11.8492,23.2753,5.36,359.08,23.71,250.0508,11.9479,279.8934,0.00,100.00,182.49,-11.62,182.49,11.62,12.67
17.97,298.99,96.3107,8.7913,23.4795,6.75,100.00,23.86,0.93,8.52,0.52,5.41,96.0919,11.7931,23.8937,95.7410,11.7568,24.0605,5.36,359.07,23.86,96.6510,11.8502,23.6564,5.36,359.07,23.86,250.0508,11.9479,279.8934,0.00,100.00,182.49,-11.62,182.49,11.62,12.67
18.02,298.64,96.3658,8.7891,23.8472,6.46,100.00,21.54,1.11,6.23,0.64,6.48,96.0757,11.7844,24.2643,95.7192,11.7410,24.4167,6.42,358.89,21.54,96.6427,11.8528,24.0498,6.42,358.89,21.54,250.0508,11.9479,279.8934,0.00,100.00,182.49,-11.62,182.49,11.62,12.67
18.08,298.30,96.4066,8.7939,24.2214,6.71,100.00,19.20,1.35,3.87,0.24,5.95,96.1259,11.7948,24.6035,95.7631,11.7556,24.7415,5.80,358.65,19.20,96.7019,11.8567,24.4120,5.80,358.65,19.20,250.0508,11.9479,279.8934,0.00,100.00,182.49,-11.62,182.49,11.62,12.67
18.14,297.97,96.4316,8.7970,24.5907,6.57,100.00,19.86,1.31,1.66,0.66,6.19,96.1246,11.7939,24.9841,95.7636,11.7528,25.1262,6.08,358.69,19.86,96.6979,11.8587,24.7860,6.08,358.69,19.86,250.0508,11.9479,279.8934,0.00,100.00,182.49,-11.62,182.49,11.62,12.67
18.20,297.65,96.4424,8.7941,24.9646,6.40,100.00,20.63,1.29,359.46,1.30,6.90,96.0828,11.7823,25.3789,95.7244,11.7356,25.5257,6.90,358.71,20.63,96.6525,11.8558,25.1734,6.90,358.71,20.63,250.0508,11.9479,279.8934,0.00,100.00,182.49,-11.62,182.49,11.62,12.67
18.25,297.31,96.4387,8.7874,25.3557,6.63,100.00,21.50,1.70,357.11,1.33,7.02,96.0563,11.7747,25.7561,95.7003,11.7279,25.9086,6.94,358.30,21.50,96.6226,11.8486,25.5414,6.94,358.30,21.50,250.0508,11.9479,279.8934,0.00,100.00,182.49,-11.62,182.49,11.62,12.67
18.31,296.99,96.4193,8.7824,25.7416,6.44,100.00,24.74,2.51,357.02,0.54,6.40,96.0706,11.7788,26.1023,95.7232,11.7391,26.2753,5.92,357.49,24.74,96.6247,11.8420,25.8549,5.92,357.49,24.74,250.0508,11.9479,279.8934,0.00,100.00,182.49,-11.62,182.49,11.62,12.67
18.37,296.68,96.3993,8.7838,26.1251,6.66,100.00,28.09,2.64,357.08,1.10,6.92,96.0223,11.7732,26.5140,95.6861,11.7296,26.7070,6.50,357.36,28.09,96.5602,11.8426,26.2347,6.50,357.36,28.09,250.0508,11.9479,279.8934,0.00,100.00,182.49,-11.62,182.49,11.62,12.67
18.43,296.37,96.3804,8.7792,26.4967,6.28,100.00,29.14,3.32,354.73,0.82,7.04,95.9827,11.7698,26.8543,95.6502,11.7279,27.0539,6.27,356.68,29.14,96.5153,11.8369,26.5643,6.27,356.68,29.14,250.0508,11.9479,279.8934,0.00,100.00,182.49,-11.62,182.49,11.62,12.67
18.49,296.06,96.3449,8.7405,26.8807,6.64,100.00,29.69,3.48,352.36,1.01,7.04,95.9320,11.7299,27.2315,95.6013,11.6885,27.4344,6.20,356.52,29.69,96.4617,11.7963,26.9363,6.20,356.52,29.69,250.0508,11.9479,279.8934,0.00,100.00,182.49,-11.62,182.49,11.62,12.67
18.55,295.76,96.2941,8.7379,27.2597,6.75,100.00,30.20,3.54,350.04,1.29,6.99,95.8671,11.7256,27.6086,95.5383,11.6843,27.8145,6.17,356.46,30.20,96.3942,11.7916,27.3087,6.17,356.46,30.20,250.0508,11.9479,279.8934,0.00,100.00,182.49,-11.62,182.49,11.62,12.67
18.61,295.48,96.2293,8.7298,27.6283,6.34,100.00,27.92,3.48,347.74,1.12,6.69,95.8061,11.7206,27.9541,95.4691,11.6818,28.1467,5.82,356.52,27.92,96.3452,11.7830,27.6754,5.82,356.52,27.92,250.0508,11.9479,279.8934,0.00,100.00,182.49,-11.62,182.49,11.62,12.67
18.66,295.21,96.1483,8.7256,28.0010,6.56,100.00,27.87,4.01,347.75,1.24,7.65,95.6747,11.7093,28.3222,95.3384,11.6651,28.5148,6.64,355.99,27.87,96.2127,11.7804,28.0434,6.64,355.99,27.87,250.0508,11.9479,279.8934,0.00,100.00,182.49,-11.62,182.49,11.62,12.67
18.72,294.94,96.0704,8.7206,28.3599,6.49,100.00,30.27,4.28,347.81,1.67,8.12,95.5683,11.6977,28.6985,95.2409,11.6504,28.9053,7.11,355.72,30.27,96.0933,11.7737,28.3971,7.11,355.72,30.27,250.0508,11.9479,279.8934,0.00,100.00,182.49,-11.62,182.49,11.62,12.67
18.78,294.68,95.9943,8.7134,28.7123,6.16,100.00,30.46,4.55,345.47,1.25,7.65,95.5078,11.6970,29.0150,95.1805,11.6552,29.2231,6.29,355.45,30.46,96.0329,11.7644,28.7117,6.29,355.45,30.46,250.0508,11.9479,279.8934,0.00,100.00,182.49,-11.62,182.49,11.62,12.67
18.84,294.42,95.9000,8.7099,29.0757,6.42,100.00,30.76,4.81,343.14,1.50,7.85,95.3883,11.6904,29.3678,95.0622,11.6480,29.5777,6.38,355.19,30.76,95.9114,11.7588,29.0614,6.38,355.19,30.76,250.0508,11.9479,279.8934,0.00,100.00,182.49,-11.62,182.49,11.62,12.67
18.90,294.17,95.7902,8.7002,29.4379,6.45,100.00,31.05,5.14,340.91,2.47,8.69,95.2094,11.6667,29.7428,94.8856,11.6173,29.9547,7.44,354.86,31.05,95.7291,11.7463,29.4332,7.44,354.86,31.05,250.0508,11.9479,279.8934,0.00,100.00,182.49,-11.62,182.49,11.62,12.67
18.95,293.93,95.6652,8.6890,29.7993,6.59,100.00,28.70,4.99,338.46,1.95,8.07,95.1118,11.6643,30.0662,94.7786,11.6202,30.2644,6.65,355.01,28.70,95.6451,11.7355,29.7786,6.65,355.01,28.70,250.0508,11.9479,279.8934,0.00,100.00,182.49,-11.62,182.49,11.62,12.67
19.01,293.70,95.5252,8.6743,30.1539,6.35,100.00,26.38,4.75,336.22,2.68,8.37,94.9324,11.6415,30.4269,94.5922,11.5923,30.6114,7.40,355.25,26.38,95.4759,11.7206,30.1613,7.40,355.25,26.38,250.0508,11.9479,279.8934,0.00,100.00,182.49,-11.62,182.49,11.62,12.67
19.07,293.47,95.3650,8.6310,30.5176,7.25,100.00,26.16,5.12,333.76,2.47,8.31,94.7682,11.6003,30.7568,94.4270,11.5538,30.9402,7.01,354.88,26.16,95.3131,11.6753,30.4928,7.01,354.88,26.16,250.0508,11.9479,279.8934,0.00,100.00,182.49,-11.62,182.49,11.62,12.67
19.13,293.28,95.2024,8.6207,30.8473,6.54,100.00,26.26,4.84,331.56,2.68,7.78,94.6160,11.5921,31.0864,94.2748,11.5479,31.2702,6.67,355.16,26.26,95.1611,11.6636,30.8219,6.67,355.16,26.26,250.0508,11.9479,279.8934,0.00,100.00,182.49,-11.62,182.49,11.62,12.67
19.18,293.09,95.0225,8.6042,31.1795,6.47,100.00,26.62,4.97,329.34,3.13,7.88,94.4112,11.5710,31.4134,94.0713,11.5253,31.5994,6.87,355.03,26.62,94.9543,11.6445,31.1453,6.87,355.03,26.62,250.0508,11.9479,279.8934,0.00,100.00,182.49,-11.62,182.49,11.62,12.67
19.24,292.91,94.8211,8.5890,31.5192,6.85,100.00,26.84,5.17,326.97,3.01,7.69,94.2125,11.5582,31.7277,93.8730,11.5155,31.9151,6.44,354.83,26.84,94.7550,11.6272,31.4574,6.44,354.83,26.84,250.0508,11.9479,279.8934,0.00,100.00,182.49,-11.62,182.49,11.62,12.67
19.30,292.75,94.6070,8.5717,31.8485,7.06,100.00,27.26,5.26,324.75,3.90,7.91,93.9546,11.5311,32.0638,93.6171,11.4841,32.2539,7.08,354.74,27.26,94.4941,11.6069,31.7893,7.08,354.74,27.26,250.0508,11.9479,279.8934,0.00,100.00,182.49,-11.62,182.49,11.62,12.67
19.35,292.60,94.3866,8.5527,32.1604,6.69,100.00,27.82,5.49,322.49,3.85,7.77,93.7337,11.5136,32.3526,93.3978,11.4692,32.5460,6.71,354.51,27.82,94.2710,11.5856,32.0727,6.71,354.51,27.82,250.0508,11.9479,279.8934,0.00,100.00,182.49,-11.62,182.49,11.62,12.67
19.41,292.46,94.1464,8.5323,32.4733,6.86,100.00,28.36,5.26,320.16,3.64,7.08,93.5205,11.4998,32.6535,93.1857,11.4602,32.8497,5.98,354.74,28.36,94.0564,11.5640,32.3690,5.98,354.74,28.36,250.0508,11.9479,279.8934,0.00,100.00,182.49,-11.62,182.49,11.62,12.67
19.47,292.34,93.8967,8.4809,32.7726,7.06,100.00,31.03,5.76,320.19,3.91,7.42,93.2487,11.4437,32.9523,92.9236,11.4035,33.1643,6.10,354.24,31.03,93.7702,11.5091,32.6425,6.10,354.24,31.03,250.0508,11.9479,279.8934,0.00,100.00,182.49,-11.62,182.49,11.62,12.67
19.53,292.23,93.6604,8.4543,33.0561,6.20,100.00,33.53,5.95,320.18,3.82,7.33,93.0188,11.4185,33.2356,92.7031,11.3808,33.4615,5.73,354.05,33.53,93.5268,11.4801,32.9033,5.73,354.05,33.53,250.0508,11.9479,279.8934,0.00,100.00,182.49,-11.62,182.49,11.62,12.67
19.58,292.11,93.4048,8.4429,33.3626,7.43,100.00,33.93,6.25,318.33,3.76,7.39,92.7574,11.4072,33.5166,92.4431,11.3715,33.7449,5.45,353.75,33.93,93.2633,11.4659,33.1807,5.45,353.75,33.93,250.0508,11.9479,279.8934,0.00,100.00,182.49,-11.62,182.49,11.62,12.67
19.64,292.01,93.1640,8.4237,33.6332,6.39,100.00,34.17,6.13,316.67,3.66,7.07,92.5279,11.3910,33.7763,92.2142,11.3577,34.0058,5.08,353.87,34.17,93.0330,11.4458,33.4385,5.08,353.87,34.17,250.0508,11.9479,279.8934,0.00,100.00,182.49,-11.62,182.49,11.62,12.67
19.70,291.92,92.8995,8.4036,33.9135,6.70,100.00,33.82,5.79,314.43,4.12,6.63,92.2572,11.3692,34.0648,91.9421,11.3348,34.2922,5.25,354.21,33.82,92.7643,11.4257,33.7303,5.25,354.21,33.82,250.0508,11.9479,279.8934,0.00,100.00,182.49,-11.62,182.49,11.62,12.67
19.75,291.84,92.6181,8.3796,34.1894,6.96,100.00,31.54,5.32,312.11,4.15,6.16,91.9854,11.3476,34.3341,91.6613,11.3134,34.5486,5.19,354.68,31.54,92.5056,11.4035,34.0204,5.19,354.68,31.54,250.0508,11.9479,279.8934,0.00,100.00,182.49,-11.62,182.49,11.62,12.67
19.81,291.77,92.3359,8.3228,34.4444,6.62,100.00,31.56,5.13,312.08,3.91,5.92,91.7209,11.2945,34.5897,91.3966,11.2622,34.8041,4.91,354.87,31.56,92.2416,11.3474,34.2761,4.91,354.87,31.56,250.0508,11.9479,279.8934,0.00,100.00,182.49,-11.62,182.49,11.62,12.67
19.87,291.71,92.0530,8.3028,34.6999,6.62,100.00,33.29,5.48,312.05,3.57,6.07,91.4456,11.2769,34.8271,91.1276,11.2478,35.0512,4.44,354.52,33.29,91.9570,11.3248,34.4978,4.44,354.52,33.29,250.0508,11.9479,279.8934,0.00,100.00,182.49,-11.62,182.49,11.62,12.67
19.92,291.65,91.7779,8.2844,34.9480,6.67,100.00,34.98,5.56,312.09,3.98,6.08,91.1546,11.2545,35.0897,90.8436,11.2238,35.3232,4.68,354.44,34.98,91.6556,11.3050,34.7454,4.68,354.44,34.98,250.0508,11.9479,279.8934,0.00,100.00,182.49,-11.62,182.49,11.62,12.67
19.98,291.60,91.5182,8.2675,35.1826,6.04,100.00,35.03,4.95,312.02,3.30,5.38,90.9452,11.2476,35.3272,90.6337,11.2219,35.5605,3.92,355.05,35.03,91.4472,11.2900,34.9831,3.92,355.05,35.03,250.0508,11.9479,279.8934,0.00,100.00,182.49,-11.62,182.49,11.62,12.67
20.04,291.54,91.2419,8.2473,35.4316,6.24,100.00,34.72,4.80,311.70,3.18,5.22,90.6785,11.2293,35.5753,90.3655,11.2045,35.8069,3.78,355.20,34.72,91.1825,11.2702,35.2340,3.78,355.20,34.72,250.0508,11.9479,279.8934,0.00,100.00,182.49,-11.62,182.49,11.62,12.67
20.10,291.48,90.9512,8.2261,35.6906,6.66,100.00,36.00,4.37,311.37,3.15,4.68,90.4069,11.2108,35.8514,90.0990,11.1874,36.0897,3.57,355.63,36.00,90.9036,11.2494,35.4992,3.57,355.63,36.00,250.0508,11.9479,279.8934,0.00,100.00,182.49,-11.62,182.49,11.62,12.67
20.16,291.43,90.6617,8.2105,35.9456,6.72,100.00,35.90,4.45,309.76,3.53,4.69,90.0976,11.1917,36.1030,89.7894,11.1665,36.3409,3.82,355.55,35.90,90.5946,11.2330,35.7517,3.82,355.55,35.90,250.0508,11.9479,279.8934,0.00,100.00,182.49,-11.62,182.49,11.62,12.67
20.22,291.38,90.3680,8.1957,36.1900,6.46,100.00,35.71,4.62,308.09,2.74,4.73,89.8305,11.1837,36.3038,89.5210,11.1647,36.5406,2.92,355.38,35.71,90.3295,11.2155,35.9543,2.92,355.38,35.71,250.0508,11.9479,279.8934,0.00,100.00,182.49,-11.62,182.49,11.62,12.67
20.27,291.35,90.0648,8.1849,36.4276,6.87,100.00,37.08,4.44,308.09,2.76,4.49,89.5345,11.1738,36.5521,89.2306,11.1554,36.7961,2.83,355.56,37.08,90.0252,11.2045,36.1909,2.83,355.56,37.08,250.0508,11.9479,279.8934,0.00,100.00,182.49,-11.62,182.49,11.62,12.67
20.33,291.32,89.7835,8.1703,36.6481,6.10,100.00,37.11,3.69,308.07,2.42,3.73,89.2912,11.1647,36.7931,88.9871,11.1485,37.0370,2.48,356.31,37.11,89.7822,11.1917,36.4320,2.48,356.31,37.11,250.0508,11.9479,279.8934,0.00,100.00,182.49,-11.62,182.49,11.62,12.67
20.39,291.29,89.4856,8.1232,36.8814,6.68,100.00,36.09,3.62,307.09,3.06,3.67,88.9664,11.1124,37.0403,88.6584,11.0919,37.2789,3.11,356.38,36.09,89.4633,11.1461,36.6879,3.11,356.38,36.09,250.0508,11.9479,279.8934,0.00,100.00,182.49,-11.62,182.49,11.62,12.67
20.45,291.27,89.1881,8.1058,37.1063,6.24,100.00,36.13,3.08,306.03,2.04,3.07,88.7276,11.1054,37.2500,88.4191,11.0921,37.4885,2.03,356.92,36.13,89.2252,11.1275,36.8977,2.03,356.92,36.13,250.0508,11.9479,279.8934,0.00,100.00,182.49,-11.62,182.49,11.62,12.67
20.50,291.25,88.8686,8.1024,37.3386,7.00,100.00,35.74,2.38,304.67,2.27,2.33,88.4169,11.1018,37.5104,88.1068,11.0871,37.7466,2.23,357.63,35.74,88.9170,11.1259,37.1617,2.23,357.63,35.74,250.0508,11.9479,279.8934,0.00,100.00,182.49,-11.62,182.49,11.62,12.67
20.56,291.24,88.5587,8.0901,37.5530,6.35,100.00,34.44,2.46,303.38,2.16,2.42,88.1054,11.0902,37.7073,87.7900,11.0763,37.9365,2.11,357.54,34.44,88.6132,11.1132,37.3700,2.11,357.54,34.44,250.0508,11.9479,279.8934,0.00,100.00,182.49,-11.62,182.49,11.62,12.67
20.62,291.25,88.2237,8.0821,37.7737,7.07,100.00,33.44,2.27,302.35,1.88,2.23,87.7857,11.0849,37.9204,87.4662,11.0728,38.1439,1.83,357.73,33.44,88.2996,11.1048,37.5921,1.83,357.73,33.44,250.0508,11.9479,279.8934,0.00,100.00,182.49,-11.62,182.49,11.62,12.67
20.68,291.26,87.8960,8.0771,37.9813,6.79,100.00,32.94,2.41,301.39,2.14,2.35,87.4405,11.0775,38.1225,87.1192,11.0638,38.3433,2.08,357.59,32.94,87.9570,11.1000,37.7986,2.08,357.59,32.94,250.0508,11.9479,279.8934,0.00,100.00,182.49,-11.62,182.49,11.62,12.67
20.74,291.27,87.5582,8.0638,38.1874,6.71,100.00,32.76,2.40,300.72,2.17,2.32,87.1005,11.0641,38.3252,86.7785,11.0504,38.5450,2.08,357.60,32.76,87.6181,11.0867,38.0029,2.08,357.60,32.76,250.0508,11.9479,279.8934,0.00,100.00,182.49,-11.62,182.49,11.62,12.67
20.80,291.30,87.2023,8.0538,38.3989,7.07,100.00,34.40,1.81,300.01,1.82,1.67,86.7761,11.0580,38.5513,86.4603,11.0469,38.7801,1.68,358.19,34.40,87.2845,11.0762,38.2147,1.68,358.19,34.40,250.0508,11.9479,279.8934,0.00,100.00,182.49,-11.62,182.49,11.62,12.67
20.85,291.33,86.8427,8.0532,38.6066,7.39,100.00,35.43,1.29,298.80,1.15,1.17,86.4567,11.0629,38.7567,86.1449,11.0563,38.9910,1.01,358.71,35.43,86.9594,11.0739,38.4111,1.01,358.71,35.43,250.0508,11.9479,279.8934,0.00,100.00,182.49,-11.62,182.49,11.62,12.67
20.91,291.36,86.4897,8.0186,38.8006,7.13,100.00,34.28,1.02,297.64,0.80,0.93,86.1232,11.0310,38.9452,85.8066,11.0265,39.1732,0.68,358.98,34.28,86.6327,11.0385,38.6098,0.68,358.98,34.28,250.0508,11.9479,279.8934,0.00,100.00,182.49,-11.62,182.49,11.62,12.67
20.97,291.41,86.1366,8.0079,38.9855,6.45,100.00,34.28,1.39,297.64,0.78,1.31,85.7616,11.0201,39.1120,85.4451,11.0161,39.3400,0.62,358.61,34.28,86.2712,11.0270,38.7766,0.62,358.61,34.28,250.0508,11.9479,279.8934,0.00,100.00,182.49,-11.62,182.49,11.62,12.67
21.03,291.46,85.7600,8.0027,39.1828,7.08,100.00,35.42,1.45,297.64,0.78,1.35,85.3841,11.0149,39.3072,85.0721,11.0112,39.5415,0.59,358.56,35.42,85.8869,11.0214,38.9617,0.59,358.56,35.42,250.0508,11.9479,279.8934,0.00,100.00,182.49,-11.62,182.49,11.62,12.67
21.09,291.51,85.4019,7.9962,39.3703,6.91,100.00,36.53,1.15,297.65,1.41,0.94,85.0065,11.0043,39.5294,84.6993,10.9960,39.7696,1.25,358.85,36.53,85.5024,11.0177,39.1741,1.25,358.85,36.53,250.0508,11.9479,279.8934,0.00,100.00,182.49,-11.62,182.49,11.62,12.67
21.15,291.55,85.0606,7.9955,39.5492,6.74,100.00,37.34,0.46,297.65,0.62,0.37,84.7162,11.0095,39.7157,84.4123,11.0059,39.9602,0.54,359.54,37.34,85.2072,11.0154,39.3536,0.54,359.54,37.34,250.0508,11.9479,279.8934,0.00,100.00,182.49,-11.62,182.49,11.62,12.67
21.21,291.60,84.7338,7.9903,39.7203,6.00,100.00,38.19,0.32,297.64,0.44,0.24,84.4005,11.0054,39.8884,84.1002,11.0028,40.1375,0.39,359.68,38.19,84.8861,11.0096,39.5191,0.39,359.68,38.19,250.0508,11.9479,279.8934,0.00,100.00,182.49,-11.62,182.49,11.62,12.67
21.27,291.64,84.3903,7.9877,39.9002,6.47,100.00,39.23,0.33,297.64,0.44,0.24,84.0571,11.0028,40.0683,83.7613,11.0002,40.3227,0.39,359.67,39.23,84.5359,11.0069,39.6903,0.39,359.67,39.23,250.0508,11.9479,279.8934,0.00,100.00,182.49,-11.62,182.49,11.62,12.67
21.33,291.69,84.0516,7.9856,40.0777,6.26,100.00,39.04,0.78,296.40,0.57,0.68,83.6986,10.9997,40.2210,83.4021,10.9971,40.4744,0.41,359.22,39.04,84.1787,11.0042,39.8445,0.41,359.22,39.04,250.0508,11.9479,279.8934,0.00,100.00,182.49,-11.62,182.49,11.62,12.67
21.39,291.75,83.6985,7.9815,40.2529,6.75,100.00,38.68,0.83,295.14,1.08,0.59,83.3202,10.9922,40.4039,83.0221,10.9861,40.6555,0.91,359.17,38.68,83.8025,11.0020,40.0304,0.91,359.17,38.68,250.0508,11.9479,279.8934,0.00,100.00,182.49,-11.62,182.49,11.62,12.67
21.45,291.81,83.3535,8.0060,40.4149,5.98,100.00,38.43,0.11,293.89,0.14,0.07,83.0281,11.0230,40.5625,82.7288,11.0223,40.8127,0.12,359.89,38.43,83.5121,11.0243,40.1912,0.12,359.89,38.43,250.0508,11.9479,279.8934,0.00,100.00,182.49,-11.62,182.49,11.62,12.67
21.51,291.89,82.9677,7.9715,40.5857,7.11,100.00,37.07,0.04,292.53,0.05,0.03,82.6443,10.9891,40.7261,82.3391,10.9888,40.9692,0.04,359.96,37.07,83.1370,10.9895,40.3664,0.04,359.96,37.07,250.0508,11.9479,279.8934,0.00,100.00,182.49,-11.62,182.49,11.62,12.67
21.57,291.98,82.5995,8.0028,40.7385,6.42,100.00,36.22,0.04,291.68,0.05,0.02,82.2739,11.0204,40.8741,81.9652,11.0201,41.1126,0.04,359.96,36.22,82.7720,11.0209,40.5218,0.04,359.96,36.22,250.0508,11.9479,279.8934,0.00,100.00,182.49,-11.62,182.49,11.62,12.67
21.63,292.07,82.2069,8.0043,40.8946,7.26,100.00,35.33,0.21,290.79,0.34,0.13,81.8632,11.0201,41.0253,81.5508,11.0181,41.2590,0.30,359.79,35.33,82.3666,11.0233,40.6807,0.30,359.79,35.33,250.0508,11.9479,279.8934,0.00,100.00,182.49,-11.62,182.49,11.62,12.67
21.69,292.17,81.8323,8.0039,41.0368,6.63,100.00,34.70,0.33,290.16,359.95,0.36,81.5022,11.0221,41.1454,81.1872,11.0231,41.3757,359.86,359.67,34.70,82.0094,11.0207,40.8065,359.86,359.67,34.70,250.0508,11.9479,279.8934,0.00,100.00,182.49,-11.62,182.49,11.62,12.67
21.75,292.28,81.4364,8.0035,41.1821,7.12,100.00,34.04,0.27,289.50,0.32,0.19,81.0895,11.0194,41.3016,80.7720,11.0176,41.5282,0.26,359.73,34.04,81.6006,11.0222,40.9684,0.26,359.73,34.04,250.0508,11.9479,279.8934,0.00,100.00,182.49,-11.62,182.49,11.62,12.67
21.81,292.40,81.0412,7.9712,41.3221,7.32,100.00,33.47,0.10,288.93,0.12,0.07,80.7055,10.9884,41.4408,80.3857,10.9878,41.6642,0.10,359.90,33.47,81.2199,10.9894,41.1127,0.10,359.90,33.47,250.0508,11.9479,279.8934,0.00,100.00,182.49,-11.62,182.49,11.62,12.67
21.87,292.51,80.6512,7.9738,41.4558,7.04,100.00,32.54,0.06,288.37,0.07,0.04,80.3172,10.9912,41.5719,79.9938,10.9909,41.7901,0.06,359.94,32.54,80.8368,10.9919,41.2522,0.06,359.94,32.54,250.0508,11.9479,279.8934,0.00,100.00,182.49,-11.62,182.49,11.62,12.67
21.92,292.64,80.2462,7.9798,41.5902,7.54,100.00,32.57,0.06,288.76,0.07,0.04,79.9130,10.9972,41.7085,79.5897,10.9968,41.9269,0.06,359.94,32.57,80.4324,10.9979,41.3885,0.06,359.94,32.57,250.0508,11.9479,279.8934,0.00,100.00,182.49,-11.62,182.49,11.62,12.67
21.98,292.76,79.8499,7.9780,41.7248,6.86,100.00,32.60,0.06,289.13,0.07,0.04,79.5175,10.9954,41.8452,79.1943,10.9950,42.0638,0.06,359.94,32.60,80.0367,10.9961,41.5250,0.06,359.94,32.60,250.0508,11.9479,279.8934,0.00,100.00,182.49,-11.62,182.49,11.62,12.67
22.04,292.89,79.4175,7.9820,41.8748,7.93,100.00,32.80,0.06,289.65,0.07,0.04,79.0862,10.9995,41.9982,78.7639,10.9991,42.2179,0.06,359.94,32.80,79.6044,11.0001,41.6761,0.06,359.94,32.80,250.0508,11.9479,279.8934,0.00,100.00,182.49,-11.62,182.49,11.62,12.67
22.10,293.01,79.0045,7.9853,42.0223,7.55,100.00,33.30,0.06,290.15,0.07,0.04,78.6743,11.0028,42.1485,78.3538,11.0024,42.3710,0.06,359.94,33.30,79.1896,11.0034,41.8220,0.06,359.94,33.30,250.0508,11.9479,279.8934,0.00,100.00,182.49,-11.62,182.49,11.62,12.67
22.16,293.13,78.5834,7.9820,42.1768,7.25,100.00,33.57,0.06,290.42,0.07,0.04,78.2538,10.9994,42.3046,77.9344,10.9991,42.5286,0.06,359.94,33.57,78.7676,11.0001,41.9756,0.06,359.94,33.57,250.0508,11.9479,279.8934,0.00,100.00,182.49,-11.62,182.49,11.62,12.67
22.22,293.26,78.1284,7.9839,42.3462,8.24,100.00,33.89,0.06,290.70,0.07,0.04,77.7994,11.0014,42.4756,77.4813,11.0010,42.7013,0.06,359.94,33.89,78.3114,11.0020,42.1438,0.06,359.94,33.89,250.0508,11.9479,279.8934,0.00,100.00,182.49,-11.62,182.49,11.62,12.67
22.28,293.38,77.6894,7.9844,42.5121,7.86,100.00,34.08,0.06,290.86,0.07,0.04,77.3607,11.0019,42.6424,77.0433,11.0015,42.8693,0.06,359.94,34.08,77.8716,11.0025,42.3089,0.06,359.94,34.08,250.0508,11.9479,279.8934,0.00,100.00,182.49,-11.62,182.49,11.62,12.67
22.34,293.51,77.2373,7.9878,42.6844,8.33,100.00,34.28,0.06,291.03,0.07,0.04,76.9090,11.0053,42.8157,76.5924,11.0049,43.0436,0.06,359.94,34.28,77.4187,11.0059,42.4803,0.06,359.94,34.28,250.0508,11.9479,279.8934,0.00,100.00,182.49,-11.62,182.49,11.62,12.67
22.39,293.63,76.7916,7.9945,42.8557,8.49,100.00,34.49,0.06,291.19,0.07,0.04,76.4638,11.0120,42.9879,76.1480,11.0116,43.2170,0.06,359.94,34.49,76.9722,11.0126,42.6508,0.06,359.94,34.49,250.0508,11.9479,279.8934,0.00,100.00,182.49,-11.62,182.49,11.62,12.67
22.45,293.76,76.3542,7.9980,43.0253,8.08,100.00,34.70,0.06,291.35,0.07,0.04,76.0267,11.0155,43.1584,75.7117,11.0151,43.3887,0.06,359.94,34.70,76.5339,11.0161,42.8194,0.06,359.94,34.70,250.0508,11.9479,279.8934,0.00,100.00,182.49,-11.62,182.49,11.62,12.67
22.51,293.88,75.9058,7.9989,43.2006,8.09,100.00,32.42,0.06,289.03,0.07,0.04,75.5732,11.0163,43.3205,75.2493,11.0160,43.5381,0.06,359.94,32.42,76.0934,11.0170,43.0019,0.06,359.94,32.42,250.0508,11.9479,279.8934,0.00,100.00,182.49,-11.62,182.49,11.62,12.67
22.57,294.03,75.4422,7.9693,43.3606,8.66,100.00,31.34,0.06,286.65,0.07,0.04,75.1048,10.9868,43.4667,74.7769,10.9864,43.6781,0.06,359.94,31.34,75.6310,10.9874,43.1580,0.06,359.94,31.34,250.0508,11.9479,279.8934,0.00,100.00,182.49,-11.62,182.49,11.62,12.67
22.63,294.19,74.9902,7.9678,43.4957,7.75,100.00,31.59,0.06,285.51,0.07,0.04,74.6508,10.9852,43.5952,74.3238,10.9848,43.8080,0.06,359.94,31.59,75.1756,10.9859,43.2842,0.06,359.94,31.59,250.0508,11.9479,279.8934,0.00,100.00,182.49,-11.62,182.49,11.62,12.67
22.69,294.37,74.4979,7.9718,43.6323,8.85,100.00,31.73,0.06,284.28,0.07,0.04,74.1564,10.9893,43.7246,73.8299,10.9889,43.9382,0.06,359.94,31.73,74.6804,10.9899,43.4123,0.06,359.94,31.73,250.0508,11.9479,279.8934,0.00,100.00,182.49,-11.62,182.49,11.62,12.67
22.75,294.56,74.0225,7.9753,43.7533,8.46,100.00,32.72,0.06,283.89,0.07,0.03,73.6803,10.9928,43.8433,73.3576,10.9924,44.0626,0.06,359.94,32.72,74.1989,10.9934,43.5220,0.06,359.94,32.72,250.0508,11.9479,279.8934,0.00,100.00,182.49,-11.62,182.49,11.62,12.67
22.81,294.75,73.5376,7.9746,43.8733,8.27,100.00,33.01,0.06,283.50,0.07,0.03,73.1949,10.9921,43.9609,72.8733,10.9917,44.1818,0.06,359.94,33.01,73.7119,10.9927,43.6370,0.06,359.94,33.01,250.0508,11.9479,279.8934,0.00,100.00,182.49,-11.62,182.49,11.62,12.67
22.86,294.95,73.0408,7.9796,43.9926,8.93,100.00,33.65,0.06,283.50,0.07,0.03,72.6980,10.9971,44.0802,72.3789,10.9967,44.3047,0.06,359.94,33.65,73.2113,10.9977,43.7505,0.06,359.94,33.65,250.0508,11.9479,279.8934,0.00,100.00,182.49,-11.62,182.49,11.62,12.67
22.92,295.14,72.5779,7.9821,44.1037,8.12,100.00,34.01,0.06,283.50,0.07,0.03,72.2351,10.9995,44.1914,71.9174,10.9992,44.4178,0.06,359.94,34.01,72.7464,11.0001,43.8585,0.06,359.94,34.01,250.0508,11.9479,279.8934,0.00,100.00,182.49,-11.62,182.49,11.62,12.67
22.98,295.34,72.0978,7.9846,44.2190,8.43,100.00,33.81,0.06,282.96,0.07,0.03,71.7543,11.0020,44.3034,71.4358,11.0016,44.5288,0.06,359.94,33.81,72.2667,11.0026,43.9723,0.06,359.94,33.81,250.0508,11.9479,279.8934,0.00,100.00,182.49,-11.62,182.49,11.62,12.67
23.04,295.54,71.6111,7.9886,44.3309,8.65,100.00,34.16,0.06,282.41,0.07,0.03,71.2667,11.0060,44.4121,70.9496,11.0057,44.6394,0.06,359.94,34.16,71.7771,11.0067,44.0779,0.06,359.94,34.16,250.0508,11.9479,279.8934,0.00,100.00,182.49,-11.62,182.49,11.62,12.67
23.10,295.75,71.1385,7.9917,44.4349,8.08,100.00,35.08,0.10,282.41,359.60,0.27,70.8159,11.0120,44.4983,70.5025,11.0153,44.7306,359.52,359.90,35.08,71.3208,11.0069,44.1559,359.52,359.90,35.08,250.0508,11.9479,279.8934,0.00,100.00,182.49,-11.62,182.49,11.62,12.67
23.15,295.95,70.6570,7.9979,44.5408,8.61,100.00,36.08,0.30,282.41,359.84,0.40,70.3206,11.0167,44.6004,70.0113,11.0189,44.8381,359.69,359.70,36.08,70.8195,11.0135,44.2492,359.69,359.70,36.08,250.0508,11.9479,279.8934,0.00,100.00,182.49,-11.62,182.49,11.62,12.67
23.21,296.15,70.1988,8.0025,44.6416,8.15,100.00,39.38,0.06,284.70,359.96,0.09,69.8629,11.0207,44.7324,69.5678,11.0212,44.9875,359.93,359.94,39.38,70.3408,11.0199,44.3531,359.93,359.94,39.38,250.0508,11.9479,279.8934,0.00,100.00,182.49,-11.62,182.49,11.62,12.67
23.27,296.33,69.7457,7.9733,44.7604,8.29,100.00,41.68,0.04,287.00,359.97,0.05,69.4137,10.9913,44.8666,69.1290,10.9916,45.1334,359.96,359.96,41.68,69.8759,10.9909,44.4684,359.96,359.96,41.68,250.0508,11.9479,279.8934,0.00,100.00,182.49,-11.62,182.49,11.62,12.67
23.33,296.50,69.3019,7.9732,44.8961,7.73,100.00,43.10,0.03,288.42,359.97,0.05,68.9727,10.9912,45.0105,68.6947,10.9915,45.2843,359.96,359.97,43.10,69.4249,10.9907,44.6010,359.96,359.97,43.10,250.0508,11.9479,279.8934,0.00,100.00,182.49,-11.62,182.49,11.62,12.67
23.39,296.66,68.8305,7.9820,45.0531,8.70,100.00,43.23,0.28,289.93,359.43,0.55,68.5226,11.0032,45.1415,68.2453,11.0083,45.4158,359.25,359.72,43.23,68.9739,10.9953,44.7310,359.25,359.72,43.23,250.0508,11.9479,279.8934,0.00,100.00,182.49,-11.62,182.49,11.62,12.67
23.45,296.80,68.3940,7.9905,45.2114,7.80,100.00,41.78,0.33,289.94,359.76,0.45,68.0716,11.0098,45.3107,67.7874,11.0125,45.5780,359.61,359.67,41.78,68.5331,11.0057,44.9118,359.61,359.67,41.78,250.0508,11.9479,279.8934,0.00,100.00,182.49,-11.62,182.49,11.62,12.67
23.51,296.95,67.9471,7.9908,45.3735,7.85,100.00,41.78,0.33,289.94,359.79,0.44,67.6230,11.0099,45.4740,67.3388,11.0124,45.7413,359.64,359.67,41.78,68.0846,11.0062,45.0751,359.64,359.67,41.78,250.0508,11.9479,279.8934,0.00,100.00,182.49,-11.62,182.49,11.62,12.67
23.56,297.09,67.5009,7.9988,45.5354,8.13,100.00,41.78,0.39,289.93,358.94,0.84,67.2119,11.0224,45.6003,66.9277,11.0314,45.8675,358.70,359.61,41.78,67.6734,11.0087,45.2016,358.70,359.61,41.78,250.0508,11.9479,279.8934,0.00,100.00,182.49,-11.62,182.49,11.62,12.67
23.63,297.23,67.0782,8.0059,45.6886,7.41,100.00,40.62,0.13,289.93,359.32,0.39,66.7782,11.0277,45.7829,66.4887,11.0329,46.0443,359.23,359.87,40.62,67.2477,11.0194,45.3934,359.23,359.87,40.62,250.0508,11.9479,279.8934,0.00,100.00,182.49,-11.62,182.49,11.62,12.67
23.68,297.38,66.6343,8.0193,45.8495,8.21,100.00,40.61,0.37,291.00,358.82,0.81,66.3530,11.0436,45.9192,66.0634,11.0531,46.1805,358.62,359.63,40.61,66.8225,11.0289,45.5300,358.62,359.63,40.61,250.0508,11.9479,279.8934,0.00,100.00,182.49,-11.62,182.49,11.62,12.67
23.74,297.51,66.2125,8.0285,46.0114,7.54,100.00,41.63,0.37,292.03,359.15,0.69,65.9186,11.0511,46.0988,65.6337,11.0582,46.3653,358.97,359.63,41.63,66.3811,11.0402,45.7012,358.97,359.63,41.63,250.0508,11.9479,279.8934,0.00,100.00,182.49,-11.62,182.49,11.62,12.67
23.80,297.64,65.7719,8.0374,46.1897,7.91,100.00,42.83,0.37,293.22,358.76,0.83,65.4961,11.0620,46.2679,65.2169,11.0719,46.5402,358.55,359.63,42.83,65.9502,11.0466,45.8607,358.55,359.63,42.83,250.0508,11.9479,279.8934,0.00,100.00,182.49,-11.62,182.49,11.62,12.67
23.86,297.77,65.3294,8.0578,46.3796,8.44,100.00,41.52,0.67,294.43,358.51,1.16,65.0601,11.0833,46.4425,64.7747,11.0954,46.7083,358.23,359.33,41.52,65.5234,11.0646,46.0460,358.23,359.33,41.52,250.0508,11.9479,279.8934,0.00,100.00,182.49,-11.62,182.49,11.62,12.67
23.92,297.88,64.9098,8.0741,46.5702,7.68,100.00,40.45,0.54,296.01,358.11,1.04,64.6638,11.1015,46.6372,64.3737,11.1158,46.8976,357.92,359.46,40.45,65.1343,11.0794,46.2494,357.92,359.46,40.45,250.0508,11.9479,279.8934,0.00,100.00,182.49,-11.62,182.49,11.62,12.67
23.98,297.98,64.4707,8.1037,46.7844,8.43,100.00,40.23,0.36,297.67,356.75,1.10,64.2893,11.1361,46.8222,63.9985,11.1594,47.0812,356.59,359.64,40.23,64.7608,11.0999,46.4367,356.59,359.64,40.23,250.0508,11.9479,279.8934,0.00,100.00,182.49,-11.62,182.49,11.62,12.67
24.04,298.07,64.0604,8.1354,46.9995,8.06,100.00,38.38,0.82,297.68,357.56,1.30,63.8363,11.1649,47.0478,63.5370,11.1830,47.2973,357.36,359.18,38.38,64.3205,11.1369,46.6776,357.36,359.18,38.38,250.0508,11.9479,279.8934,0.00,100.00,182.49,-11.62,182.49,11.62,12.67
24.10,298.16,63.6597,8.1533,47.2097,7.43,100.00,36.63,1.12,297.66,356.79,1.64,63.4632,11.1850,47.2234,63.1565,11.2085,47.4633,356.57,358.88,36.63,63.9582,11.1488,46.8686,356.57,358.88,36.63,250.0508,11.9479,279.8934,0.00,100.00,182.49,-11.62,182.49,11.62,12.67
24.15,298.25,63.2322,8.1972,47.4338,8.62,100.00,36.22,1.02,298.85,356.05,1.54,63.0729,11.2312,47.4372,62.7647,11.2593,47.6747,355.88,358.98,36.22,63.5702,11.1876,47.0864,355.88,358.98,36.22,250.0508,11.9479,279.8934,0.00,100.00,182.49,-11.62,182.49,11.62,12.67
24.21,298.33,62.8387,8.2332,47.6506,7.63,100.00,37.35,1.14,299.92,354.22,1.89,62.7542,11.2696,47.5924,62.4514,11.3104,47.8350,354.02,358.86,37.35,63.2433,11.2063,47.2333,354.02,358.86,37.35,250.0508,11.9479,279.8934,0.00,100.00,182.49,-11.62,182.49,11.62,12.67
24.27,298.40,62.4381,8.2496,47.8811,8.09,100.00,37.35,1.19,299.95,355.30,1.80,62.3062,11.2847,47.8558,62.0030,11.3182,48.0990,355.11,358.81,37.35,62.7961,11.2330,47.4959,355.11,358.81,37.35,250.0508,11.9479,279.8934,0.00,100.00,182.49,-11.62,182.49,11.62,12.67
24.33,298.47,62.0565,8.2905,48.1010,7.38,100.00,37.38,1.47,299.90,353.89,2.27,61.9771,11.3265,48.0169,61.6745,11.3698,48.2592,353.65,358.53,37.38,62.4660,11.2593,47.6581,353.65,358.53,37.38,250.0508,11.9479,279.8934,0.00,100.00,182.49,-11.62,182.49,11.62,12.67
24.39,298.54,61.6651,8.3439,48.3261,7.71,100.00,37.39,1.53,299.89,353.58,2.37,61.5971,11.3797,48.2292,61.2946,11.4252,48.4714,353.33,358.47,37.39,62.0857,11.3092,47.8708,353.33,358.47,37.39,250.0508,11.9479,279.8934,0.00,100.00,182.49,-11.62,182.49,11.62,12.67
24.45,298.61,61.2872,8.4017,48.5433,7.68,100.00,36.71,1.61,299.89,353.55,2.38,61.2205,11.4375,48.4450,60.9151,11.4832,48.6836,353.32,358.39,36.71,61.7133,11.3668,48.0925,353.32,358.39,36.71,250.0508,11.9479,279.8934,0.00,100.00,182.49,-11.62,182.49,11.62,12.67
24.50,298.68,60.9175,8.4629,48.7558,7.40,100.00,37.65,1.76,301.42,351.56,2.67,60.9300,11.4966,48.5916,60.6297,11.5557,48.8336,351.33,358.24,37.65,61.4153,11.4050,48.2334,351.33,358.24,37.65,250.0508,11.9479,279.8934,0.00,100.00,182.49,-11.62,182.49,11.62,12.67
24.56,298.74,60.5460,8.5364,48.9828,7.76,100.00,37.91,1.29,303.04,350.98,2.04,60.5979,11.5702,48.8294,60.2994,11.6324,49.0727,350.85,358.71,37.91,61.0805,11.4734,48.4689,350.85,358.71,37.91,250.0508,11.9479,279.8934,0.00,100.00,182.49,-11.62,182.49,11.62,12.67
24.62,298.78,60.1962,8.6081,49.2103,7.21,100.00,36.52,1.14,303.05,351.06,1.67,60.2556,11.6426,49.0753,59.9513,11.7040,49.3116,350.97,358.86,36.52,60.7468,11.5471,48.7263,350.97,358.86,36.52,250.0508,11.9479,279.8934,0.00,100.00,182.49,-11.62,182.49,11.62,12.67
24.68,298.83,59.8424,8.6795,49.4405,7.38,100.00,35.26,2.20,303.01,350.05,2.55,59.9211,11.7098,49.2374,59.6118,11.7781,49.4652,349.96,357.80,35.26,60.4197,11.6040,48.9022,349.96,357.80,35.26,250.0508,11.9479,279.8934,0.00,100.00,182.49,-11.62,182.49,11.62,12.67
24.74,298.88,59.4897,8.7605,49.6696,7.29,100.00,34.79,1.89,304.06,350.15,1.99,59.5767,11.7922,49.4928,59.2656,11.8593,49.7184,350.13,358.11,34.79,60.0779,11.6881,49.1609,350.13,358.11,34.79,250.0508,11.9479,279.8934,0.00,100.00,182.49,-11.62,182.49,11.62,12.67
24.79,298.92,59.1333,8.8460,49.9105,7.56,100.00,35.15,2.20,305.08,349.00,2.18,59.2612,11.8733,49.6893,58.9522,11.9480,49.9155,349.01,357.80,35.15,59.7591,11.7575,49.3564,349.01,357.80,35.15,250.0508,11.9479,279.8934,0.00,100.00,182.49,-11.62,182.49,11.62,12.67
24.85,298.95,58.7933,8.9369,50.1493,7.43,100.00,34.40,2.24,305.06,348.49,2.06,58.9471,11.9622,49.9172,58.6357,12.0402,50.1389,348.52,357.76,34.40,59.4487,11.8413,49.5916,348.52,357.76,34.40,250.0508,11.9479,279.8934,0.00,100.00,182.49,-11.62,182.49,11.62,12.67
24.91,298.98,58.4648,8.9916,50.3798,6.94,100.00,33.34,2.52,305.04,348.02,2.11,58.6372,12.0147,50.1317,58.3219,12.0955,50.3469,348.10,357.48,33.34,59.1444,11.8895,49.8167,348.10,357.48,33.34,250.0508,11.9479,279.8934,0.00,100.00,182.49,-11.62,182.49,11.62,12.67
24.97,299.02,58.1273,9.0892,50.6165,7.47,100.00,33.74,2.66,306.50,348.02,2.03,58.2962,12.1124,50.3673,57.9823,12.1929,50.5845,348.14,357.34,33.74,58.8014,11.9876,50.0489,348.14,357.34,33.74,250.0508,11.9479,279.8934,0.00,100.00,182.49,-11.62,182.49,11.62,12.67
25.03,299.04,57.8022,9.1783,50.8570,7.00,100.00,35.08,2.31,307.90,347.26,1.63,58.0096,12.1980,50.5955,57.7019,12.2837,50.8196,347.36,357.69,35.08,58.5055,12.0650,50.2660,347.36,357.69,35.08,250.0508,11.9479,279.8934,0.00,100.00,182.49,-11.62,182.49,11.62,12.67
25.08,299.05,57.4769,9.2794,51.1102,7.18,100.00,35.06,2.19,307.87,346.37,1.46,57.7267,12.2939,50.8272,57.4201,12.3855,51.0503,346.47,357.81,35.06,58.2210,12.1517,50.4992,346.47,357.81,35.06,250.0508,11.9479,279.8934,0.00,100.00,182.49,-11.62,182.49,11.62,12.67
25.14,299.07,57.1595,9.3813,51.3571,7.26,100.00,35.09,2.35,307.87,346.43,1.63,57.4011,12.3960,51.0690,57.0944,12.4872,51.2922,346.54,357.65,35.09,57.8956,12.2545,50.7409,346.54,357.65,35.09,250.0508,11.9479,279.8934,0.00,100.00,182.49,-11.62,182.49,11.62,12.67
25.20,299.08,56.8583,9.4769,51.5913,6.96,100.00,35.04,2.11,307.88,346.64,1.40,57.0989,12.4933,51.3197,56.7919,12.5831,51.5431,346.73,357.89,35.04,57.5937,12.3538,50.9912,346.73,357.89,35.04,250.0508,11.9479,279.8934,0.00,100.00,182.49,-11.62,182.49,11.62,12.67
25.26,299.10,56.5664,9.5688,51.8184,6.55,100.00,34.16,1.78,307.88,346.63,0.87,56.8247,12.5856,51.5683,56.5147,12.6755,51.7874,346.72,358.22,34.16,57.3240,12.4458,51.2468,346.72,358.22,34.16,250.0508,11.9479,279.8934,0.00,100.00,182.49,-11.62,182.49,11.62,12.67
25.31,299.11,56.2629,9.6666,52.0545,7.05,100.00,34.75,2.10,309.15,346.19,0.99,56.5293,12.6805,51.7795,56.2217,12.7731,52.0009,346.32,357.90,34.75,57.0250,12.5367,51.4542,346.32,357.90,34.75,250.0508,11.9479,279.8934,0.00,100.00,182.49,-11.62,182.49,11.62,12.67
25.37,299.12,55.9719,9.7320,52.2914,6.73,100.00,35.17,2.07,310.39,346.11,0.76,56.2436,12.7454,52.0170,55.9378,12.8385,52.2406,346.24,357.93,35.17,56.7368,12.6008,51.6881,346.24,357.93,35.17,250.0508,11.9479,279.8934,0.00,100.00,182.49,-11.62,182.49,11.62,12.67
25.43,299.12,55.6817,9.8239,52.5383,6.74,100.00,35.56,1.64,311.72,346.75,0.19,55.9418,12.8417,52.3024,55.6372,12.9307,52.5293,346.85,358.36,35.56,56.4332,12.7032,51.9684,346.85,358.36,35.56,250.0508,11.9479,279.8934,0.00,100.00,182.49,-11.62,182.49,11.62,12.67
25.48,299.11,55.3857,9.9207,52.8022,7.09,100.00,35.95,0.99,313.08,346.88,359.35,55.6656,12.9389,52.5973,55.3631,13.0275,52.8271,346.90,359.01,35.95,56.1539,12.8008,52.2585,346.90,359.01,35.95,250.0508,11.9479,279.8934,0.00,100.00,182.49,-11.62,182.49,11.62,12.67
25.54,299.10,55.1044,10.0153,53.0653,6.94,100.00,35.19,1.20,313.09,346.01,359.26,55.4209,13.0279,52.8324,55.1162,13.1222,53.0571,346.04,358.80,35.19,55.9122,12.8810,52.5019,346.04,358.80,35.19,250.0508,11.9479,279.8934,0.00,100.00,182.49,-11.62,182.49,11.62,12.67
25.60,299.08,54.8322,10.1004,53.3199,6.22,100.00,34.98,1.13,313.06,347.92,359.41,55.0698,13.1244,53.1499,54.7621,13.2060,53.3755,347.95,358.87,34.98,55.5658,12.9973,52.8182,347.95,358.87,34.98,250.0508,11.9479,279.8934,0.00,100.00,182.49,-11.62,182.49,11.62,12.67
25.66,299.06,54.5323,10.1895,53.6001,7.41,100.00,35.37,0.90,313.69,347.63,359.09,54.7905,13.2118,53.4294,54.4848,13.2955,53.6569,347.63,359.10,35.37,55.2833,13.0813,53.0943,347.63,359.10,35.37,250.0508,11.9479,279.8934,0.00,100.00,182.49,-11.62,182.49,11.62,12.67
25.72,299.04,54.2551,10.2743,53.8649,6.71,100.00,35.33,0.91,314.26,347.64,358.97,54.5156,13.2966,53.6966,54.2099,13.3803,53.9240,347.63,359.09,35.33,55.0087,13.1661,53.3619,347.63,359.09,35.33,250.0508,11.9479,279.8934,0.00,100.00,182.49,-11.62,182.49,11.62,12.67
25.78,299.02,53.9686,10.3605,54.1441,6.98,100.00,35.74,0.40,315.38,348.43,358.45,54.2161,13.3860,54.0198,53.9116,13.4649,54.2505,348.33,359.60,35.74,54.7073,13.2627,53.6796,348.33,359.60,35.74,250.0508,11.9479,279.8934,0.00,100.00,182.49,-11.62,182.49,11.62,12.67
25.83,298.99,53.6830,10.4388,54.4335,7.30,100.00,36.83,0.18,316.48,349.70,358.44,53.8823,13.4693,54.3535,53.5812,13.5399,54.5913,349.58,359.82,36.83,54.3687,13.3590,54.0022,349.58,359.82,36.83,250.0508,11.9479,279.8934,0.00,100.00,182.49,-11.62,182.49,11.62,12.67
25.89,298.95,53.4162,10.5021,54.7145,6.59,100.00,36.81,0.04,316.45,350.95,358.51,53.5673,13.5363,54.6800,53.2650,13.5985,54.9186,350.83,359.96,36.81,54.0555,13.4390,54.3272,350.83,359.96,36.81,250.0508,11.9479,279.8934,0.00,100.00,182.49,-11.62,182.49,11.62,12.67
25.95,298.92,53.1407,10.5693,55.0042,6.82,100.00,36.35,-0.55,316.46,350.51,357.77,53.3360,13.6010,54.9797,53.0327,13.6668,55.2161,350.26,0.55,36.35,53.8256,13.4978,54.6306,350.26,0.55,36.35,250.0508,11.9479,279.8934,0.00,100.00,182.49,-11.62,182.49,11.62,12.67
26.01,298.88,52.8626,10.6393,55.2968,6.94,100.00,36.82,-0.77,317.33,350.45,357.46,53.0712,13.6702,55.2781,52.7702,13.7367,55.5171,350.15,0.77,36.82,53.5575,13.5657,54.9248,350.15,0.77,36.82,250.0508,11.9479,279.8934,0.00,100.00,182.49,-11.62,182.49,11.62,12.67
26.07,298.84,52.5873,10.7011,55.5955,6.92,100.00,36.85,-0.94,318.15,351.42,357.34,52.7660,13.7339,55.6162,52.4643,13.7943,55.8561,351.07,0.94,36.85,53.2532,13.6391,55.2616,351.07,0.94,36.85,250.0508,11.9479,279.8934,0.00,100.00,182.49,-11.62,182.49,11.62,12.67
26.13,298.79,52.3111,10.7578,55.9038,7.02,100.00,37.23,-1.17,319.30,352.66,357.25,52.4511,13.7919,55.9742,52.1501,13.8442,56.2168,352.25,1.17,37.23,52.9373,13.7095,55.6151,352.25,1.17,37.23,250.0508,11.9479,279.8934,0.00,100.00,182.49,-11.62,182.49,11.62,12.67
26.19,298.73,52.0369,10.7745,56.2227,7.18,100.00,38.40,-1.53,320.51,352.74,356.89,52.1902,13.8077,56.3051,51.8944,13.8600,56.5540,352.25,1.53,38.40,52.6688,13.7252,55.9358,352.25,1.53,38.40,250.0508,11.9479,279.8934,0.00,100.00,182.49,-11.62,182.49,11.62,12.67
26.25,298.66,51.7706,10.8289,56.5458,7.40,100.00,39.50,-1.15,321.51,353.93,357.54,51.8594,13.8638,56.6533,51.5673,13.9074,56.9082,353.55,1.15,39.50,52.3326,13.7951,56.2744,353.55,1.15,39.50,250.0508,11.9479,279.8934,0.00,100.00,182.49,-11.62,182.49,11.62,12.67
26.31,298.59,51.5136,10.8663,56.8691,6.85,100.00,38.45,-1.69,322.51,354.55,356.91,51.6106,13.8990,57.0217,51.3138,13.9397,57.2717,353.97,1.69,38.45,52.0907,13.8346,56.6509,353.97,1.69,38.45,250.0508,11.9479,279.8934,0.00,100.00,182.49,-11.62,182.49,11.62,12.67
26.36,298.51,51.2484,10.9108,57.2149,7.63,100.00,38.95,-1.86,324.94,354.79,356.59,51.3581,13.9423,57.3833,51.0635,13.9823,57.6360,354.06,1.86,38.95,51.8349,13.8788,57.0081,354.06,1.86,38.95,250.0508,11.9479,279.8934,0.00,100.00,182.49,-11.62,182.49,11.62,12.67
26.42,298.42,51.0128,10.9484,57.5505,7.00,100.00,39.17,-1.98,327.21,355.45,356.45,51.1161,13.9783,57.7481,50.8222,14.0147,58.0020,354.58,1.98,39.17,51.5920,13.9204,57.3707,354.58,1.98,39.17,250.0508,11.9479,279.8934,0.00,100.00,182.49,-11.62,182.49,11.62,12.67
26.48,298.31,50.7864,10.9777,57.9019,7.02,100.00,39.43,-2.12,329.49,356.67,356.53,50.8612,14.0049,58.1482,50.5679,14.0338,58.4037,355.69,2.12,39.43,51.3364,13.9586,57.7683,355.69,2.12,39.43,250.0508,11.9479,279.8934,0.00,100.00,182.49,-11.62,182.49,11.62,12.67
26.54,298.18,50.5726,11.0067,58.2648,7.28,100.00,41.77,-2.78,331.89,356.71,355.85,50.6880,14.0313,58.5269,50.4057,14.0614,58.7945,355.49,2.78,41.77,51.1467,13.9830,58.1276,355.49,2.78,41.77,250.0508,11.9479,279.8934,0.00,100.00,182.49,-11.62,182.49,11.62,12.67
26.60,298.04,50.3811,11.0293,58.6233,6.78,100.00,44.10,-2.83,334.16,357.48,356.08,50.4784,14.0521,58.9120,50.2067,14.0768,59.1908,356.30,2.83,44.10,50.9212,14.0122,58.4942,356.30,2.83,44.10,250.0508,11.9479,279.8934,0.00,100.00,182.49,-11.62,182.49,11.62,12.67
26.66,297.89,50.1989,11.0494,58.9993,7.08,100.00,44.40,-2.57,336.54,357.91,356.38,50.2847,14.0716,59.2982,50.0142,14.0935,59.5785,356.71,2.57,44.40,50.7257,14.0361,58.8781,356.71,2.57,44.40,250.0508,11.9479,279.8934,0.00,100.00,182.49,-11.62,182.49,11.62,12.67
26.72,297.72,50.0357,11.0638,59.3755,6.79,100.00,44.59,-2.77,338.90,357.99,356.06,50.1478,14.0845,59.6805,49.8784,14.1074,59.9617,356.55,2.77,44.59,50.5872,14.0474,59.2589,356.55,2.77,44.59,250.0508,11.9479,279.8934,0.00,100.00,182.49,-11.62,182.49,11.62,12.67
26.78,297.53,49.8847,11.0806,59.7669,7.17,100.00,44.66,-3.06,341.29,358.48,355.82,50.0134,14.0982,60.0953,49.7442,14.1196,60.3770,356.77,3.06,44.66,50.4523,14.0633,59.6730,356.77,3.06,44.66,250.0508,11.9479,279.8934,0.00,100.00,182.49,-11.62,182.49,11.62,12.67
26.84,297.33,49.7544,11.0872,60.1517,6.61,100.00,44.55,-3.09,343.63,358.69,355.74,49.8970,14.1035,60.4863,49.6274,14.1248,60.7674,356.79,3.09,44.55,50.3368,14.0688,60.0648,356.79,3.09,44.55,250.0508,11.9479,279.8934,0.00,100.00,182.49,-11.62,182.49,11.62,12.67
26.90,297.11,49.6341,11.0992,60.5611,7.23,100.00,44.45,-2.87,346.10,358.57,355.75,49.7918,14.1161,60.8832,49.5217,14.1390,61.1638,356.56,2.87,44.45,50.2322,14.0790,60.4626,356.56,2.87,44.45,250.0508,11.9479,279.8934,0.00,100.00,182.49,-11.62,182.49,11.62,12.67
26.96,296.88,49.5357,11.1024,60.9588,6.47,100.00,44.05,-2.81,348.43,359.10,355.98,49.6890,14.1175,61.2988,49.4167,14.1375,61.5775,356.99,2.81,44.05,50.1327,14.0850,60.8813,356.99,2.81,44.05,250.0508,11.9479,279.8934,0.00,100.00,182.49,-11.62,182.49,11.62,12.67
27.02,296.63,49.4475,11.1083,61.3894,7.38,100.00,43.98,-3.04,350.96,359.29,355.67,49.6305,14.1211,61.7351,49.3580,14.1421,62.0135,356.83,3.04,43.98,50.0745,14.0869,61.3181,356.83,3.04,43.98,250.0508,11.9479,279.8934,0.00,100.00,182.49,-11.62,182.49,11.62,12.67
27.08,296.37,49.3825,11.1108,61.7980,7.03,100.00,43.77,-3.58,353.28,0.17,355.50,49.5826,14.1178,62.1830,49.3090,14.1357,62.4606,357.27,3.58,43.77,50.0282,14.0882,61.7674,357.27,3.58,43.77,250.0508,11.9479,279.8934,0.00,100.00,182.49,-11.62,182.49,11.62,12.67
27.14,296.10,49.3347,11.1109,62.2037,6.79,100.00,43.53,-3.43,355.67,359.79,355.19,49.5683,14.1189,62.5610,49.2939,14.1413,62.8374,356.62,3.43,43.53,50.0152,14.0824,62.1473,356.62,3.43,43.53,250.0508,11.9479,279.8934,0.00,100.00,182.49,-11.62,182.49,11.62,12.67
27.20,295.82,49.3039,11.1055,62.6113,6.47,100.00,40.78,-3.49,355.66,0.01,355.10,49.5415,14.1117,62.9809,49.2542,14.1345,63.2438,356.55,3.49,40.78,50.0076,14.0745,62.5890,356.55,3.49,40.78,250.0508,11.9479,279.8934,0.00,100.00,182.49,-11.62,182.49,11.62,12.67
27.27,295.54,49.2721,11.1018,63.0300,6.81,100.00,40.79,-3.31,355.65,0.09,355.43,49.4922,14.1090,63.4022,49.2047,14.1299,63.6651,356.84,3.31,40.79,49.9586,14.0748,63.0104,356.84,3.31,40.79,250.0508,11.9479,279.8934,0.00,100.00,182.49,-11.62,182.49,11.62,12.67
27.33,295.26,49.2408,11.1037,63.4415,6.99,100.00,43.28,-3.13,358.16,359.59,355.18,49.4905,14.1127,63.7781,49.2149,14.1372,64.0532,356.31,3.13,43.28,49.9390,14.0730,63.3665,356.31,3.13,43.28,250.0508,11.9479,279.8934,0.00,100.00,182.49,-11.62,182.49,11.62,12.67
27.39,294.97,49.2280,11.1025,63.8395,6.38,100.00,43.09,-3.29,0.53,359.65,354.76,49.5135,14.1093,64.1682,49.2374,14.1365,64.4424,355.90,3.29,43.09,49.9630,14.0652,63.7580,355.90,3.29,43.09,250.0508,11.9479,279.8934,0.00,100.00,182.49,-11.62,182.49,11.62,12.67
27.45,294.66,49.2319,11.1001,64.2640,7.06,100.00,43.12,-3.58,2.98,0.19,354.67,49.5373,14.1031,64.6084,49.2613,14.1293,64.8829,356.05,3.58,43.12,49.9866,14.0606,64.1978,356.05,3.58,43.12,250.0508,11.9479,279.8934,0.00,100.00,182.49,-11.62,182.49,11.62,12.67
27.51,294.35,49.2534,11.0945,64.6757,6.90,100.00,45.52,-3.80,5.35,0.80,355.05,49.5559,14.0953,65.0408,49.2912,14.1168,65.3267,356.74,3.80,45.52,49.9881,14.0600,64.6117,356.74,3.80,45.52,250.0508,11.9479,279.8934,0.00,100.00,182.49,-11.62,182.49,11.62,12.67
27.57,294.02,49.2918,11.1118,65.0867,6.26,100.00,47.91,-3.97,7.75,0.76,354.75,49.6251,14.1115,65.4347,49.3728,14.1347,65.7313,356.48,3.97,47.91,50.0387,14.0734,64.9878,356.48,3.97,47.91,250.0508,11.9479,279.8934,0.00,100.00,182.49,-11.62,182.49,11.62,12.67
27.63,293.64,49.3536,11.1039,65.5410,7.69,100.00,50.54,-4.41,10.38,1.04,354.40,49.7228,14.0999,65.8844,49.4846,14.1236,66.1924,356.40,4.41,50.54,50.1151,14.0609,65.4188,356.40,4.41,50.54,250.0508,11.9479,279.8934,0.00,100.00,182.49,-11.62,182.49,11.62,12.67
27.70,293.30,49.4282,11.0912,65.9481,6.65,100.00,52.91,-4.82,12.72,1.62,354.45,49.8156,14.0831,66.3063,49.5902,14.1040,66.6240,356.80,4.82,52.91,50.1886,14.0484,65.8247,356.80,4.82,52.91,250.0508,11.9479,279.8934,0.00,100.00,182.49,-11.62,182.49,11.62,12.67
27.76,292.92,49.5233,11.0725,66.3697,6.87,100.00,52.38,-5.07,15.16,2.27,354.62,49.9260,14.0602,66.7461,49.6975,14.0791,67.0617,357.08,5.07,52.38,50.3036,14.0284,66.2680,357.08,5.07,52.38,250.0508,11.9479,279.8934,0.00,100.00,182.49,-11.62,182.49,11.62,12.67
27.82,292.55,49.6350,11.0550,66.7820,7.18,100.00,49.53,-4.95,15.15,2.32,354.63,50.0378,14.0423,67.1609,49.7940,14.0627,67.4647,356.87,4.95,49.53,50.4385,14.0083,66.7021,356.87,4.95,49.53,250.0508,11.9479,279.8934,0.00,100.00,182.49,-11.62,182.49,11.62,12.67
27.88,292.20,49.7384,11.0389,67.1636,6.50,100.00,46.42,-4.82,15.17,2.12,354.21,50.1596,14.0256,67.5269,49.9002,14.0509,67.8172,356.15,4.82,46.42,50.5839,13.9840,67.0905,356.15,4.82,46.42,250.0508,11.9479,279.8934,0.00,100.00,182.49,-11.62,182.49,11.62,12.67
27.94,291.84,49.8451,11.0229,67.5572,6.57,100.00,45.51,-4.76,17.41,2.33,354.25,50.2813,14.0082,67.9148,50.0173,14.0343,68.2009,356.03,4.76,45.51,50.7124,13.9652,67.4852,356.03,4.76,45.51,250.0508,11.9479,279.8934,0.00,100.00,182.49,-11.62,182.49,11.62,12.67
28.00,291.46,49.9705,11.0035,67.9572,6.89,100.00,47.78,-5.14,19.63,3.07,354.85,50.4036,13.9855,68.3447,50.1506,14.0056,68.6411,356.91,5.14,47.78,50.8181,13.9519,67.8983,356.91,5.14,47.78,250.0508,11.9479,279.8934,0.00,100.00,182.49,-11.62,182.49,11.62,12.67
28.06,291.09,50.1055,10.9789,68.3355,6.50,100.00,47.79,-4.95,19.65,2.86,354.85,50.5352,13.9628,68.7121,50.2824,13.9837,69.0085,356.80,4.95,47.79,50.9496,13.9281,68.2657,356.80,4.95,47.79,250.0508,11.9479,279.8934,0.00,100.00,182.49,-11.62,182.49,11.62,12.67
28.12,290.73,50.2397,10.9581,68.7114,6.57,100.00,45.69,-4.54,19.66,2.69,355.17,50.6506,13.9449,69.0857,50.3870,13.9656,69.3725,356.84,4.54,45.69,51.0814,13.9106,68.6550,356.84,4.54,45.69,250.0508,11.9479,279.8934,0.00,100.00,182.49,-11.62,182.49,11.62,12.67
28.19,290.37,50.3730,10.9296,69.0846,6.16,100.00,45.34,-4.71,21.55,2.94,355.01,50.8089,13.9135,69.4541,50.5436,13.9356,69.7393,356.62,4.71,45.34,51.2419,13.8768,69.0259,356.62,4.71,45.34,250.0508,11.9479,279.8934,0.00,100.00,182.49,-11.62,182.49,11.62,12.67
28.25,289.97,50.5289,10.9082,69.4791,7.02,100.00,47.35,-4.88,23.58,2.96,354.60,50.9973,13.8900,69.8251,50.7425,13.9145,70.1196,356.25,4.88,47.35,51.4145,13.8494,69.3818,356.25,4.88,47.35,250.0508,11.9479,279.8934,0.00,100.00,182.49,-11.62,182.49,11.62,12.67
28.31,289.60,50.6894,10.9173,69.8469,6.50,100.00,49.69,-5.26,25.88,3.67,355.29,51.1550,13.8959,70.2229,50.9120,13.9142,70.5275,357.17,5.26,49.69,51.5546,13.8650,69.7629,357.17,5.26,49.69,250.0508,11.9479,279.8934,0.00,100.00,182.49,-11.62,182.49,11.62,12.67
28.37,289.20,50.8693,10.8896,70.2178,6.87,100.00,52.10,-5.38,28.27,3.89,355.48,51.3469,13.8669,70.5890,51.1167,13.8833,70.9036,357.44,5.38,52.10,51.7271,13.8388,70.1127,357.44,5.38,52.10,250.0508,11.9479,279.8934,0.00,100.00,182.49,-11.62,182.49,11.62,12.67
28.43,288.82,51.0554,10.8563,70.5638,6.27,100.00,52.08,-5.88,28.23,4.39,355.38,51.5498,13.8282,70.9558,51.3195,13.8438,71.2703,357.55,5.88,52.08,51.9301,13.8012,70.4795,357.55,5.88,52.08,250.0508,11.9479,279.8934,0.00,100.00,182.49,-11.62,182.49,11.62,12.67
28.50,288.44,51.2451,10.8212,70.9171,6.62,100.00,52.07,-6.14,28.19,4.95,355.99,51.7246,13.7898,71.3502,51.4937,13.8000,71.6646,358.33,6.14,52.07,52.1058,13.7711,70.8743,358.33,6.14,52.07,250.0508,11.9479,279.8934,0.00,100.00,182.49,-11.62,182.49,11.62,12.67
28.56,288.06,51.4311,10.7811,71.2641,6.15,100.00,52.72,-5.80,28.86,4.50,355.84,51.9112,13.7538,71.6676,51.6841,13.7662,71.9846,358.02,5.80,52.72,52.2867,13.7318,71.1872,358.02,5.80,52.72,250.0508,11.9479,279.8934,0.00,100.00,182.49,-11.62,182.49,11.62,12.67
28.62,287.65,51.6356,10.7469,71.6351,6.77,100.00,52.23,-5.49,29.57,4.15,355.68,52.1189,13.7225,72.0122,51.8893,13.7377,72.3272,357.61,5.49,52.23,52.4981,13.6962,71.5350,357.61,5.49,52.23,250.0508,11.9479,279.8934,0.00,100.00,182.49,-11.62,182.49,11.62,12.67
28.68,287.24,51.8416,10.7082,71.9981,6.71,100.00,52.74,-6.08,31.21,5.07,356.30,52.3328,13.6766,72.4194,52.1056,13.6863,72.7364,358.41,6.08,52.74,52.7085,13.6587,71.9391,358.41,6.08,52.74,250.0508,11.9479,279.8934,0.00,100.00,182.49,-11.62,182.49,11.62,12.67
28.75,286.83,52.0589,10.6652,72.3569,6.72,100.00,54.43,-6.24,32.88,5.35,356.56,52.5585,13.6315,72.7832,52.3405,13.6388,73.1067,358.76,6.24,54.43,52.9202,13.6173,72.2921,358.76,6.24,54.43,250.0508,11.9479,279.8934,0.00,100.00,182.49,-11.62,182.49,11.62,12.67
28.81,286.42,52.2901,10.6580,72.7146,6.77,100.00,55.89,-5.66,34.36,5.04,357.36,52.7568,13.6300,73.1387,52.5467,13.6331,73.4674,359.39,5.66,55.89,53.1065,13.6226,72.6389,359.39,5.66,55.89,250.0508,11.9479,279.8934,0.00,100.00,182.49,-11.62,182.49,11.62,12.67
28.87,285.99,52.5340,10.6177,73.0713,6.97,100.00,55.49,-5.67,35.82,4.98,357.08,53.0213,13.5896,73.4721,52.8092,13.5959,73.7995,358.93,5.67,55.49,53.3742,13.5772,72.9746,358.93,5.67,55.49,250.0508,11.9479,279.8934,0.00,100.00,182.49,-11.62,182.49,11.62,12.67
28.94,285.56,52.7875,10.5722,73.4226,6.84,100.00,54.53,-5.86,36.76,5.28,357.29,53.2821,13.5414,73.8342,53.0645,13.5470,74.1579,359.02,5.86,54.53,53.6433,13.5300,73.3426,359.02,5.86,54.53,250.0508,11.9479,279.8934,0.00,100.00,182.49,-11.62,182.49,11.62,12.67
29.00,285.12,53.0560,10.5264,73.7820,7.15,100.00,53.62,-5.60,37.74,5.17,357.68,53.5377,13.4978,74.1932,53.3149,13.5023,74.5134,359.18,5.60,53.62,53.9068,13.4881,73.7075,359.18,5.60,53.62,250.0508,11.9479,279.8934,0.00,100.00,182.49,-11.62,182.49,11.62,12.67
29.06,284.68,53.3219,10.4866,74.1254,7.22,100.00,51.81,-5.80,37.73,5.35,357.47,53.8179,13.4555,74.5372,53.5853,13.4623,74.8503,358.84,5.80,51.81,54.2018,13.4422,74.0632,358.84,5.80,51.81,250.0508,11.9479,279.8934,0.00,100.00,182.49,-11.62,182.49,11.62,12.67
29.13,284.28,53.5712,10.4386,74.4477,6.30,100.00,50.00,-6.07,37.72,5.60,357.15,54.0885,13.4039,74.8594,53.8464,13.4137,75.1651,358.40,6.07,50.00,54.4867,13.3859,74.3975,358.40,6.07,50.00,250.0508,11.9479,279.8934,0.00,100.00,182.49,-11.62,182.49,11.62,12.67
29.19,283.84,53.8441,10.3891,74.8005,7.25,100.00,48.94,-6.30,38.38,6.01,357.85,54.3506,13.3514,75.2462,54.1025,13.3571,75.5473,358.99,6.30,48.94,54.7578,13.3395,74.7920,358.99,6.30,48.94,250.0508,11.9479,279.8934,0.00,100.00,182.49,-11.62,182.49,11.62,12.67
29.25,283.41,54.1111,10.3692,75.1375,6.50,100.00,49.59,-6.08,39.02,5.88,358.37,54.5970,13.3339,75.5897,54.3521,13.3364,75.8934,359.48,6.08,49.59,54.9996,13.3273,75.1314,359.48,6.08,49.59,250.0508,11.9479,279.8934,0.00,100.00,182.49,-11.62,182.49,11.62,12.67
29.31,282.96,54.3940,10.3239,75.4866,7.42,100.00,49.59,-5.83,39.03,5.60,358.20,54.8774,13.2916,75.9216,54.6326,13.2956,76.2253,359.26,5.83,49.59,55.2798,13.2827,75.4631,359.26,5.83,49.59,250.0508,11.9479,279.8934,0.00,100.00,182.49,-11.62,182.49,11.62,12.67
29.38,282.56,54.6485,10.2813,75.8006,6.57,100.00,49.59,-6.00,39.03,5.80,358.39,55.1312,13.2469,76.2502,54.8863,13.2494,76.5538,359.48,6.00,49.59,55.5338,13.2403,75.7918,359.48,6.00,49.59,250.0508,11.9479,279.8934,0.00,100.00,182.49,-11.62,182.49,11.62,12.67
29.44,282.16,54.9014,10.2306,76.1127,6.19,100.00,49.59,-6.00,39.03,5.80,358.39,55.3841,13.1962,76.5622,55.1392,13.1987,76.8658,359.48,6.00,49.59,55.7867,13.1896,76.1038,359.48,6.00,49.59,250.0508,11.9479,279.8934,0.00,100.00,182.49,-11.62,182.49,11.62,12.67
29.50,281.75,55.1620,10.1857,76.4341,6.73,100.00,48.26,-5.99,39.03,5.80,358.39,55.6447,13.1513,76.8836,55.3928,13.1547,77.1816,359.34,5.99,48.26,56.0576,13.1433,76.4346,359.34,5.99,48.26,250.0508,11.9479,279.8934,0.00,100.00,182.49,-11.62,182.49,11.62,12.67
29.56,281.35,55.4124,10.1438,76.7431,6.62,100.00,47.71,-5.98,39.77,5.82,358.46,55.8985,13.1094,77.1897,55.6438,13.1132,77.4852,359.28,5.98,47.71,56.3157,13.1007,76.7446,359.28,5.98,47.71,250.0508,11.9479,279.8934,0.00,100.00,182.49,-11.62,182.49,11.62,12.67
29.63,280.96,55.6645,10.0959,77.0460,6.18,100.00,48.44,-5.77,40.50,5.66,358.84,56.1356,13.0638,77.4930,55.8845,13.0652,77.7916,359.64,5.77,48.44,56.5474,13.0589,77.0429,359.64,5.77,48.44,250.0508,11.9479,279.8934,0.00,100.00,182.49,-11.62,182.49,11.62,12.67
29.69,280.53,55.9410,10.0817,77.3698,6.44,100.00,49.23,-5.13,41.29,5.12,359.58,56.3709,13.0562,77.8148,56.1236,13.0533,78.1165,0.29,5.13,49.23,56.7770,13.0583,77.3595,0.29,5.13,49.23,250.0508,11.9479,279.8934,0.00,100.00,182.49,-11.62,182.49,11.62,12.67
29.76,280.09,56.2351,10.0382,77.7046,7.18,100.00,49.16,-5.10,42.11,5.10,359.69,56.6659,13.0131,78.1463,56.4183,13.0100,78.4477,0.31,5.10,49.16,57.0726,13.0155,77.6915,0.31,5.10,49.16,250.0508,11.9479,279.8934,0.00,100.00,182.49,-11.62,182.49,11.62,12.67
29.82,279.66,56.5213,9.9922,78.0213,6.98,100.00,48.78,-5.84,42.59,5.76,359.00,57.0057,12.9591,78.4605,56.7564,12.9606,78.7605,359.63,5.84,48.78,57.4149,12.9542,78.0080,359.63,5.84,48.78,250.0508,11.9479,279.8934,0.00,100.00,182.49,-11.62,182.49,11.62,12.67
29.88,279.23,56.8108,9.9428,78.3363,6.86,100.00,49.26,-5.76,43.07,5.70,359.13,57.2915,12.9106,78.7735,57.0446,12.9113,79.0756,359.75,5.76,49.26,57.6969,12.9070,78.3176,359.75,5.76,49.26,250.0508,11.9479,279.8934,0.00,100.00,182.49,-11.62,182.49,11.62,12.67
29.94,278.79,57.1139,9.8966,78.6605,7.15,100.00,49.59,-5.46,43.41,5.43,359.46,57.5753,12.8677,79.0965,57.3301,12.8664,79.3999,0.04,5.46,49.59,57.9783,12.8672,78.6385,0.04,5.46,49.59,250.0508,11.9479,279.8934,0.00,100.00,182.49,-11.62,182.49,11.62,12.67
30.00,278.34,57.4225,9.8538,78.9868,7.50,100.00,49.92,-5.66,43.74,5.61,359.30,57.8991,12.8227,79.4213,57.6557,12.8223,79.7261,359.91,5.66,49.92,58.2993,12.8207,78.9608,359.91,5.66,49.92,250.0508,11.9479,279.8934,0.00,100.00,182.49,-11.62,182.49,11.62,12.67
30.07,277.92,57.7158,9.8061,79.2934,6.76,100.00,49.92,-5.66,43.74,5.61,359.30,58.1923,12.7750,79.7278,57.9489,12.7746,80.0327,359.91,5.66,49.92,58.5926,12.7730,79.2674,359.91,5.66,49.92,250.0508,11.9479,279.8934,0.00,100.00,182.49,-11.62,182.49,11.62,12.67
30.13,277.48,58.0171,9.7905,79.6082,6.74,100.00,49.92,-5.43,43.74,5.41,359.51,58.4784,12.7617,80.0428,58.2349,12.7601,80.3476,0.09,5.43,49.92,58.8788,12.7618,79.5825,0.09,5.43,49.92,250.0508,11.9479,279.8934,0.00,100.00,182.49,-11.62,182.49,11.62,12.67
30.19,277.03,58.3316,9.7398,79.9370,7.22,100.00,50.16,-5.65,43.97,5.61,359.33,58.8088,12.7087,80.3704,58.5666,12.7082,80.6762,359.93,5.65,50.16,59.2073,12.7071,79.9084,359.93,5.65,50.16,250.0508,11.9479,279.8934,0.00,100.00,182.49,-11.62,182.49,11.62,12.67
30.26,276.57,58.6470,9.6927,80.2639,7.37,100.00,49.60,-5.43,44.19,5.41,359.55,59.1101,12.6639,80.6965,58.8649,12.6626,81.0000,0.07,5.43,49.60,59.5131,12.6637,80.2385,0.07,5.43,49.60,250.0508,11.9479,279.8934,0.00,100.00,182.49,-11.62,182.49,11.62,12.67
30.32,276.12,58.9623,9.6478,80.5883,7.13,100.00,48.97,-4.86,44.36,4.89,0.11,59.3866,12.6249,81.0205,59.1378,12.6207,81.3211,0.50,4.86,48.97,59.7948,12.6294,80.5672,0.50,4.86,48.97,250.0508,11.9479,279.8934,0.00,100.00,182.49,-11.62,182.49,11.62,12.67
30.38,275.65,59.2944,9.6024,80.9278,7.52,100.00,49.14,-4.76,44.53,4.79,0.22,59.7123,12.5805,81.3594,59.4645,12.5756,81.6606,0.61,4.76,49.14,60.1193,12.5861,80.9049,0.61,4.76,49.14,250.0508,11.9479,279.8934,0.00,100.00,182.49,-11.62,182.49,11.62,12.67
30.45,275.18,59.6187,9.5576,81.2575,7.46,100.00,49.14,-4.98,44.53,4.99,0.02,60.0518,12.5336,81.6889,59.8040,12.5299,81.9902,0.42,4.98,49.14,60.4587,12.5371,81.2343,0.42,4.98,49.14,250.0508,11.9479,279.8934,0.00,100.00,182.49,-11.62,182.49,11.62,12.67
30.51,274.74,59.9304,9.5179,81.5742,7.25,100.00,48.37,-4.51,44.53,4.55,0.47,60.3302,12.4985,82.0059,60.0783,12.4925,82.3038,0.77,4.51,48.37,60.7433,12.5059,81.5571,0.77,4.51,48.37,250.0508,11.9479,279.8934,0.00,100.00,182.49,-11.62,182.49,11.62,12.67
30.57,274.29,60.2443,9.5146,81.8933,7.18,100.00,47.85,-4.43,44.79,4.47,0.57,60.6393,12.4960,82.3239,60.3847,12.4897,82.6195,0.81,4.43,47.85,61.0565,12.5038,81.8789,0.81,4.43,47.85,250.0508,11.9479,279.8934,0.00,100.00,182.49,-11.62,182.49,11.62,12.67
30.63,273.83,60.5690,9.4681,82.2205,7.21,100.00,47.25,-4.92,45.05,4.92,0.13,60.9991,12.4449,82.6497,60.7415,12.4418,82.9427,0.32,4.92,47.25,61.4207,12.4474,82.2087,0.32,4.92,47.25,250.0508,11.9479,279.8934,0.00,100.00,182.49,-11.62,182.49,11.62,12.67
30.70,273.35,60.9112,9.4235,82.5621,7.86,100.00,46.73,-4.51,45.35,4.53,0.55,61.3134,12.4043,82.9901,61.0531,12.3991,83.2806,0.66,4.51,46.73,61.7391,12.4105,82.5532,0.66,4.51,46.73,250.0508,11.9479,279.8934,0.00,100.00,182.49,-11.62,182.49,11.62,12.67
30.76,272.88,61.2472,9.3850,82.8940,7.65,100.00,47.02,-4.18,45.65,4.19,0.41,61.6445,12.3692,83.3025,61.3857,12.3650,83.5944,0.51,4.18,47.02,62.0679,12.3739,82.8633,0.51,4.18,47.02,250.0508,11.9479,279.8934,0.00,100.00,182.49,-11.62,182.49,11.62,12.67
30.82,272.41,61.5795,9.3506,83.2188,7.58,100.00,47.02,-3.86,45.65,3.87,0.62,61.9571,12.3379,83.6235,61.6983,12.3324,83.9154,0.71,3.86,47.02,62.3806,12.3448,83.1844,0.71,3.86,47.02,250.0508,11.9479,279.8934,0.00,100.00,182.49,-11.62,182.49,11.62,12.67
30.88,271.96,61.9029,9.3167,83.5349,7.16,100.00,45.30,-3.56,45.64,3.55,0.91,62.2578,12.3069,83.9390,61.9904,12.3002,84.2229,0.89,3.56,45.30,62.6943,12.3157,83.5128,0.89,3.56,45.30,250.0508,11.9479,279.8934,0.00,100.00,182.49,-11.62,182.49,11.62,12.67
30.95,271.49,62.2394,9.2837,83.8639,7.44,100.00,45.00,-3.50,47.05,3.44,1.55,62.5768,12.2742,84.2799,62.3077,12.2639,84.5622,1.43,3.50,45.00,63.0157,12.2888,83.8564,1.43,3.50,45.00,250.0508,11.9479,279.8934,0.00,100.00,182.49,-11.62,182.49,11.62,12.67
31.01,271.02,62.5881,9.2844,84.1885,7.42,100.00,45.44,-3.19,48.46,3.09,2.03,62.9051,12.2774,84.6025,62.6382,12.2642,84.8867,1.86,3.19,45.44,63.3409,12.2966,84.1759,1.86,3.19,45.44,250.0508,11.9479,279.8934,0.00,100.00,182.49,-11.62,182.49,11.62,12.67
31.07,270.53,62.9542,9.2591,84.5129,8.14,100.00,45.15,-2.92,49.08,2.76,2.33,63.2524,12.2544,84.9246,62.9841,12.2393,85.2074,2.14,2.92,45.15,63.6901,12.2766,84.5003,2.14,2.92,45.15,250.0508,11.9479,279.8934,0.00,100.00,182.49,-11.62,182.49,11.62,12.67
31.13,270.07,63.3055,9.2302,84.8174,7.26,100.00,45.75,-2.86,49.68,2.71,2.39,63.6036,12.2259,85.2264,63.3383,12.2104,85.5120,2.20,2.86,45.75,64.0369,12.2488,84.7976,2.20,2.86,45.75,250.0508,11.9479,279.8934,0.00,100.00,182.49,-11.62,182.49,11.62,12.67
31.20,269.56,63.6906,9.2033,85.1442,8.18,100.00,45.87,-2.86,49.80,2.70,2.40,63.9891,12.1990,85.5526,63.7244,12.1835,85.8388,2.21,2.86,45.87,64.4216,12.2220,85.1229,2.21,2.86,45.87,250.0508,11.9479,279.8934,0.00,100.00,182.49,-11.62,182.49,11.62,12.67
31.26,269.07,64.0689,9.1737,85.4639,7.77,100.00,47.51,-2.52,49.91,2.43,2.17,64.3651,12.1721,85.8535,64.1088,12.1576,86.1472,2.07,2.52,47.51,64.7850,12.1937,85.4114,2.07,2.52,47.51,250.0508,11.9479,279.8934,0.00,100.00,182.49,-11.62,182.49,11.62,12.67
31.32,268.56,64.4662,9.1495,85.7984,8.15,100.00,48.69,-1.92,49.56,1.89,2.07,64.7422,12.1525,86.1673,64.4920,12.1383,86.4664,2.04,1.92,48.69,65.1527,12.1738,85.7165,2.04,1.92,48.69,250.0508,11.9479,279.8934,0.00,100.00,182.49,-11.62,182.49,11.62,12.67
31.39,268.03,64.8675,9.1284,86.1405,8.33,100.00,48.40,-1.79,49.22,1.75,2.53,65.1196,12.1316,86.5246,64.8680,12.1143,86.8222,2.50,1.79,48.40,65.5323,12.1580,86.0761,2.50,1.79,48.40,250.0508,11.9479,279.8934,0.00,100.00,182.49,-11.62,182.49,11.62,12.67
31.45,267.50,65.2703,9.1165,86.4880,9.02,100.00,48.17,-1.53,48.94,1.50,2.36,65.5165,12.1219,86.8580,65.2638,12.1057,87.1547,2.34,1.53,48.17,65.9310,12.1466,86.4109,2.34,1.53,48.17,250.0508,11.9479,279.8934,0.00,100.00,182.49,-11.62,182.49,11.62,12.67
31.51,267.00,65.6493,9.1049,86.8180,8.17,100.00,47.53,-1.24,48.68,1.19,2.55,65.8749,12.1122,87.1859,65.6189,12.0948,87.4798,2.53,1.24,47.53,66.2942,12.1389,86.7436,2.53,1.24,47.53,250.0508,11.9479,279.8934,0.00,100.00,182.49,-11.62,182.49,11.62,12.67
31.57,266.47,66.0492,9.0978,87.1697,9.04,100.00,47.04,-0.94,48.55,0.86,2.82,66.2517,12.1068,87.5375,65.9933,12.0876,87.8291,2.80,0.94,47.04,66.6746,12.1364,87.0987,2.80,0.94,47.04,250.0508,11.9479,279.8934,0.00,100.00,182.49,-11.62,182.49,11.62,12.67
31.63,265.96,66.4373,9.0860,87.5124,8.25,100.00,46.55,-0.93,48.45,0.83,2.85,66.6369,12.0952,87.8806,66.3760,12.0758,88.1700,2.82,0.93,46.55,67.0635,12.1250,87.4455,2.82,0.93,46.55,250.0508,11.9479,279.8934,0.00,100.00,182.49,-11.62,182.49,11.62,12.67
31.69,265.40,66.8567,9.0791,87.8842,9.38,100.00,46.09,-0.66,48.36,0.56,2.62,67.0530,12.0905,88.2342,66.7899,12.0727,88.5217,2.60,0.66,46.09,67.4831,12.1181,87.8024,2.60,0.66,46.09,250.0508,11.9479,279.8934,0.00,100.00,182.49,-11.62,182.49,11.62,12.67
31.75,264.86,67.2617,9.1072,88.2443,8.80,100.00,46.00,-0.32,48.27,0.21,2.83,67.4365,12.1204,88.5903,67.1730,12.1012,88.8774,2.82,0.32,46.00,67.8671,12.1504,88.1592,2.82,0.32,46.00,250.0508,11.9479,279.8934,0.00,100.00,182.49,-11.62,182.49,11.62,12.67
31.81,264.29,67.6860,9.1051,88.6228,9.18,100.00,45.91,0.21,48.18,359.67,2.82,67.8395,12.1216,88.9502,67.5757,12.1024,89.2370,2.84,359.79,45.91,68.2705,12.1519,88.5195,2.84,359.79,45.91,250.0508,11.9479,279.8934,0.00,100.00,182.49,-11.62,182.49,11.62,12.67
31.87,263.71,68.1180,9.1056,89.0092,9.51,100.00,45.65,-0.18,48.15,0.05,2.85,68.2852,12.1197,89.3512,68.0200,12.1003,89.6366,2.85,0.18,45.65,68.7184,12.1500,88.9226,2.85,0.18,45.65,250.0508,11.9479,279.8934,0.00,100.00,182.49,-11.62,182.49,11.62,12.67
31.94,263.14,68.5477,9.1029,89.3942,9.22,100.00,45.88,0.25,48.61,359.62,2.83,68.7013,12.1197,89.7186,68.4374,12.1004,90.0052,2.84,359.75,45.88,69.1326,12.1500,89.2881,2.84,359.75,45.88,250.0508,11.9479,279.8934,0.00,100.00,182.49,-11.62,182.49,11.62,12.67
32.00,262.54,68.9972,9.1097,89.7904,10.01,100.00,46.36,0.60,49.10,359.28,2.55,69.1495,12.1291,90.0908,68.8880,12.1116,90.3798,2.58,359.40,46.36,69.5770,12.1567,89.6564,2.58,359.40,46.36,250.0508,11.9479,279.8934,0.00,100.00,182.49,-11.62,182.49,11.62,12.67
32.06,261.96,69.4353,9.1162,90.1698,9.50,100.00,45.84,0.61,48.57,359.26,2.53,69.5850,12.1357,90.4703,69.3209,12.1184,90.7569,2.56,359.39,45.84,70.0166,12.1631,90.0399,2.56,359.39,45.84,250.0508,11.9479,279.8934,0.00,100.00,182.49,-11.62,182.49,11.62,12.67
32.12,261.37,69.8829,9.1237,90.5649,10.19,100.00,45.31,0.39,48.04,359.48,2.67,70.0336,12.1417,90.8801,69.7668,12.1234,91.1642,2.69,359.61,45.31,70.4691,12.1704,90.4538,2.69,359.61,45.31,250.0508,11.9479,279.8934,0.00,100.00,182.49,-11.62,182.49,11.62,12.67
32.18,260.81,70.3033,9.1260,90.9429,9.06,100.00,45.30,0.59,48.03,359.26,3.03,70.4328,12.1443,91.2641,70.1661,12.1236,91.5481,3.06,359.41,45.30,70.8681,12.1770,90.8380,3.06,359.41,45.30,250.0508,11.9479,279.8934,0.00,100.00,182.49,-11.62,182.49,11.62,12.67
32.24,260.21,70.7437,9.1334,91.3390,9.66,100.00,45.28,0.89,48.01,358.95,3.34,70.8500,12.1524,91.6615,70.5835,12.1296,91.9455,3.38,359.11,45.28,71.2852,12.1886,91.2355,3.38,359.11,45.28,250.0508,11.9479,279.8934,0.00,100.00,182.49,-11.62,182.49,11.62,12.67
32.30,259.63,71.1832,9.1497,91.7345,9.84,100.00,45.25,1.19,47.98,358.68,2.65,71.3028,12.1720,92.0206,71.0359,12.1538,92.3046,2.71,358.81,45.25,71.7385,12.2010,91.5945,2.71,358.81,45.25,250.0508,11.9479,279.8934,0.00,100.00,182.49,-11.62,182.49,11.62,12.67
32.36,259.04,71.6200,9.1585,92.1281,9.42,100.00,45.18,1.25,47.97,358.65,2.01,71.7609,12.1822,92.3879,71.4934,12.1683,92.6716,2.07,358.75,45.18,72.1974,12.2045,91.9622,2.07,358.75,45.18,250.0508,11.9479,279.8934,0.00,100.00,182.49,-11.62,182.49,11.62,12.67
32.42,258.42,72.0800,9.1816,92.5427,10.74,100.00,45.00,1.51,47.84,358.36,2.60,72.1881,12.2055,92.8158,71.9200,12.1875,93.0987,2.68,358.49,45.00,72.6255,12.2342,92.3915,2.68,358.49,45.00,250.0508,11.9479,279.8934,0.00,100.00,182.49,-11.62,182.49,11.62,12.67
32.48,257.84,72.5098,9.1956,92.9320,9.61,100.00,44.85,1.31,47.74,358.54,2.99,72.6106,12.2177,93.2267,72.3419,12.1971,93.5088,3.06,358.69,44.85,73.0490,12.2505,92.8037,3.06,358.69,44.85,250.0508,11.9479,279.8934,0.00,100.00,182.49,-11.62,182.49,11.62,12.67
32.54,257.23,72.9651,9.2114,93.3457,10.23,100.00,44.69,1.26,47.62,358.60,2.58,73.0823,12.2342,93.6271,72.8126,12.2164,93.9085,2.65,358.74,44.69,73.5221,12.2626,93.2053,2.65,358.74,44.69,250.0508,11.9479,279.8934,0.00,100.00,182.49,-11.62,182.49,11.62,12.67
32.60,256.61,73.4239,9.2289,93.7642,10.54,100.00,44.55,1.74,47.48,358.11,2.97,73.5073,12.2530,94.0432,73.2372,12.2325,94.3240,3.06,358.26,44.55,73.9477,12.2859,93.6223,3.06,358.26,44.55,250.0508,11.9479,279.8934,0.00,100.00,182.49,-11.62,182.49,11.62,12.67
32.66,256.01,73.8661,9.2485,94.1697,9.85,100.00,44.54,1.83,47.48,358.02,3.04,73.9436,12.2728,94.4482,73.6735,12.2518,94.7289,3.13,358.17,44.54,74.3839,12.3065,94.0273,3.13,358.17,44.54,250.0508,11.9479,279.8934,0.00,100.00,182.49,-11.62,182.49,11.62,12.67
32.72,255.40,74.3167,9.2720,94.5829,10.46,100.00,44.52,1.82,47.48,358.02,3.04,74.3942,12.2963,94.8614,74.1240,12.2753,95.1421,3.14,358.18,44.52,74.8348,12.3300,94.4407,3.14,358.18,44.52,250.0508,11.9479,279.8934,0.00,100.00,182.49,-11.62,182.49,11.62,12.67
32.78,254.81,74.7548,9.2898,94.9847,9.60,100.00,44.39,2.11,47.38,357.77,2.32,74.8477,12.3168,95.2264,74.5767,12.3007,95.5066,2.43,357.89,44.39,75.2895,12.3430,94.8065,2.43,357.89,44.39,250.0508,11.9479,279.8934,0.00,100.00,182.49,-11.62,182.49,11.62,12.67
32.84,254.17,75.2244,9.3154,95.4167,10.64,100.00,44.29,2.41,47.28,357.46,2.40,75.3018,12.3435,95.6508,75.0304,12.3267,95.9306,2.53,357.59,44.29,75.7442,12.3708,95.2316,2.53,357.59,44.29,250.0508,11.9479,279.8934,0.00,100.00,182.49,-11.62,182.49,11.62,12.67
32.90,253.55,75.6845,9.3424,95.8416,10.69,100.00,44.19,1.97,47.18,357.87,2.94,75.7584,12.3676,96.1114,75.4866,12.3472,96.3905,3.05,358.03,44.19,76.2013,12.4003,95.6931,3.05,358.03,44.19,250.0508,11.9479,279.8934,0.00,100.00,182.49,-11.62,182.49,11.62,12.67
32.96,252.93,76.1389,9.3684,96.2626,10.50,100.00,44.06,2.37,47.05,357.47,3.04,76.1931,12.3950,96.5221,75.9208,12.3738,96.8007,3.17,357.63,44.06,76.6368,12.4290,96.1047,3.17,357.63,44.06,250.0508,11.9479,279.8934,0.00,100.00,182.49,-11.62,182.49,11.62,12.67
33.02,252.31,76.5892,9.3975,96.6818,10.36,100.00,44.07,2.21,47.06,357.64,2.82,76.6577,12.4239,96.9390,76.3854,12.4043,97.2176,2.94,357.79,44.07,77.1016,12.4556,96.5216,2.94,357.79,44.07,250.0508,11.9479,279.8934,0.00,100.00,182.49,-11.62,182.49,11.62,12.67
33.08,251.70,77.0365,9.4220,97.0981,9.95,100.00,44.14,2.43,47.05,357.44,2.52,77.1080,12.4499,97.3363,76.8359,12.4324,97.6153,2.65,357.57,44.14,77.5515,12.4785,96.9183,2.65,357.57,44.14,250.0508,11.9479,279.8934,0.00,100.00,182.49,-11.62,182.49,11.62,12.67
33.14,251.06,77.5052,9.4517,97.5344,10.86,100.00,44.10,2.23,46.94,357.65,2.22,77.5954,12.4794,97.7690,77.3229,12.4640,98.0478,2.33,357.77,44.10,78.0393,12.5046,97.3513,2.33,357.77,44.10,250.0508,11.9479,279.8934,0.00,100.00,182.49,-11.62,182.49,11.62,12.67
33.20,250.44,77.9599,9.4809,97.9593,10.64,100.00,43.98,2.69,46.82,357.22,1.65,78.0537,12.5112,98.1566,77.7805,12.4995,98.4349,1.78,357.31,43.98,78.4987,12.5306,97.7398,1.78,357.31,43.98,250.0508,11.9479,279.8934,0.00,100.00,182.49,-11.62,182.49,11.62,12.67
33.26,249.83,78.4040,9.5005,98.3761,9.19,100.00,43.97,2.77,46.81,357.15,1.55,78.4984,12.5312,98.5668,78.2252,12.5202,98.8450,1.69,357.23,43.97,78.9436,12.5496,98.1500,1.69,357.23,43.97,250.0508,11.9479,279.8934,0.00,100.00,182.49,-11.62,182.49,11.62,12.67
33.32,249.16,78.8993,9.5343,98.8410,11.27,100.00,46.36,2.84,46.81,357.15,1.55,78.9937,12.5649,99.0317,78.7323,12.5548,99.3210,1.57,357.16,46.36,79.4212,12.5821,98.5967,1.57,357.16,46.36,250.0508,11.9479,279.8934,0.00,100.00,182.49,-11.62,182.49,11.62,12.67
33.38,248.54,79.3475,9.5634,99.2617,10.16,100.00,46.33,2.84,44.40,357.22,1.67,79.4319,12.5937,99.4631,79.1703,12.5835,99.7524,1.57,357.16,46.33,79.8595,12.6109,99.0284,1.57,357.16,46.33,250.0508,11.9479,279.8934,0.00,100.00,182.49,-11.62,182.49,11.62,12.67
33.44,247.93,79.7772,9.5979,99.7005,10.51,100.00,43.90,2.81,41.97,357.23,1.24,79.8697,12.6286,99.8909,79.5960,12.6213,100.1688,1.15,357.19,43.90,80.3157,12.6413,99.4748,1.15,357.19,43.90,250.0508,11.9479,279.8934,0.00,100.00,182.49,-11.62,182.49,11.62,12.67
33.50,247.34,80.1682,9.6252,100.1353,9.59,100.00,43.90,2.82,41.97,357.21,1.15,80.2641,12.6561,100.3219,79.9903,12.6494,100.5997,1.06,357.18,43.90,80.7100,12.6678,99.9057,1.06,357.18,43.90,250.0508,11.9479,279.8934,0.00,100.00,182.49,-11.62,182.49,11.62,12.67
33.56,246.74,80.5702,9.6562,100.5821,9.91,100.00,43.90,3.07,41.97,356.98,1.37,80.6490,12.6877,100.7670,80.3753,12.6796,101.0449,1.27,356.93,43.90,81.0948,12.7017,100.3509,1.27,356.93,43.90,250.0508,11.9479,279.8934,0.00,100.00,182.49,-11.62,182.49,11.62,12.67
33.63,246.15,80.9680,9.6845,101.0245,9.69,100.00,41.47,2.83,39.54,357.21,1.28,81.0506,12.7152,101.2190,80.7653,12.7077,101.4850,1.18,357.17,41.47,81.5138,12.7283,100.8221,1.18,357.17,41.47,250.0508,11.9479,279.8934,0.00,100.00,182.49,-11.62,182.49,11.62,12.67
33.69,245.55,81.3492,9.7161,101.4863,10.06,100.00,39.00,3.01,37.07,357.02,1.13,81.4233,12.7477,101.6717,81.1268,12.7412,101.9252,1.03,356.99,39.00,81.9032,12.7592,101.2952,1.03,356.99,39.00,250.0508,11.9479,279.8934,0.00,100.00,182.49,-11.62,182.49,11.62,12.67
33.75,244.98,81.6971,9.7473,101.9468,9.42,100.00,36.61,3.51,34.67,356.53,1.29,81.7418,12.7802,102.1185,81.4350,12.7728,102.3595,1.17,356.49,36.61,82.2368,12.7933,101.7622,1.17,356.49,36.61,250.0508,11.9479,279.8934,0.00,100.00,182.49,-11.62,182.49,11.62,12.67
33.81,244.39,82.0332,9.7789,102.4327,9.56,100.00,36.61,3.28,32.22,356.74,0.38,82.1171,12.8118,102.5897,81.8100,12.8116,102.8303,0.13,356.72,36.61,82.6126,12.8138,102.2339,0.13,356.72,36.61,250.0508,11.9479,279.8934,0.00,100.00,182.49,-11.62,182.49,11.62,12.67
33.87,243.81,82.3494,9.8081,102.9345,9.82,100.00,36.53,3.02,29.74,357.17,1.72,82.3763,12.8385,103.1499,82.0693,12.8297,103.3904,1.37,356.98,36.53,82.8719,12.8536,102.7943,1.37,356.98,36.53,250.0508,11.9479,279.8934,0.00,100.00,182.49,-11.62,182.49,11.62,12.67
33.93,243.25,82.6354,9.8412,103.4349,9.85,100.00,34.09,3.56,27.30,356.57,1.30,82.6582,12.8740,103.6131,82.3411,12.8686,103.8402,0.89,356.44,34.09,83.1686,12.8840,103.2790,0.89,356.44,34.09,250.0508,11.9479,279.8934,0.00,100.00,182.49,-11.62,182.49,11.62,12.67
33.99,242.72,82.8901,9.8720,103.9283,9.05,100.00,31.74,3.72,24.95,356.50,2.11,82.8652,12.9039,104.1219,82.5394,12.8931,104.3361,1.68,356.28,31.74,83.3884,12.9224,103.8086,1.68,356.28,31.74,250.0508,11.9479,279.8934,0.00,100.00,182.49,-11.62,182.49,11.62,12.67
34.05,242.17,83.1343,9.9089,104.4532,9.66,100.00,32.34,3.71,22.49,356.52,1.63,83.1252,12.9415,104.6366,82.8013,12.9353,104.8540,1.01,356.29,32.34,83.6455,12.9528,104.3182,1.01,356.29,32.34,250.0508,11.9479,279.8934,0.00,100.00,182.49,-11.62,182.49,11.62,12.67
34.11,241.64,83.3495,9.9464,104.9731,9.65,100.00,32.92,3.71,20.08,356.57,1.66,83.3320,12.9787,105.1592,83.0103,12.9736,105.3798,0.86,356.29,32.92,83.8491,12.9885,104.8356,0.86,356.29,32.92,250.0508,11.9479,279.8934,0.00,100.00,182.49,-11.62,182.49,11.62,12.67
34.17,241.14,83.5365,10.0106,105.4844,8.64,100.00,30.56,4.20,17.73,356.14,2.00,83.4875,13.0436,105.6535,83.1571,13.0370,105.8608,1.09,355.80,30.56,84.0173,13.0560,105.3512,1.09,355.80,30.56,250.0508,11.9479,279.8934,0.00,100.00,182.49,-11.62,182.49,11.62,12.67
34.23,240.61,83.7153,10.0555,106.0438,9.90,100.00,28.02,4.36,15.17,355.93,1.76,83.6678,13.0894,106.1966,83.3284,13.0847,106.3889,0.82,355.64,28.02,84.2106,13.0989,105.9183,0.82,355.64,28.02,250.0508,11.9479,279.8934,0.00,100.00,182.49,-11.62,182.49,11.62,12.67
34.29,240.13,83.8586,10.0962,106.5722,9.00,100.00,29.13,4.28,12.80,356.20,2.26,83.7823,13.1286,106.7427,83.4468,13.1218,106.9417,1.11,355.72,29.13,84.3195,13.1410,106.4537,1.11,355.72,29.13,250.0508,11.9479,279.8934,0.00,100.00,182.49,-11.62,182.49,11.62,12.67
34.35,239.65,83.9823,10.1333,107.1169,9.41,100.00,30.09,4.53,10.33,355.79,1.68,83.9250,13.1676,107.2568,83.5926,13.1674,107.4610,0.16,355.47,30.09,84.4578,13.1701,106.9595,0.16,355.47,30.09,250.0508,11.9479,279.8934,0.00,100.00,182.49,-11.62,182.49,11.62,12.67
34.41,239.20,84.0794,10.1729,107.6495,8.99,100.00,29.12,4.45,7.96,356.04,2.09,83.9967,13.2060,107.8032,83.6610,13.2032,108.0019,0.52,355.55,29.12,84.5342,13.2124,107.5147,0.52,355.55,29.12,250.0508,11.9479,279.8934,0.00,100.00,182.49,-11.62,182.49,11.62,12.67
34.47,238.76,84.1550,10.2118,108.1904,9.04,100.00,28.12,5.03,5.51,355.48,2.24,84.0553,13.2459,108.3116,83.7161,13.2445,108.5044,0.33,354.97,28.12,84.5978,13.2503,108.0326,0.33,354.97,28.12,250.0508,11.9479,279.8934,0.00,100.00,182.49,-11.62,182.49,11.62,12.67
34.53,238.33,84.2073,10.2558,108.7324,9.03,100.00,29.54,5.14,3.08,355.46,2.43,84.0924,13.2895,108.8489,83.7581,13.2893,109.0500,0.16,354.86,29.54,84.6279,13.2921,108.5567,0.16,354.86,29.54,250.0508,11.9479,279.8934,0.00,100.00,182.49,-11.62,182.49,11.62,12.67
34.59,237.93,84.2363,10.2984,109.2722,8.98,100.00,30.96,5.37,0.65,355.51,2.97,84.0882,13.3308,109.3870,83.7590,13.3296,109.5963,0.31,354.63,30.96,84.6162,13.3349,109.0814,0.31,354.63,30.96,250.0508,11.9479,279.8934,0.00,100.00,182.49,-11.62,182.49,11.62,12.67
34.65,237.54,84.2424,10.3461,109.8086,9.26,100.00,32.25,5.72,358.21,355.29,3.25,84.0755,13.3781,109.9045,83.7510,13.3787,110.1210,0.06,354.28,32.25,84.5966,13.3797,109.5873,0.06,354.28,32.25,250.0508,11.9479,279.8934,0.00,100.00,182.49,-11.62,182.49,11.62,12.67
34.71,237.18,84.2264,10.3881,110.3218,8.52,100.00,33.79,5.76,355.88,355.38,3.45,84.0448,13.4194,110.4153,83.7262,13.4211,110.6404,359.89,354.24,33.79,84.5574,13.4192,110.0844,359.89,354.24,33.79,250.0508,11.9479,279.8934,0.00,100.00,182.49,-11.62,182.49,11.62,12.67
34.77,236.83,84.1882,10.4346,110.8517,8.97,100.00,31.36,6.28,353.43,355.18,4.04,83.9731,13.4642,110.9234,83.6453,13.4637,111.1350,0.23,353.72,31.36,84.4990,13.4678,110.6143,0.23,353.72,31.36,250.0508,11.9479,279.8934,0.00,100.00,182.49,-11.62,182.49,11.62,12.67
34.83,236.50,84.1289,10.4791,111.3672,8.46,100.00,28.96,6.21,351.04,355.23,3.98,83.9136,13.5089,111.4327,83.5772,13.5085,111.6304,0.22,353.79,28.96,84.4520,13.5123,111.1458,0.22,353.79,28.96,250.0508,11.9479,279.8934,0.00,100.00,182.49,-11.62,182.49,11.62,12.67
34.89,236.18,84.0458,10.5220,111.8947,8.87,100.00,30.08,6.32,348.55,354.97,3.86,83.8370,13.5526,111.9385,83.5043,13.5567,112.1423,359.56,353.68,30.08,84.3700,13.5491,111.6417,359.56,353.68,30.08,250.0508,11.9479,279.8934,0.00,100.00,182.49,-11.62,182.49,11.62,12.67
34.95,235.89,83.9424,10.5765,112.4049,9.14,100.00,31.07,6.33,346.13,355.05,4.01,83.7229,13.6064,112.4423,83.3938,13.6119,112.6516,359.36,353.67,31.07,84.2509,13.6007,112.1367,359.36,353.67,31.07,250.0508,11.9479,279.8934,0.00,100.00,182.49,-11.62,182.49,11.62,12.67
35.01,235.64,83.8247,10.5862,112.8815,8.32,100.00,28.76,6.35,343.83,355.22,4.21,83.5916,13.6152,112.9157,83.2544,13.6189,113.1118,359.61,353.65,28.76,84.1314,13.6121,112.6313,359.61,353.65,28.76,250.0508,11.9479,279.8934,0.00,100.00,182.49,-11.62,182.49,11.62,12.67
35.07,235.40,83.6861,10.6321,113.3593,8.69,100.00,28.76,6.53,343.84,355.28,4.52,83.4364,13.6597,113.3921,83.0993,13.6617,113.5884,359.88,353.47,28.76,83.9760,13.6595,113.1074,359.88,353.47,28.76,250.0508,11.9479,279.8934,0.00,100.00,182.49,-11.62,182.49,11.62,12.67
35.13,235.17,83.5535,10.6700,113.8171,7.90,100.00,28.76,6.55,343.84,355.28,4.55,83.3019,13.6975,113.8497,82.9648,13.6993,114.0460,359.90,353.45,28.76,83.8415,13.6976,113.5650,359.90,353.45,28.76,250.0508,11.9479,279.8934,0.00,100.00,182.49,-11.62,182.49,11.62,12.67
35.19,234.93,83.4126,10.7132,114.3029,8.44,100.00,27.22,6.88,342.27,355.09,4.82,83.1499,13.7399,114.3145,82.8076,13.7414,114.5016,359.96,353.12,27.22,83.6970,13.7406,114.0444,359.96,353.12,27.22,250.0508,11.9479,279.8934,0.00,100.00,182.49,-11.62,182.49,11.62,12.67
35.24,234.70,83.2584,10.7629,114.7854,8.99,100.00,25.68,6.64,340.77,355.48,4.87,82.9864,13.7887,114.8086,82.6393,13.7881,114.9867,0.27,353.36,25.68,83.5403,13.7927,114.5529,0.27,353.36,25.68,250.0508,11.9479,279.8934,0.00,100.00,182.49,-11.62,182.49,11.62,12.67
35.30,234.49,83.1038,10.8065,115.2284,8.05,100.00,25.68,7.06,340.71,354.76,4.75,82.8500,13.8339,115.2179,82.5027,13.8374,115.3955,359.68,352.94,25.68,83.4042,13.8318,114.9629,359.68,352.94,25.68,250.0508,11.9479,279.8934,0.00,100.00,182.49,-11.62,182.49,11.62,12.67
35.36,234.29,82.9462,10.8551,115.6785,8.26,100.00,29.18,7.09,340.70,354.64,4.73,82.6956,13.8829,115.6621,82.3596,13.8899,115.8603,359.14,352.91,29.18,83.2335,13.8750,115.3744,359.14,352.91,29.18,250.0508,11.9479,279.8934,0.00,100.00,182.49,-11.62,182.49,11.62,12.67
35.42,234.09,82.7887,10.9025,116.1281,8.09,100.00,31.34,6.97,339.34,355.15,5.06,82.5131,13.9281,116.1248,82.1849,13.9340,116.3356,359.30,353.03,31.34,83.0397,13.9219,115.8168,359.30,353.03,31.34,250.0508,11.9479,279.8934,0.00,100.00,182.49,-11.62,182.49,11.62,12.67
35.48,233.89,82.6158,10.9490,116.5865,8.29,100.00,33.53,7.02,337.88,354.91,5.02,82.3468,13.9751,116.5652,82.0267,13.9855,116.7879,358.65,352.98,33.53,82.8616,13.9620,116.2380,358.65,352.98,33.53,250.0508,11.9479,279.8934,0.00,100.00,182.49,-11.62,182.49,11.62,12.67
35.54,233.70,82.4293,10.9978,117.0455,8.41,100.00,35.40,6.42,336.22,355.61,4.86,82.1537,14.0234,117.0539,81.8411,14.0330,117.2870,358.74,353.58,35.40,82.6574,14.0111,116.7099,358.74,353.58,35.40,250.0508,11.9479,279.8934,0.00,100.00,182.49,-11.62,182.49,11.62,12.67
35.60,233.53,82.2283,11.0395,117.5016,8.68,100.00,33.68,6.91,334.46,355.25,5.22,81.9438,14.0641,117.4764,81.6242,14.0747,117.6999,358.61,353.09,33.68,82.4577,14.0506,117.1479,358.61,353.09,33.68,250.0508,11.9479,279.8934,0.00,100.00,182.49,-11.62,182.49,11.62,12.67
35.66,233.38,82.0229,11.0821,117.9314,8.12,100.00,33.68,6.72,334.48,355.46,5.12,81.7385,14.1068,117.9182,81.4190,14.1166,118.1418,358.73,353.28,33.68,82.2524,14.0946,117.5895,358.73,353.28,33.68,250.0508,11.9479,279.8934,0.00,100.00,182.49,-11.62,182.49,11.62,12.67
35.71,233.23,81.8165,11.1328,118.3636,8.49,100.00,35.85,7.27,334.38,354.42,5.24,81.5504,14.1585,118.2978,81.2392,14.1758,118.5324,357.62,352.73,35.85,82.0521,14.1346,117.9515,357.62,352.73,35.85,250.0508,11.9479,279.8934,0.00,100.00,182.49,-11.62,182.49,11.62,12.67
35.77,233.08,81.6170,11.1788,118.7796,7.86,100.00,39.82,6.63,336.20,355.12,4.98,81.3464,14.2048,118.7618,81.0523,14.2204,119.0177,357.86,353.37,39.82,81.8226,14.1833,118.3811,357.86,353.37,39.82,250.0508,11.9479,279.8934,0.00,100.00,182.49,-11.62,182.49,11.62,12.67
35.83,232.92,81.4233,11.2173,119.2188,7.97,100.00,41.64,6.46,338.02,355.15,4.81,81.1598,14.2440,119.2144,80.8741,14.2599,119.4795,357.81,353.54,41.64,81.6238,14.2220,118.8188,357.81,353.54,41.64,250.0508,11.9479,279.8934,0.00,100.00,182.49,-11.62,182.49,11.62,12.67
35.89,232.74,81.2426,11.2594,119.6666,7.93,100.00,41.64,6.50,337.95,354.29,4.42,81.0150,14.2887,119.6272,80.7290,14.3111,119.8915,356.87,353.50,41.64,81.4793,14.2567,119.2327,356.87,353.50,41.64,250.0508,11.9479,279.8934,0.00,100.00,182.49,-11.62,182.49,11.62,12.67
35.95,232.57,81.0629,11.3078,120.1102,8.07,100.00,44.18,6.83,338.00,354.82,5.17,80.7883,14.3334,120.0823,80.5143,14.3523,120.3594,357.37,353.17,44.18,81.2345,14.3068,119.6671,357.37,353.17,44.18,250.0508,11.9479,279.8934,0.00,100.00,182.49,-11.62,182.49,11.62,12.67
36.01,232.40,80.8910,11.3204,120.5357,8.18,100.00,46.55,6.80,337.97,354.54,5.15,80.6229,14.3464,120.4945,80.3605,14.3690,120.7823,356.82,353.20,46.55,81.0519,14.3140,120.0619,356.82,353.20,46.55,250.0508,11.9479,279.8934,0.00,100.00,182.49,-11.62,182.49,11.62,12.67
36.07,232.25,80.7318,11.3673,120.9290,7.33,100.00,46.52,6.33,337.94,354.16,4.50,80.5032,14.3964,120.8816,80.2406,14.4230,121.1689,356.23,353.67,46.52,80.9324,14.3576,120.4498,356.23,353.67,46.52,250.0508,11.9479,279.8934,0.00,100.00,182.49,-11.62,182.49,11.62,12.67
36.13,232.09,80.5670,11.4114,121.3356,7.36,100.00,44.50,6.60,335.95,354.83,5.05,80.2989,14.4375,121.3011,80.0265,14.4585,121.5795,357.06,353.40,44.50,80.7429,14.4076,120.8838,357.06,353.40,44.50,250.0508,11.9479,279.8934,0.00,100.00,182.49,-11.62,182.49,11.62,12.67
36.19,231.94,80.3829,11.4511,121.7482,7.49,100.00,44.27,6.89,333.85,354.82,5.46,80.0971,14.4753,121.6941,79.8234,14.4969,121.9713,356.98,353.11,44.27,80.5429,14.4446,121.2788,356.98,353.11,44.27,250.0508,11.9479,279.8934,0.00,100.00,182.49,-11.62,182.49,11.62,12.67
36.24,231.81,80.1797,11.4967,122.1621,7.99,100.00,44.42,6.70,332.27,355.24,5.50,79.8838,14.5201,122.1190,79.6110,14.5403,122.3971,357.18,353.30,44.42,80.3284,14.4915,121.7021,357.18,353.30,44.42,250.0508,11.9479,279.8934,0.00,100.00,182.49,-11.62,182.49,11.62,12.67
36.30,231.69,79.9724,11.5373,122.5564,7.45,100.00,44.47,6.66,330.64,354.51,5.33,79.7044,14.5624,122.4754,79.4315,14.5890,122.7530,356.24,353.34,44.47,80.1489,14.5238,122.0594,356.24,353.34,44.47,250.0508,11.9479,279.8934,0.00,100.00,182.49,-11.62,182.49,11.62,12.67
36.36,231.59,79.7440,11.5786,122.9625,7.83,100.00,45.21,6.36,329.86,355.17,5.30,79.4610,14.6030,122.9086,79.1920,14.6265,123.1901,356.69,353.64,45.21,79.8999,14.5691,122.4861,356.69,353.64,45.21,250.0508,11.9479,279.8934,0.00,100.00,182.49,-11.62,182.49,11.62,12.67
36.42,231.48,79.5083,11.6180,123.3685,8.01,100.00,45.24,6.55,329.06,355.55,5.64,79.2004,14.6400,123.3186,78.9315,14.6611,123.6006,357.05,353.45,45.24,79.6389,14.6099,122.8956,357.05,353.45,45.24,250.0508,11.9479,279.8934,0.00,100.00,182.49,-11.62,182.49,11.62,12.67
36.48,231.39,79.2677,11.6584,123.7698,7.88,100.00,45.50,6.33,328.45,355.49,5.45,78.9706,14.6816,123.7193,78.7030,14.7040,124.0024,356.85,353.67,45.50,79.4072,14.6493,123.2945,356.85,353.67,45.50,250.0508,11.9479,279.8934,0.00,100.00,182.49,-11.62,182.49,11.62,12.67
36.54,231.30,79.0165,11.7015,124.1790,8.43,100.00,44.93,7.05,327.81,355.13,6.11,78.7008,14.7219,124.0909,78.4302,14.7459,124.3708,356.64,352.95,44.93,79.1421,14.6876,123.6709,356.64,352.95,44.93,250.0508,11.9479,279.8934,0.00,100.00,182.49,-11.62,182.49,11.62,12.67
36.60,231.22,78.7687,11.7442,124.5726,7.78,100.00,43.89,7.51,326.71,354.86,6.52,78.4443,14.7626,124.4550,78.1685,14.7877,124.7298,356.47,352.49,43.89,78.8933,14.7267,124.0436,356.47,352.49,43.89,250.0508,11.9479,279.8934,0.00,100.00,182.49,-11.62,182.49,11.62,12.67
36.66,231.14,78.4983,11.7897,124.9844,8.54,100.00,43.29,7.40,325.58,354.71,6.41,78.1857,14.8090,124.8574,77.9069,14.8358,125.1290,356.23,352.60,43.29,78.6390,14.7706,124.4509,356.23,352.60,43.29,250.0508,11.9479,279.8934,0.00,100.00,182.49,-11.62,182.49,11.62,12.67
36.71,231.08,78.2263,11.8373,125.3814,8.55,100.00,43.30,7.60,325.08,354.91,6.69,77.8966,14.8547,125.2516,77.6179,14.8802,125.5234,356.42,352.40,43.30,78.3500,14.8182,124.8450,356.42,352.40,43.30,250.0508,11.9479,279.8934,0.00,100.00,182.49,-11.62,182.49,11.62,12.67
36.77,231.02,77.9541,11.8758,125.7711,8.00,100.00,43.53,7.86,324.66,355.67,7.15,77.5824,14.8890,125.6582,77.3050,14.9095,125.9318,357.17,352.14,43.53,78.0338,14.8605,125.2487,357.17,352.14,43.53,250.0508,11.9479,279.8934,0.00,100.00,182.49,-11.62,182.49,11.62,12.67
36.83,230.96,77.6596,11.9162,126.1865,8.59,100.00,44.01,7.41,324.40,355.46,6.69,77.3145,14.9326,126.0764,77.0393,14.9557,126.3520,356.77,352.59,44.01,77.7625,14.8998,125.6636,356.77,352.59,44.01,250.0508,11.9479,279.8934,0.00,100.00,182.49,-11.62,182.49,11.62,12.67
36.89,230.91,77.3597,11.9587,126.6052,9.11,100.00,44.31,7.54,324.24,356.11,6.97,76.9831,14.9720,126.5137,76.7097,14.9909,126.7913,357.40,352.46,44.31,77.4286,14.9459,126.0977,357.40,352.46,44.31,250.0508,11.9479,279.8934,0.00,100.00,182.49,-11.62,182.49,11.62,12.67
36.95,230.86,77.0687,11.9943,127.0094,8.19,100.00,44.66,7.80,323.98,356.00,7.24,76.6844,15.0062,126.9030,76.4125,15.0260,127.1821,357.25,352.20,44.66,77.1275,14.9786,126.4846,357.25,352.20,44.66,250.0508,11.9479,279.8934,0.00,100.00,182.49,-11.62,182.49,11.62,12.67
37.01,230.81,76.7497,12.0353,127.4481,9.09,100.00,45.09,7.78,323.73,356.03,7.26,76.3641,15.0469,127.3409,76.0943,15.0672,127.6219,357.20,352.22,45.09,76.8042,15.0187,126.9193,357.20,352.22,45.09,250.0508,11.9479,279.8934,0.00,100.00,182.49,-11.62,182.49,11.62,12.67
37.07,230.76,76.4302,12.0468,127.8836,9.66,100.00,45.48,8.01,323.44,355.81,7.49,76.0422,15.0574,127.7582,75.7741,15.0796,128.0407,356.92,351.99,45.48,76.4796,15.0264,127.3340,356.92,351.99,45.48,250.0508,11.9479,279.8934,0.00,100.00,182.49,-11.62,182.49,11.62,12.67
37.13,230.72,76.1260,12.0896,128.2937,8.62,100.00,45.27,8.61,323.17,355.67,8.08,75.7182,15.0964,128.1421,75.4489,15.1190,128.4234,356.86,351.39,45.27,76.1575,15.0649,127.7199,356.86,351.39,45.27,250.0508,11.9479,279.8934,0.00,100.00,182.49,-11.62,182.49,11.62,12.67
37.18,230.68,75.7962,12.1359,128.7342,9.65,100.00,45.05,8.75,323.02,356.14,8.29,75.3652,15.1401,128.5947,75.0950,15.1593,128.8755,357.36,351.25,45.05,75.8057,15.1138,128.1735,357.36,351.25,45.05,250.0508,11.9479,279.8934,0.00,100.00,182.49,-11.62,182.49,11.62,12.67
37.24,230.64,75.4733,12.1741,129.1629,9.13,100.00,45.25,8.77,322.81,356.25,8.34,75.0373,15.1776,129.0250,74.7681,15.1965,129.3067,357.42,351.23,45.25,75.4763,15.1519,128.6021,357.42,351.23,45.25,250.0508,11.9479,279.8934,0.00,100.00,182.49,-11.62,182.49,11.62,12.67
37.30,230.61,75.1351,12.2175,129.6088,10.19,100.00,45.28,8.53,322.38,355.64,8.04,74.7319,15.2246,129.4518,74.4626,15.2482,129.7331,356.71,351.47,45.28,75.1711,15.1915,129.0297,356.71,351.47,45.28,250.0508,11.9479,279.8934,0.00,100.00,182.49,-11.62,182.49,11.62,12.67
37.35,230.58,74.8124,12.2609,130.0275,9.48,100.00,45.37,8.72,322.21,356.72,8.39,74.3608,15.2626,129.9029,74.0924,15.2791,130.1856,357.77,351.28,45.37,74.7986,15.2407,129.4787,357.77,351.28,45.37,250.0508,11.9479,279.8934,0.00,100.00,182.49,-11.62,182.49,11.62,12.67
37.41,230.56,74.4789,12.2967,130.4577,9.48,100.00,45.61,8.51,321.99,356.27,8.14,74.0525,15.3016,130.3209,73.7851,15.3217,130.6042,357.23,351.49,45.61,74.4890,15.2740,129.8955,357.23,351.49,45.61,250.0508,11.9479,279.8934,0.00,100.00,182.49,-11.62,182.49,11.62,12.67
37.47,230.53,74.1299,12.3022,130.9042,9.92,100.00,45.46,8.88,321.87,356.56,8.54,73.6779,15.3033,130.7655,73.4099,15.3212,131.0483,357.57,351.12,45.46,74.1153,15.2792,130.3408,357.57,351.12,45.46,250.0508,11.9479,279.8934,0.00,100.00,182.49,-11.62,182.49,11.62,12.67
37.53,230.51,73.7779,12.3333,131.3526,9.74,100.00,45.33,8.80,321.80,356.96,8.51,73.3143,15.3334,131.2309,73.0459,15.3486,131.5135,357.97,351.20,45.33,73.7523,15.3136,130.8066,357.97,351.20,45.33,250.0508,11.9479,279.8934,0.00,100.00,182.49,-11.62,182.49,11.62,12.67
37.59,230.49,73.4116,12.3718,131.8180,10.14,100.00,45.69,9.25,321.60,356.53,8.93,72.9452,15.3699,131.6633,72.6781,15.3882,131.9471,357.50,350.75,45.69,73.3810,15.3452,131.2371,357.50,350.75,45.69,250.0508,11.9479,279.8934,0.00,100.00,182.49,-11.62,182.49,11.62,12.67
37.64,230.48,73.0495,12.4098,132.2749,10.12,100.00,46.17,9.34,321.66,356.91,9.08,72.5644,15.4055,132.1318,72.2999,15.4218,132.4181,357.83,350.66,46.17,72.9964,15.3844,131.7015,357.83,350.66,46.17,250.0508,11.9479,279.8934,0.00,100.00,182.49,-11.62,182.49,11.62,12.67
37.70,230.47,72.6976,12.4354,132.7198,9.69,100.00,46.67,9.12,321.79,357.74,8.96,72.1905,15.4291,132.6157,71.9290,15.4403,132.9051,358.57,350.88,46.67,72.6179,15.4157,132.1806,358.57,350.88,46.67,250.0508,11.9479,279.8934,0.00,100.00,182.49,-11.62,182.49,11.62,12.67
37.76,230.45,72.3363,12.4688,133.1789,10.28,100.00,47.09,9.06,321.67,357.45,8.88,71.8420,15.4642,133.0645,71.5824,15.4780,133.3553,358.20,350.94,47.09,72.2666,15.4468,132.6267,358.20,350.94,47.09,250.0508,11.9479,279.8934,0.00,100.00,182.49,-11.62,182.49,11.62,12.67
37.81,230.44,71.9797,12.5019,133.6298,10.34,100.00,47.43,9.28,321.62,357.61,9.13,71.4700,15.4947,133.5133,71.2122,15.5077,133.8058,358.31,350.72,47.43,71.8919,15.4786,133.0729,358.31,350.72,47.43,250.0508,11.9479,279.8934,0.00,100.00,182.49,-11.62,182.49,11.62,12.67
37.87,230.43,71.6354,12.5295,134.0644,9.61,100.00,47.85,9.09,321.66,357.91,8.97,71.1225,15.5223,133.9657,70.8671,15.5338,134.2603,358.53,350.91,47.85,71.5409,15.5085,133.5219,358.53,350.91,47.85,250.0508,11.9479,279.8934,0.00,100.00,182.49,-11.62,182.49,11.62,12.67
37.93,230.42,71.2834,12.5208,134.5096,9.87,100.00,47.86,9.46,321.66,357.91,9.33,70.7553,15.5106,134.3995,70.4999,15.5219,134.6941,358.56,350.55,47.86,71.1736,15.4972,133.9556,358.56,350.55,47.86,250.0508,11.9479,279.8934,0.00,100.00,182.49,-11.62,182.49,11.62,12.67
37.99,230.42,70.9381,12.5389,134.9462,9.65,100.00,47.86,9.36,321.63,357.71,9.23,70.4212,15.5305,134.8307,70.1656,15.5433,135.1252,358.35,350.64,47.86,70.8397,15.5148,134.3872,358.35,350.64,47.86,250.0508,11.9479,279.8934,0.00,100.00,182.49,-11.62,182.49,11.62,12.67
38.05,230.41,70.5964,12.5634,135.3779,9.48,100.00,48.23,9.36,321.70,358.14,9.26,70.0639,15.5529,135.2798,69.8104,15.5631,135.5762,358.73,350.64,48.23,70.4791,15.5412,134.8330,358.73,350.64,48.23,250.0508,11.9479,279.8934,0.00,100.00,182.49,-11.62,182.49,11.62,12.67
38.10,230.41,70.2478,12.5839,135.8193,9.69,100.00,48.49,9.35,321.61,358.20,9.27,69.7131,15.5730,135.7227,69.4611,15.5832,136.0203,358.73,350.65,48.49,70.1263,15.5613,135.2740,358.73,350.65,48.49,250.0508,11.9479,279.8934,0.00,100.00,182.49,-11.62,182.49,11.62,12.67
38.16,230.40,69.8942,12.6011,136.2656,9.79,100.00,48.77,9.64,321.63,358.97,9.60,69.3213,15.5838,136.1898,69.0712,15.5891,136.4892,359.46,350.36,48.77,69.7314,15.5798,135.7382,359.46,350.36,48.77,250.0508,11.9479,279.8934,0.00,100.00,182.49,-11.62,182.49,11.62,12.67
38.22,230.40,69.5351,12.6201,136.7191,10.57,100.00,49.05,9.66,321.50,358.66,9.61,68.9716,15.6041,136.6291,68.7226,15.6119,136.9294,359.09,350.34,49.05,69.3800,15.5963,136.1760,359.09,350.34,49.05,250.0508,11.9479,279.8934,0.00,100.00,182.49,-11.62,182.49,11.62,12.67
38.27,230.40,69.1921,12.6378,137.1504,9.82,100.00,49.35,9.70,321.50,359.09,9.67,68.6124,15.6191,137.0757,68.3654,15.6244,137.3776,359.46,350.30,49.35,69.0180,15.6152,136.6199,359.46,350.30,49.35,250.0508,11.9479,279.8934,0.00,100.00,182.49,-11.62,182.49,11.62,12.67
38.33,230.41,68.8357,12.6462,137.5984,9.53,100.00,49.70,9.97,321.49,359.40,9.95,68.2347,15.6234,137.5273,67.9897,15.6271,137.8308,359.72,350.03,49.70,68.6371,15.6222,137.0687,359.72,350.03,49.70,250.0508,11.9479,279.8934,0.00,100.00,182.49,-11.62,182.49,11.62,12.67
38.39,230.41,68.4490,12.6185,138.0845,10.91,100.00,49.98,10.26,321.54,0.02,10.26,67.8150,15.5892,138.0292,67.5721,15.5890,138.3344,0.30,349.74,49.98,68.2144,15.5942,137.5680,0.30,349.74,49.98,250.0508,11.9479,279.8934,0.00,100.00,182.49,-11.62,182.49,11.62,12.67
38.45,230.42,68.0875,12.6205,138.5396,10.02,100.00,50.33,10.35,321.50,359.81,10.34,67.4570,15.5917,138.4729,67.2157,15.5933,138.7794,0.03,349.65,50.33,67.8540,15.5938,138.0096,0.03,349.65,50.33,250.0508,11.9479,279.8934,0.00,100.00,182.49,-11.62,182.49,11.62,12.67
38.51,230.42,67.7242,12.6273,138.9964,10.17,100.00,50.33,10.15,321.55,0.04,10.15,67.0942,15.5990,138.9455,66.8531,15.5990,139.2522,0.25,349.85,50.33,67.4909,15.6034,138.4820,0.25,349.85,50.33,250.0508,11.9479,279.8934,0.00,100.00,182.49,-11.62,182.49,11.62,12.67
38.57,230.43,67.3606,12.6510,139.4543,9.02,100.00,50.25,10.44,321.62,0.87,10.46,66.6912,15.6143,139.4279,66.4505,15.6087,139.7348,1.10,349.56,50.25,67.0872,15.6277,138.9640,1.10,349.56,50.25,250.0508,11.9479,279.8934,0.00,100.00,182.49,-11.62,182.49,11.62,12.67
38.63,230.44,66.9442,12.6114,139.9800,11.87,100.00,50.15,10.50,321.62,1.35,10.53,66.2565,15.5707,139.9708,66.0158,15.5618,140.2777,1.60,349.50,50.15,66.6524,15.5892,139.5070,1.60,349.50,50.15,250.0508,11.9479,279.8934,0.00,100.00,182.49,-11.62,182.49,11.62,12.67
38.68,230.45,66.5859,12.6028,140.4324,9.94,100.00,50.15,10.70,321.52,0.81,10.72,65.9079,15.5641,140.3941,65.6666,15.5589,140.7006,1.05,349.30,50.15,66.3046,15.5769,139.9308,1.05,349.30,50.15,250.0508,11.9479,279.8934,0.00,100.00,182.49,-11.62,182.49,11.62,12.67
38.74,230.47,66.2226,12.5964,140.8894,10.32,100.00,50.43,10.74,321.50,0.72,10.76,65.5462,15.5580,140.8460,65.3062,15.5538,141.1536,0.91,349.26,50.43,65.9409,15.5693,140.3810,0.91,349.26,50.43,250.0508,11.9479,279.8934,0.00,100.00,182.49,-11.62,182.49,11.62,12.67
38.80,230.48,65.8730,12.5889,141.3290,9.57,100.00,50.72,10.55,321.54,0.95,10.56,65.1971,15.5507,141.3016,64.9589,15.5453,141.6105,1.08,349.45,50.72,65.5892,15.5639,140.8344,1.08,349.45,50.72,250.0508,11.9479,279.8934,0.00,100.00,182.49,-11.62,182.49,11.62,12.67
38.86,230.50,65.5160,12.5756,141.7784,10.03,100.00,51.01,11.04,321.63,1.42,11.05,64.8054,15.5294,141.7553,64.5693,15.5212,142.0657,1.51,348.96,51.01,65.1943,15.5470,141.2855,1.51,348.96,51.01,250.0508,11.9479,279.8934,0.00,100.00,182.49,-11.62,182.49,11.62,12.67
38.92,230.51,65.1642,12.5602,142.2228,9.61,100.00,51.21,11.13,321.53,1.52,11.13,64.4469,15.5124,142.2000,64.2119,15.5039,142.5113,1.55,348.87,51.21,64.8341,15.5305,141.7288,1.55,348.87,51.21,250.0508,11.9479,279.8934,0.00,100.00,182.49,-11.62,182.49,11.62,12.67
38.98,230.53,64.7957,12.5467,142.6866,9.96,100.00,51.40,10.49,321.49,1.90,10.48,64.0926,15.5023,142.6996,63.8589,15.4915,143.0118,1.88,349.52,51.40,64.4777,15.5238,142.2270,1.88,349.52,51.40,250.0508,11.9479,279.8934,0.00,100.00,182.49,-11.62,182.49,11.62,12.67
39.04,230.55,64.4189,12.5278,143.1601,10.17,100.00,51.57,11.09,321.43,2.15,11.08,63.6836,15.4756,143.1632,63.4512,15.4636,143.4763,2.08,348.91,51.57,64.0668,15.4993,142.6891,2.08,348.91,51.57,250.0508,11.9479,279.8934,0.00,100.00,182.49,-11.62,182.49,11.62,12.67
39.09,230.58,64.0367,12.5071,143.6394,10.74,100.00,51.47,11.01,321.39,2.49,10.99,63.2941,15.4530,143.6581,63.0615,15.4387,143.9710,2.42,348.99,51.47,63.6775,15.4802,143.1844,2.42,348.99,51.47,250.0508,11.9479,279.8934,0.00,100.00,182.49,-11.62,182.49,11.62,12.67
39.15,230.60,63.6650,12.4870,144.1048,9.92,100.00,51.43,10.45,321.26,2.14,10.44,62.9556,15.4410,144.1261,62.7223,15.4290,144.4385,2.07,349.55,51.43,63.3402,15.4646,143.6531,2.07,349.55,51.43,250.0508,11.9479,279.8934,0.00,100.00,182.49,-11.62,182.49,11.62,12.67
39.21,230.64,63.2674,12.4346,144.6002,11.08,100.00,51.37,10.14,321.15,1.92,10.13,62.5779,15.3934,144.6214,62.3440,15.3828,144.9335,1.85,349.86,51.37,62.9635,15.4145,144.1491,1.85,349.86,51.37,250.0508,11.9479,279.8934,0.00,100.00,182.49,-11.62,182.49,11.62,12.67
39.27,230.67,62.8910,12.4222,145.0675,10.42,100.00,51.38,9.74,321.09,1.60,9.72,62.2280,15.3870,145.0884,61.9938,15.3784,145.4002,1.52,350.26,51.38,62.6141,15.4047,144.6164,1.52,350.26,51.38,250.0508,11.9479,279.8934,0.00,100.00,182.49,-11.62,182.49,11.62,12.67
39.33,230.70,62.5184,12.4072,145.5292,9.72,100.00,51.68,9.86,321.03,1.26,9.85,61.8614,15.3734,145.5318,61.6284,15.3675,145.8447,1.13,350.14,51.68,62.2457,15.3870,145.0581,1.13,350.14,51.68,250.0508,11.9479,279.8934,0.00,100.00,182.49,-11.62,182.49,11.62,12.67
39.39,230.74,62.1287,12.3967,146.0109,10.59,100.00,51.98,9.68,321.07,1.45,9.66,61.4729,15.3632,146.0279,61.2416,15.3563,146.3420,1.28,350.32,51.98,61.8545,15.3783,145.5521,1.28,350.32,51.98,250.0508,11.9479,279.8934,0.00,100.00,182.49,-11.62,182.49,11.62,12.67
39.45,230.77,61.7606,12.3834,146.4666,9.40,100.00,52.28,9.53,320.91,0.53,9.52,61.1405,15.3575,146.4494,60.9100,15.3571,146.7641,0.30,350.47,52.28,61.5211,15.3623,145.9725,0.30,350.47,52.28,250.0508,11.9479,279.8934,0.00,100.00,182.49,-11.62,182.49,11.62,12.67
39.51,230.82,61.3617,12.3837,146.9577,10.96,100.00,52.53,8.74,320.81,0.17,8.74,60.7849,15.3665,146.9503,60.5554,15.3687,147.2658,359.91,351.26,52.53,61.1640,15.3671,146.4723,359.91,351.26,52.53,250.0508,11.9479,279.8934,0.00,100.00,182.49,-11.62,182.49,11.62,12.67
39.57,230.86,60.9861,12.3810,147.4183,9.75,100.00,52.80,8.23,320.66,359.40,8.26,60.4542,15.3721,147.3942,60.2256,15.3796,147.7103,359.10,351.77,52.80,60.8319,15.3640,146.9152,359.10,351.77,52.80,250.0508,11.9479,279.8934,0.00,100.00,182.49,-11.62,182.49,11.62,12.67
39.63,230.91,60.5828,12.3914,147.9102,10.68,100.00,53.04,7.71,320.64,359.77,7.72,60.0603,15.3842,147.9189,59.8334,15.3892,148.2362,359.45,352.29,53.04,60.4356,15.3798,147.4380,359.45,352.29,53.04,250.0508,11.9479,279.8934,0.00,100.00,182.49,-11.62,182.49,11.62,12.67
39.69,230.96,60.1834,12.4007,148.3971,10.53,100.00,53.27,7.52,320.52,359.38,7.56,59.6808,15.3969,148.3941,59.4548,15.4049,148.7121,359.02,352.48,53.27,60.0546,15.3879,147.9120,359.02,352.48,53.27,250.0508,11.9479,279.8934,0.00,100.00,182.49,-11.62,182.49,11.62,12.67
39.75,231.01,59.7762,12.4495,148.8916,10.05,100.00,53.49,6.62,320.18,357.18,6.78,59.3784,15.4607,148.8232,59.1527,15.4834,149.1406,356.82,353.38,53.49,59.7519,15.4282,148.3419,356.82,353.38,53.49,250.0508,11.9479,279.8934,0.00,100.00,182.49,-11.62,182.49,11.62,12.67
39.81,231.08,59.3324,12.4812,149.4238,11.21,100.00,53.40,6.17,320.20,357.95,6.29,58.9287,15.4923,149.4026,58.7029,15.5096,149.7203,357.61,353.83,53.40,59.3022,15.4681,148.9209,357.61,353.83,53.40,250.0508,11.9479,279.8934,0.00,100.00,182.49,-11.62,182.49,11.62,12.67
39.88,231.14,58.9087,12.5082,149.9323,10.46,100.00,53.37,5.79,320.00,356.17,6.02,58.5763,15.5268,149.8474,58.3499,15.5560,150.1638,355.84,354.21,53.37,58.9508,15.4839,149.3677,355.84,354.21,53.37,250.0508,11.9479,279.8934,0.00,100.00,182.49,-11.62,182.49,11.62,12.67
39.94,231.21,58.4798,12.5505,150.4434,10.63,100.00,53.27,4.61,319.88,354.90,4.90,58.2359,15.5772,150.3439,58.0094,15.6143,150.6593,354.63,355.39,53.27,58.6108,15.5211,149.8658,354.63,355.39,53.27,250.0508,11.9479,279.8934,0.00,100.00,182.49,-11.62,182.49,11.62,12.67
40.00,231.28,58.0599,12.5957,150.9418,10.04,100.00,53.26,4.49,319.79,353.88,4.84,57.8530,15.6236,150.8026,57.6265,15.6676,151.1171,353.62,355.51,53.26,58.2279,15.5567,150.3259,353.62,355.51,53.26,250.0508,11.9479,279.8934,0.00,100.00,182.49,-11.62,182.49,11.62,12.67
40.07,231.35,57.6321,12.6620,151.4479,10.67,100.00,53.43,4.24,319.80,353.92,4.61,57.4335,15.6909,151.3183,57.2080,15.7346,151.6337,353.66,355.76,53.43,57.8067,15.6244,150.8403,353.66,355.76,53.43,250.0508,11.9479,279.8934,0.00,100.00,182.49,-11.62,182.49,11.62,12.67
40.13,231.43,57.2161,12.7562,151.9402,9.82,100.00,53.68,3.62,319.91,353.97,4.00,57.0399,15.7873,151.8336,56.8162,15.8304,152.1503,353.74,356.38,53.68,57.4105,15.7215,151.3534,353.74,356.38,53.68,250.0508,11.9479,279.8934,0.00,100.00,182.49,-11.62,182.49,11.62,12.67
40.20,231.51,56.7688,12.8309,152.4716,10.80,100.00,53.90,2.87,319.97,353.03,3.33,56.6516,15.8643,152.3492,56.4297,15.9134,152.6663,352.83,357.13,53.90,57.0193,15.7888,151.8683,352.83,357.13,53.90,250.0508,11.9479,279.8934,0.00,100.00,182.49,-11.62,182.49,11.62,12.67
40.26,231.59,56.3276,12.9171,152.9968,10.44,100.00,54.13,2.34,320.02,352.14,2.88,56.2589,15.9510,152.8535,56.0389,16.0059,153.1710,351.96,357.66,54.13,56.6237,15.8662,152.3719,351.96,357.66,54.13,250.0508,11.9479,279.8934,0.00,100.00,182.49,-11.62,182.49,11.62,12.67
40.33,231.67,55.8710,13.0493,153.5414,10.80,100.00,54.41,1.94,320.13,352.20,2.51,55.8153,16.0842,153.4130,55.5972,16.1385,153.7319,352.04,358.06,54.41,56.1773,16.0000,152.9292,352.04,358.06,54.41,250.0508,11.9479,279.8934,0.00,100.00,182.49,-11.62,182.49,11.62,12.67
40.40,231.76,55.4039,13.1506,154.1007,11.04,100.00,54.50,0.74,320.14,351.33,1.39,55.4230,16.1861,153.9744,55.2066,16.2456,154.2936,351.25,359.26,54.50,55.7822,16.0934,153.4901,351.25,359.26,54.50,250.0508,11.9479,279.8934,0.00,100.00,182.49,-11.62,182.49,11.62,12.67
40.46,231.85,54.9331,13.2667,154.6644,11.16,100.00,54.67,0.10,320.16,350.44,0.85,55.0045,16.3006,154.5203,54.7902,16.3656,154.8397,350.40,359.90,54.67,55.3606,16.1989,154.0355,350.40,359.90,54.67,250.0508,11.9479,279.8934,0.00,100.00,182.49,-11.62,182.49,11.62,12.67
40.53,231.95,54.4574,13.4170,155.2344,11.41,100.00,54.87,-0.40,320.19,349.98,0.42,54.5615,16.4497,155.0863,54.3490,16.5175,155.4065,349.98,0.40,54.87,54.9147,16.3436,154.6004,349.98,0.40,54.87,250.0508,11.9479,279.8934,0.00,100.00,182.49,-11.62,182.49,11.62,12.67
40.60,232.04,53.9776,13.5339,155.8102,11.06,100.00,55.12,-0.63,320.24,350.66,0.17,54.0683,16.5686,155.6980,53.8569,16.6316,156.0198,350.68,0.63,55.12,54.4199,16.4698,155.2093,350.68,0.63,55.12,250.0508,11.9479,279.8934,0.00,100.00,182.49,-11.62,182.49,11.62,12.67
40.66,232.15,53.4746,13.6621,156.4147,12.31,100.00,55.35,-0.88,320.29,349.85,0.02,53.5987,16.6944,156.2745,53.3895,16.7627,156.5966,349.89,0.88,55.35,53.9470,16.5872,155.7852,349.89,0.88,55.35,250.0508,11.9479,279.8934,0.00,100.00,182.49,-11.62,182.49,11.62,12.67
40.73,232.25,52.9952,13.7871,156.9919,11.74,100.00,55.37,-1.04,320.33,350.42,359.81,53.1088,16.8211,156.8817,52.8994,16.8855,157.2045,350.47,1.04,55.37,53.4574,16.7200,156.3913,350.47,1.04,55.37,250.0508,11.9479,279.8934,0.00,100.00,182.49,-11.62,182.49,11.62,12.67
40.80,232.35,52.5085,13.9365,157.5788,11.51,100.00,55.25,-1.93,320.37,350.36,358.91,52.6602,16.9697,157.4965,52.4510,17.0338,157.8195,350.50,1.93,55.25,53.0085,16.8687,157.0059,350.50,1.93,55.25,250.0508,11.9479,279.8934,0.00,100.00,182.49,-11.62,182.49,11.62,12.67
40.86,232.47,51.9951,14.0553,158.1986,12.19,100.00,55.22,-2.33,320.38,351.37,358.41,52.1330,17.0902,158.1742,51.9231,17.1471,158.4981,351.54,2.33,55.22,52.4824,17.0001,157.6822,351.54,2.33,55.22,250.0508,11.9479,279.8934,0.00,100.00,182.49,-11.62,182.49,11.62,12.67
40.93,232.58,51.4795,14.1979,158.8214,11.82,100.00,55.22,-2.52,320.41,351.08,358.24,51.6339,17.2319,158.7909,51.4243,17.2906,159.1147,351.27,2.52,55.22,51.9827,17.1389,158.2991,351.27,2.52,55.22,250.0508,11.9479,279.8934,0.00,100.00,182.49,-11.62,182.49,11.62,12.67
41.00,232.71,50.9363,14.2975,159.4781,12.68,100.00,55.50,-2.61,320.39,352.28,358.09,51.0567,17.3331,159.5016,50.8479,17.3836,159.8272,352.48,2.61,55.50,51.4045,17.2529,159.0068,352.48,2.61,55.50,250.0508,11.9479,279.8934,0.00,100.00,182.49,-11.62,182.49,11.62,12.67
41.07,232.83,50.3987,14.4139,160.1277,12.15,100.00,55.80,-2.67,320.35,353.94,357.91,50.4700,17.4496,160.2255,50.2617,17.4887,160.5530,354.18,2.67,55.80,50.8170,17.3873,159.7276,354.18,2.67,55.80,250.0508,11.9479,279.8934,0.00,100.00,182.49,-11.62,182.49,11.62,12.67
41.14,232.97,49.8319,14.4848,160.8116,13.18,100.00,56.21,-2.23,320.32,355.34,358.25,49.8421,17.5196,160.9549,49.6352,17.5494,161.2843,355.55,2.23,56.21,50.1871,17.4719,160.4540,355.55,2.23,56.21,250.0508,11.9479,279.8934,0.00,100.00,182.49,-11.62,182.49,11.62,12.67
41.21,233.11,49.2767,14.5282,161.4809,12.12,100.00,56.60,-2.24,320.31,356.41,358.14,49.2551,17.5602,161.6711,49.0499,17.5827,162.0021,356.63,2.24,56.60,49.5975,17.5240,161.1674,356.63,2.24,56.60,250.0508,11.9479,279.8934,0.00,100.00,182.49,-11.62,182.49,11.62,12.67
41.28,233.26,48.6777,14.5921,162.2026,13.64,100.00,56.91,-2.14,320.30,357.21,358.17,48.6279,17.6217,162.4245,48.4241,17.6387,162.7568,357.44,2.14,56.91,48.9680,17.5941,161.9188,357.44,2.14,56.91,250.0508,11.9479,279.8934,0.00,100.00,182.49,-11.62,182.49,11.62,12.67
41.35,233.41,48.0950,14.5947,162.9042,13.29,100.00,57.26,-1.94,320.31,358.28,358.26,48.0054,17.6201,163.1669,47.8032,17.6299,163.5004,358.51,1.94,57.26,48.3432,17.6039,162.6591,358.51,1.94,57.26,250.0508,11.9479,279.8934,0.00,100.00,182.49,-11.62,182.49,11.62,12.67
41.42,233.56,47.5077,14.6076,163.6120,12.69,100.00,57.31,-1.09,320.29,0.97,358.78,47.3064,17.6183,163.9660,47.1041,17.6105,164.2995,1.11,1.09,57.31,47.6444,17.6299,163.4583,1.11,1.09,57.31,250.0508,11.9479,279.8934,0.00,100.00,182.49,-11.62,182.49,11.62,12.67
41.49,233.73,46.8788,14.5567,164.3692,14.26,100.00,57.32,0.00,320.32,2.44,359.70,46.5913,17.5568,164.7519,46.3893,17.5401,165.0852,2.46,0.00,57.32,46.9288,17.5830,164.2443,2.46,0.00,57.32,250.0508,11.9479,279.8934,0.00,100.00,182.49,-11.62,182.49,11.62,12.67
41.56,233.90,46.2730,14.5118,165.0994,13.41,100.00,57.34,0.49,320.36,3.89,0.02,45.9246,17.4990,165.5296,45.7233,17.4729,165.8627,3.85,359.51,57.34,46.2611,17.5401,165.0224,3.85,359.51,57.34,250.0508,11.9479,279.8934,0.00,100.00,182.49,-11.62,182.49,11.62,12.67
41.63,234.08,45.6460,14.4364,165.8564,14.02,100.00,57.32,1.23,320.42,5.94,0.51,45.2097,17.4018,166.3526,45.0094,17.3624,166.6850,5.84,358.77,57.32,45.5446,17.4640,165.8465,5.84,358.77,57.32,250.0508,11.9479,279.8934,0.00,100.00,182.49,-11.62,182.49,11.62,12.67
41.70,234.26,45.0186,14.3020,166.6153,14.34,100.00,57.56,2.22,320.47,6.83,1.38,44.5187,17.2563,167.1181,44.3208,17.2119,167.4514,6.60,357.78,57.56,44.8499,17.3267,166.6106,6.60,357.78,57.56,250.0508,11.9479,279.8934,0.00,100.00,182.49,-11.62,182.49,11.62,12.67
41.77,234.44,44.3953,14.1447,167.3707,14.68,100.00,57.78,3.16,320.55,7.95,2.15,43.8280,17.0833,167.8930,43.6327,17.0323,168.2269,7.61,356.84,57.78,44.1550,17.1646,167.3845,7.61,356.84,57.78,250.0508,11.9479,279.8934,0.00,100.00,182.49,-11.62,182.49,11.62,12.67
41.84,234.62,43.7829,13.9952,168.1147,13.95,100.00,57.63,4.37,320.69,10.30,3.09,43.1030,16.8980,168.6994,42.9100,16.8324,169.0320,9.83,355.63,57.63,43.4266,17.0026,168.1928,9.83,355.63,57.63,250.0508,11.9479,279.8934,0.00,100.00,182.49,-11.62,182.49,11.62,12.67
41.91,234.80,43.1631,13.7959,168.8717,14.65,100.00,57.53,4.89,320.75,11.24,3.51,42.4370,16.6826,169.4798,42.2450,16.6112,169.8117,10.72,355.11,57.53,42.7590,16.7965,168.9742,10.72,355.11,57.53,250.0508,11.9479,279.8934,0.00,100.00,182.49,-11.62,182.49,11.62,12.67
41.97,234.98,42.5684,13.6166,169.5996,14.04,100.00,57.38,5.65,320.80,11.96,4.20,41.7920,16.4891,170.2130,41.6006,16.4137,170.5445,11.36,354.35,57.38,42.1128,16.6096,169.7082,11.36,354.35,57.38,250.0508,11.9479,279.8934,0.00,100.00,182.49,-11.62,182.49,11.62,12.67
42.04,235.17,41.9689,13.3892,170.3346,13.66,100.00,57.10,7.04,320.86,12.64,5.56,41.1173,16.2442,170.9293,40.9266,16.1657,171.2605,11.89,352.96,57.10,41.4369,16.3702,170.4251,11.89,352.96,57.10,250.0508,11.9479,279.8934,0.00,100.00,182.49,-11.62,182.49,11.62,12.67
42.11,235.37,41.3356,13.1902,171.1128,14.61,100.00,57.30,8.58,320.78,11.89,7.13,40.4440,16.0492,171.6238,40.2547,15.9778,171.9574,10.90,351.42,57.30,40.7615,16.1647,171.1158,10.90,351.42,57.30,250.0508,11.9479,279.8934,0.00,100.00,182.49,-11.62,182.49,11.62,12.67
42.18,235.57,40.7044,12.9631,171.8861,15.02,100.00,57.57,9.65,320.68,11.26,8.21,39.7893,15.8253,172.3340,39.6013,15.7598,172.6695,10.06,350.35,57.57,40.1046,15.9320,171.8227,10.06,350.35,57.57,250.0508,11.9479,279.8934,0.00,100.00,182.49,-11.62,182.49,11.62,12.67
42.25,235.78,40.0803,12.7822,172.6480,14.43,100.00,57.84,11.50,320.62,10.95,10.05,39.1024,15.6344,173.0204,38.9167,15.5739,173.3581,9.42,348.50,57.84,39.4141,15.7342,172.5055,9.42,348.50,57.84,250.0508,11.9479,279.8934,0.00,100.00,182.49,-11.62,182.49,11.62,12.67
42.32,235.99,39.4363,12.5901,173.4324,15.50,100.00,58.19,12.76,320.42,10.11,11.37,38.4326,15.4428,173.7239,38.2480,15.3902,174.0636,8.27,347.24,58.19,38.7426,15.5306,173.2058,8.27,347.24,58.19,250.0508,11.9479,279.8934,0.00,100.00,182.49,-11.62,182.49,11.62,12.67
42.39,236.21,38.8067,12.4214,174.1940,14.61,100.00,58.08,13.41,320.10,8.74,12.22,37.8122,15.2849,174.3980,37.6247,15.2425,174.7375,6.76,346.59,58.08,38.1267,15.3571,173.8802,6.76,346.59,58.08,250.0508,11.9479,279.8934,0.00,100.00,182.49,-11.62,182.49,11.62,12.67
42.45,236.45,38.1589,12.3261,174.9689,15.43,100.00,57.91,15.09,319.50,6.22,14.30,37.1654,15.1971,174.9950,36.9728,15.1742,175.3334,3.89,344.91,57.91,37.4878,15.2396,174.4787,3.89,344.91,57.91,250.0508,11.9479,279.8934,0.00,100.00,182.49,-11.62,182.49,11.62,12.67
42.52,236.68,37.5334,12.2230,175.7012,13.85,100.00,58.35,15.79,318.92,4.03,15.33,36.5730,15.1035,175.5989,36.3787,15.0973,175.9371,1.35,344.21,58.35,36.8979,15.1201,175.0827,1.35,344.21,58.35,250.0508,11.9479,279.8934,0.00,100.00,182.49,-11.62,182.49,11.62,12.67
42.59,236.96,36.8508,12.1606,176.4844,16.31,100.00,58.88,16.88,318.68,2.78,16.65,35.8830,15.0335,176.2855,35.6891,15.0383,176.6240,359.71,343.12,58.88,36.2072,15.0335,175.7687,359.71,343.12,58.88,250.0508,11.9479,279.8934,0.00,100.00,182.49,-11.62,182.49,11.62,12.67
42.65,237.21,36.2181,12.1642,177.2039,14.48,100.00,59.00,17.87,318.35,1.39,17.92,35.2506,15.0286,176.9047,35.0545,15.0443,177.2416,358.04,342.13,59.00,35.5782,15.0117,176.3903,358.04,342.13,59.00,250.0508,11.9479,279.8934,0.00,100.00,182.49,-11.62,182.49,11.62,12.67
42.71,237.49,35.5512,12.1731,177.9537,16.48,100.00,59.44,18.98,317.93,359.05,19.51,34.6052,15.0255,177.5078,34.4068,15.0590,177.8420,355.30,341.02,59.44,34.9364,14.9815,176.9973,355.30,341.02,59.44,250.0508,11.9479,279.8934,0.00,100.00,182.49,-11.62,182.49,11.62,12.67
42.77,237.76,34.9277,12.2043,178.6445,15.75,100.00,60.03,20.01,318.04,358.40,20.71,33.9577,15.0382,178.1369,33.7606,15.0779,178.4712,354.32,339.99,60.03,34.2869,14.9849,177.6260,354.32,339.99,60.03,250.0508,11.9479,279.8934,0.00,100.00,182.49,-11.62,182.49,11.62,12.67
42.83,238.02,34.3258,12.2597,179.3139,15.13,100.00,60.55,19.85,317.84,356.86,20.90,33.4018,15.0965,178.7402,33.2050,15.1470,179.0733,352.63,340.15,60.55,33.7306,15.0262,178.2312,352.63,340.15,60.55,250.0508,11.9479,279.8934,0.00,100.00,182.49,-11.62,182.49,11.62,12.67
42.89,238.29,33.7172,12.3272,179.9861,15.20,100.00,60.80,19.59,317.48,354.90,21.07,32.8560,15.1657,179.3296,32.6578,15.2292,179.6596,350.59,340.41,60.80,33.1870,15.0752,178.8252,350.59,340.41,60.80,250.0508,11.9479,279.8934,0.00,100.00,182.49,-11.62,182.49,11.62,12.67
42.96,238.57,33.1077,12.3985,180.6508,14.26,100.00,61.29,19.44,318.13,354.94,20.89,32.2446,15.2404,180.0112,32.0497,15.3031,180.3432,350.71,340.56,61.29,32.5708,15.1509,179.5034,350.71,340.56,61.29,250.0508,11.9479,279.8934,0.00,100.00,182.49,-11.62,182.49,11.62,12.67
43.02,238.85,32.4737,12.4875,181.3581,14.83,100.00,61.87,20.48,318.28,353.63,22.23,31.6014,15.3052,180.6305,31.4064,15.3777,180.9605,349.12,339.52,61.87,31.9276,15.2009,180.1257,349.12,339.52,61.87,250.0508,11.9479,279.8934,0.00,100.00,182.49,-11.62,182.49,11.62,12.67
43.08,239.14,31.8387,12.5984,182.0703,15.43,100.00,62.54,21.17,318.23,351.64,23.39,30.9878,15.3924,181.2339,30.7925,15.4787,181.5604,346.85,338.83,62.54,31.3145,15.2666,180.7342,346.85,338.83,62.54,250.0508,11.9479,279.8934,0.00,100.00,182.49,-11.62,182.49,11.62,12.67
43.15,239.42,31.2303,12.7192,182.7514,14.44,100.00,63.15,20.52,319.18,352.05,22.61,30.3827,15.5295,181.9677,30.1927,15.6121,182.2982,347.49,339.48,63.15,30.7013,15.4092,181.4615,347.49,339.48,63.15,250.0508,11.9479,279.8934,0.00,100.00,182.49,-11.62,182.49,11.62,12.67
43.21,239.69,30.6244,12.8416,183.4527,14.74,100.00,63.24,20.90,319.67,353.22,22.72,29.7291,15.6499,182.7166,29.5408,15.7251,183.0499,348.67,339.10,63.24,30.0449,15.5415,182.2060,348.67,339.10,63.24,250.0508,11.9479,279.8934,0.00,100.00,182.49,-11.62,182.49,11.62,12.67
43.27,239.95,30.0326,12.9902,184.1497,15.10,100.00,61.24,22.20,318.98,351.64,23.98,29.1486,15.7721,183.3073,28.9456,15.8539,183.6302,347.51,337.80,61.24,29.4869,15.6538,182.8136,347.51,337.80,61.24,250.0508,11.9479,279.8934,0.00,100.00,182.49,-11.62,182.49,11.62,12.67
43.33,240.22,29.4568,13.1114,184.8116,14.29,100.00,61.67,22.36,321.33,350.81,23.84,28.5693,15.8951,183.9787,28.3685,15.9768,184.3030,347.51,337.64,61.67,28.9042,15.7769,183.4826,347.51,337.64,61.67,250.0508,11.9479,279.8934,0.00,100.00,182.49,-11.62,182.49,11.62,12.67
43.39,240.45,28.9059,13.2638,185.4998,14.57,100.00,61.95,22.13,323.02,348.44,23.50,28.0775,16.0482,184.6104,27.8763,16.1399,184.9317,345.91,337.87,61.95,28.4133,15.9144,184.1189,345.91,337.87,61.95,250.0508,11.9479,279.8934,0.00,100.00,182.49,-11.62,182.49,11.62,12.67
43.46,240.66,28.3864,13.4176,186.1897,13.82,100.00,62.36,22.77,325.68,348.26,23.64,27.5167,16.1985,185.3291,27.3179,16.2857,185.6532,346.60,337.23,62.36,27.8487,16.0720,184.8331,346.60,337.23,62.36,250.0508,11.9479,279.8934,0.00,100.00,182.49,-11.62,182.49,11.62,12.67
43.52,240.84,27.8854,13.5852,186.9235,15.34,100.00,63.04,22.51,328.35,347.91,22.97,27.0144,16.3781,186.1043,26.8206,16.4627,186.4321,347.05,337.49,63.04,27.3388,16.2557,185.6023,347.05,337.49,63.04,250.0508,11.9479,279.8934,0.00,100.00,182.49,-11.62,182.49,11.62,12.67
43.58,240.97,27.4545,13.7600,187.6224,14.35,100.00,63.69,22.87,331.30,348.70,22.89,26.5277,16.5576,186.8843,26.3398,16.6321,187.2179,348.66,337.13,63.69,26.8428,16.4509,186.3729,348.66,337.13,63.69,250.0508,11.9479,279.8934,0.00,100.00,182.49,-11.62,182.49,11.62,12.67
43.63,241.06,27.0635,13.9679,188.3366,15.35,100.00,66.10,22.11,332.80,346.12,22.24,26.2049,16.7663,187.5229,26.0275,16.8580,187.8580,345.90,337.89,66.10,26.5042,16.6324,187.0084,345.90,337.89,66.10,250.0508,11.9479,279.8934,0.00,100.00,182.49,-11.62,182.49,11.62,12.67
43.68,241.13,26.7197,14.1256,189.0055,14.64,100.00,68.52,22.02,335.06,345.71,22.17,25.8410,16.9227,188.2092,25.6772,17.0172,188.5504,345.47,337.98,68.52,26.1193,16.7846,187.6841,345.47,337.98,68.52,250.0508,11.9479,279.8934,0.00,100.00,182.49,-11.62,182.49,11.62,12.67
43.73,241.16,26.4173,14.3167,189.6559,14.54,100.00,68.58,20.60,337.42,345.80,20.28,25.5943,17.1493,188.9281,25.4344,17.2393,189.2723,346.28,339.40,68.58,25.8668,17.0174,188.3985,346.28,339.40,68.58,250.0508,11.9479,279.8934,0.00,100.00,182.49,-11.62,182.49,11.62,12.67
43.79,241.17,26.1516,14.4537,190.2947,13.33,100.00,66.68,20.73,337.69,346.51,20.00,25.3252,17.2953,189.6075,25.1559,17.3767,189.9495,347.69,339.27,66.68,25.6119,17.1772,189.0821,347.69,339.27,66.68,250.0508,11.9479,279.8934,0.00,100.00,182.49,-11.62,182.49,11.62,12.67
43.84,241.18,25.8812,14.6289,190.9538,14.55,100.00,64.82,21.67,338.12,347.64,20.62,24.9990,17.4653,190.3159,24.8207,17.5341,190.6561,349.65,338.33,64.82,25.2993,17.3671,189.7941,349.65,338.33,64.82,250.0508,11.9479,279.8934,0.00,100.00,182.49,-11.62,182.49,11.62,12.67
43.89,241.19,25.6278,14.7596,191.5849,13.62,100.00,64.83,21.07,340.68,348.60,19.76,24.7434,17.6151,191.0430,24.5688,17.6735,191.3869,351.34,338.93,64.83,25.0382,17.5330,190.5152,351.34,338.93,64.83,250.0508,11.9479,279.8934,0.00,100.00,182.49,-11.62,182.49,11.62,12.67
43.94,241.17,25.4008,14.9317,192.2321,15.01,100.00,66.95,20.60,342.53,347.63,19.18,24.5420,17.7930,191.6797,24.3787,17.8584,192.0279,350.25,339.40,66.95,24.8194,17.6998,191.1444,350.25,339.40,66.95,250.0508,11.9479,279.8934,0.00,100.00,182.49,-11.62,182.49,11.62,12.67
43.98,241.13,25.2123,15.0293,192.8313,12.82,100.00,66.46,17.70,343.03,349.15,16.37,24.4640,17.9408,192.3917,24.3027,17.9986,192.7422,351.53,342.30,66.46,24.7387,17.8583,191.8532,351.53,342.30,66.46,250.0508,11.9479,279.8934,0.00,100.00,182.49,-11.62,182.49,11.62,12.67
44.03,241.08,25.0200,15.1914,193.4613,14.57,100.00,66.01,14.89,342.99,349.00,13.47,24.4177,18.1407,193.0503,24.2557,18.2021,193.3999,351.03,345.11,66.01,24.6938,18.0514,192.5137,351.03,345.11,66.01,250.0508,11.9479,279.8934,0.00,100.00,182.49,-11.62,182.49,11.62,12.67
44.08,241.04,24.8396,15.2732,194.0508,12.67,100.00,67.92,14.63,345.33,350.64,13.42,24.2024,18.2282,193.7470,24.0544,18.2786,194.1044,352.71,345.37,67.92,24.4570,18.1558,193.1973,352.71,345.37,67.92,250.0508,11.9479,279.8934,0.00,100.00,182.49,-11.62,182.49,11.62,12.67
44.14,240.97,24.6747,15.3771,194.6807,11.93,100.00,69.80,13.42,347.27,350.18,12.12,24.0984,18.3456,194.3878,23.9624,18.4003,194.7494,352.07,346.58,69.80,24.3346,18.2661,193.8310,352.07,346.58,69.80,250.0508,11.9479,279.8934,0.00,100.00,182.49,-11.62,182.49,11.62,12.67
44.19,240.87,24.5149,15.4619,195.3881,13.58,100.00,69.84,13.76,347.80,352.57,12.79,23.8756,18.4270,195.2153,23.7427,18.4651,195.5801,354.60,346.24,69.84,24.1069,18.3736,194.6533,354.60,346.24,69.84,250.0508,11.9479,279.8934,0.00,100.00,182.49,-11.62,182.49,11.62,12.67
44.24,240.77,24.3664,15.5604,196.0749,13.26,100.00,69.71,12.74,347.75,352.32,11.72,23.7843,18.5370,195.8990,23.6507,18.5777,196.2633,354.19,347.26,69.71,24.0167,18.4790,195.3379,354.19,347.26,69.71,250.0508,11.9479,279.8934,0.00,100.00,182.49,-11.62,182.49,11.62,12.67
44.29,240.68,24.2185,15.6079,196.7555,13.48,100.00,71.97,14.00,350.98,356.88,13.69,23.4904,18.5565,196.8317,23.3775,18.5647,197.2050,359.13,346.00,71.97,23.6906,18.5499,196.2554,359.13,346.00,71.97,250.0508,11.9479,279.8934,0.00,100.00,182.49,-11.62,182.49,11.62,12.67
44.35,240.55,24.1124,15.6597,197.4241,12.74,100.00,73.79,8.89,352.38,353.17,7.92,23.7084,18.6702,197.3618,23.6040,18.7087,197.7357,354.50,351.11,73.79,23.8961,18.6139,196.7841,354.50,351.11,73.79,250.0508,11.9479,279.8934,0.00,100.00,182.49,-11.62,182.49,11.62,12.67
44.40,240.40,24.0208,15.7241,198.1084,13.12,100.00,75.78,6.44,354.97,356.74,5.99,23.6983,18.7413,198.2592,23.6105,18.7576,198.6390,357.75,353.56,75.78,23.8603,18.7187,197.6715,357.75,353.56,75.78,250.0508,11.9479,279.8934,0.00,100.00,182.49,-11.62,182.49,11.62,12.67
44.46,240.23,23.9608,15.7862,198.7914,11.93,100.00,75.62,9.39,357.35,358.56,9.29,23.4684,18.7735,199.0441,23.3817,18.7719,199.4244,0.49,350.61,75.62,23.6286,18.7803,198.4554,0.49,350.61,75.62,250.0508,11.9479,279.8934,0.00,100.00,182.49,-11.62,182.49,11.62,12.67
44.51,240.01,23.9265,15.8268,199.5325,13.26,100.00,73.32,6.98,357.06,356.44,6.31,23.5937,18.8431,199.6785,23.4899,18.8575,200.0543,358.06,353.02,73.32,23.7806,18.8239,199.0981,358.06,353.02,73.32,250.0508,11.9479,279.8934,0.00,100.00,182.49,-11.62,182.49,11.62,12.67
44.57,239.81,23.8900,15.8358,200.2429,12.04,100.00,70.53,4.51,357.23,358.32,4.21,23.6633,18.8551,200.4936,23.5426,18.8586,200.8645,359.60,355.49,70.53,23.8763,18.8516,199.9219,359.60,355.49,70.53,250.0508,11.9479,279.8934,0.00,100.00,182.49,-11.62,182.49,11.62,12.67
44.63,239.60,23.8542,15.8826,200.9850,13.03,100.00,67.92,3.04,357.48,1.84,3.88,23.6377,18.8813,201.4222,23.5016,18.8613,201.7873,3.03,356.96,67.92,23.8743,18.9140,200.8608,3.03,356.96,67.92,250.0508,11.9479,279.8934,0.00,100.00,182.49,-11.62,182.49,11.62,12.67
44.69,239.39,23.8230,15.8877,201.6945,11.29,100.00,65.12,4.42,357.10,355.27,2.85,23.6751,18.9208,201.7872,23.5188,18.9440,202.1439,356.69,355.58,65.12,23.9429,18.8864,201.2401,356.69,355.58,65.12,250.0508,11.9479,279.8934,0.00,100.00,182.49,-11.62,182.49,11.62,12.67
44.75,239.18,23.7836,15.8949,202.4697,12.81,100.00,64.92,3.53,359.92,0.35,4.05,23.5770,18.9036,202.8375,23.4216,18.8904,203.1951,2.02,356.47,64.92,23.8432,18.9257,202.2890,2.02,356.47,64.92,250.0508,11.9479,279.8934,0.00,100.00,182.49,-11.62,182.49,11.62,12.67
44.82,238.94,23.7826,15.9015,203.2171,11.56,100.00,67.60,4.49,2.49,1.90,5.82,23.5036,18.8913,203.6787,23.3666,18.8639,204.0430,4.16,355.51,67.60,23.7414,18.9362,203.1187,4.16,355.51,67.60,250.0508,11.9479,279.8934,0.00,100.00,182.49,-11.62,182.49,11.62,12.67
44.88,238.66,23.8168,15.8931,204.0034,12.32,100.00,67.91,4.13,2.43,1.29,5.12,23.5722,18.8910,204.4315,23.4365,18.8693,204.7967,3.29,355.87,67.91,23.8081,18.9266,203.8700,3.29,355.87,67.91,250.0508,11.9479,279.8934,0.00,100.00,182.49,-11.62,182.49,11.62,12.67
44.95,238.38,23.8494,15.8570,204.7700,11.53,100.00,66.06,1.11,2.47,1.96,2.21,23.7595,18.8592,205.2273,23.6109,18.8407,205.5876,2.74,358.89,66.06,24.0153,18.8885,204.6742,2.74,358.89,66.06,250.0508,11.9479,279.8934,0.00,100.00,182.49,-11.62,182.49,11.62,12.67
45.01,238.10,23.8834,15.9021,205.5584,12.39,100.00,64.14,-0.28,2.46,357.25,358.20,23.9940,18.9316,205.7584,23.8333,18.9538,206.1132,356.72,0.28,64.14,24.2685,18.8967,205.2147,356.72,0.28,64.14,250.0508,11.9479,279.8934,0.00,100.00,182.49,-11.62,182.49,11.62,12.67
45.08,237.84,23.9154,15.8736,206.3031,11.12,100.00,61.84,-0.40,2.40,0.76,359.99,23.9395,18.8865,206.6925,23.7642,18.8821,207.0410,0.65,0.40,61.84,24.2362,18.8934,206.1595,0.65,0.40,61.84,250.0508,11.9479,279.8934,0.00,100.00,182.49,-11.62,182.49,11.62,12.67
45.14,237.57,23.9481,15.8854,207.0835,12.15,100.00,62.33,-1.97,5.08,1.69,358.75,24.0596,18.8908,207.5139,23.8872,18.8854,207.8638,0.74,1.97,62.33,24.3520,18.8983,206.9784,0.74,1.97,62.33,250.0508,11.9479,279.8934,0.00,100.00,182.49,-11.62,182.49,11.62,12.67
45.21,237.28,24.0140,15.8963,207.8252,11.01,100.00,62.92,2.14,7.63,0.54,2.98,23.9159,18.9070,208.2201,23.7479,18.8928,208.5719,2.14,357.86,62.92,24.2015,18.9302,207.6815,2.14,357.86,62.92,250.0508,11.9479,279.8934,0.00,100.00,182.49,-11.62,182.49,11.62,12.67
45.28,236.95,24.1175,15.8929,208.5980,11.95,100.00,63.83,1.71,10.27,358.57,1.08,24.1176,18.9181,208.8771,23.9545,18.9219,209.2314,359.49,358.29,63.83,24.3958,18.9130,208.3341,359.49,358.29,63.83,250.0508,11.9479,279.8934,0.00,100.00,182.49,-11.62,182.49,11.62,12.67
45.34,236.60,24.2509,15.8848,209.3344,11.30,100.00,66.36,-1.92,12.86,359.63,357.34,24.4680,18.9013,209.6235,24.3212,18.9138,209.9848,358.11,1.92,66.36,24.7210,18.8810,209.0687,358.11,1.92,66.36,250.0508,11.9479,279.8934,0.00,100.00,182.49,-11.62,182.49,11.62,12.67
45.41,236.22,24.4176,15.8913,210.0647,11.73,100.00,66.39,-0.77,12.87,359.40,358.60,24.5671,18.9116,210.3571,24.4202,18.9204,210.7185,358.69,0.77,66.39,24.8203,18.8975,209.8023,358.69,0.77,66.39,250.0508,11.9479,279.8934,0.00,100.00,182.49,-11.62,182.49,11.62,12.67
45.47,235.87,24.5762,15.9159,210.7590,10.60,100.00,64.49,-4.15,12.84,359.91,354.64,24.9346,18.9205,211.0311,24.7774,18.9428,211.3875,356.60,4.15,64.49,25.2034,18.8838,210.4847,356.60,4.15,64.49,250.0508,11.9479,279.8934,0.00,100.00,182.49,-11.62,182.49,11.62,12.67
45.54,235.50,24.7419,15.9385,211.4863,11.53,100.00,65.54,-3.57,15.68,358.47,354.07,25.1220,18.9478,211.6598,24.9721,18.9810,212.0185,355.01,3.57,65.54,25.3797,18.8943,211.1094,355.01,3.57,65.54,250.0508,11.9479,279.8934,0.00,100.00,182.49,-11.62,182.49,11.62,12.67
45.60,235.11,24.9350,15.9230,212.1738,11.02,100.00,66.30,-1.59,18.15,0.28,358.12,25.1493,18.9373,212.4871,25.0019,18.9442,212.8482,358.95,1.59,66.30,25.4032,18.9259,211.9325,358.95,1.59,66.30,250.0508,11.9479,279.8934,0.00,100.00,182.49,-11.62,182.49,11.62,12.67
45.67,234.71,25.1568,15.9716,212.8505,10.36,100.00,66.86,-1.34,20.88,357.75,355.98,25.4436,18.9929,212.9889,25.3006,19.0227,213.3506,355.59,1.34,66.86,25.6908,18.9458,212.4331,355.59,1.34,66.86,250.0508,11.9479,279.8934,0.00,100.00,182.49,-11.62,182.49,11.62,12.67
45.74,234.25,25.4248,16.0051,213.5532,11.69,100.00,67.87,-0.67,23.63,357.89,356.87,25.6778,19.0289,213.7028,25.5408,19.0541,214.0672,356.28,0.67,67.87,25.9160,18.9893,213.1425,356.28,0.67,67.87,250.0508,11.9479,279.8934,0.00,100.00,182.49,-11.62,182.49,11.62,12.67
45.80,233.80,25.7052,16.0031,214.1941,10.73,100.00,68.49,-2.13,26.31,356.77,353.30,26.1072,19.0145,214.1964,25.9763,19.0625,214.5608,352.87,2.13,68.49,26.3358,18.9385,213.6359,352.87,2.13,68.49,250.0508,11.9479,279.8934,0.00,100.00,182.49,-11.62,182.49,11.62,12.67
45.87,233.33,26.0172,16.0606,214.8250,10.98,100.00,70.98,-3.23,28.88,357.31,352.25,26.4806,19.0631,214.8082,26.3668,19.1137,215.1779,352.46,3.23,70.98,26.6828,18.9826,214.2382,352.46,3.23,70.98,250.0508,11.9479,279.8934,0.00,100.00,182.49,-11.62,182.49,11.62,12.67
45.93,232.84,26.3511,16.1038,215.4304,10.51,100.00,73.72,-1.99,31.41,357.80,354.65,26.7195,19.1191,215.4801,26.6214,19.1556,215.8559,354.57,1.99,73.72,26.8974,19.0610,214.8994,354.57,1.99,73.72,250.0508,11.9479,279.8934,0.00,100.00,182.49,-11.62,182.49,11.62,12.67
46.00,232.32,26.7183,16.1192,216.0317,10.23,100.00,74.26,-1.60,34.03,358.14,355.34,27.0686,19.1363,216.0994,26.9737,19.1684,216.4764,355.24,1.60,74.26,27.2418,19.0854,215.5166,355.24,1.60,74.26,250.0508,11.9479,279.8934,0.00,100.00,182.49,-11.62,182.49,11.62,12.67
46.07,231.76,27.1282,16.1217,216.6387,11.06,100.00,74.92,-2.15,36.76,358.52,354.65,27.5223,19.1338,216.6841,27.4321,19.1682,217.0621,354.88,2.15,74.92,27.6880,19.0790,216.0995,354.88,2.15,74.92,250.0508,11.9479,279.8934,0.00,100.00,182.49,-11.62,182.49,11.62,12.67
46.13,231.21,27.5474,16.1924,217.1998,10.88,100.00,75.05,-1.67,39.59,357.04,353.01,27.9601,19.2010,217.1112,27.8714,19.2510,217.4878,352.59,1.67,75.05,28.1236,19.1221,216.5288,352.59,1.67,75.05,250.0508,11.9479,279.8934,0.00,100.00,182.49,-11.62,182.49,11.62,12.67
46.20,230.65,27.9807,16.2054,217.7238,10.06,100.00,74.87,-2.17,42.16,357.37,351.94,28.4423,19.2054,217.5925,28.3532,19.2606,217.9682,351.80,2.17,74.87,28.6063,19.1181,217.0114,351.80,2.17,74.87,250.0508,11.9479,279.8934,0.00,100.00,182.49,-11.62,182.49,11.62,12.67
46.26,230.05,28.4553,16.2504,218.2480,11.19,100.00,75.23,-0.64,44.90,357.29,354.12,28.8259,19.2649,218.1718,28.7373,19.3085,218.5492,353.56,0.64,75.23,28.9894,19.1963,217.5881,353.56,0.64,75.23,250.0508,11.9479,279.8934,0.00,100.00,182.49,-11.62,182.49,11.62,12.67
46.33,229.48,28.9202,16.2982,218.7146,9.79,100.00,75.20,0.74,47.49,356.81,355.53,29.2179,19.3212,218.6591,29.1279,19.3582,219.0369,354.56,359.26,75.20,29.3835,19.2635,218.0748,354.56,359.26,75.20,250.0508,11.9479,279.8934,0.00,100.00,182.49,-11.62,182.49,11.62,12.67
46.40,228.86,29.4344,16.3159,219.1860,10.90,100.00,77.80,-0.61,50.04,359.26,357.27,29.7694,19.3343,219.2702,29.6971,19.3530,219.6531,357.24,0.61,77.80,29.9076,19.3049,218.6767,357.24,0.61,77.80,250.0508,11.9479,279.8934,0.00,100.00,182.49,-11.62,182.49,11.62,12.67
46.46,228.26,29.9398,16.2948,219.6095,10.06,100.00,80.22,-2.85,52.53,0.27,354.41,30.4120,19.2959,219.5922,30.3575,19.3281,219.9772,355.18,2.85,80.22,30.5226,19.2442,218.9945,355.18,2.85,80.22,250.0508,11.9479,279.8934,0.00,100.00,182.49,-11.62,182.49,11.62,12.67
46.53,227.64,30.4730,16.3100,220.0181,10.12,100.00,80.30,-0.89,55.24,359.29,356.39,30.8420,19.3256,220.0347,30.7867,19.3497,220.4201,356.43,0.89,80.30,30.9539,19.2875,219.4361,356.43,0.89,80.30,250.0508,11.9479,279.8934,0.00,100.00,182.49,-11.62,182.49,11.62,12.67
46.59,227.00,31.0282,16.3547,220.4034,10.71,100.00,80.30,-2.14,57.84,0.17,354.81,31.4808,19.3586,220.3575,31.4264,19.3903,220.7424,355.27,2.14,80.30,31.5912,19.3079,219.7596,355.27,2.14,80.30,250.0508,11.9479,279.8934,0.00,100.00,182.49,-11.62,182.49,11.62,12.67
46.66,226.39,31.5706,16.3496,220.7445,9.62,100.00,79.91,-0.99,60.42,359.62,355.96,31.9659,19.3618,220.7160,31.9081,19.3884,221.1009,356.06,0.99,79.91,32.0817,19.3197,220.1185,356.06,0.99,79.91,250.0508,11.9479,279.8934,0.00,100.00,182.49,-11.62,182.49,11.62,12.67
46.72,225.74,32.1542,16.3606,221.0758,10.13,100.00,79.66,0.16,63.12,359.01,357.26,32.4885,19.3803,221.0753,32.4283,19.4001,221.4603,357.09,359.84,79.66,32.6078,19.3493,220.4778,357.09,359.84,79.66,250.0508,11.9479,279.8934,0.00,100.00,182.49,-11.62,182.49,11.62,12.67
46.79,225.09,32.7463,16.3453,221.3759,10.03,100.00,82.29,-0.98,65.74,1.43,1.35,33.1073,19.3529,221.6089,33.0648,19.3411,221.9966,1.70,0.98,82.29,33.1993,19.3708,221.0061,1.70,0.98,82.29,250.0508,11.9479,279.8934,0.00,100.00,182.49,-11.62,182.49,11.62,12.67
46.85,224.44,33.3469,16.3474,221.6465,10.73,100.00,84.97,-2.14,68.40,2.28,0.18,33.7829,19.3490,221.8214,33.7584,19.3431,222.2107,0.82,2.14,84.97,33.8467,19.3573,221.2147,0.82,2.14,84.97,250.0508,11.9479,279.8934,0.00,100.00,182.49,-11.62,182.49,11.62,12.67
46.92,223.83,33.9116,16.3215,221.8700,9.09,100.00,86.62,-0.44,70.86,0.47,0.06,34.2668,19.3365,221.9894,34.2538,19.3351,222.3793,0.19,0.44,86.62,34.3128,19.3384,221.3810,0.19,0.44,86.62,250.0508,11.9479,279.8934,0.00,100.00,182.49,-11.62,182.49,11.62,12.67
46.98,223.18,34.5333,16.3230,222.0858,10.12,100.00,88.53,-1.13,73.53,0.91,359.06,34.9310,19.3344,222.1445,34.9310,19.3387,222.5346,359.33,1.13,88.53,34.9565,19.3270,221.5350,359.33,1.13,88.53,250.0508,11.9479,279.8934,0.00,100.00,182.49,-11.62,182.49,11.62,12.67
47.05,222.54,35.1437,16.2906,222.2663,9.55,100.00,91.12,-2.36,76.11,2.16,358.96,35.6084,19.2925,222.3174,35.6261,19.2951,222.7072,359.55,2.36,91.12,35.6063,19.2873,221.7074,359.55,2.36,91.12,250.0508,11.9479,279.8934,0.00,100.00,182.49,-11.62,182.49,11.62,12.67
47.11,221.90,35.7668,16.3024,222.4204,9.86,100.00,91.11,-0.65,76.11,0.81,0.53,36.1429,19.3149,222.5347,36.1604,19.3099,222.9244,0.72,0.65,91.11,36.1411,19.3225,221.9247,0.72,0.65,91.11,250.0508,11.9479,279.8934,0.00,100.00,182.49,-11.62,182.49,11.62,12.67
47.18,221.28,36.3655,16.2942,222.5684,8.92,100.00,91.07,0.30,76.11,0.73,3.90,36.6948,19.3009,222.8540,36.7122,19.2741,223.2428,3.95,359.70,91.07,36.6932,19.3430,222.2453,3.95,359.70,91.07,250.0508,11.9479,279.8934,0.00,100.00,182.49,-11.62,182.49,11.62,12.67
47.25,220.63,36.9973,16.2155,222.7246,9.91,100.00,94.15,-4.18,79.13,5.15,3.08,37.5758,19.1858,222.9934,37.6118,19.1559,223.3807,4.30,4.18,94.15,37.5451,19.2308,222.3858,4.30,4.18,94.15,250.0508,11.9479,279.8934,0.00,100.00,182.49,-11.62,182.49,11.62,12.67
47.31,220.02,37.6023,16.2367,222.8408,9.59,100.00,92.18,0.38,81.45,0.52,4.75,37.9391,19.2415,223.1369,37.9641,19.2092,223.5249,4.76,359.62,92.18,37.9257,19.2922,222.5290,4.76,359.62,92.18,250.0508,11.9479,279.8934,0.00,100.00,182.49,-11.62,182.49,11.62,12.67
47.38,219.42,38.1934,16.2056,222.9297,8.55,100.00,90.33,-3.10,84.16,3.23,1.05,38.7054,19.1985,223.0304,38.7171,19.1886,223.4202,1.39,3.10,90.33,38.7127,19.2128,222.4205,1.39,3.10,90.33,250.0508,11.9479,279.8934,0.00,100.00,182.49,-11.62,182.49,11.62,12.67
47.45,218.79,38.8353,16.1948,222.9954,9.48,100.00,91.06,-3.87,86.98,3.93,0.74,39.3889,19.1814,223.0566,39.4056,19.1738,223.4463,1.02,3.87,91.06,39.3883,19.1916,222.4466,1.02,3.87,91.06,250.0508,11.9479,279.8934,0.00,100.00,182.49,-11.62,182.49,11.62,12.67
47.52,218.40,39.2307,16.1731,223.0163,6.21,100.00,89.02,-1.59,86.91,1.70,2.92,39.6615,19.1757,223.1862,39.6642,19.1552,223.5758,2.98,1.59,89.02,39.6828,19.2071,222.5773,2.98,1.59,89.02,250.0508,11.9479,279.8934,0.00,100.00,182.49,-11.62,182.49,11.62,12.67
47.58,218.23,39.3988,16.1608,223.0253,2.59,100.00,85.86,-1.28,86.88,1.22,3.39,39.8029,19.1657,223.2188,39.7843,19.1426,223.6078,3.36,1.28,85.86,39.8576,19.2013,222.6122,3.36,1.28,85.86,250.0508,11.9479,279.8934,0.00,100.00,182.49,-11.62,182.49,11.62,12.67
47.65,218.08,39.5599,16.1447,223.0341,2.44,100.00,82.73,-2.54,86.94,2.19,4.79,40.0107,19.1371,223.3036,39.9700,19.1053,223.6902,4.62,2.54,82.73,40.0997,19.1857,222.7020,4.62,2.54,82.73,250.0508,11.9479,279.8934,0.00,100.00,182.49,-11.62,182.49,11.62,12.67
47.71,217.93,39.7138,16.1670,223.0423,2.46,100.00,79.20,-2.25,86.89,1.63,4.78,40.1351,19.1638,223.3097,40.0709,19.1327,223.6933,4.51,2.25,79.20,40.2607,19.2114,222.7146,4.51,2.25,79.20,250.0508,11.9479,279.8934,0.00,100.00,182.49,-11.62,182.49,11.62,12.67
47.78,217.78,39.8643,16.1479,223.0505,2.35,100.00,77.86,-4.81,89.15,4.16,3.73,40.4288,19.1266,223.2480,40.3550,19.1065,223.6306,2.84,4.81,77.86,40.5692,19.1559,222.6550,2.84,4.81,77.86,250.0508,11.9479,279.8934,0.00,100.00,182.49,-11.62,182.49,11.62,12.67
47.84,217.62,40.0220,16.1254,223.0528,2.42,100.00,77.02,-4.39,91.23,3.60,3.66,40.5641,19.1097,223.2271,40.4849,19.0908,223.6086,2.67,4.39,77.02,40.7128,19.1372,222.6360,2.67,4.39,77.02,250.0508,11.9479,279.8934,0.00,100.00,182.49,-11.62,182.49,11.62,12.67
47.90,217.47,40.1869,16.1128,223.0493,2.66,100.00,76.34,-4.16,93.31,3.42,3.05,40.7238,19.1006,223.1720,40.6405,19.0868,223.5529,1.92,4.16,76.34,40.8789,19.1202,222.5823,1.92,4.16,76.34,250.0508,11.9479,279.8934,0.00,100.00,182.49,-11.62,182.49,11.62,12.67
47.97,217.32,40.3463,16.1370,223.0401,2.43,100.00,78.06,-0.68,94.90,358.76,6.43,40.6584,19.1435,223.3454,40.5876,19.0992,223.7265,6.51,0.68,78.06,40.7944,19.2126,222.7547,6.51,0.68,78.06,250.0508,11.9479,279.8934,0.00,100.00,182.49,-11.62,182.49,11.62,12.67
48.03,217.15,40.5220,16.1397,223.0250,2.83,100.00,79.13,0.32,95.98,357.82,6.04,40.7887,19.1527,223.3095,40.7257,19.1092,223.6921,6.41,359.68,79.13,40.9124,19.2209,222.7160,6.41,359.68,79.13,250.0508,11.9479,279.8934,0.00,100.00,182.49,-11.62,182.49,11.62,12.67
48.10,216.99,40.6921,16.1413,223.0072,2.70,100.00,79.91,0.32,97.10,357.92,5.62,40.9667,19.1561,223.2639,40.9088,19.1155,223.6476,5.99,359.68,79.91,41.0825,19.2198,222.6683,5.99,359.68,79.91,250.0508,11.9479,279.8934,0.00,100.00,182.49,-11.62,182.49,11.62,12.67
48.16,216.82,40.8706,16.1368,222.9849,2.90,100.00,80.50,-1.62,98.07,0.61,3.44,41.2733,19.1457,223.1038,41.2183,19.1244,223.4894,3.10,1.62,80.50,41.3846,19.1784,222.5048,3.10,1.62,80.50,250.0508,11.9479,279.8934,0.00,100.00,182.49,-11.62,182.49,11.62,12.67
48.22,216.66,41.0512,16.1225,222.9593,2.94,100.00,80.39,-4.58,98.99,2.79,6.06,41.5892,19.1037,223.1898,41.5315,19.0700,223.5742,4.86,4.58,80.39,41.7045,19.1544,222.5929,4.86,4.58,80.39,250.0508,11.9479,279.8934,0.00,100.00,182.49,-11.62,182.49,11.62,12.67
48.29,216.48,41.2378,16.0901,222.9297,2.94,100.00,80.18,-6.10,99.94,4.37,5.87,41.8590,19.0575,223.1272,41.7996,19.0290,223.5117,4.05,6.10,80.18,41.9771,19.0993,222.5301,4.05,6.10,80.18,250.0508,11.9479,279.8934,0.00,100.00,182.49,-11.62,182.49,11.62,12.67
48.35,216.30,41.4393,16.1005,222.8943,3.11,100.00,79.79,-6.62,100.79,4.55,6.65,42.0795,19.0617,223.1208,42.0168,19.0297,223.5046,4.58,6.62,79.79,42.2025,19.1090,222.5252,4.58,6.62,79.79,250.0508,11.9479,279.8934,0.00,100.00,182.49,-11.62,182.49,11.62,12.67
48.41,216.11,41.6488,16.0816,222.8544,3.44,100.00,79.23,-6.39,101.39,4.17,6.72,42.2728,19.0463,223.0816,42.2064,19.0137,223.4647,4.65,6.39,79.23,42.4015,19.0943,222.4872,4.65,6.39,79.23,250.0508,11.9479,279.8934,0.00,100.00,182.49,-11.62,182.49,11.62,12.67
48.48,215.92,41.8534,16.0626,222.8132,3.23,100.00,78.58,-5.10,101.82,2.63,6.78,42.4018,19.0410,223.0556,42.3316,19.0049,223.4376,5.20,5.10,78.58,42.5366,19.0951,222.4630,5.20,5.10,78.58,250.0508,11.9479,279.8934,0.00,100.00,182.49,-11.62,182.49,11.62,12.67
48.54,215.72,42.0740,16.0475,222.7670,3.54,100.00,77.99,-5.93,102.33,3.16,7.38,42.6580,19.0173,223.0292,42.5832,18.9796,223.4102,5.42,5.93,77.99,42.8000,19.0737,222.4386,5.42,5.93,77.99,250.0508,11.9479,279.8934,0.00,100.00,182.49,-11.62,182.49,11.62,12.67
48.61,215.52,42.2976,16.0231,222.7182,3.45,100.00,77.36,-4.81,102.22,359.88,11.57,42.7599,18.9818,223.2301,42.6799,18.9100,223.6051,10.53,4.81,77.36,42.9100,19.0921,222.6491,10.53,4.81,77.36,250.0508,11.9479,279.8934,0.00,100.00,182.49,-11.62,182.49,11.62,12.67
48.67,215.30,42.5401,16.0643,222.6656,4.06,100.00,76.67,-3.51,102.23,357.91,12.33,42.9116,19.0249,223.2375,42.8285,18.9433,223.6098,12.01,3.51,76.67,43.0664,19.1510,222.6610,12.01,3.51,76.67,250.0508,11.9479,279.8934,0.00,100.00,182.49,-11.62,182.49,11.62,12.67
48.74,215.09,42.7724,16.0583,222.6153,3.57,100.00,76.71,-6.44,103.63,3.27,7.76,43.3721,19.0246,222.8822,43.2886,18.9867,223.2614,5.44,6.44,76.71,43.5277,19.0810,222.2950,5.44,6.44,76.71,250.0508,11.9479,279.8934,0.00,100.00,182.49,-11.62,182.49,11.62,12.67
48.80,214.85,43.0289,16.0186,222.5531,4.21,100.00,76.28,-7.25,104.30,7.02,2.23,43.7500,18.9690,222.4830,43.6682,18.9767,222.8643,358.68,7.25,76.28,43.9025,18.9538,221.8924,358.68,7.25,76.28,250.0508,11.9479,279.8934,0.00,100.00,182.49,-11.62,182.49,11.62,12.67
48.86,214.63,43.2785,15.9854,222.4894,4.08,100.00,75.89,-8.20,104.63,6.96,4.39,44.0238,18.9305,222.5265,43.9378,18.9255,222.9070,0.52,8.20,75.89,44.1828,18.9345,221.9375,0.52,8.20,75.89,250.0508,11.9479,279.8934,0.00,100.00,182.49,-11.62,182.49,11.62,12.67
48.93,214.40,43.5357,15.9511,222.4223,4.09,100.00,75.69,-9.50,105.15,7.13,6.73,44.3204,18.8825,222.5689,44.2311,18.8649,222.9483,2.37,9.50,75.69,44.4847,18.9057,221.9819,2.37,9.50,75.69,250.0508,11.9479,279.8934,0.00,100.00,182.49,-11.62,182.49,11.62,12.67
48.99,214.16,43.8074,15.9443,222.3488,4.44,100.00,75.93,-9.23,105.54,6.15,7.88,44.5601,18.8799,222.5619,44.4710,18.8526,222.9407,3.83,9.23,75.93,44.7241,18.9186,221.9755,3.83,9.23,75.93,250.0508,11.9479,279.8934,0.00,100.00,182.49,-11.62,182.49,11.62,12.67
49.06,213.92,44.0788,15.9081,222.2733,4.42,100.00,75.51,-6.68,105.10,2.64,8.86,44.6681,18.8718,222.5887,44.5758,18.8274,222.9651,6.40,6.68,75.51,44.8370,18.9382,222.0062,6.40,6.68,75.51,250.0508,11.9479,279.8934,0.00,100.00,182.49,-11.62,182.49,11.62,12.67
49.12,213.66,44.3652,15.8889,222.1960,4.72,100.00,75.34,-7.14,105.33,3.56,8.11,44.9917,18.8501,222.4584,44.8988,18.8135,222.8355,5.25,7.14,75.34,45.1617,18.9042,221.8750,5.25,7.14,75.34,250.0508,11.9479,279.8934,0.00,100.00,182.49,-11.62,182.49,11.62,12.67
49.19,213.40,44.6541,15.8538,222.1167,4.53,100.00,75.09,-7.39,105.47,4.26,7.36,45.3059,18.8135,222.3304,45.2118,18.7838,222.7079,4.21,7.39,75.09,45.4775,18.8565,221.7466,4.21,7.39,75.09,250.0508,11.9479,279.8934,0.00,100.00,182.49,-11.62,182.49,11.62,12.67
49.25,213.12,44.9697,15.8544,222.0294,5.09,100.00,75.12,-7.14,105.57,4.73,6.06,45.6275,18.8172,222.1694,45.5348,18.7968,222.5478,2.83,7.14,75.12,45.7972,18.8458,221.5841,2.83,7.14,75.12,250.0508,11.9479,279.8934,0.00,100.00,182.49,-11.62,182.49,11.62,12.67
49.32,212.85,45.2815,15.8038,221.9426,5.06,100.00,75.55,-9.97,106.29,8.49,5.24,46.1152,18.7250,221.9789,46.0272,18.7220,222.3589,0.19,9.97,75.55,46.2773,18.7253,221.3907,0.19,9.97,75.55,250.0508,11.9479,279.8934,0.00,100.00,182.49,-11.62,182.49,11.62,12.67
49.38,212.56,45.5998,15.7464,221.8496,5.16,100.00,75.71,-9.24,106.49,6.97,6.39,46.3752,18.6817,221.9630,46.2865,18.6671,222.3426,1.94,9.24,75.71,46.5385,18.7005,221.3754,1.94,9.24,75.71,250.0508,11.9479,279.8934,0.00,100.00,182.49,-11.62,182.49,11.62,12.67
49.45,212.29,45.9113,15.7143,221.7574,5.08,100.00,75.59,-10.37,106.48,6.89,8.72,46.7153,18.6349,221.9892,46.6234,18.6065,222.3673,3.97,10.37,75.59,46.8836,18.6746,221.4041,3.97,10.37,75.59,250.0508,11.9479,279.8934,0.00,100.00,182.49,-11.62,182.49,11.62,12.67
49.51,212.03,46.2090,15.7001,221.6693,4.73,100.00,75.63,-10.84,106.57,7.48,8.65,47.0416,18.6137,221.8879,46.9500,18.5878,222.2662,3.60,10.84,75.63,47.2092,18.6494,221.3024,3.60,10.84,75.63,250.0508,11.9479,279.8934,0.00,100.00,182.49,-11.62,182.49,11.62,12.67
49.58,211.75,46.5219,15.6389,221.5762,5.19,100.00,75.65,-13.21,106.72,9.18,10.45,47.4616,18.5143,221.8582,47.3682,18.4837,222.2357,4.27,13.21,75.65,47.6318,18.5562,221.2738,4.27,13.21,75.65,250.0508,11.9479,279.8934,0.00,100.00,182.49,-11.62,182.49,11.62,12.67
49.64,211.48,46.8336,15.6046,221.4826,5.09,100.00,75.17,-12.09,106.07,6.67,12.43,47.6743,18.4927,221.9093,47.5747,18.4424,222.2831,7.27,12.09,75.17,47.8543,18.5661,221.3310,7.27,12.09,75.17,250.0508,11.9479,279.8934,0.00,100.00,182.49,-11.62,182.49,11.62,12.67
49.70,211.19,47.1588,15.5462,221.3889,5.51,100.00,75.02,-12.20,106.77,10.39,6.43,48.1020,18.4336,221.4506,48.0106,18.4311,221.8299,0.06,12.20,75.02,48.2692,18.4321,220.8639,0.06,12.20,75.02,250.0508,11.9479,279.8934,0.00,100.00,182.49,-11.62,182.49,11.62,12.67
49.77,210.91,47.4787,15.4691,221.2926,5.07,100.00,75.06,-10.26,106.53,7.78,6.99,48.3021,18.3906,221.4239,48.2089,18.3759,221.8024,1.93,10.26,75.06,48.4723,18.4090,220.8383,1.93,10.26,75.06,250.0508,11.9479,279.8934,0.00,100.00,182.49,-11.62,182.49,11.62,12.67
49.83,210.59,47.8390,15.4278,221.1856,5.97,100.00,75.15,-13.73,106.99,11.25,7.97,48.8451,18.2919,221.3083,48.7532,18.2835,221.6873,0.91,13.73,75.15,49.0131,18.2989,220.7218,0.91,13.73,75.15,250.0508,11.9479,279.8934,0.00,100.00,182.49,-11.62,182.49,11.62,12.67
49.90,210.29,48.1816,15.3433,221.0810,5.69,100.00,75.03,-14.38,107.11,12.08,7.87,49.2260,18.1944,221.1844,49.1341,18.1897,221.5635,0.34,14.38,75.03,49.3938,18.1954,220.5978,0.34,14.38,75.03,250.0508,11.9479,279.8934,0.00,100.00,182.49,-11.62,182.49,11.62,12.67
49.97,209.98,48.5384,15.2579,220.9711,5.57,100.00,74.69,-13.35,106.64,10.20,8.94,49.5068,18.1311,221.1637,49.4099,18.1139,221.5412,2.25,13.35,74.69,49.6825,18.1521,220.5798,2.25,13.35,74.69,250.0508,11.9479,279.8934,0.00,100.00,182.49,-11.62,182.49,11.62,12.67
50.03,209.63,48.9307,15.2078,220.8538,6.43,100.00,74.24,-13.67,106.62,11.36,7.66,49.9374,18.0721,220.9657,49.8401,18.0668,221.3435,0.45,13.67,74.24,50.1136,18.0745,220.3816,0.45,13.67,74.24,250.0508,11.9479,279.8934,0.00,100.00,182.49,-11.62,182.49,11.62,12.67
50.10,209.32,49.2863,15.1207,220.7477,5.85,100.00,73.96,-13.84,106.71,11.99,6.97,50.3138,17.9791,220.8142,50.2162,17.9803,221.1920,359.45,13.84,73.96,50.4903,17.9710,220.2303,359.45,13.84,73.96,250.0508,11.9479,279.8934,0.00,100.00,182.49,-11.62,182.49,11.62,12.67
50.16,209.01,49.6368,15.0278,220.6425,5.95,100.00,73.69,-14.84,106.85,13.10,7.13,50.7192,17.8660,220.6985,50.6209,17.8707,221.0760,358.90,14.84,73.69,50.8969,17.8522,220.1150,358.90,14.84,73.69,250.0508,11.9479,279.8934,0.00,100.00,182.49,-11.62,182.49,11.62,12.67
50.23,208.71,49.9843,14.9411,220.5373,5.64,100.00,73.63,-15.34,107.04,13.02,8.18,51.0775,17.7736,220.6441,50.9772,17.7725,221.0211,359.77,15.34,73.63,51.2581,17.7687,220.0614,359.77,15.34,73.63,250.0508,11.9479,279.8934,0.00,100.00,182.49,-11.62,182.49,11.62,12.67
50.29,208.38,50.3550,14.8706,220.4237,5.96,100.00,73.83,-15.95,107.37,13.88,7.98,51.4869,17.6889,220.5011,51.3891,17.6920,220.8788,359.10,15.95,73.83,51.6634,17.6770,219.9172,359.10,15.95,73.83,250.0508,11.9479,279.8934,0.00,100.00,182.49,-11.62,182.49,11.62,12.67
50.36,208.05,50.7335,14.7696,220.3052,6.41,100.00,73.86,-15.48,107.31,13.26,8.08,51.8372,17.5986,220.3982,51.7388,17.5989,220.7757,359.55,15.48,73.86,52.0147,17.5913,219.8146,359.55,15.48,73.86,250.0508,11.9479,279.8934,0.00,100.00,182.49,-11.62,182.49,11.62,12.67
50.42,207.73,51.1089,14.6662,220.1882,6.28,100.00,73.88,-15.74,107.44,14.04,7.34,52.2393,17.4859,220.2301,52.1430,17.4932,220.6081,358.48,15.74,73.88,52.4137,17.4676,219.6458,358.48,15.74,73.88,250.0508,11.9479,279.8934,0.00,100.00,182.49,-11.62,182.49,11.62,12.67
50.48,207.40,51.4788,14.5594,220.0721,6.21,100.00,73.88,-15.80,107.46,14.21,7.18,52.6149,17.3769,220.1030,52.5190,17.3857,220.4810,358.25,15.80,73.88,52.7886,17.3563,219.5185,358.25,15.80,73.88,250.0508,11.9479,279.8934,0.00,100.00,182.49,-11.62,182.49,11.62,12.67
50.55,207.09,51.8385,14.4876,219.9589,5.84,100.00,73.87,-16.05,107.52,14.70,6.90,52.9936,17.2975,219.9673,52.8987,17.3096,220.3455,357.73,16.05,73.87,53.1658,17.2716,219.3826,357.73,16.05,73.87,250.0508,11.9479,279.8934,0.00,100.00,182.49,-11.62,182.49,11.62,12.67
50.61,206.77,52.2125,14.3746,219.8408,6.35,100.00,73.89,-15.68,107.51,14.55,6.45,53.3539,17.1902,219.8289,53.2595,17.2042,220.2072,357.44,15.68,73.89,53.5252,17.1612,219.2441,357.44,15.68,73.89,250.0508,11.9479,279.8934,0.00,100.00,182.49,-11.62,182.49,11.62,12.67
50.68,206.44,52.5879,14.2646,219.7224,6.36,100.00,73.90,-15.51,107.53,14.61,6.04,53.7263,17.0811,219.6884,53.6327,17.0977,220.0668,357.06,15.51,73.90,53.8964,17.0483,219.1034,357.06,15.51,73.90,250.0508,11.9479,279.8934,0.00,100.00,182.49,-11.62,182.49,11.62,12.67
50.74,206.11,52.9719,14.1461,219.6011,6.55,100.00,73.82,-16.31,107.60,15.65,5.92,54.1569,16.9430,219.5445,54.0643,16.9639,219.9229,356.36,16.31,73.82,54.3253,16.9031,218.9595,356.36,16.31,73.82,250.0508,11.9479,279.8934,0.00,100.00,182.49,-11.62,182.49,11.62,12.67
50.81,205.77,53.3616,14.0223,219.4775,6.67,100.00,73.82,-15.77,107.53,15.36,5.37,54.5251,16.8276,219.3985,54.4329,16.8507,219.7769,356.07,15.77,73.82,54.6931,16.7847,218.8136,356.07,15.77,73.82,250.0508,11.9479,279.8934,0.00,100.00,182.49,-11.62,182.49,11.62,12.67
50.87,205.42,53.7611,13.8996,219.3513,6.94,100.00,73.77,-15.88,107.53,15.71,5.02,54.9359,16.6995,219.2497,54.8443,16.7257,219.6281,355.58,15.88,73.77,55.1027,16.6516,218.6649,355.58,15.88,73.77,250.0508,11.9479,279.8934,0.00,100.00,182.49,-11.62,182.49,11.62,12.67
50.94,205.08,54.1615,13.8046,219.2248,6.45,100.00,73.72,-16.14,107.54,16.23,4.68,55.3559,16.5953,219.0982,55.2653,16.6252,219.4765,354.99,16.14,73.72,55.5213,16.5413,218.5135,354.99,16.14,73.72,250.0508,11.9479,279.8934,0.00,100.00,182.49,-11.62,182.49,11.62,12.67
51.00,204.70,54.5943,13.6663,219.0880,7.56,100.00,73.64,-16.15,107.47,16.27,4.64,55.7901,16.4563,218.9603,55.6991,16.4865,219.3385,354.94,16.15,73.64,55.9561,16.4018,218.3758,354.94,16.15,73.64,250.0508,11.9479,279.8934,0.00,100.00,182.49,-11.62,182.49,11.62,12.67
51.06,204.34,55.0102,13.5376,218.9570,7.46,100.00,73.55,-16.47,107.43,16.62,4.70,56.2231,16.3201,218.8279,56.1320,16.3513,219.2059,354.78,16.47,73.55,56.3893,16.2640,218.2435,354.78,16.47,73.55,250.0508,11.9479,279.8934,0.00,100.00,182.49,-11.62,182.49,11.62,12.67
51.13,203.99,55.4212,13.4040,218.8280,6.95,100.00,73.54,-16.14,107.39,16.49,4.29,56.6222,16.1908,218.6813,56.5313,16.2238,219.0592,354.52,16.14,73.54,56.7879,16.1320,218.0971,354.52,16.14,73.54,250.0508,11.9479,279.8934,0.00,100.00,182.49,-11.62,182.49,11.62,12.67
51.19,203.60,55.8685,13.2600,218.6879,7.69,100.00,73.46,-16.19,107.38,16.96,3.65,57.0818,16.0391,218.5020,56.9920,16.0774,218.8797,353.70,16.19,73.46,57.2457,15.9720,217.9182,353.70,16.19,73.46,250.0508,11.9479,279.8934,0.00,100.00,182.49,-11.62,182.49,11.62,12.67
51.25,203.22,56.3154,13.1518,218.5480,7.82,100.00,73.50,-15.37,107.29,15.84,3.86,57.4800,15.9535,218.3912,57.3884,15.9867,218.7690,354.52,15.37,73.50,57.6469,15.8947,217.8074,354.52,15.37,73.50,250.0508,11.9479,279.8934,0.00,100.00,182.49,-11.62,182.49,11.62,12.67
51.31,202.84,56.7573,13.0147,218.4105,7.73,100.00,73.42,-15.61,107.33,16.61,3.13,57.9468,15.8027,218.2047,57.8569,15.8427,218.5822,353.46,15.61,73.42,58.1111,15.7330,217.6213,353.46,15.61,73.42,250.0508,11.9479,279.8934,0.00,100.00,182.49,-11.62,182.49,11.62,12.67
51.38,202.45,57.2136,12.8657,218.2681,7.84,100.00,73.37,-15.56,107.33,16.87,2.64,58.4079,15.6494,218.0337,58.3188,15.6932,218.4110,352.89,15.56,73.37,58.5709,15.5740,217.4507,352.89,15.56,73.37,250.0508,11.9479,279.8934,0.00,100.00,182.49,-11.62,182.49,11.62,12.67
51.44,202.04,57.6879,12.7187,218.1201,8.51,100.00,73.47,-14.76,107.31,16.51,1.70,58.8513,15.5117,217.8440,58.7633,15.5595,218.2210,352.33,14.76,73.47,59.0126,15.4303,217.2613,352.33,14.76,73.47,250.0508,11.9479,279.8934,0.00,100.00,182.49,-11.62,182.49,11.62,12.67
51.50,201.66,58.1331,12.5862,217.9814,8.08,100.00,73.56,-14.12,107.28,15.60,1.92,59.2574,15.3974,217.7304,59.1682,15.4409,218.1077,353.03,14.12,73.56,59.4208,15.3233,217.1473,353.03,14.12,73.56,250.0508,11.9479,279.8934,0.00,100.00,182.49,-11.62,182.49,11.62,12.67
51.56,201.29,58.5657,12.4519,217.8468,7.40,100.00,73.45,-14.01,107.29,16.01,1.10,59.6965,15.2559,217.5482,59.6082,15.3056,217.9250,352.09,14.01,73.45,59.8585,15.1721,216.9660,352.09,14.01,73.45,250.0508,11.9479,279.8934,0.00,100.00,182.49,-11.62,182.49,11.62,12.67
51.62,200.90,59.0161,12.3163,217.7066,7.87,100.00,73.39,-13.54,107.27,15.29,1.37,60.1177,15.1343,217.4325,60.0275,15.1802,217.8092,352.70,13.54,73.39,60.2826,15.0566,216.8503,352.70,13.54,73.39,250.0508,11.9479,279.8934,0.00,100.00,182.49,-11.62,182.49,11.62,12.67
51.68,200.53,59.4493,12.1913,217.5719,7.72,100.00,73.40,-13.46,107.28,15.72,0.56,60.5585,15.0014,217.2505,60.4699,15.0532,217.6269,351.78,13.46,73.40,60.7208,14.9143,216.6689,351.78,13.46,73.40,250.0508,11.9479,279.8934,0.00,100.00,182.49,-11.62,182.49,11.62,12.67
51.75,200.16,59.8797,12.0656,217.4379,7.45,100.00,73.51,-12.51,107.25,14.89,0.08,60.9425,14.8922,217.1050,60.8538,14.9439,217.4814,351.86,12.51,73.51,61.1053,14.8057,216.5235,351.86,12.51,73.51,250.0508,11.9479,279.8934,0.00,100.00,182.49,-11.62,182.49,11.62,12.67
51.81,199.78,60.3340,11.9359,217.2968,8.04,100.00,73.37,-12.37,107.23,14.60,0.29,61.3865,14.7681,216.9791,61.2962,14.8179,217.3553,352.17,12.37,73.37,61.5517,14.6848,216.3977,352.17,12.37,73.37,250.0508,11.9479,279.8934,0.00,100.00,182.49,-11.62,182.49,11.62,12.67
51.87,199.39,60.7866,11.8501,217.1565,7.66,100.00,73.28,-11.98,107.22,14.19,0.23,61.8188,14.6901,216.8422,61.7273,14.7390,217.2183,352.33,11.98,73.28,61.9859,14.6084,216.2612,352.33,11.98,73.28,250.0508,11.9479,279.8934,0.00,100.00,182.49,-11.62,182.49,11.62,12.67
51.94,198.99,61.2604,11.7235,217.0097,8.01,100.00,73.24,-11.23,107.21,14.22,358.84,62.2724,14.5621,216.6250,62.1819,14.6191,217.0002,351.14,11.23,73.24,62.4381,14.4680,216.0455,351.14,11.23,73.24,250.0508,11.9479,279.8934,0.00,100.00,182.49,-11.62,182.49,11.62,12.67
52.00,198.57,61.7507,11.6018,216.8579,8.73,100.00,73.33,-9.78,107.24,12.96,358.14,62.6911,14.4627,216.4564,62.5996,14.5193,216.8313,351.26,9.78,73.33,62.8584,14.3697,215.8771,351.26,9.78,73.33,250.0508,11.9479,279.8934,0.00,100.00,182.49,-11.62,182.49,11.62,12.67
52.06,198.17,62.2248,11.4936,216.7108,8.34,100.00,73.28,-9.02,107.27,11.78,358.58,63.1157,14.3755,216.3483,63.0219,14.4257,216.7236,352.27,9.02,73.28,63.2867,14.2928,215.7685,352.27,9.02,73.28,250.0508,11.9479,279.8934,0.00,100.00,182.49,-11.62,182.49,11.62,12.67
52.12,197.75,62.7137,11.3853,216.5587,8.32,100.00,73.22,-8.29,107.28,11.47,357.76,63.5765,14.2708,216.1595,63.4823,14.3248,216.5342,351.74,8.29,73.22,63.7481,14.1827,215.5807,351.74,8.29,73.22,250.0508,11.9479,279.8934,0.00,100.00,182.49,-11.62,182.49,11.62,12.67
52.18,197.32,63.2276,11.2765,216.3989,9.09,100.00,73.30,-7.72,107.29,11.18,357.16,64.0669,14.1653,215.9739,63.9731,14.2216,216.3483,351.41,7.72,73.30,64.2380,14.0737,215.3955,351.41,7.72,73.30,250.0508,11.9479,279.8934,0.00,100.00,182.49,-11.62,182.49,11.62,12.67
52.24,196.89,63.7300,11.1752,216.2425,8.52,100.00,73.40,-6.92,107.33,9.84,357.72,64.5130,14.0863,215.8651,64.4178,14.1348,216.2402,352.63,6.92,73.40,64.6864,14.0074,215.2855,352.63,6.92,73.40,250.0508,11.9479,279.8934,0.00,100.00,182.49,-11.62,182.49,11.62,12.67
52.31,196.44,64.2642,11.0739,216.0758,8.78,100.00,73.23,-6.63,107.32,9.66,357.51,65.0353,13.9872,215.6907,64.9388,14.0364,216.0655,352.53,6.63,73.23,65.2106,13.9073,215.1118,352.53,6.63,73.23,250.0508,11.9479,279.8934,0.00,100.00,182.49,-11.62,182.49,11.62,12.67
52.37,195.97,64.8241,10.9832,215.9013,9.79,100.00,73.21,-5.38,107.34,8.86,356.50,65.5396,13.9053,215.4773,65.4424,13.9574,215.8515,352.14,5.38,73.21,65.7162,13.8212,214.8994,352.14,5.38,73.21,250.0508,11.9479,279.8934,0.00,100.00,182.49,-11.62,182.49,11.62,12.67
52.43,195.52,65.3576,10.9332,215.7346,8.96,100.00,73.32,-4.51,107.35,8.50,355.45,66.0388,13.8563,215.2633,65.9420,13.9131,215.6369,351.47,4.51,73.32,66.2147,13.7653,214.6863,351.47,4.51,73.32,250.0508,11.9479,279.8934,0.00,100.00,182.49,-11.62,182.49,11.62,12.67
52.49,195.05,65.9181,10.8580,215.5595,9.48,100.00,73.47,-3.23,107.44,7.02,355.35,66.5248,13.8000,215.1051,66.4272,13.8522,215.4792,352.22,3.23,73.47,66.7018,13.7170,214.5272,352.22,3.23,73.47,250.0508,11.9479,279.8934,0.00,100.00,182.49,-11.62,182.49,11.62,12.67
52.56,194.57,66.4876,10.7917,215.3806,9.78,100.00,73.37,-2.19,107.53,5.45,355.89,67.0248,13.7545,214.9765,66.9250,13.7979,215.3511,353.54,2.19,73.37,67.2053,13.6855,214.3978,353.54,2.19,73.37,250.0508,11.9479,279.8934,0.00,100.00,182.49,-11.62,182.49,11.62,12.67
52.62,194.11,67.0404,10.7314,215.2060,8.94,100.00,73.24,-1.42,107.56,4.99,355.23,67.5441,13.6964,214.7758,67.4431,13.7420,215.1499,353.25,1.42,73.24,67.7266,13.6245,214.1982,353.25,1.42,73.24,250.0508,11.9479,279.8934,0.00,100.00,182.49,-11.62,182.49,11.62,12.67
52.69,193.63,67.6172,10.6710,215.0234,9.25,100.00,73.08,-0.77,107.64,4.01,355.55,68.0771,13.6474,214.6238,67.9743,13.6876,214.9980,354.06,0.77,73.08,68.2624,13.5841,214.0460,354.06,0.77,73.08,250.0508,11.9479,279.8934,0.00,100.00,182.49,-11.62,182.49,11.62,12.67
52.75,193.13,68.2091,10.6315,214.8352,10.06,100.00,72.88,-0.05,107.66,3.04,355.72,68.6235,13.6177,214.4597,68.5187,13.6534,214.8338,354.76,0.05,72.88,68.8118,13.5620,213.8821,354.76,0.05,72.88,250.0508,11.9479,279.8934,0.00,100.00,182.49,-11.62,182.49,11.62,12.67
52.81,192.66,68.7753,10.6242,214.6549,8.93,100.00,72.90,0.71,107.63,2.66,354.94,69.1586,13.6101,214.2461,69.0536,13.6488,214.6198,354.32,359.29,72.90,69.3474,13.5499,213.6691,354.32,359.29,72.90,250.0508,11.9479,279.8934,0.00,100.00,182.49,-11.62,182.49,11.62,12.67
52.88,192.15,69.3944,10.5904,214.4581,10.07,100.00,72.85,0.84,107.63,1.95,355.72,69.7551,13.5857,214.0999,69.6496,13.6173,214.4742,355.37,359.16,72.85,69.9446,13.5366,213.5221,355.37,359.16,72.85,250.0508,11.9479,279.8934,0.00,100.00,182.49,-11.62,182.49,11.62,12.67
52.94,191.64,70.0050,10.5770,214.2640,10.28,100.00,72.84,1.44,107.66,0.72,356.44,70.3157,13.5840,213.9612,70.2098,13.6069,214.3360,356.67,358.56,72.84,70.5058,13.5488,213.3826,356.67,358.56,72.84,250.0508,11.9479,279.8934,0.00,100.00,182.49,-11.62,182.49,11.62,12.67
53.01,191.14,70.6031,10.5584,214.0735,9.63,100.00,72.81,2.00,107.62,0.55,355.73,70.8937,13.5639,213.7379,70.7874,13.5903,214.1124,356.18,358.00,72.81,71.0844,13.5237,213.1599,356.18,358.00,72.81,250.0508,11.9479,279.8934,0.00,100.00,182.49,-11.62,182.49,11.62,12.67
53.07,190.62,71.2382,10.5566,213.8718,10.69,100.00,72.76,2.15,107.60,359.85,356.45,71.5058,13.5691,213.5838,71.3992,13.5887,213.9586,357.18,357.85,72.76,71.6970,13.5395,213.0052,357.18,357.85,72.76,250.0508,11.9479,279.8934,0.00,100.00,182.49,-11.62,182.49,11.62,12.67
53.13,190.11,71.8546,10.5992,213.6763,10.13,100.00,72.73,2.70,107.62,358.71,357.13,72.0754,13.6201,213.4403,71.9687,13.6315,213.8154,358.39,357.30,72.73,72.2667,13.6034,212.8613,358.39,357.30,72.73,250.0508,11.9479,279.8934,0.00,100.00,182.49,-11.62,182.49,11.62,12.67
53.20,189.58,72.4955,10.6042,213.4728,10.40,100.00,72.46,3.21,107.58,358.35,356.78,72.6927,13.6257,213.2248,72.5841,13.6378,213.5993,358.31,356.79,72.46,72.8869,13.6083,212.6467,358.31,356.79,72.46,250.0508,11.9479,279.8934,0.00,100.00,182.49,-11.62,182.49,11.62,12.67
53.26,189.05,73.1339,10.6166,213.2705,10.49,100.00,72.22,2.89,107.57,358.49,357.14,73.3441,13.6385,213.0386,73.2341,13.6490,213.4127,358.54,357.11,72.22,73.5405,13.6235,212.4612,358.54,357.11,72.22,250.0508,11.9479,279.8934,0.00,100.00,182.49,-11.62,182.49,11.62,12.67
53.33,188.54,73.7552,10.6379,213.0737,10.08,100.00,71.95,2.84,107.60,357.88,358.09,73.9494,13.6647,212.8994,73.8380,13.6674,213.2732,359.69,357.16,71.95,74.1480,13.6619,212.3225,359.69,357.16,71.95,250.0508,11.9479,279.8934,0.00,100.00,182.49,-11.62,182.49,11.62,12.67
53.39,188.01,74.3934,10.6938,212.8713,10.29,100.00,71.64,2.91,107.55,357.86,357.99,74.5851,13.7206,212.6924,74.4716,13.7236,213.0657,359.63,357.09,71.64,74.7869,13.7172,212.1167,359.63,357.09,71.64,250.0508,11.9479,279.8934,0.00,100.00,182.49,-11.62,182.49,11.62,12.67
53.46,187.48,75.0471,10.7232,212.6645,10.74,100.00,71.34,3.39,107.54,356.97,358.40,75.2005,13.7540,212.5202,75.0854,13.7512,212.8930,0.50,356.61,71.34,75.4048,13.7599,211.9454,0.50,356.61,71.34,250.0508,11.9479,279.8934,0.00,100.00,182.49,-11.62,182.49,11.62,12.67
53.52,186.94,75.6960,10.7522,212.4595,10.31,100.00,71.04,3.27,107.50,356.56,359.15,75.8412,13.7852,212.3596,75.7244,13.7765,212.7318,1.36,356.73,71.04,76.0479,13.8002,211.7858,1.36,356.73,71.04,250.0508,11.9479,279.8934,0.00,100.00,182.49,-11.62,182.49,11.62,12.67
53.59,186.39,76.3766,10.7882,212.2449,10.84,100.00,70.77,2.80,107.44,357.35,358.86,76.5570,13.8183,212.1180,76.4382,13.8142,212.4895,0.67,357.20,70.77,76.7670,13.8258,211.5452,0.67,357.20,70.77,250.0508,11.9479,279.8934,0.00,100.00,182.49,-11.62,182.49,11.62,12.67
53.65,185.82,77.0658,10.8587,212.0284,11.12,100.00,70.50,3.15,107.41,355.85,0.28,77.1929,13.8940,211.9969,77.0732,13.8761,212.3678,2.72,356.85,70.50,77.4042,13.9235,211.4253,2.72,356.85,70.50,250.0508,11.9479,279.8934,0.00,100.00,182.49,-11.62,182.49,11.62,12.67
53.71,185.26,77.7570,10.9078,211.8116,11.69,100.00,70.26,3.29,107.38,355.78,0.12,77.8780,13.9432,211.7728,77.7568,13.9259,212.1432,2.64,356.71,70.26,78.0917,13.9718,211.2021,2.64,356.71,70.26,250.0508,11.9479,279.8934,0.00,100.00,182.49,-11.62,182.49,11.62,12.67
53.78,184.72,78.4236,10.9470,211.6030,10.54,100.00,70.04,2.99,107.35,356.10,0.18,78.5619,13.9817,211.5626,78.4391,13.9652,211.9325,2.51,357.01,70.04,78.7780,14.0089,210.9927,2.51,357.01,70.04,250.0508,11.9479,279.8934,0.00,100.00,182.49,-11.62,182.49,11.62,12.67
53.84,184.13,79.1467,11.0028,211.3771,12.11,100.00,70.00,2.99,107.30,354.99,1.65,79.2516,14.0387,211.4282,79.1295,14.0096,211.7976,4.35,357.01,70.00,79.4667,14.0854,210.8592,4.35,357.01,70.00,250.0508,11.9479,279.8934,0.00,100.00,182.49,-11.62,182.49,11.62,12.67
53.91,183.58,79.8201,11.0492,211.1674,10.82,100.00,70.03,2.69,107.32,355.72,1.18,79.9548,14.0843,211.1833,79.8323,14.0607,211.5529,3.53,357.31,70.03,80.1705,14.1223,210.6138,3.53,357.31,70.03,250.0508,11.9479,279.8934,0.00,100.00,182.49,-11.62,182.49,11.62,12.67
53.97,183.02,80.5118,11.1401,210.9517,11.71,100.00,70.03,2.59,107.30,355.19,2.06,80.6331,14.1750,211.0199,80.5111,14.1446,211.3892,4.55,357.41,70.03,80.8481,14.2238,210.4511,4.55,357.41,70.03,250.0508,11.9479,279.8934,0.00,100.00,182.49,-11.62,182.49,11.62,12.67
54.04,182.48,81.1810,11.1859,210.7433,10.70,100.00,70.02,2.55,107.25,354.48,3.05,81.2824,14.2196,210.8727,81.1608,14.1808,211.2413,5.77,357.45,70.02,81.4966,14.2812,210.3048,5.77,357.45,70.02,250.0508,11.9479,279.8934,0.00,100.00,182.49,-11.62,182.49,11.62,12.67
54.10,181.91,81.8941,11.2433,210.5218,11.57,100.00,69.85,2.10,107.27,355.20,2.81,82.0282,14.2766,210.6277,81.9050,14.2420,210.9962,5.14,357.90,69.85,82.2451,14.3316,210.0601,5.14,357.90,69.85,250.0508,11.9479,279.8934,0.00,100.00,182.49,-11.62,182.49,11.62,12.67
54.17,181.33,82.6080,11.3011,210.2999,11.54,100.00,69.62,2.08,107.22,354.82,3.32,82.7308,14.3336,210.4372,82.6064,14.2947,210.8049,5.78,357.92,69.62,82.9494,14.3954,209.8710,5.78,357.92,69.62,250.0508,11.9479,279.8934,0.00,100.00,182.49,-11.62,182.49,11.62,12.67
54.23,180.75,83.3334,11.3716,210.0751,12.76,100.00,69.44,1.69,107.16,354.44,4.42,83.4540,14.4008,210.2741,83.3287,14.3543,210.6406,6.90,358.31,69.44,83.6739,14.4743,209.7098,6.90,358.31,69.44,250.0508,11.9479,279.8934,0.00,100.00,182.49,-11.62,182.49,11.62,12.67
54.29,180.22,83.9924,11.4350,209.8716,11.43,100.00,69.27,1.51,107.19,354.89,4.09,84.1308,14.4649,210.0469,84.0041,14.4220,210.4133,6.37,358.49,69.27,84.3531,14.5328,209.4828,6.37,358.49,69.27,250.0508,11.9479,279.8934,0.00,100.00,182.49,-11.62,182.49,11.62,12.67
54.35,179.69,84.6521,11.5350,209.6675,11.08,100.00,69.29,1.38,107.08,353.59,5.99,84.7543,14.5575,209.9582,84.6287,14.4990,210.3229,8.66,358.62,69.29,84.9749,14.6495,209.3969,8.66,358.62,69.29,250.0508,11.9479,279.8934,0.00,100.00,182.49,-11.62,182.49,11.62,12.67
54.41,179.15,85.3277,11.6005,209.4599,11.33,100.00,69.32,1.16,107.11,353.86,6.00,85.4441,14.6228,209.7466,85.3184,14.5654,210.1114,8.49,358.84,69.32,85.6648,14.7131,209.1850,8.49,358.84,69.32,250.0508,11.9479,279.8934,0.00,100.00,182.49,-11.62,182.49,11.62,12.67
54.48,178.62,85.9911,11.6667,209.2558,11.17,100.00,69.18,0.85,107.09,353.73,6.63,86.1108,14.6855,209.5759,85.9841,14.6242,209.9398,9.07,359.15,69.18,86.3329,14.7819,209.0159,9.07,359.15,69.18,250.0508,11.9479,279.8934,0.00,100.00,182.49,-11.62,182.49,11.62,12.67
54.54,178.09,86.6607,11.7455,209.0498,11.74,100.00,69.10,0.07,107.07,353.73,7.86,86.8000,14.7563,209.4312,86.6724,14.6884,209.7936,10.04,359.93,69.10,87.0235,14.8627,208.8736,10.04,359.93,69.10,250.0508,11.9479,279.8934,0.00,100.00,182.49,-11.62,182.49,11.62,12.67
54.59,177.57,87.3132,11.8193,208.8495,11.65,100.00,68.84,0.00,107.05,353.78,7.83,87.4547,14.8303,209.2290,87.3253,14.7627,209.5909,9.99,0.00,68.84,87.6809,14.9361,208.6724,9.99,0.00,68.84,250.0508,11.9479,279.8934,0.00,100.00,182.49,-11.62,182.49,11.62,12.67
54.65,177.05,87.9618,11.8937,208.6505,11.44,100.00,68.59,-0.11,106.96,353.22,8.66,88.0877,14.8987,209.0799,87.9571,14.8244,209.4399,10.98,0.11,68.59,88.3158,15.0149,208.5261,10.98,0.11,68.59,250.0508,11.9479,279.8934,0.00,100.00,182.49,-11.62,182.49,11.62,12.67
54.71,176.53,88.6259,11.9775,208.4480,11.87,100.00,68.55,0.05,106.86,352.67,9.09,88.7303,14.9790,208.9070,88.6000,14.9002,209.2662,11.65,359.95,68.55,88.9581,15.1022,208.3546,11.65,359.95,68.55,250.0508,11.9479,279.8934,0.00,100.00,182.49,-11.62,182.49,11.62,12.67
54.77,176.00,89.2894,12.0607,208.2469,11.71,100.00,68.58,-0.11,106.91,352.98,8.95,89.4076,15.0634,208.6947,89.2771,14.9865,209.0542,11.36,0.11,68.58,89.6355,15.1835,208.1416,11.36,0.11,68.58,250.0508,11.9479,279.8934,0.00,100.00,182.49,-11.62,182.49,11.62,12.67
54.83,175.47,89.9693,12.1431,208.0401,11.84,100.00,68.47,-0.74,106.95,353.18,9.64,90.1090,15.1401,208.5184,89.9772,15.0605,208.8769,11.76,0.74,68.47,90.3390,15.2643,207.9672,11.76,0.74,68.47,250.0508,11.9479,279.8934,0.00,100.00,182.49,-11.62,182.49,11.62,12.67
54.89,174.92,90.6670,12.2394,207.8275,12.16,100.00,68.21,-0.65,106.79,352.28,10.56,90.7752,15.2276,208.3652,90.6425,15.1396,208.7213,13.03,0.65,68.21,91.0065,15.3651,207.8177,13.03,0.65,68.21,250.0508,11.9479,279.8934,0.00,100.00,182.49,-11.62,182.49,11.62,12.67
54.95,174.36,91.3733,12.3358,207.6144,12.19,100.00,68.32,-1.14,106.90,352.82,10.66,91.5110,15.3234,208.1487,91.3782,15.2370,208.5052,12.78,1.14,68.32,91.7425,15.4581,207.6005,12.78,1.14,68.32,250.0508,11.9479,279.8934,0.00,100.00,182.49,-11.62,182.49,11.62,12.67
55.01,173.81,92.0774,12.4326,207.4005,12.69,100.00,68.28,-0.93,106.86,352.64,10.55,92.2041,15.4211,207.9324,92.0713,15.3345,208.2889,12.81,0.93,68.28,92.4356,15.5562,207.3844,12.81,0.93,68.28,250.0508,11.9479,279.8934,0.00,100.00,182.49,-11.62,182.49,11.62,12.67
55.07,173.29,92.7441,12.5341,207.1984,11.66,100.00,68.04,-1.32,106.79,352.29,11.51,92.8679,15.5129,207.7828,92.7336,15.4199,208.1371,13.76,1.32,68.04,93.1018,15.6577,207.2383,13.76,1.32,68.04,250.0508,11.9479,279.8934,0.00,100.00,182.49,-11.62,182.49,11.62,12.67
55.13,172.75,93.4397,12.6354,206.9884,12.10,100.00,67.67,-0.84,106.72,351.58,11.51,93.5274,15.6133,207.5839,93.3917,15.5175,207.9368,14.21,0.84,67.67,93.7633,15.7629,207.0415,14.21,0.84,67.67,250.0508,11.9479,279.8934,0.00,100.00,182.49,-11.62,182.49,11.62,12.67
55.19,172.20,94.1455,12.7500,206.7764,12.73,100.00,67.93,-1.56,106.86,351.85,12.32,94.2616,15.7197,207.4069,94.1266,15.6208,207.7593,14.66,1.56,67.93,94.4965,15.8737,206.8653,14.66,1.56,67.93,250.0508,11.9479,279.8934,0.00,100.00,182.49,-11.62,182.49,11.62,12.67
55.25,171.67,94.8354,12.8596,206.5673,11.88,100.00,68.03,-1.84,106.88,351.81,12.81,94.9578,15.8237,207.2223,94.8232,15.7221,207.5741,15.06,1.84,68.03,95.1921,15.9818,206.6816,15.06,1.84,68.03,250.0508,11.9479,279.8934,0.00,100.00,182.49,-11.62,182.49,11.62,12.67
55.31,171.10,95.5662,12.9879,206.3455,13.24,100.00,67.68,-1.55,106.86,351.58,12.51,95.6722,15.9551,206.9894,95.5359,15.8542,207.3407,14.96,1.55,67.68,95.9093,16.1123,206.4497,14.96,1.55,67.68,250.0508,11.9479,279.8934,0.00,100.00,182.49,-11.62,182.49,11.62,12.67
55.37,170.56,96.2703,13.0999,206.1322,12.01,100.00,67.59,-2.21,106.91,351.54,13.49,96.3910,16.0557,206.8241,96.2533,15.9497,207.1734,15.73,2.21,67.59,96.6300,16.2206,206.2876,15.73,2.21,67.59,250.0508,11.9479,279.8934,0.00,100.00,182.49,-11.62,182.49,11.62,12.67
55.44,169.98,97.0243,13.2268,205.9030,13.00,100.00,67.32,-2.10,106.88,351.21,13.60,97.1300,16.1808,206.6053,96.9910,16.0729,206.9535,16.02,2.10,67.32,97.3710,16.3486,206.0706,16.02,2.10,67.32,250.0508,11.9479,279.8934,0.00,100.00,182.49,-11.62,182.49,11.62,12.67
55.50,169.40,97.7796,13.3530,205.6737,13.45,100.00,67.06,-2.16,106.89,351.17,13.61,97.8838,16.3068,206.3771,97.7432,16.1987,206.7246,16.04,2.16,67.06,98.1273,16.4748,205.8436,16.04,2.16,67.06,250.0508,11.9479,279.8934,0.00,100.00,182.49,-11.62,182.49,11.62,12.67
55.55,168.84,98.5185,13.4752,205.4493,13.43,100.00,67.19,-2.55,106.95,351.34,14.04,98.6386,16.4239,206.1708,98.4982,16.3144,206.5179,16.25,2.55,67.19,98.8819,16.5941,205.6378,16.25,2.55,67.19,250.0508,11.9479,279.8934,0.00,100.00,182.49,-11.62,182.49,11.62,12.67
55.61,168.28,99.2500,13.5859,205.2264,12.80,100.00,67.10,-2.23,106.91,351.16,13.73,99.3561,16.5381,205.9359,99.2157,16.4294,206.2833,16.14,2.23,67.10,99.5994,16.7071,205.4026,16.14,2.23,67.10,250.0508,11.9479,279.8934,0.00,100.00,182.49,-11.62,182.49,11.62,12.67
55.67,167.70,100.0166,13.7056,204.9934,13.61,100.00,67.04,-3.17,107.13,352.04,14.01,100.1734,16.6556,205.7025,100.0308,16.5492,206.0497,15.77,3.17,67.04,100.4200,16.8205,205.1694,15.77,3.17,67.04,250.0508,11.9479,279.8934,0.00,100.00,182.49,-11.62,182.49,11.62,12.67
55.73,167.12,100.7816,13.8059,204.7576,13.24,100.00,66.83,-3.58,107.30,352.65,13.80,100.9668,16.7590,205.4468,100.8220,16.6563,205.7942,15.20,3.58,66.83,101.2167,16.9179,204.9134,15.20,3.58,66.83,250.0508,11.9479,279.8934,0.00,100.00,182.49,-11.62,182.49,11.62,12.67
55.79,166.53,101.5734,13.9091,204.5108,14.50,100.00,66.98,-4.08,107.41,352.99,14.17,101.7827,16.8577,205.2124,101.6381,16.7546,205.5597,15.26,4.08,66.98,102.0325,17.0171,204.6791,15.26,4.08,66.98,250.0508,11.9479,279.8934,0.00,100.00,182.49,-11.62,182.49,11.62,12.67
55.85,165.97,102.3151,13.9622,204.2783,13.40,100.00,67.19,-4.84,107.74,354.32,13.79,102.5872,16.9150,204.9392,102.4423,16.8195,205.2886,14.10,4.84,67.19,102.8373,17.0622,204.4026,14.10,4.84,67.19,250.0508,11.9479,279.8934,0.00,100.00,182.49,-11.62,182.49,11.62,12.67
55.91,165.43,103.0557,14.0626,204.0413,13.00,100.00,66.80,-4.87,107.97,355.30,12.56,103.3581,17.0286,204.6257,103.2107,16.9437,204.9768,12.49,4.87,66.80,103.6121,17.1592,204.0866,12.49,4.87,66.80,250.0508,11.9479,279.8934,0.00,100.00,182.49,-11.62,182.49,11.62,12.67
55.97,164.85,103.8323,14.0969,203.7894,14.12,100.00,66.44,-5.21,107.99,355.68,12.53,104.1529,17.0625,204.3663,104.0028,16.9796,204.7167,12.19,5.21,66.44,104.4111,17.1898,203.8284,12.19,5.21,66.44,250.0508,11.9479,279.8934,0.00,100.00,182.49,-11.62,182.49,11.62,12.67
56.03,164.30,104.5850,14.1463,203.5450,13.80,100.00,66.47,-5.72,108.25,357.22,11.56,104.9676,17.1179,204.0482,104.8171,17.0466,204.4010,10.43,5.72,66.47,105.2263,17.2268,203.5065,10.43,5.72,66.47,250.0508,11.9479,279.8934,0.00,100.00,182.49,-11.62,182.49,11.62,12.67
56.08,163.75,105.3390,14.1836,203.2964,13.43,100.00,66.34,-5.85,108.16,357.57,11.36,105.7349,17.1559,203.7850,105.5835,17.0872,204.1379,10.05,5.85,66.34,105.9950,17.2609,203.2432,10.05,5.85,66.34,250.0508,11.9479,279.8934,0.00,100.00,182.49,-11.62,182.49,11.62,12.67
56.14,163.18,106.1237,14.2056,203.0390,13.79,100.00,66.29,-6.51,108.15,358.31,11.52,106.5588,17.1731,203.5235,106.4066,17.1069,203.8765,9.68,6.51,66.29,106.8204,17.2738,202.9816,9.68,6.51,66.29,250.0508,11.9479,279.8934,0.00,100.00,182.49,-11.62,182.49,11.62,12.67
56.20,162.59,106.9259,14.2196,202.7760,14.42,100.00,66.23,-6.74,108.30,359.54,10.50,107.4060,17.1910,203.1890,107.2536,17.1354,203.5438,8.08,6.74,66.23,107.6676,17.2750,202.6443,8.08,6.74,66.23,250.0508,11.9479,279.8934,0.00,100.00,182.49,-11.62,182.49,11.62,12.67
56.26,162.02,107.7172,14.2216,202.5143,14.46,100.00,65.80,-6.56,108.29,0.05,9.62,108.2078,17.1980,202.8757,108.0532,17.1493,203.2306,7.04,6.56,65.80,108.4727,17.2711,202.3311,7.04,6.56,65.80,250.0508,11.9479,279.8934,0.00,100.00,182.49,-11.62,182.49,11.62,12.67
56.32,161.46,108.5034,14.2090,202.2544,14.02,100.00,65.44,-6.90,108.37,1.02,9.00,109.0325,17.1841,202.5691,108.8759,17.1431,202.9241,5.89,6.90,65.44,109.3006,17.2450,202.0245,5.89,6.90,65.44,250.0508,11.9479,279.8934,0.00,100.00,182.49,-11.62,182.49,11.62,12.67
56.38,160.88,109.3159,14.1849,201.9846,14.40,100.00,64.92,-6.72,108.35,1.46,8.22,109.8535,17.1629,202.2534,109.6943,17.1283,202.6079,4.96,6.72,64.92,110.1257,17.2142,201.7099,4.96,6.72,64.92,250.0508,11.9479,279.8934,0.00,100.00,182.49,-11.62,182.49,11.62,12.67
56.44,160.29,110.1416,14.1509,201.7108,14.36,100.00,64.34,-6.89,108.33,2.55,7.28,110.7177,17.1269,201.9154,110.5555,17.1022,202.2694,3.47,6.89,64.34,110.9944,17.1623,201.3728,3.47,6.89,64.34,250.0508,11.9479,279.8934,0.00,100.00,182.49,-11.62,182.49,11.62,12.67
56.50,159.68,110.9902,14.1123,201.4297,15.06,100.00,63.88,-6.94,108.19,2.80,7.07,111.5748,17.0875,201.6212,111.4100,17.0653,201.9741,3.11,6.94,63.88,111.8555,17.1191,201.0804,3.11,6.94,63.88,250.0508,11.9479,279.8934,0.00,100.00,182.49,-11.62,182.49,11.62,12.67
56.56,159.09,111.8293,14.0679,201.1541,14.74,100.00,63.43,-6.81,108.11,3.51,6.14,112.4342,17.0421,201.2886,112.2674,17.0280,201.6410,1.91,6.81,63.43,112.7180,17.0610,200.7489,1.91,6.81,63.43,250.0508,11.9479,279.8934,0.00,100.00,182.49,-11.62,182.49,11.62,12.67
56.62,158.49,112.6844,14.0225,200.8744,15.35,100.00,63.02,-6.63,107.98,3.79,5.60,113.2939,16.9970,200.9790,113.1250,16.9871,201.3306,1.30,6.63,63.02,113.5808,17.0096,200.4408,1.30,6.63,63.02,250.0508,11.9479,279.8934,0.00,100.00,182.49,-11.62,182.49,11.62,12.67
56.68,157.90,113.5130,13.9802,200.6055,14.80,100.00,62.77,-5.99,107.86,2.64,5.83,114.0692,16.9638,200.7410,113.8983,16.9476,201.0914,2.25,5.99,62.77,114.3593,16.9866,200.2048,2.25,5.99,62.77,250.0508,11.9479,279.8934,0.00,100.00,182.49,-11.62,182.49,11.62,12.67
56.74,157.32,114.3387,13.9375,200.3394,14.35,100.00,62.50,-5.23,107.83,2.27,5.11,114.8653,16.9278,200.4452,114.6931,16.9135,200.7950,1.98,5.23,62.50,115.1573,16.9479,199.9099,1.98,5.23,62.50,250.0508,11.9479,279.8934,0.00,100.00,182.49,-11.62,182.49,11.62,12.67
56.80,156.74,115.1788,13.9070,200.0692,14.97,100.00,62.26,-4.78,107.74,1.32,5.41,115.6624,16.9032,200.2058,115.4885,16.8831,200.5544,2.85,4.78,62.26,115.9571,16.9326,199.6724,2.85,4.78,62.26,250.0508,11.9479,279.8934,0.00,100.00,182.49,-11.62,182.49,11.62,12.67
56.85,156.17,115.9899,13.8879,199.8098,14.87,100.00,62.04,-4.53,107.73,1.22,5.14,116.4644,16.8861,199.9346,116.2893,16.8669,200.2827,2.72,4.53,62.04,116.7608,16.9141,199.4021,2.72,4.53,62.04,250.0508,11.9479,279.8934,0.00,100.00,182.49,-11.62,182.49,11.62,12.67
56.91,155.62,116.7849,13.8735,199.5556,13.94,100.00,61.75,-4.18,107.63,0.87,4.98,117.2392,16.8749,199.6785,117.0623,16.8549,200.0257,2.84,4.18,61.75,117.5383,16.9043,199.1476,2.84,4.18,61.75,250.0508,11.9479,279.8934,0.00,100.00,182.49,-11.62,182.49,11.62,12.67
56.97,155.04,117.6242,13.8734,199.2888,15.05,100.00,61.48,-4.01,107.46,359.83,5.72,118.0377,16.8780,199.4670,117.8591,16.8495,199.8127,4.10,4.01,61.48,118.3397,16.9208,198.9386,4.10,4.01,61.48,250.0508,11.9479,279.8934,0.00,100.00,182.49,-11.62,182.49,11.62,12.67
57.03,154.47,118.4533,13.8803,199.0281,14.74,100.00,61.19,-3.51,107.35,359.38,5.45,118.8397,16.8889,199.2004,118.6595,16.8596,199.5452,4.22,3.51,61.19,119.1440,16.9330,198.6735,4.22,3.51,61.19,250.0508,11.9479,279.8934,0.00,100.00,182.49,-11.62,182.49,11.62,12.67
57.09,153.89,119.2967,13.9000,198.7646,14.82,100.00,60.86,-2.85,107.16,358.09,5.75,119.6224,16.9134,198.9729,119.4405,16.8766,199.3160,5.34,2.85,60.86,119.9294,16.9696,198.4487,5.34,2.85,60.86,250.0508,11.9479,279.8934,0.00,100.00,182.49,-11.62,182.49,11.62,12.67
57.15,153.30,120.1582,13.8970,198.4986,15.26,100.00,60.60,-3.00,107.11,358.14,5.88,120.4883,16.9095,198.7134,120.3047,16.8723,199.0556,5.39,3.00,60.60,120.7977,16.9662,198.1906,5.39,3.00,60.60,250.0508,11.9479,279.8934,0.00,100.00,182.49,-11.62,182.49,11.62,12.67
57.21,152.71,121.0196,13.9443,198.2335,15.82,100.00,60.48,-2.33,106.94,357.07,5.97,121.2964,16.9605,198.4702,121.1126,16.9178,198.8116,6.23,2.33,60.48,121.6063,17.0263,197.9488,6.23,2.33,60.48,250.0508,11.9479,279.8934,0.00,100.00,182.49,-11.62,182.49,11.62,12.67
57.27,152.15,121.8440,13.9918,197.9824,14.60,100.00,60.50,-2.52,106.89,356.63,6.66,122.1092,17.0055,198.2602,121.9255,16.9575,198.6010,7.02,2.52,60.50,122.4189,17.0796,197.7398,7.02,2.52,60.50,250.0508,11.9479,279.8934,0.00,100.00,182.49,-11.62,182.49,11.62,12.67
57.32,151.58,122.6902,14.0468,197.7254,15.52,100.00,60.26,-2.72,106.93,356.97,6.57,122.9711,17.0600,197.9937,122.7858,17.0140,198.3339,6.71,2.72,60.26,123.2832,17.1307,197.4743,6.71,2.72,60.26,250.0508,11.9479,279.8934,0.00,100.00,182.49,-11.62,182.49,11.62,12.67
57.38,151.03,123.5148,14.0985,197.4744,14.24,100.00,59.96,-2.36,106.86,356.28,6.68,123.7625,17.1131,197.7590,123.5757,17.0634,198.0978,7.27,2.36,59.96,124.0769,17.1899,197.2418,7.27,2.36,59.96,250.0508,11.9479,279.8934,0.00,100.00,182.49,-11.62,182.49,11.62,12.67
57.44,150.43,124.3986,14.1512,197.2065,15.81,100.00,59.70,-2.49,106.85,356.03,7.03,124.6392,17.1643,197.5124,124.4508,17.1118,197.8500,7.68,2.49,59.70,124.9559,17.2453,196.9973,7.68,2.49,59.70,250.0508,11.9479,279.8934,0.00,100.00,182.49,-11.62,182.49,11.62,12.67
57.50,149.86,125.2592,14.2087,196.9458,15.11,100.00,59.44,-2.79,106.94,356.84,6.65,125.5349,17.2218,197.2198,125.3446,17.1751,197.5572,6.81,2.79,59.44,125.8544,17.2936,196.7051,6.81,2.79,59.44,250.0508,11.9479,279.8934,0.00,100.00,182.49,-11.62,182.49,11.62,12.67
57.56,149.28,126.1446,14.2461,196.6760,15.11,100.00,59.19,-3.00,107.01,357.44,6.34,126.4463,17.2589,196.9248,126.2544,17.2167,197.2618,6.14,3.00,59.19,126.7685,17.3236,196.4108,6.14,3.00,59.19,250.0508,11.9479,279.8934,0.00,100.00,182.49,-11.62,182.49,11.62,12.67
57.62,148.67,127.0643,14.2729,196.3946,15.65,100.00,59.00,-3.78,107.15,358.67,6.24,127.4268,17.2809,196.6189,127.2333,17.2453,196.9558,5.15,3.78,59.00,127.7514,17.3349,196.1052,5.15,3.78,59.00,250.0508,11.9479,279.8934,0.00,100.00,182.49,-11.62,182.49,11.62,12.67
57.69,148.06,127.9952,14.2957,196.1073,16.14,100.00,58.75,-4.20,107.28,359.80,5.77,128.4075,17.3002,196.2893,128.2125,17.2726,196.6261,3.96,4.20,58.75,128.7343,17.3415,195.7758,3.96,4.20,58.75,250.0508,11.9479,279.8934,0.00,100.00,182.49,-11.62,182.49,11.62,12.67
57.74,147.47,128.9171,14.3038,195.8205,16.48,100.00,58.39,-3.71,107.19,359.40,5.45,129.3038,17.3122,195.9937,129.1068,17.2841,196.3293,4.04,3.71,58.39,129.6336,17.3544,195.4823,4.04,3.71,58.39,250.0508,11.9479,279.8934,0.00,100.00,182.49,-11.62,182.49,11.62,12.67
57.80,146.89,129.8197,14.2915,195.5413,15.86,100.00,58.37,-4.47,107.35,1.81,4.35,130.3107,17.2887,195.6204,130.1141,17.2778,195.9572,1.49,4.47,58.37,130.6400,17.3037,195.1070,1.49,4.47,58.37,250.0508,11.9479,279.8934,0.00,100.00,182.49,-11.62,182.49,11.62,12.67
57.86,146.30,130.7439,14.2662,195.2526,16.43,100.00,58.28,-4.04,107.25,1.68,3.90,131.2208,17.2660,195.3121,131.0237,17.2565,195.6487,1.30,4.04,58.28,131.5507,17.2791,194.7991,1.30,4.04,58.28,250.0508,11.9479,279.8934,0.00,100.00,182.49,-11.62,182.49,11.62,12.67
57.92,145.71,131.6664,14.2163,194.9660,15.51,100.00,58.20,-4.18,107.22,2.52,3.35,132.1768,17.2112,194.9848,131.9797,17.2085,195.3215,0.29,4.18,58.20,132.5070,17.2136,194.4718,0.29,4.18,58.20,250.0508,11.9479,279.8934,0.00,100.00,182.49,-11.62,182.49,11.62,12.67
57.98,145.10,132.6334,14.1583,194.6662,17.27,100.00,58.20,-4.25,107.28,3.68,2.43,133.1874,17.1451,194.6207,132.9909,17.1524,194.9576,358.82,4.25,58.20,133.5165,17.1318,194.1071,358.82,4.25,58.20,250.0508,11.9479,279.8934,0.00,100.00,182.49,-11.62,182.49,11.62,12.67
58.04,144.54,133.5341,14.0909,194.3860,15.53,100.00,58.21,-3.78,107.28,3.70,1.80,134.0795,17.0786,194.3080,133.8832,17.0889,194.6450,358.38,3.78,58.21,134.4082,17.0608,193.7944,358.38,3.78,58.21,250.0508,11.9479,279.8934,0.00,100.00,182.49,-11.62,182.49,11.62,12.67
58.11,143.96,134.4770,14.0015,194.0925,16.02,100.00,58.19,-3.43,107.26,4.35,0.76,135.0386,16.9840,193.9527,134.8427,17.0023,194.2895,357.21,3.43,58.19,135.3667,16.9538,193.4392,357.21,3.43,58.19,250.0508,11.9479,279.8934,0.00,100.00,182.49,-11.62,182.49,11.62,12.67
58.16,143.36,135.4433,13.9211,193.7923,17.35,100.00,57.88,-2.78,107.23,4.80,359.53,136.0081,16.8989,193.5841,135.8108,16.9253,193.9196,356.06,2.78,57.88,136.3384,16.8566,193.0729,356.06,2.78,57.88,250.0508,11.9479,279.8934,0.00,100.00,182.49,-11.62,182.49,11.62,12.67
58.23,142.80,136.3636,13.8232,193.5069,15.41,100.00,57.48,-2.53,107.14,5.43,358.70,136.9471,16.7935,193.2479,136.7480,16.8269,193.5817,355.02,2.53,57.48,137.2802,16.7401,192.7396,355.02,2.53,57.48,250.0508,11.9479,279.8934,0.00,100.00,182.49,-11.62,182.49,11.62,12.67
58.29,142.19,137.3601,13.7218,193.1996,17.74,100.00,57.11,-1.78,107.05,5.44,357.75,137.9295,16.6904,192.8935,137.7281,16.7282,193.2255,354.39,1.78,57.11,138.2660,16.6304,192.3882,354.39,1.78,57.11,250.0508,11.9479,279.8934,0.00,100.00,182.49,-11.62,182.49,11.62,12.67
58.35,141.62,138.3050,13.6216,192.9099,16.23,100.00,56.76,-1.01,106.97,5.74,356.53,138.8708,16.5835,192.5392,138.6675,16.6283,192.8691,353.37,1.01,56.76,139.2103,16.5129,192.0372,353.37,1.01,56.76,250.0508,11.9479,279.8934,0.00,100.00,182.49,-11.62,182.49,11.62,12.67
58.41,141.03,139.2922,13.5119,192.6087,16.71,100.00,56.41,0.16,106.93,5.34,355.41,139.8207,16.4739,192.1879,139.6148,16.5217,192.5159,352.96,359.84,56.41,140.1641,16.3993,191.6893,352.96,359.84,56.41,250.0508,11.9479,279.8934,0.00,100.00,182.49,-11.62,182.49,11.62,12.67
58.47,140.42,140.3036,13.4107,192.3009,17.96,100.00,56.03,0.56,106.85,5.78,354.60,140.8419,16.3640,191.8335,140.6339,16.4176,192.1592,352.11,359.44,56.03,141.1885,16.2804,191.3385,352.11,359.44,56.03,250.0508,11.9479,279.8934,0.00,100.00,182.49,-11.62,182.49,11.62,12.67
58.53,139.85,141.2743,13.3057,192.0069,17.00,100.00,55.68,1.27,106.78,6.17,353.43,141.8142,16.2481,191.4764,141.6041,16.3087,191.7995,351.09,358.73,55.68,142.1640,16.1538,190.9855,351.09,358.73,55.68,250.0508,11.9479,279.8934,0.00,100.00,182.49,-11.62,182.49,11.62,12.67
58.59,139.27,142.2664,13.2297,191.7078,16.69,100.00,55.30,1.82,106.78,5.90,353.03,142.7867,16.1726,191.1612,142.5740,16.2335,191.4825,351.06,358.18,55.30,143.1405,16.0782,190.6732,351.06,358.18,55.30,250.0508,11.9479,279.8934,0.00,100.00,182.49,-11.62,182.49,11.62,12.67
58.66,138.66,143.3058,13.1109,191.3944,17.09,100.00,54.95,2.61,106.77,5.73,352.24,143.8052,16.0504,190.8109,143.5900,16.1136,191.1301,350.72,357.39,54.95,144.1628,15.9526,190.3264,350.72,357.39,54.95,250.0508,11.9479,279.8934,0.00,100.00,182.49,-11.62,182.49,11.62,12.67
58.72,138.05,144.3820,13.0029,191.0700,18.38,100.00,54.54,2.84,106.76,5.70,352.06,144.8773,15.9414,190.4781,144.6596,16.0051,190.7956,350.65,357.16,54.54,145.2386,15.8430,189.9965,350.65,357.16,54.54,250.0508,11.9479,279.8934,0.00,100.00,182.49,-11.62,182.49,11.62,12.67
58.78,137.45,145.4255,12.8963,190.7558,17.57,100.00,54.18,3.35,106.71,5.88,351.36,145.9195,15.8273,190.1271,145.6996,15.8948,190.4422,350.11,356.65,54.18,146.2842,15.7233,189.6492,350.11,356.65,54.18,250.0508,11.9479,279.8934,0.00,100.00,182.49,-11.62,182.49,11.62,12.67
58.84,136.85,146.4926,12.7921,190.4355,18.48,100.00,53.78,3.67,106.79,5.08,351.66,146.9506,15.7344,189.8328,146.7279,15.7962,190.1471,350.96,356.33,53.78,147.3195,15.6394,189.3563,350.96,356.33,53.78,250.0508,11.9479,279.8934,0.00,100.00,182.49,-11.62,182.49,11.62,12.67
58.90,136.27,147.5386,12.6873,190.1199,17.06,100.00,53.30,3.65,106.85,4.37,352.29,147.9709,15.6417,189.5585,147.7453,15.6969,189.8720,351.93,356.35,53.30,148.3442,15.5568,189.0835,351.93,356.35,53.30,250.0508,11.9479,279.8934,0.00,100.00,182.49,-11.62,182.49,11.62,12.67
58.97,135.65,148.6600,12.5905,189.7802,18.17,100.00,52.78,3.36,106.73,4.97,352.29,149.1231,15.5386,189.2111,148.8951,15.5969,189.5222,351.47,356.64,52.78,149.5002,15.4489,188.7400,351.47,356.64,52.78,250.0508,11.9479,279.8934,0.00,100.00,182.49,-11.62,182.49,11.62,12.67
59.03,135.03,149.7973,12.5334,189.4383,19.07,100.00,52.72,3.19,106.81,4.04,353.17,150.2277,15.4970,188.9262,149.9991,15.5467,189.2384,352.74,356.81,52.72,150.6056,15.4205,188.4534,352.74,356.81,52.72,250.0508,11.9479,279.8934,0.00,100.00,182.49,-11.62,182.49,11.62,12.67
59.10,134.44,150.8975,12.4521,189.1058,17.78,100.00,52.68,3.53,106.84,3.17,353.39,151.2877,15.4253,188.6176,151.0585,15.4694,188.9303,353.58,356.47,52.68,151.6664,15.3578,188.1441,353.58,356.47,52.68,250.0508,11.9479,279.8934,0.00,100.00,182.49,-11.62,182.49,11.62,12.67
59.16,133.83,152.0415,12.3926,188.7595,18.50,100.00,52.17,3.56,106.89,2.01,354.23,152.3866,15.3804,188.3303,152.1546,15.4147,188.6420,355.04,356.44,52.17,152.7698,15.3283,187.8584,355.04,356.44,52.17,250.0508,11.9479,279.8934,0.00,100.00,182.49,-11.62,182.49,11.62,12.67
59.22,133.24,153.1748,12.3531,188.4153,18.67,100.00,51.77,3.93,106.99,0.99,354.54,153.4730,15.3501,188.0165,153.2386,15.3774,188.3272,356.08,356.07,51.77,153.8597,15.3092,187.5464,356.08,356.07,51.77,250.0508,11.9479,279.8934,0.00,100.00,182.49,-11.62,182.49,11.62,12.67
59.29,132.68,154.2775,12.3402,188.0782,18.09,100.00,51.33,4.03,107.02,0.78,354.61,154.5659,15.3390,187.6859,154.3291,15.3647,187.9949,356.32,355.97,51.33,154.9562,15.3007,187.2186,356.32,355.97,51.33,250.0508,11.9479,279.8934,0.00,100.00,182.49,-11.62,182.49,11.62,12.67
59.35,132.11,155.3936,12.3788,187.7367,18.03,100.00,50.84,5.14,107.17,358.17,355.05,155.5568,15.3945,187.4061,155.3177,15.4037,187.7143,358.78,354.86,50.84,155.9505,15.3824,186.9403,358.78,354.86,50.84,250.0508,11.9479,279.8934,0.00,100.00,182.49,-11.62,182.49,11.62,12.67
59.41,131.55,156.5285,12.4302,187.3861,19.22,100.00,50.77,6.29,107.19,356.97,354.46,156.6222,15.4476,187.0448,156.3830,15.4524,187.3530,359.46,353.71,50.77,157.0161,15.4429,186.5790,359.46,353.71,50.77,250.0508,11.9479,279.8934,0.00,100.00,182.49,-11.62,182.49,11.62,12.67
59.48,131.02,157.6023,12.4999,187.0539,17.91,100.00,50.77,6.64,107.30,355.84,354.79,157.6438,15.5221,186.7467,157.4052,15.5193,187.0554,0.58,353.36,50.77,158.0366,15.5295,186.2800,0.58,353.36,50.77,250.0508,11.9479,279.8934,0.00,100.00,182.49,-11.62,182.49,11.62,12.67
59.54,130.50,158.6822,12.5962,186.7176,18.62,100.00,50.77,6.93,107.31,355.70,354.53,158.7125,15.6174,186.3995,158.4739,15.6149,186.7082,0.56,353.07,50.77,159.1053,15.6245,185.9328,0.56,353.07,50.77,250.0508,11.9479,279.8934,0.00,100.00,182.49,-11.62,182.49,11.62,12.67
59.60,130.01,159.7209,12.7057,186.3939,17.76,100.00,50.74,7.84,107.52,353.33,355.01,159.6383,15.7318,186.1371,159.4015,15.7142,186.4466,2.81,352.16,50.74,160.0284,15.7628,185.6690,2.81,352.16,50.74,250.0508,11.9479,279.8934,0.00,100.00,182.49,-11.62,182.49,11.62,12.67
59.66,129.53,160.7554,12.8210,186.0672,17.14,100.00,50.39,7.85,107.53,353.22,355.04,160.6678,15.8473,185.8140,160.4292,15.8286,186.1221,2.97,352.15,50.39,161.0605,15.8800,185.3483,2.97,352.15,50.39,250.0508,11.9479,279.8934,0.00,100.00,182.49,-11.62,182.49,11.62,12.67
59.73,129.05,161.8157,12.9385,185.7322,17.25,100.00,50.06,7.36,107.52,353.40,355.49,161.7440,15.9667,185.4988,161.5036,15.9470,185.8055,3.11,352.64,50.06,162.1394,16.0009,185.0355,3.11,352.64,50.06,250.0508,11.9479,279.8934,0.00,100.00,182.49,-11.62,182.49,11.62,12.67
59.79,128.57,162.8861,13.0643,185.3943,18.68,100.00,49.89,6.75,107.50,353.67,356.03,162.8361,16.0947,185.1836,162.5948,16.0743,185.4894,3.20,353.25,49.89,163.2331,16.1297,184.7216,3.20,353.25,49.89,250.0508,11.9479,279.8934,0.00,100.00,182.49,-11.62,182.49,11.62,12.67
59.85,128.13,163.8791,13.2056,185.0813,16.72,100.00,49.23,6.61,107.08,353.23,356.47,163.8149,16.2375,184.8991,163.5706,16.2128,185.2022,3.83,353.39,49.23,164.2163,16.2792,184.4415,3.83,353.39,49.23,250.0508,11.9479,279.8934,0.00,100.00,182.49,-11.62,182.49,11.62,12.67
59.91,127.67,164.9054,13.3046,184.7660,17.83,100.00,48.97,5.08,106.55,354.28,357.63,164.9133,16.3395,184.6261,164.6669,16.3163,184.9277,3.55,354.92,48.97,165.3180,16.3780,184.1712,3.55,354.92,48.97,250.0508,11.9479,279.8934,0.00,100.00,182.49,-11.62,182.49,11.62,12.67
59.97,127.24,165.8926,13.3870,184.4726,16.82,100.00,48.36,3.93,105.73,355.49,358.23,165.9727,16.4214,184.3459,165.7224,16.4028,184.6445,2.84,356.07,48.36,166.3835,16.4523,183.8958,2.84,356.07,48.36,250.0508,11.9479,279.8934,0.00,100.00,182.49,-11.62,182.49,11.62,12.67
60.03,126.79,166.8955,13.4286,184.1901,18.41,100.00,47.61,3.09,104.92,356.16,358.80,167.0194,16.4623,184.0844,166.7648,16.4453,184.3795,2.58,356.91,47.61,167.4365,16.4903,183.6400,2.58,356.91,47.61,250.0508,11.9479,279.8934,0.00,100.00,182.49,-11.62,182.49,11.62,12.67
60.09,126.44,167.6702,13.4829,183.9837,13.94,100.00,47.67,1.76,104.91,356.95,359.87,167.8492,16.5151,183.9218,167.5946,16.4984,184.2169,2.49,358.24,47.67,168.2664,16.5419,183.4775,2.49,358.24,47.67,250.0508,11.9479,279.8934,0.00,100.00,182.49,-11.62,182.49,11.62,12.67
60.14,126.16,168.2991,13.5159,183.8162,11.77,100.00,47.05,1.41,104.91,357.56,359.87,168.5091,16.5460,183.7457,168.2511,16.5326,184.0381,1.99,358.59,47.05,168.9314,16.5674,183.3060,1.99,358.59,47.05,250.0508,11.9479,279.8934,0.00,100.00,182.49,-11.62,182.49,11.62,12.67
60.20,125.90,168.8958,13.5348,183.6573,10.65,100.00,46.44,-0.42,104.92,359.20,0.99,169.2047,16.5570,183.6215,168.9432,16.5488,183.9109,1.20,0.42,46.44,169.6323,16.5697,183.1866,1.20,0.42,46.44,250.0508,11.9479,279.8934,0.00,100.00,182.49,-11.62,182.49,11.62,12.67
60.26,125.63,169.5139,13.5475,183.4926,11.12,100.00,45.86,-2.05,104.94,359.96,2.42,169.8807,16.5632,183.5191,169.6161,16.5542,183.8057,1.28,2.05,45.86,170.3129,16.5765,183.0888,1.28,2.05,45.86,250.0508,11.9479,279.8934,0.00,100.00,182.49,-11.62,182.49,11.62,12.67
60.31,125.36,170.1243,13.5546,183.3297,11.32,100.00,42.97,-2.21,102.66,0.31,2.38,170.5072,16.5683,183.3647,170.2285,16.5616,183.6376,0.93,2.21,42.97,170.9606,16.5778,182.9566,0.93,2.21,42.97,250.0508,11.9479,279.8934,0.00,100.00,182.49,-11.62,182.49,11.62,12.67
60.37,125.09,170.7195,13.5473,183.1961,10.86,100.00,40.74,-2.93,100.47,1.47,2.53,171.1626,16.5526,183.2426,170.8736,16.5520,183.5047,0.01,2.93,40.74,171.6313,16.5521,182.8521,0.01,2.93,40.74,250.0508,11.9479,279.8934,0.00,100.00,182.49,-11.62,182.49,11.62,12.67
60.43,124.79,171.3202,13.5222,183.0851,10.12,100.00,38.49,-3.61,98.23,1.70,3.18,171.7778,16.5241,183.1812,171.4787,16.5225,183.4317,0.14,3.61,38.49,172.2615,16.5249,182.8094,0.14,3.61,38.49,250.0508,11.9479,279.8934,0.00,100.00,182.49,-11.62,182.49,11.62,12.67
60.49,124.46,171.9672,13.4567,182.9915,11.38,100.00,38.07,-4.69,95.87,2.65,3.88,172.4734,16.4488,183.1376,172.1726,16.4491,183.3860,359.83,4.69,38.07,172.9596,16.4462,182.7691,359.83,4.69,38.07,250.0508,11.9479,279.8934,0.00,100.00,182.49,-11.62,182.49,11.62,12.67
60.55,124.12,172.5855,13.4135,182.9279,10.51,100.00,37.80,-6.01,93.68,4.54,4.18,173.1850,16.3867,183.1029,172.8836,16.3951,183.3505,358.60,6.01,37.80,173.6720,16.3709,182.7358,358.60,6.01,37.80,250.0508,11.9479,279.8934,0.00,100.00,182.49,-11.62,182.49,11.62,12.67
60.61,123.76,173.2181,13.3478,182.8872,10.52,100.00,37.69,-7.32,91.37,5.41,5.11,173.8558,16.3080,183.1340,173.5540,16.3155,183.3811,358.69,7.32,37.69,174.3434,16.2929,182.7676,358.69,7.32,37.69,250.0508,11.9479,279.8934,0.00,100.00,182.49,-11.62,182.49,11.62,12.67
60.67,123.37,173.8619,13.2709,182.8719,11.04,100.00,37.45,-8.81,89.02,6.47,6.12,174.5425,16.2137,183.1982,174.2397,16.2205,183.4442,358.76,8.81,37.45,175.0314,16.1992,182.8336,358.76,8.81,37.45,250.0508,11.9479,279.8934,0.00,100.00,182.49,-11.62,182.49,11.62,12.67
60.73,122.98,174.4819,13.2088,182.8825,9.78,100.00,35.05,-10.20,86.89,8.82,6.02,175.2701,16.1216,183.2355,174.9591,16.1410,183.4702,356.84,10.20,35.05,175.7709,16.0868,182.8889,356.84,10.20,35.05,250.0508,11.9479,279.8934,0.00,100.00,182.49,-11.62,182.49,11.62,12.67
60.79,122.54,175.1402,13.1002,182.9182,11.05,100.00,35.06,-10.57,86.95,9.41,6.03,175.9587,16.0045,183.2722,175.6483,16.0269,183.5075,356.38,10.57,35.06,176.4586,15.9648,182.9248,356.38,10.57,35.06,250.0508,11.9479,279.8934,0.00,100.00,182.49,-11.62,182.49,11.62,12.67
60.86,122.14,175.7550,12.9763,182.9509,9.62,100.00,34.96,-11.97,87.12,10.92,6.64,176.6485,15.8541,183.3384,176.3390,15.8817,183.5744,355.54,11.97,34.96,177.1469,15.8057,182.9900,355.54,11.97,34.96,250.0508,11.9479,279.8934,0.00,100.00,182.49,-11.62,182.49,11.62,12.67
60.92,121.72,176.4122,12.8318,182.9840,10.70,100.00,32.18,-13.08,84.57,11.97,7.25,177.3358,15.6889,183.4471,177.0161,15.7193,183.6687,355.07,13.08,32.18,177.8490,15.6355,183.1216,355.07,13.08,32.18,250.0508,11.9479,279.8934,0.00,100.00,182.49,-11.62,182.49,11.62,12.67
60.99,121.29,177.0383,12.6746,183.0435,9.28,100.00,32.68,-13.89,82.12,13.13,6.99,178.0005,15.5132,183.5401,177.6835,15.5457,183.7653,354.71,13.89,32.68,178.5097,15.4563,183.2090,354.71,13.89,32.68,250.0508,11.9479,279.8934,0.00,100.00,182.49,-11.62,182.49,11.62,12.67
61.06,120.80,177.7223,12.5220,183.1382,10.23,100.00,32.81,-15.24,79.40,14.54,7.16,178.7265,15.3335,183.7017,178.4107,15.3667,183.9284,354.53,15.24,32.81,179.2338,15.2747,183.3680,354.53,15.24,32.81,250.0508,11.9479,279.8934,0.00,100.00,182.49,-11.62,182.49,11.62,12.67
61.12,120.31,178.3858,12.3305,183.2624,10.93,100.00,33.08,-15.89,76.63,15.40,6.79,179.4076,15.1275,183.8647,179.0931,15.1608,184.0932,354.49,15.89,33.08,179.9128,15.0684,183.5279,354.49,15.89,33.08,250.0508,11.9479,279.8934,0.00,100.00,182.49,-11.62,182.49,11.62,12.67
61.19,119.83,178.9900,12.1434,183.4060,10.00,100.00,33.52,-17.31,74.07,16.46,7.32,180.0250,14.9157,184.0942,179.7118,14.9447,184.3250,355.07,17.31,33.52,180.5283,14.8627,183.7535,355.07,17.31,33.52,250.0508,11.9479,279.8934,0.00,100.00,182.49,-11.62,182.49,11.62,12.67
61.25,119.34,179.5872,11.9808,183.5764,9.77,100.00,33.97,-18.08,71.39,16.86,7.68,180.6006,14.7424,184.3358,180.2879,14.7647,184.5680,356.07,18.08,33.97,181.1034,14.6996,183.9929,356.07,18.08,33.97,250.0508,11.9479,279.8934,0.00,100.00,182.49,-11.62,182.49,11.62,12.67
61.32,118.83,180.1783,11.7675,183.7754,9.83,100.00,34.45,-19.00,68.80,18.22,6.96,181.2320,14.5043,184.5691,180.9221,14.5287,184.8047,355.69,19.00,34.45,181.7306,14.4577,184.2205,355.69,19.00,34.45,250.0508,11.9479,279.8934,0.00,100.00,182.49,-11.62,182.49,11.62,12.67
61.39,118.30,180.7638,11.5446,184.0025,10.08,100.00,34.78,-19.30,66.00,18.59,6.53,181.8035,14.2757,184.8333,181.4942,14.2970,185.0701,356.16,19.30,34.78,182.3011,14.2338,184.4827,356.16,19.30,34.78,250.0508,11.9479,279.8934,0.00,100.00,182.49,-11.62,182.49,11.62,12.67
61.45,117.77,181.3253,11.3576,184.2525,9.62,100.00,35.16,-19.87,63.27,19.35,5.89,182.3729,14.0747,185.1188,182.0651,14.0951,185.3577,356.28,19.87,35.16,182.8682,14.0341,184.7650,356.28,19.87,35.16,250.0508,11.9479,279.8934,0.00,100.00,182.49,-11.62,182.49,11.62,12.67
61.52,117.23,181.8738,11.1247,184.5287,10.07,100.00,32.28,-20.37,60.48,19.86,6.00,182.8958,13.8293,185.4620,182.5767,13.8505,185.6854,356.13,20.37,32.28,183.4077,13.7872,185.1328,356.13,20.37,32.28,250.0508,11.9479,279.8934,0.00,100.00,182.49,-11.62,182.49,11.62,12.67
61.58,116.69,182.3911,10.8956,184.8217,9.62,100.00,29.48,-20.44,57.71,20.09,5.74,183.3835,13.5963,185.7972,183.0544,13.6197,186.0055,355.78,20.44,29.48,183.9100,13.5507,185.4923,355.78,20.44,29.48,250.0508,11.9479,279.8934,0.00,100.00,182.49,-11.62,182.49,11.62,12.67
61.65,116.14,182.8978,10.6636,185.1418,9.86,100.00,29.53,-20.78,54.92,20.51,5.19,183.8751,13.3566,186.1530,183.5458,13.3779,186.3611,356.10,20.78,29.53,184.4020,13.3143,185.8484,356.10,20.78,29.53,250.0508,11.9479,279.8934,0.00,100.00,182.49,-11.62,182.49,11.62,12.67
61.72,115.60,183.3711,10.4678,185.4743,9.04,100.00,32.52,-21.30,54.94,20.74,5.58,184.3453,13.1534,186.5080,184.0252,13.1659,186.7306,357.45,21.30,32.52,184.8589,13.1245,186.1799,357.45,21.30,32.52,250.0508,11.9479,279.8934,0.00,100.00,182.49,-11.62,182.49,11.62,12.67
61.79,115.05,183.8528,10.2289,185.8123,9.38,100.00,36.12,-21.77,54.96,20.88,6.35,184.8081,12.9074,186.8815,184.4994,12.9072,187.1200,359.45,21.77,36.12,185.3051,12.8982,186.5276,359.45,21.77,36.12,250.0508,11.9479,279.8934,0.00,100.00,182.49,-11.62,182.49,11.62,12.67
61.85,114.51,184.3268,10.0034,186.1447,9.68,100.00,39.53,-21.45,54.90,20.41,6.89,185.2458,12.6903,187.2245,184.9488,12.6780,187.4772,1.37,21.45,39.53,185.7254,12.7003,186.8476,1.37,21.45,39.53,250.0508,11.9479,279.8934,0.00,100.00,182.49,-11.62,182.49,11.62,12.67
61.92,114.00,184.7691,9.8220,186.4556,8.35,100.00,42.79,-21.45,54.91,20.52,6.84,185.6947,12.5064,187.5363,185.4109,12.4870,187.8033,2.48,21.45,42.79,186.1548,12.5273,187.1362,2.48,21.45,42.79,250.0508,11.9479,279.8934,0.00,100.00,182.49,-11.62,182.49,11.62,12.67
61.98,113.47,185.2365,9.5942,186.7838,9.46,100.00,42.98,-21.95,52.06,21.20,6.75,186.1347,12.2626,187.9251,185.8503,12.2374,188.1910,3.41,21.95,42.98,186.5958,12.2925,187.5267,3.41,21.95,42.98,250.0508,11.9479,279.8934,0.00,100.00,182.49,-11.62,182.49,11.62,12.67
62.05,112.96,185.6608,9.3805,187.1147,8.93,100.00,40.14,-21.34,49.20,20.72,5.87,186.5154,12.0655,188.2509,186.2194,12.0453,188.5042,2.61,21.34,40.14,186.9938,12.0877,187.8729,2.61,21.34,40.14,250.0508,11.9479,279.8934,0.00,100.00,182.49,-11.62,182.49,11.62,12.67
62.11,112.46,186.0607,9.2063,187.4600,8.33,100.00,40.14,-21.21,49.18,20.58,5.89,186.9095,11.8944,188.5932,186.6134,11.8739,188.8464,2.66,21.21,40.14,187.3880,11.9171,188.2154,2.66,21.21,40.14,250.0508,11.9479,279.8934,0.00,100.00,182.49,-11.62,182.49,11.62,12.67
62.18,111.94,186.4654,9.0000,187.8095,8.80,100.00,42.00,-20.88,49.14,20.26,6.58,187.2775,11.6922,188.9597,186.9881,11.6628,189.2196,4.06,20.88,42.00,187.7462,11.7290,188.5709,4.06,20.88,42.00,250.0508,11.9479,279.8934,0.00,100.00,182.49,-11.62,182.49,11.62,12.67
62.25,111.45,186.8533,8.7959,188.1450,8.07,100.00,43.96,-20.69,49.14,20.20,6.70,187.6587,11.4889,189.2980,187.3774,11.4543,189.5660,4.89,20.69,43.96,188.1154,11.5340,188.8960,4.89,20.69,43.96,250.0508,11.9479,279.8934,0.00,100.00,182.49,-11.62,182.49,11.62,12.67
62.31,110.95,187.2527,8.6309,188.4905,8.45,100.00,46.09,-19.99,49.07,19.66,7.23,188.0187,11.3334,189.6480,187.7461,11.2903,189.9238,6.21,19.99,46.09,188.4623,11.3920,189.2334,6.21,19.99,46.09,250.0508,11.9479,279.8934,0.00,100.00,182.49,-11.62,182.49,11.62,12.67
62.38,110.47,187.6333,8.4407,188.8206,7.97,100.00,45.47,-19.32,46.22,19.25,6.57,188.3515,11.1566,189.9771,188.0762,11.1128,190.2501,6.32,19.32,45.47,188.7992,11.2167,189.5671,6.32,19.32,45.47,250.0508,11.9479,279.8934,0.00,100.00,182.49,-11.62,182.49,11.62,12.67
62.45,109.96,188.0072,8.2496,189.1789,8.33,100.00,42.60,-19.43,43.35,19.37,5.23,188.7231,10.9694,190.3279,188.4359,10.9342,190.5895,4.98,19.43,42.60,189.1888,11.0161,189.9364,4.98,19.43,42.60,250.0508,11.9479,279.8934,0.00,100.00,182.49,-11.62,182.49,11.62,12.67
62.51,109.48,188.3486,8.0947,189.5406,7.86,100.00,42.64,-19.88,43.39,19.81,5.12,189.0842,10.8046,190.7006,188.7971,10.7701,190.9625,4.87,19.88,42.64,189.5496,10.8499,190.3087,4.87,19.88,42.64,250.0508,11.9479,279.8934,0.00,100.00,182.49,-11.62,182.49,11.62,12.67
62.58,109.01,188.6826,7.9117,189.8938,7.92,100.00,44.07,-19.13,43.34,19.20,4.89,189.4059,10.6369,191.0251,189.1254,10.6007,191.2939,5.13,19.13,44.07,189.8614,10.6852,190.6222,5.13,19.13,44.07,250.0508,11.9479,279.8934,0.00,100.00,182.49,-11.62,182.49,11.62,12.67
62.65,108.54,189.0115,7.7328,190.2425,7.43,100.00,42.85,-19.13,40.56,19.30,3.93,189.7212,10.4593,191.3795,189.4356,10.4259,191.6431,4.69,19.13,42.85,190.1844,10.5032,190.9849,4.69,19.13,42.85,250.0508,11.9479,279.8934,0.00,100.00,182.49,-11.62,182.49,11.62,12.67
62.72,108.05,189.3358,7.5826,190.6214,7.47,100.00,41.85,-18.43,37.60,18.71,3.30,189.9955,10.3245,191.7514,189.7056,10.2913,192.0103,4.65,18.43,41.85,190.4651,10.3683,191.3645,4.65,18.43,41.85,250.0508,11.9479,279.8934,0.00,100.00,182.49,-11.62,182.49,11.62,12.67
62.78,107.56,189.6426,7.4117,191.0197,8.34,100.00,40.68,-18.21,34.64,18.58,2.67,190.2671,10.1581,192.1588,189.9721,10.1254,192.4120,4.58,18.21,40.68,190.7443,10.2012,191.7812,4.58,18.21,40.68,250.0508,11.9479,279.8934,0.00,100.00,182.49,-11.62,182.49,11.62,12.67
62.85,107.11,189.9019,7.2457,191.3951,7.11,100.00,39.88,-18.24,31.96,18.65,1.85,190.5111,9.9920,192.5427,190.2129,9.9607,192.7922,4.36,18.24,39.88,190.9933,10.0330,192.1711,4.36,18.24,39.88,250.0508,11.9479,279.8934,0.00,100.00,182.49,-11.62,182.49,11.62,12.67
62.92,106.63,190.1588,7.1135,191.8069,7.55,100.00,38.75,-17.00,29.05,17.41,1.10,190.7151,9.8879,192.9129,190.4127,9.8592,193.1577,3.97,17.00,38.75,191.2034,9.9255,192.5490,3.97,17.00,38.75,250.0508,11.9479,279.8934,0.00,100.00,182.49,-11.62,182.49,11.62,12.67
62.98,106.16,190.3887,6.9577,192.2207,7.41,100.00,38.01,-16.37,26.26,16.70,359.99,190.9274,9.7477,193.2958,190.6226,9.7230,193.5381,3.35,16.37,38.01,191.4193,9.7790,192.9363,3.35,16.37,38.01,250.0508,11.9479,279.8934,0.00,100.00,182.49,-11.62,182.49,11.62,12.67
63.05,105.70,190.5990,6.8084,192.6470,7.72,100.00,37.19,-16.30,23.45,16.55,359.14,191.1224,9.6011,193.7225,190.8145,9.5784,193.9610,3.05,16.30,37.19,191.6190,9.6294,193.3692,3.05,16.30,37.19,250.0508,11.9479,279.8934,0.00,100.00,182.49,-11.62,182.49,11.62,12.67
63.12,105.26,190.7794,6.6950,193.0629,6.84,100.00,36.81,-15.89,20.78,15.88,357.75,191.3090,9.4994,194.1044,191.0004,9.4825,194.3424,2.16,15.89,36.81,191.8065,9.5188,193.7518,2.16,15.89,36.81,250.0508,11.9479,279.8934,0.00,100.00,182.49,-11.62,182.49,11.62,12.67
63.18,104.81,190.9489,6.5526,193.5096,7.67,100.00,36.16,-15.22,17.97,15.17,357.45,191.4307,9.3706,194.5378,191.1194,9.3531,194.7722,2.26,15.22,36.16,191.9323,9.3911,194.1910,2.26,15.22,36.16,250.0508,11.9479,279.8934,0.00,100.00,182.49,-11.62,182.49,11.62,12.67
63.25,104.38,191.0884,6.4197,193.9397,7.16,100.00,33.45,-14.70,15.31,14.52,357.09,191.5318,9.2494,194.9527,191.2102,9.2357,195.1732,1.70,14.70,33.45,192.0484,9.2644,194.6285,1.70,14.70,33.45,250.0508,11.9479,279.8934,0.00,100.00,182.49,-11.62,182.49,11.62,12.67
63.31,103.95,191.2089,6.3306,194.3797,6.96,100.00,30.71,-13.99,12.65,13.53,356.34,191.6326,9.1764,195.3552,191.3018,9.1696,195.5618,0.67,13.99,30.71,192.1629,9.1809,195.0535,0.67,13.99,30.71,250.0508,11.9479,279.8934,0.00,100.00,182.49,-11.62,182.49,11.62,12.67
63.38,103.53,191.3098,6.2096,194.8292,7.42,100.00,27.96,-13.77,9.92,13.20,356.03,191.6996,9.0603,195.8049,191.3594,9.0561,195.9959,0.27,13.77,27.96,192.2432,9.0608,195.5280,0.27,13.77,27.96,250.0508,11.9479,279.8934,0.00,100.00,182.49,-11.62,182.49,11.62,12.67
63.45,103.14,191.3857,6.0988,195.2627,6.75,100.00,25.33,-12.51,7.41,11.65,355.33,191.7588,8.9734,196.1723,191.4111,8.9771,196.3492,359.11,12.51,25.33,192.3134,8.9620,195.9183,359.11,12.51,25.33,250.0508,11.9479,279.8934,0.00,100.00,182.49,-11.62,182.49,11.62,12.67
63.51,102.74,191.4450,5.9927,195.7188,7.41,100.00,23.27,-12.41,4.62,12.05,355.87,191.7467,8.8629,196.6680,191.3923,8.8614,196.8312,359.91,12.73,23.27,192.3109,8.8598,196.4358,359.91,12.73,23.27,250.0508,11.9479,279.8934,0.00,100.00,182.49,-11.62,182.49,11.62,12.67
63.58,102.54,191.4641,5.9647,195.9548,3.57,100.00,24.00,-12.13,4.61,12.18,356.11,191.7538,8.8335,196.9120,191.4013,8.8290,197.0790,0.34,12.78,24.00,192.3154,8.8347,196.6735,0.34,12.78,24.00,250.0508,11.9479,279.8934,0.00,100.00,182.49,-11.62,182.49,11.62,12.67
63.64,102.51,191.4665,5.9490,195.9848,0.52,100.00,25.24,-11.49,4.63,11.87,356.13,191.7541,8.8232,196.9264,191.4052,8.8175,197.1008,0.52,12.47,25.24,192.3105,8.8264,196.6762,0.52,12.47,25.24,250.0508,11.9479,279.8934,0.00,100.00,182.49,-11.62,182.49,11.62,12.67
63.71,102.50,191.4680,5.9357,196.0040,0.36,100.00,26.47,-11.12,4.64,11.84,356.13,191.7554,8.8104,196.9439,191.4102,8.8031,197.1255,0.78,12.42,26.47,192.3066,8.8164,196.6824,0.78,12.42,26.47,250.0508,11.9479,279.8934,0.00,100.00,182.49,-11.62,182.49,11.62,12.67
63.77,102.49,191.4688,5.9581,196.0132,0.37,100.00,27.66,-11.10,4.64,11.84,356.13,191.7562,8.8328,196.9531,191.4147,8.8238,197.1414,1.03,12.40,27.66,192.3020,8.8414,196.6807,1.03,12.40,27.66,250.0508,11.9479,279.8934,0.00,100.00,182.49,-11.62,182.49,11.62,12.67
63.84,102.49,191.4688,5.9524,196.0132,0.09,100.00,28.79,-11.08,4.64,11.84,356.13,191.7562,8.8271,196.9531,191.4183,8.8165,197.1478,1.27,12.38,28.79,192.2968,8.8382,196.6705,1.27,12.38,28.79,250.0508,11.9479,279.8934,0.00,100.00,182.49,-11.62,182.49,11.62,12.67
63.90,102.49,191.4688,5.9389,196.0132,0.20,100.00,29.59,-10.72,4.64,11.84,356.13,191.7562,8.8136,196.9531,191.4210,8.8019,197.1523,1.45,12.36,29.59,192.2929,8.8265,196.6633,1.45,12.36,29.59,250.0508,11.9479,279.8934,0.00,100.00,182.49,-11.62,182.49,11.62,12.67
63.97,102.49,191.4688,5.9624,196.0132,0.35,100.00,30.39,-10.37,4.64,11.84,356.13,191.7562,8.8371,196.9531,191.4237,8.8243,197.1567,1.62,12.34,30.39,192.2890,8.8518,196.6563,1.62,12.34,30.39,250.0508,11.9479,279.8934,0.00,100.00,182.49,-11.62,182.49,11.62,12.67
64.04,102.49,191.4688,5.9531,196.0132,0.14,100.00,30.96,-10.02,4.64,11.84,356.13,191.7562,8.8278,196.9531,191.4257,8.8142,197.1598,1.74,12.33,30.96,192.2862,8.8438,196.6512,1.74,12.33,30.96,250.0508,11.9479,279.8934,0.00,100.00,182.49,-11.62,182.49,11.62,12.67
64.10,102.49,191.4688,5.9407,196.0132,0.19,100.00,31.54,-9.67,4.64,11.84,356.13,191.7563,8.8154,196.9531,191.4278,8.8009,197.1630,1.86,12.31,31.54,192.2832,8.8327,196.6460,1.86,12.31,31.54,250.0508,11.9479,279.8934,0.00,100.00,182.49,-11.62,182.49,11.62,12.67
64.17,102.49,191.4688,5.9290,196.0132,0.18,100.00,31.98,-9.32,4.64,11.84,356.13,191.7562,8.8037,196.9531,191.4293,8.7886,197.1654,1.96,12.29,31.98,192.2809,8.8219,196.6422,1.96,12.29,31.98,250.0508,11.9479,279.8934,0.00,100.00,182.49,-11.62,182.49,11.62,12.67
64.24,102.49,191.4688,5.9505,196.0132,0.32,100.00,32.42,-8.97,4.64,11.84,356.13,191.7562,8.8252,196.9531,191.4308,8.8095,197.1678,2.05,12.28,32.42,192.2785,8.8444,196.6384,2.05,12.28,32.42,250.0508,11.9479,279.8934,0.00,100.00,182.49,-11.62,182.49,11.62,12.67
64.30,102.49,191.4688,5.9407,196.0132,0.15,100.00,32.73,-8.63,4.64,11.84,356.13,191.7562,8.8154,196.9531,191.4320,8.7992,197.1695,2.12,12.27,32.73,192.2769,8.8353,196.6357,2.12,12.27,32.73,250.0508,11.9479,279.8934,0.00,100.00,182.49,-11.62,182.49,11.62,12.67
64.37,102.49,191.4688,5.9289,196.0132,0.18,100.00,33.06,-8.29,4.64,11.84,356.13,191.7562,8.8036,196.9531,191.4332,8.7869,197.1712,2.18,12.25,33.06,192.2751,8.8242,196.6329,2.18,12.25,33.06,250.0508,11.9479,279.8934,0.00,100.00,182.49,-11.62,182.49,11.62,12.67
64.44,102.49,191.4688,5.9482,196.0131,0.28,100.00,33.34,-8.28,4.64,11.84,356.13,191.7562,8.8229,196.9530,191.4342,8.8059,197.1727,2.24,12.24,33.34,192.2736,8.8442,196.6304,2.24,12.24,33.34,250.0508,11.9479,279.8934,0.00,100.00,182.49,-11.62,182.49,11.62,12.67
64.50,102.49,191.4688,5.9423,196.0131,0.09,100.00,33.60,-8.27,4.64,11.84,356.13,191.7562,8.8170,196.9530,191.4352,8.7996,197.1741,2.30,12.23,33.60,192.2722,8.8388,196.6282,2.30,12.23,33.60,250.0508,11.9479,279.8934,0.00,100.00,182.49,-11.62,182.49,11.62,12.67
64.57,102.49,191.4688,5.9617,196.0131,0.28,100.00,33.81,-8.26,4.64,11.84,356.13,191.7562,8.8364,196.9530,191.4360,8.8187,197.1751,2.34,12.23,33.81,192.2710,8.8587,196.6263,2.34,12.23,33.81,250.0508,11.9479,279.8934,0.00,100.00,182.49,-11.62,182.49,11.62,12.67
64.63,102.49,191.4688,5.9557,196.0131,0.09,100.00,34.01,-8.25,4.64,11.84,356.13,191.7562,8.8305,196.9530,191.4368,8.8125,197.1762,2.39,12.22,34.01,192.2699,8.8532,196.6247,2.39,12.22,34.01,250.0508,11.9479,279.8934,0.00,100.00,182.49,-11.62,182.49,11.62,12.67
64.70,102.49,191.4688,5.9448,196.0131,0.17,100.00,34.13,-7.91,4.64,11.84,356.13,191.7562,8.8195,196.9530,191.4372,8.8013,197.1768,2.41,12.21,34.13,192.2693,8.8425,196.6236,2.41,12.21,34.13,250.0508,11.9479,279.8934,0.00,100.00,182.49,-11.62,182.49,11.62,12.67
64.76,102.49,191.4688,5.9368,196.0130,0.12,100.00,34.25,-7.59,4.64,11.84,356.13,191.7562,8.8115,196.9529,191.4377,8.7932,197.1774,2.44,12.21,34.25,192.2686,8.8348,196.6226,2.44,12.21,34.25,250.0508,11.9479,279.8934,0.00,100.00,182.49,-11.62,182.49,11.62,12.67
64.83,102.49,191.4688,5.9617,196.0130,0.38,100.00,34.29,-7.26,4.64,11.84,356.13,191.7562,8.8364,196.9529,191.4378,8.8180,197.1776,2.45,12.21,34.29,192.2683,8.8597,196.6222,2.45,12.21,34.29,250.0508,11.9479,279.8934,0.00,100.00,182.49,-11.62,182.49,11.62,12.67
64.89,102.49,191.4688,5.9542,196.0130,0.12,100.00,34.33,-6.93,4.64,11.84,356.13,191.7562,8.8289,196.9529,191.4380,8.8105,197.1778,2.45,12.20,34.33,192.2681,8.8523,196.6219,2.45,12.20,34.33,250.0508,11.9479,279.8934,0.00,100.00,182.49,-11.62,182.49,11.62,12.67
64.96,102.49,191.4688,5.9449,196.0130,0.14,100.00,34.37,-6.93,4.64,11.84,356.13,191.7562,8.8196,196.9530,191.4381,8.8012,197.1781,2.46,12.20,34.37,192.2679,8.8432,196.6216,2.46,12.20,34.37,250.0508,11.9479,279.8934,0.00,100.00,182.49,-11.62,182.49,11.62,12.67
65.02,102.49,191.4688,5.9383,196.0131,0.10,100.00,34.40,-6.93,4.64,11.84,356.13,191.7562,8.8130,196.9530,191.4382,8.7944,197.1783,2.47,12.20,34.40,192.2677,8.8366,196.6213,2.47,12.20,34.40,250.0508,11.9479,279.8934,0.00,100.00,182.49,-11.62,182.49,11.62,12.67
65.09,102.49,191.4688,5.9592,196.0131,0.31,100.00,34.44,-6.93,4.64,11.84,356.13,191.7562,8.8339,196.9530,191.4383,8.8153,197.1784,2.48,12.20,34.44,192.2675,8.8576,196.6210,2.48,12.20,34.44,250.0508,11.9479,279.8934,0.00,100.00,182.49,-11.62,182.49,11.62,12.67
65.16,102.49,191.4688,5.9505,196.0131,0.13,100.00,34.47,-6.93,4.64,11.84,356.13,191.7562,8.8253,196.9530,191.4385,8.8066,197.1786,2.48,12.20,34.47,192.2673,8.8490,196.6207,2.48,12.20,34.47,250.0508,11.9479,279.8934,0.00,100.00,182.49,-11.62,182.49,11.62,12.67
65.22,102.49,191.4687,5.9392,196.0131,0.17,100.00,34.47,-6.60,4.64,11.84,356.13,191.7561,8.8139,196.9530,191.4384,8.7953,197.1786,2.48,12.20,34.47,192.2673,8.8376,196.6207,2.48,12.20,34.47,250.0508,11.9479,279.8934,0.00,100.00,182.49,-11.62,182.49,11.62,12.67
65.29,102.49,191.4687,5.9304,196.0131,0.13,100.00,34.47,-6.27,4.64,11.84,356.13,191.7561,8.8052,196.9530,191.4384,8.7865,197.1786,2.48,12.20,34.47,192.2673,8.8289,196.6207,2.48,12.20,34.47,250.0508,11.9479,279.8934,0.00,100.00,182.49,-11.62,182.49,11.62,12.67
65.35,102.49,191.4687,5.9601,196.0131,0.47,100.00,34.47,-5.96,4.64,11.84,356.13,191.7561,8.8349,196.9530,191.4384,8.8162,197.1786,2.48,12.20,34.47,192.2673,8.8586,196.6207,2.48,12.20,34.47,250.0508,11.9479,279.8934,0.00,100.00,182.49,-11.62,182.49,11.62,12.67
65.42,102.49,191.4687,5.9458,196.0131,0.21,100.00,34.47,-5.62,4.64,11.84,356.13,191.7561,8.8206,196.9530,191.4384,8.8019,197.1786,2.48,12.20,34.47,192.2673,8.8443,196.6207,2.48,12.20,34.47,250.0508,11.9479,279.8934,0.00,100.00,182.49,-11.62,182.49,11.62,12.67
65.48,102.49,191.4687,5.9390,196.0131,0.11,100.00,34.47,-5.30,4.64,11.84,356.13,191.7561,8.8138,196.9530,191.4384,8.7951,197.1786,2.48,12.20,34.47,192.2673,8.8375,196.6207,2.48,12.20,34.47,250.0508,11.9479,279.8934,0.00,100.00,182.49,-11.62,182.49,11.62,12.67
65.55,102.49,191.4687,5.9281,196.0131,0.17,100.00,34.47,-4.97,4.64,11.84,356.13,191.7561,8.8028,196.9530,191.4384,8.7842,197.1786,2.48,12.20,34.47,192.2673,8.8266,196.6207,2.48,12.20,34.47,250.0508,11.9479,279.8934,0.00,100.00,182.49,-11.62,182.49,11.62,12.67
65.61,102.49,191.4687,5.9585,196.0131,0.49,100.00,34.47,-4.65,4.64,11.84,356.13,191.7561,8.8333,196.9530,191.4384,8.8146,197.1786,2.48,12.20,34.47,192.2672,8.8570,196.6207,2.48,12.20,34.47,250.0508,11.9479,279.8934,0.00,100.00,182.49,-11.62,182.49,11.62,12.67
65.68,102.49,191.4687,5.9457,196.0130,0.19,100.00,34.47,-4.32,4.64,11.84,356.13,191.7561,8.8204,196.9529,191.4384,8.8018,197.1786,2.48,12.20,34.47,192.2672,8.8442,196.6207,2.48,12.20,34.47,250.0508,11.9479,279.8934,0.00,100.00,182.49,-11.62,182.49,11.62,12.67
65.75,102.49,191.4687,5.9339,196.0130,0.18,100.00,34.47,-3.98,4.64,11.84,356.13,191.7561,8.8086,196.9529,191.4384,8.7900,197.1786,2.48,12.20,34.47,192.2672,8.8323,196.6207,2.48,12.20,34.47,250.0508,11.9479,279.8934,0.00,100.00,182.49,-11.62,182.49,11.62,12.67
65.81,102.49,191.4687,5.9274,196.0130,0.10,100.00,34.47,-3.66,4.64,11.84,356.13,191.7561,8.8021,196.9529,191.4384,8.7835,197.1786,2.48,12.20,34.47,192.2672,8.8258,196.6207,2.48,12.20,34.47,250.0508,11.9479,279.8934,0.00,100.00,182.49,-11.62,182.49,11.62,12.67
65.88,102.49,191.4687,5.9534,196.0130,0.40,100.00,34.47,-3.34,4.64,11.84,356.13,191.7561,8.8282,196.9529,191.4384,8.8095,197.1786,2.48,12.20,34.47,192.2672,8.8519,196.6207,2.48,12.20,34.47,250.0508,11.9479,279.8934,0.00,100.00,182.49,-11.62,182.49,11.62,12.67
65.94,102.49,191.4687,5.9459,196.0130,0.12,100.00,34.47,-3.02,4.64,11.84,356.13,191.7561,8.8206,196.9529,191.4384,8.8020,197.1786,2.48,12.20,34.47,192.2672,8.8443,196.6207,2.48,12.20,34.47,250.0508,11.9479,279.8934,0.00,100.00,182.49,-11.62,182.49,11.62,12.67
66.01,102.49,191.4687,5.9346,196.0130,0.17,100.00,34.47,-2.69,4.64,11.84,356.13,191.7561,8.8093,196.9529,191.4384,8.7907,197.1786,2.48,12.20,34.47,192.2673,8.8330,196.6207,2.48,12.20,34.47,250.0508,11.9479,279.8934,0.00,100.00,182.49,-11.62,182.49,11.62,12.67
66.07,102.49,191.4687,5.9297,196.0130,0.08,100.00,34.47,-2.37,4.64,11.84,356.13,191.7561,8.8045,196.9529,191.4384,8.7858,197.1786,2.48,12.20,34.47,192.2672,8.8282,196.6207,2.48,12.20,34.47,250.0508,11.9479,279.8934,0.00,100.00,182.49,-11.62,182.49,11.62,12.67
66.14,102.49,191.4687,5.9524,196.0130,0.34,100.00,34.47,-2.21,4.64,11.84,356.13,191.7561,8.8271,196.9529,191.4384,8.8085,197.1786,2.48,12.20,34.47,192.2672,8.8508,196.6207,2.48,12.20,34.47,250.0508,11.9479,279.8934,0.00,100.00,182.49,-11.62,182.49,11.62,12.67
66.20,102.49,191.4687,5.9485,196.0130,0.06,100.00,34.47,-2.21,4.64,11.84,356.13,191.7561,8.8233,196.9529,191.4384,8.8046,197.1786,2.48,12.20,34.47,192.2672,8.8470,196.6207,2.48,12.20,34.47,250.0508,11.9479,279.8934,0.00,100.00,182.49,-11.62,182.49,11.62,12.67
66.26,102.49,191.4687,5.9397,196.0130,0.14,100.00,34.47,-2.21,4.64,11.84,356.13,191.7561,8.8144,196.9529,191.4384,8.7958,197.1786,2.48,12.20,34.47,192.2672,8.8381,196.6207,2.48,12.20,34.47,250.0508,11.9479,279.8934,0.00,100.00,182.49,-11.62,182.49,11.62,12.67
66.33,102.49,191.4687,5.9541,196.0130,0.20,100.00,34.47,-2.21,4.64,11.84,356.13,191.7561,8.8288,196.9529,191.4384,8.8102,197.1786,2.48,12.20,34.47,192.2672,8.8526,196.6207,2.48,12.20,34.47,250.0508,11.9479,279.8934,0.00,100.00,182.49,-11.62,182.49,11.62,12.67
66.40,102.49,191.4687,5.9458,196.0130,0.13,100.00,34.47,-2.21,4.64,11.84,356.13,191.7561,8.8205,196.9529,191.4384,8.8019,197.1786,2.48,12.20,34.47,192.2672,8.8443,196.6207,2.48,12.20,34.47,250.0508,11.9479,279.8934,0.00,100.00,182.49,-11.62,182.49,11.62,12.67
66.46,102.49,191.4687,5.9423,196.0130,0.06,100.00,34.47,-2.21,4.64,11.84,356.13,191.7561,8.8171,196.9529,191.4384,8.7984,197.1786,2.48,12.20,34.47,192.2672,8.8408,196.6207,2.48,12.20,34.47,250.0508,11.9479,279.8934,0.00,100.00,182.49,-11.62,182.49,11.62,12.67
66.53,102.49,191.4687,5.9317,196.0130,0.16,100.00,34.47,-2.21,4.64,11.84,356.13,191.7561,8.8064,196.9529,191.4384,8.7878,197.1786,2.48,12.20,34.47,192.2672,8.8301,196.6207,2.48,12.20,34.47,250.0508,11.9479,279.8934,0.00,100.00,182.49,-11.62,182.49,11.62,12.67
66.59,102.49,191.4687,5.9575,196.0130,0.39,100.00,34.47,-2.21,4.64,11.84,356.13,191.7561,8.8322,196.9530,191.4384,8.8136,197.1786,2.48,12.20,34.47,192.2672,8.8559,196.6207,2.48,12.20,34.47,250.0508,11.9479,279.8934,0.00,100.00,182.49,-11.62,182.49,11.62,12.67
66.66,102.49,191.4687,5.9499,196.0130,0.12,100.00,34.47,-2.21,4.64,11.84,356.13,191.7561,8.8246,196.9529,191.4384,8.8060,197.1786,2.48,12.20,34.47,192.2672,8.8484,196.6207,2.48,12.20,34.47,250.0508,11.9479,279.8934,0.00,100.00,182.49,-11.62,182.49,11.62,12.67
66.72,102.49,191.4687,5.9426,196.0130,0.11,100.00,34.47,-2.21,4.64,11.84,356.13,191.7561,8.8173,196.9529,191.4384,8.7987,197.1786,2.48,12.20,34.47,192.2672,8.8410,196.6207,2.48,12.20,34.47,250.0508,11.9479,279.8934,0.00,100.00,182.49,-11.62,182.49,11.62,12.67
66.79,102.49,191.4687,5.9291,196.0130,0.20,100.00,34.47,-2.21,4.64,11.84,356.13,191.7561,8.8038,196.9529,191.4384,8.7852,197.1786,2.48,12.20,34.47,192.2672,8.8275,196.6207,2.48,12.20,34.47,250.0508,11.9479,279.8934,0.00,100.00,182.49,-11.62,182.49,11.62,12.67
66.86,102.49,191.4687,5.9510,196.0130,0.32,100.00,34.47,-2.21,4.64,11.84,356.13,191.7561,8.8257,196.9529,191.4384,8.8071,197.1786,2.48,12.20,34.47,192.2672,8.8494,196.6207,2.48,12.20,34.47,250.0508,11.9479,279.8934,0.00,100.00,182.49,-11.62,182.49,11.62,12.67
66.92,102.49,191.4687,5.9423,196.0130,0.13,100.00,34.47,-2.21,4.64,11.84,356.13,191.7561,8.8170,196.9529,191.4384,8.7984,197.1786,2.48,12.20,34.47,192.2672,8.8407,196.6207,2.48,12.20,34.47,250.0508,11.9479,279.8934,0.00,100.00,182.49,-11.62,182.49,11.62,12.67
66.99,102.49,191.4687,5.9356,196.0130,0.10,100.00,34.47,-2.21,4.64,11.84,356.13,191.7561,8.8104,196.9529,191.4384,8.7917,197.1786,2.48,12.20,34.47,192.2672,8.8341,196.6207,2.48,12.20,34.47,250.0508,11.9479,279.8934,0.00,100.00,182.49,-11.62,182.49,11.62,12.67
67.05,102.49,191.4687,5.9306,196.0130,0.08,100.00,34.47,-2.21,4.64,11.84,356.13,191.7561,8.8054,196.9529,191.4384,8.7867,197.1786,2.48,12.20,34.47,192.2672,8.8291,196.6207,2.48,12.20,34.47,250.0508,11.9479,279.8934,0.00,100.00,182.49,-11.62,182.49,11.62,12.67
67.11,102.49,191.4687,5.9552,196.0130,0.37,100.00,34.47,-2.21,4.64,11.84,356.13,191.7561,8.8300,196.9529,191.4384,8.8113,197.1786,2.48,12.20,34.47,192.2672,8.8537,196.6207,2.48,12.20,34.47,250.0508,11.9479,279.8934,0.00,100.00,182.49,-11.62,182.49,11.62,12.67
67.18,102.49,191.4687,5.9426,196.0130,0.19,100.00,34.47,-2.21,4.64,11.84,356.13,191.7561,8.8174,196.9529,191.4384,8.7987,197.1786,2.48,12.20,34.47,192.2672,8.8411,196.6207,2.48,12.20,34.47,250.0508,11.9479,279.8934,0.00,100.00,182.49,-11.62,182.49,11.62,12.67
67.25,102.49,191.4687,5.9342,196.0130,0.13,100.00,34.47,-2.21,4.64,11.84,356.13,191.7561,8.8089,196.9529,191.4384,8.7903,197.1786,2.48,12.20,34.47,192.2672,8.8326,196.6207,2.48,12.20,34.47,250.0508,11.9479,279.8934,0.00,100.00,182.49,-11.62,182.49,11.62,12.67
67.31,102.49,191.4687,5.9594,196.0130,0.38,100.00,34.47,-2.21,4.64,11.84,356.13,191.7561,8.8341,196.9529,191.4384,8.8155,197.1786,2.48,12.20,34.47,192.2672,8.8579,196.6207,2.48,12.20,34.47,250.0508,11.9479,279.8934,0.00,100.00,182.49,-11.62,182.49,11.62,12.67
67.38,102.49,191.4687,5.9506,196.0130,0.14,100.00,34.47,-2.21,4.64,11.84,356.13,191.7561,8.8253,196.9529,191.4384,8.8067,197.1786,2.48,12.20,34.47,192.2672,8.8491,196.6207,2.48,12.20,34.47,250.0508,11.9479,279.8934,0.00,100.00,182.49,-11.62,182.49,11.62,12.67
67.44,102.49,191.4687,5.9423,196.0130,0.13,100.00,34.47,-2.21,4.64,11.84,356.13,191.7561,8.8171,196.9529,191.4384,8.7985,197.1786,2.48,12.20,34.47,192.2672,8.8408,196.6207,2.48,12.20,34.47,250.0508,11.9479,279.8934,0.00,100.00,182.49,-11.62,182.49,11.62,12.67
67.50,102.49,191.4687,5.9389,196.0130,0.06,100.00,34.47,-2.21,4.64,11.84,356.13,191.7561,8.8136,196.9529,191.4384,8.7950,197.1786,2.48,12.20,34.47,192.2672,8.8373,196.6207,2.48,12.20,34.47,250.0508,11.9479,279.8934,0.00,100.00,182.49,-11.62,182.49,11.62,12.67
67.57,102.49,191.4687,5.9290,196.0130,0.15,100.00,34.47,-2.21,4.64,11.84,356.13,191.7561,8.8037,196.9529,191.4384,8.7851,197.1786,2.48,12.20,34.47,192.2672,8.8274,196.6207,2.48,12.20,34.47,250.0508,11.9479,279.8934,0.00,100.00,182.49,-11.62,182.49,11.62,12.67
67.64,102.49,191.4687,5.9524,196.0130,0.35,100.00,34.47,-2.21,4.64,11.84,356.13,191.7561,8.8271,196.9529,191.4384,8.8085,197.1786,2.48,12.20,34.47,192.2672,8.8508,196.6207,2.48,12.20,34.47,250.0508,11.9479,279.8934,0.00,100.00,182.49,-11.62,182.49,11.62,12.67
67.70,102.49,191.4687,5.9414,196.0130,0.17,100.00,34.47,-2.21,4.64,11.84,356.13,191.7561,8.8162,196.9529,191.4384,8.7975,197.1786,2.48,12.20,34.47,192.2672,8.8399,196.6207,2.48,12.20,34.47,250.0508,11.9479,279.8934,0.00,100.00,182.49,-11.62,182.49,11.62,12.67
67.76,102.49,191.4687,5.9367,196.0130,0.07,100.00,34.47,-2.21,4.64,11.84,356.13,191.7561,8.8115,196.9529,191.4384,8.7928,197.1786,2.48,12.20,34.47,192.2672,8.8352,196.6207,2.48,12.20,34.47,250.0508,11.9479,279.8934,0.00,100.00,182.49,-11.62,182.49,11.62,12.67
67.83,102.49,191.4687,5.9576,196.0130,0.31,100.00,34.47,-2.21,4.64,11.84,356.13,191.7561,8.8323,196.9529,191.4384,8.8137,197.1786,2.48,12.20,34.47,192.2672,8.8560,196.6207,2.48,12.20,34.47,250.0508,11.9479,279.8934,0.00,100.00,182.49,-11.62,182.49,11.62,12.67
67.90,102.49,191.4687,5.9491,196.0130,0.13,100.00,34.47,-2.21,4.64,11.84,356.13,191.7561,8.8238,196.9529,191.4384,8.8052,197.1786,2.48,12.20,34.47,192.2672,8.8476,196.6207,2.48,12.20,34.47,250.0508,11.9479,279.8934,0.00,100.00,182.49,-11.62,182.49,11.62,12.67
67.96,102.49,191.4687,5.9390,196.0130,0.15,100.00,34.47,-2.21,4.64,11.84,356.13,191.7561,8.8138,196.9529,191.4384,8.7951,197.1786,2.48,12.20,34.47,192.2672,8.8375,196.6207,2.48,12.20,34.47,250.0508,11.9479,279.8934,0.00,100.00,182.49,-11.62,182.49,11.62,12.67
68.03,102.49,191.4687,5.9346,196.0130,0.07,100.00,34.47,-2.21,4.64,11.84,356.13,191.7561,8.8094,196.9529,191.4384,8.7907,197.1786,2.48,12.20,34.47,192.2672,8.8331,196.6207,2.48,12.20,34.47,250.0508,11.9479,279.8934,0.00,100.00,182.49,-11.62,182.49,11.62,12.67
68.09,102.49,191.4687,5.9623,196.0130,0.43,100.00,34.47,-2.21,4.64,11.84,356.13,191.7561,8.8371,196.9529,191.4384,8.8184,197.1786,2.48,12.20,34.47,192.2672,8.8608,196.6207,2.48,12.20,34.47,250.0508,11.9479,279.8934,0.00,100.00,182.49,-11.62,182.49,11.62,12.67
68.09,102.49,191.4687,5.9517,196.0130,Infinity,100.00,34.47,-2.21,4.64,11.84,356.13,191.7561,8.8264,196.9529,191.4384,8.8078,197.1786,2.48,12.20,34.47,192.2672,8.8501,196.6207,2.48,12.20,34.47,250.0508,11.9479,279.8934,NaN,100.00,182.49,-11.62,182.49,11.62,12.67
