Time,Distance,Player_Pos_X,Player_Pos_Y,Player_Pos_Z,Player_Speed,Player_Health,Player_Turret_X,Player_Turret_Y,Player_Body_X,Player_Body_Y,Player_Body_Z,TurretCam_X,TurretCam_Y,TurretCam_Z,StereoL_X,StereoL_Y,StereoL_Z,StereoL_Roll,StereoL_Pitch,StereoL_Yaw,StereoR_X,StereoR_Y,StereoR_Z,StereoR_Roll,StereoR_Pitch,StereoR_Yaw,Enemy_Pos_X,Enemy_Pos_Y,Enemy_Pos_Z,Enemy_Speed,Enemy_Health,Enemy_Turret_X,Enemy_Turret_Y,Enemy_Body_X,Enemy_Body_Y,Enemy_Body_Z
0.02,361.25,10.0000,14.9989,10.0000,-0.03,100.00,0.00,0.00,0.00,0.00,0.00,10.0071,18.0168,10.3499,9.6170,18.0168,10.3599,0.00,0.00,0.00,10.6171,18.0168,10.3599,0.00,0.00,0.00,250.0000,14.9987,280.0000,-0.06,100.00,180.00,0.00,180.00,0.00,0.00
0.07,361.25,10.0000,14.9804,10.0000,0.35,100.00,0.00,0.00,0.00,0.00,0.00,10.0071,17.9983,10.3499,9.6170,17.9983,10.3599,0.00,0.00,0.00,10.6171,17.9983,10.3599,0.00,0.00,0.00,250.0000,14.9771,280.0000,0.41,100.00,180.00,0.00,180.00,0.00,0.00
0.13,361.25,10.0000,14.9411,10.0000,0.71,100.00,0.00,0.00,0.00,0.00,0.00,10.0071,17.9590,10.3499,9.6170,17.9590,10.3599,0.00,0.00,0.00,10.6171,17.9590,10.3599,0.00,0.00,0.00,250.0000,14.9253,280.0000,0.93,100.00,180.00,0.00,180.00,0.00,0.00
0.19,361.25,10.0000,14.8854,10.0000,0.98,100.00,0.00,0.00,0.00,0.00,0.00,10.0071,17.9033,10.3499,9.6170,17.9033,10.3599,0.00,0.00,0.00,10.6171,17.9033,10.3599,0.00,0.00,0.00,250.0000,14.8431,280.0000,1.44,100.00,180.00,0.00,180.00,0.00,0.00
0.25,361.25,10.0000,14.8113,10.0000,1.19,100.00,0.00,0.00,0.00,0.00,0.00,10.0071,17.8292,10.3499,9.6170,17.8292,10.3599,0.00,0.00,0.00,10.6171,17.8292,10.3599,0.00,0.00,0.00,250.0000,14.7201,280.0000,1.97,100.00,180.00,0.00,180.00,0.00,0.00
0.31,361.25,10.0000,14.7209,10.0028,1.35,100.00,2.49,0.00,2.49,0.00,0.00,10.0223,17.7388,10.3521,9.6331,17.7388,10.3790,0.00,0.00,2.49,10.6321,17.7388,10.3355,0.00,0.00,2.49,250.0000,14.5514,280.0000,2.53,100.00,180.00,0.00,180.00,0.00,0.00
0.36,361.24,10.0003,14.6575,10.0091,1.47,100.00,6.32,0.00,5.16,0.00,0.00,10.0388,17.6754,10.3569,9.6523,17.6754,10.4098,0.00,0.00,6.32,10.6462,17.6754,10.2997,0.00,0.00,6.32,250.0000,14.4212,280.0000,3.00,100.00,180.00,0.00,180.00,0.00,0.00
0.42,361.24,10.0003,14.5661,10.0091,1.53,100.00,7.91,0.00,5.16,0.00,0.00,10.0388,17.5840,10.3569,9.6539,17.5840,10.4205,0.00,0.00,7.91,10.6444,17.5840,10.2829,0.00,0.00,7.91,250.0000,14.2177,280.0000,3.41,100.00,180.00,0.00,180.00,0.00,0.00
0.48,361.24,10.0003,14.4698,10.0091,1.60,100.00,9.28,0.00,5.16,0.00,0.00,10.0388,17.4877,10.3569,9.6555,17.4877,10.4297,0.00,0.00,9.28,10.6424,17.4877,10.2685,0.00,0.00,9.28,250.0000,13.9829,280.0000,3.89,100.00,180.00,0.00,180.00,0.00,0.00
0.54,361.24,10.0005,14.3719,10.0118,1.64,100.00,13.04,0.00,7.58,0.00,0.00,10.0537,17.3898,10.3576,9.6760,17.3898,10.4554,0.00,0.00,13.04,10.6502,17.3898,10.2297,0.00,0.00,13.04,250.0000,13.7235,280.0000,4.35,100.00,180.00,0.00,180.00,0.00,0.00
0.60,361.24,10.0012,14.2675,10.0169,1.68,100.00,16.45,0.00,9.97,0.00,0.00,10.0687,17.2854,10.3603,9.6975,17.2854,10.4804,0.00,0.00,16.45,10.6566,17.2854,10.1971,0.00,0.00,16.45,250.0000,13.4242,280.0000,4.81,100.00,180.00,0.00,180.00,0.00,0.00
0.66,361.24,10.0012,14.1598,10.0169,1.70,100.00,17.50,0.00,9.97,0.00,0.00,10.0687,17.1777,10.3603,9.6998,17.1777,10.4871,0.00,0.00,17.50,10.6535,17.1777,10.1864,0.00,0.00,17.50,250.0000,13.0913,280.0000,5.26,100.00,180.00,0.00,180.00,0.00,0.00
0.73,361.24,10.0012,14.0459,10.0169,1.72,100.00,17.88,0.00,9.97,0.00,0.00,10.0687,17.0638,10.3603,9.7006,17.0638,10.4895,0.00,0.00,17.88,10.6523,17.0638,10.1825,0.00,0.00,17.88,250.0000,12.7130,280.0000,5.71,100.00,180.00,0.00,180.00,0.00,0.00
0.79,361.23,10.0018,13.9338,10.0201,1.73,100.00,20.90,0.00,12.62,0.00,0.00,10.0851,16.9517,10.3600,9.7243,16.9517,10.5084,0.00,0.00,20.90,10.6585,16.9517,10.1517,0.00,0.00,20.90,250.0383,12.4072,279.9655,4.80,100.00,180.40,-2.30,180.40,2.30,4.27
0.86,361.23,10.0031,13.8201,10.0261,1.75,100.00,23.40,0.00,15.20,0.00,0.00,10.1017,16.8379,10.3619,9.7477,16.8379,10.5259,0.00,0.00,23.40,10.6655,16.8379,10.1288,0.00,0.00,23.40,250.0837,12.1307,279.9243,4.34,100.00,181.14,-5.68,181.14,5.68,10.76
0.93,361.20,10.0031,13.7027,10.0261,1.75,100.00,23.30,0.00,15.20,0.00,0.00,10.1017,16.7206,10.3619,9.7474,16.7206,10.5253,0.00,0.00,23.30,10.6658,16.7206,10.1297,0.00,0.00,23.30,250.0767,11.9490,279.8882,2.76,100.00,182.28,-10.38,182.28,10.38,13.35
0.99,361.15,10.0031,13.5857,10.0261,1.75,100.00,22.85,0.00,15.20,0.00,0.00,10.1017,16.6036,10.3619,9.7461,16.6036,10.5225,0.00,0.00,22.85,10.6677,16.6036,10.1342,0.00,0.00,22.85,250.0702,12.0015,279.8353,1.12,100.00,183.12,-14.10,183.12,14.10,11.95
1.06,361.13,10.0040,13.4659,10.0292,1.76,100.00,25.05,0.00,17.87,0.00,0.00,10.1180,16.4838,10.3600,9.7689,16.4838,10.5343,0.00,0.00,25.05,10.6749,16.4838,10.1108,0.00,0.00,25.05,250.0839,12.0611,279.7993,1.04,100.00,183.52,-15.77,183.52,15.77,12.08
1.13,361.12,10.0060,13.3502,10.0356,1.76,100.00,27.08,0.00,20.60,0.00,0.00,10.1357,16.3681,10.3606,9.7930,16.3681,10.5471,0.00,0.00,27.08,10.6834,16.3681,10.0918,0.00,0.00,27.08,250.0905,12.0900,279.7809,0.53,100.00,183.73,-16.60,183.73,16.60,12.14
1.19,361.10,10.0094,13.2333,10.0446,1.77,100.00,29.00,0.00,23.22,0.00,0.00,10.1538,16.2512,10.3633,9.8176,16.2512,10.5612,0.00,0.00,29.00,10.6922,16.2512,10.0763,0.00,0.00,29.00,250.0917,12.0958,279.7771,0.11,100.00,183.76,-16.76,183.76,16.76,12.15
1.26,361.10,10.0145,13.1150,10.0564,1.77,100.00,30.76,0.00,25.88,0.00,0.00,10.1735,16.1329,10.3681,9.8435,16.1329,10.5762,0.00,0.00,30.76,10.7028,16.1329,10.0648,0.00,0.00,30.76,250.0888,12.0811,279.7864,0.26,100.00,183.67,-16.34,183.67,16.34,12.12
1.33,361.09,10.0216,12.9961,10.0711,1.78,100.00,32.54,0.00,28.56,0.00,0.00,10.1951,16.0140,10.3751,9.8717,16.0140,10.5932,0.00,0.00,32.54,10.7147,16.0140,10.0554,0.00,0.00,32.54,250.0824,12.0489,279.8061,0.57,100.00,183.47,-15.43,183.47,15.43,12.07
1.40,361.09,10.0310,12.8768,10.0885,1.79,100.00,33.90,0.00,31.26,0.00,0.00,10.2186,15.8947,10.3839,9.9005,15.8947,10.6097,0.00,0.00,33.90,10.7305,15.8947,10.0520,0.00,0.00,33.90,250.0727,12.0012,279.8341,0.83,100.00,183.17,-14.09,183.17,14.09,12.00
1.46,361.08,10.0430,12.7591,10.1082,1.80,100.00,35.29,0.00,33.96,0.00,0.00,10.2443,15.7770,10.3945,9.9318,15.7770,10.6279,0.00,0.00,35.29,10.7480,15.7770,10.0502,0.00,0.00,35.29,250.0675,11.9560,279.8636,0.81,100.00,182.81,-12.43,182.81,12.43,12.31
1.53,361.07,10.0576,12.6396,10.1298,1.81,100.00,37.96,0.00,36.63,0.00,0.00,10.2720,15.6575,10.4064,9.9706,15.6575,10.6541,0.00,0.00,37.96,10.7591,15.6575,10.0391,0.00,0.00,37.96,250.0728,11.9432,279.8794,0.31,100.00,182.53,-11.22,182.53,11.22,13.01
1.59,361.05,10.0753,12.5270,10.1537,1.83,100.00,40.66,0.00,39.34,0.00,0.00,10.3026,15.5449,10.4198,10.0133,15.5449,10.6815,0.00,0.00,40.66,10.7718,15.5449,10.0299,0.00,0.00,40.66,250.0760,11.9434,279.8841,0.09,100.00,182.42,-10.79,182.42,10.79,13.28
1.66,361.01,10.0950,12.4143,10.1777,1.83,100.00,43.22,0.00,41.89,0.00,0.00,10.3339,15.4322,10.4335,10.0565,15.4322,10.7078,0.00,0.00,43.22,10.7853,15.4322,10.0231,0.00,0.00,43.22,250.0752,11.9432,279.8830,0.02,100.00,182.45,-10.89,182.45,10.89,13.22
1.72,360.98,10.1177,12.3025,10.2030,1.85,100.00,45.77,0.00,44.44,0.00,0.00,10.3677,15.3204,10.4479,10.1029,15.3204,10.7343,0.00,0.00,45.77,10.8004,15.3204,10.0178,0.00,0.00,45.77,250.0727,11.9434,279.8794,0.07,100.00,182.52,-11.22,182.52,11.22,12.99
1.79,360.93,10.1434,12.1814,10.2292,1.84,100.00,45.96,0.00,46.98,0.00,0.00,10.4040,15.1993,10.4628,10.1401,15.1993,10.7501,0.00,0.00,45.96,10.8352,15.1993,10.0312,0.00,0.00,45.96,250.0684,11.9438,279.8735,0.11,100.00,182.65,-11.76,182.65,11.76,12.62
1.86,360.89,10.1750,12.0596,10.2587,1.87,100.00,46.36,0.00,49.72,0.00,0.00,10.4464,15.0775,10.4795,10.1845,15.0775,10.7686,0.00,0.00,46.36,10.8747,15.0775,10.0450,0.00,0.00,46.36,250.0674,11.9460,279.8712,0.05,100.00,182.69,-11.94,182.69,11.94,12.49
1.93,360.84,10.2107,11.9403,10.2889,1.90,100.00,45.97,0.00,52.48,0.00,0.00,10.4925,14.9582,10.4964,10.2286,14.9582,10.7838,0.00,0.00,45.97,10.9237,14.9582,10.0648,0.00,0.00,45.97,250.0678,11.9442,279.8727,0.03,100.00,182.66,-11.83,182.66,11.83,12.55
1.99,360.79,10.2498,11.8201,10.3189,1.91,100.00,45.50,0.00,55.18,0.00,0.00,10.5410,14.8380,10.5129,10.2748,14.8380,10.7981,0.00,0.00,45.50,10.9757,14.8380,10.0848,0.00,0.00,45.50,250.0684,11.9436,279.8734,0.02,100.00,182.65,-11.77,182.65,11.77,12.62
2.06,360.74,10.2933,11.7004,10.3492,1.93,100.00,45.05,0.00,57.91,0.00,0.00,10.5934,14.7183,10.5291,10.3250,14.7183,10.8122,0.00,0.00,45.05,11.0315,14.7183,10.1045,0.00,0.00,45.05,250.0684,11.9436,279.8735,0.00,100.00,182.65,-11.77,182.65,11.77,12.62
2.13,360.69,10.3408,11.5837,10.3790,1.96,100.00,44.66,0.00,60.62,0.00,0.00,10.6491,14.6016,10.5445,10.3787,14.6016,10.8258,0.00,0.00,44.66,11.0900,14.6016,10.1228,0.00,0.00,44.66,250.0682,11.9438,279.8732,0.01,100.00,182.65,-11.79,182.65,11.79,12.60
2.19,360.63,10.3912,11.4734,10.4074,1.99,100.00,44.37,0.00,63.26,0.00,0.00,10.7068,14.4913,10.5585,10.4350,14.4913,10.8384,0.00,0.00,44.37,11.1498,14.4913,10.1391,0.00,0.00,44.37,250.0680,11.9440,279.8729,0.01,100.00,182.66,-11.81,182.66,11.81,12.57
2.25,360.59,10.4316,11.3627,10.4277,1.91,100.00,41.43,0.00,63.26,0.00,0.00,10.7472,14.3806,10.5789,10.4614,14.3806,10.8444,0.00,0.00,41.43,11.2112,14.3806,10.1827,0.00,0.00,41.43,250.0677,11.9443,279.8726,0.01,100.00,182.66,-11.84,182.66,11.84,12.54
2.32,360.56,10.4636,11.2485,10.4439,1.85,100.00,38.45,0.00,63.26,0.00,0.00,10.7792,14.2664,10.5950,10.4800,14.2664,10.8453,0.00,0.00,38.45,11.2632,14.2664,10.2235,0.00,0.00,38.45,250.0675,11.9445,279.8723,0.00,100.00,182.67,-11.86,182.67,11.86,12.52
2.39,360.53,10.4875,11.1289,10.4559,1.81,100.00,35.32,0.00,63.26,0.00,0.00,10.8032,14.1468,10.6070,10.4907,14.1468,10.8407,0.00,0.00,35.32,11.3066,14.1468,10.2625,0.00,0.00,35.32,250.0675,11.9445,279.8723,0.00,100.00,182.67,-11.86,182.67,11.86,12.52
2.45,360.52,10.5026,11.0108,10.4635,1.78,100.00,35.32,0.00,63.26,0.00,0.00,10.8183,14.0286,10.6147,10.5059,14.0286,10.8483,0.00,0.00,35.32,11.3217,14.0286,10.2701,0.00,0.00,35.32,250.0675,11.9445,279.8723,0.00,100.00,182.67,-11.86,182.67,11.86,12.52
2.52,360.53,10.5079,7.9900,10.4662,44.59,100.00,35.32,0.00,63.26,0.00,0.00,10.8235,11.0079,10.6173,10.5111,11.0079,10.8509,0.00,0.00,35.32,11.3270,11.0079,10.2727,0.00,0.00,35.32,250.0675,11.9445,279.8723,0.00,100.00,182.67,-11.86,182.67,11.86,12.52
2.59,360.53,10.5079,7.9762,10.4662,0.20,100.00,33.30,0.00,63.26,0.00,0.00,10.8235,10.9941,10.6173,10.5030,10.9941,10.8398,0.00,0.00,33.30,11.3388,10.9941,10.2908,0.00,0.00,33.30,250.0675,11.9445,279.8723,0.00,100.00,182.67,-11.86,182.67,11.86,12.52
2.66,360.53,10.5109,7.9824,10.4677,0.09,100.00,33.72,0.00,65.97,0.00,0.00,10.8333,11.0003,10.6037,10.5145,11.0003,10.8285,0.00,0.00,33.72,11.3462,11.0003,10.2734,0.00,0.00,33.72,250.0675,11.9445,279.8723,0.00,100.00,182.67,-11.86,182.67,11.86,12.52
2.72,360.52,10.5182,7.9854,10.4709,0.15,100.00,35.04,0.00,69.03,0.00,0.00,10.8474,11.0033,10.5896,10.5339,11.0033,10.8217,0.00,0.00,35.04,11.3526,11.0033,10.2475,0.00,0.00,35.04,250.0675,11.9445,279.8723,0.00,100.00,182.67,-11.86,182.67,11.86,12.52
2.80,360.52,10.5262,7.9989,10.4740,0.22,100.00,35.21,0.00,71.37,0.00,0.00,10.8600,11.0168,10.5791,10.5471,11.0168,10.8122,0.00,0.00,35.21,11.3642,11.0168,10.2356,0.00,0.00,35.21,250.0675,11.9445,279.8723,0.00,100.00,182.67,-11.86,182.67,11.86,12.52
2.87,360.50,10.5400,7.9790,10.4786,0.35,100.00,38.11,0.00,74.26,0.00,0.00,10.8786,10.9969,10.5668,10.5779,10.9969,10.8153,0.00,0.00,38.11,11.3648,10.9969,10.1982,0.00,0.00,38.11,250.0675,11.9445,279.8723,0.00,100.00,182.67,-11.86,182.67,11.86,12.52
2.94,360.50,10.5418,7.9923,10.4791,0.19,100.00,38.11,0.00,74.26,0.00,0.00,10.8805,11.0102,10.5673,10.5798,11.0102,10.8158,0.00,0.00,38.11,11.3667,11.0102,10.1987,0.00,0.00,38.11,250.0675,11.9445,279.8723,0.00,100.00,182.67,-11.86,182.67,11.86,12.52
3.01,360.50,10.5418,7.9754,10.4791,0.24,100.00,36.28,0.00,74.26,0.00,0.00,10.8805,10.9933,10.5673,10.5720,10.9933,10.8061,0.00,0.00,36.28,11.3782,10.9933,10.2144,0.00,0.00,36.28,250.0675,11.9445,279.8723,0.00,100.00,182.67,-11.86,182.67,11.86,12.52
3.08,360.50,10.5452,7.9968,10.4801,0.32,100.00,37.04,0.00,76.80,0.00,0.00,10.8875,11.0147,10.5531,10.5822,11.0147,10.7960,0.00,0.00,37.04,11.3804,11.0147,10.1936,0.00,0.00,37.04,250.0675,11.9445,279.8723,0.00,100.00,182.67,-11.86,182.67,11.86,12.52
3.14,360.49,10.5518,7.9869,10.4816,0.18,100.00,40.08,0.00,79.29,0.00,0.00,10.8969,11.0048,10.5397,10.6050,11.0048,10.7985,0.00,0.00,40.08,11.3701,11.0048,10.1546,0.00,0.00,40.08,250.0675,11.9445,279.8723,0.00,100.00,182.67,-11.86,182.67,11.86,12.52
3.22,360.48,10.5614,7.9988,10.4834,0.21,100.00,43.34,0.00,81.91,0.00,0.00,10.9087,11.0167,10.5256,10.6320,11.0167,10.8006,0.00,0.00,43.34,11.3593,11.0167,10.1143,0.00,0.00,43.34,250.0675,11.9445,279.8723,0.00,100.00,182.67,-11.86,182.67,11.86,12.52
3.28,360.47,10.5760,7.9865,10.4855,0.29,100.00,44.81,0.00,84.84,0.00,0.00,10.9251,11.0044,10.5099,10.6554,11.0044,10.7919,0.00,0.00,44.81,11.3648,11.0044,10.0870,0.00,0.00,44.81,250.0675,11.9445,279.8723,0.00,100.00,182.67,-11.86,182.67,11.86,12.52
3.35,360.46,10.5926,7.9745,10.4869,0.31,100.00,45.31,0.00,86.79,0.00,0.00,10.9424,10.9924,10.4995,10.6752,10.9924,10.7838,0.00,0.00,45.31,11.3785,10.9924,10.0729,0.00,0.00,45.31,250.0675,11.9445,279.8723,0.00,100.00,182.67,-11.86,182.67,11.86,12.52
3.41,360.45,10.6126,8.0002,10.4880,0.50,100.00,46.11,0.00,88.73,0.00,0.00,10.9625,11.0180,10.4888,10.6993,11.0180,10.7768,0.00,0.00,46.11,11.3926,11.0180,10.0561,0.00,0.00,46.11,250.0675,11.9445,279.8723,0.00,100.00,182.67,-11.86,182.67,11.86,12.52
3.48,360.43,10.6352,7.9851,10.4885,0.40,100.00,46.04,0.00,89.85,0.00,0.00,10.9851,11.0030,10.4824,10.7216,11.0030,10.7701,0.00,0.00,46.04,11.4157,11.0030,10.0502,0.00,0.00,46.04,250.0675,11.9445,279.8723,0.00,100.00,182.67,-11.86,182.67,11.86,12.52
3.55,360.41,10.6624,7.9714,10.4886,0.45,100.00,45.92,0.00,91.03,0.00,0.00,11.0121,10.9893,10.4752,10.7480,10.9893,10.7623,0.00,0.00,45.92,11.4437,10.9893,10.0440,0.00,0.00,45.92,250.0675,11.9445,279.8723,0.00,100.00,182.67,-11.86,182.67,11.86,12.52
3.62,360.39,10.6926,7.9934,10.4880,0.55,100.00,45.33,0.00,91.75,0.00,0.00,11.0421,11.0113,10.4703,10.7750,11.0113,10.7547,0.00,0.00,45.33,11.4781,11.0113,10.0435,0.00,0.00,45.33,250.0675,11.9445,279.8723,0.00,100.00,182.67,-11.86,182.67,11.86,12.52
3.68,360.37,10.7261,7.9830,10.4870,0.53,100.00,45.17,0.00,92.46,0.00,0.00,11.0753,11.0009,10.4649,10.8074,11.0009,10.7486,0.00,0.00,45.17,11.5125,11.0009,10.0394,0.00,0.00,45.17,250.0675,11.9445,279.8723,0.00,100.00,182.67,-11.86,182.67,11.86,12.52
3.75,360.35,10.7651,7.9721,10.4853,0.61,100.00,44.57,0.00,92.75,0.00,0.00,11.1143,10.9900,10.4615,10.8435,10.9900,10.7423,0.00,0.00,44.57,11.5559,10.9900,10.0406,0.00,0.00,44.57,250.0675,11.9445,279.8723,0.00,100.00,182.67,-11.86,182.67,11.86,12.52
3.82,360.32,10.8109,7.9983,10.4831,0.81,100.00,44.48,0.00,93.03,0.00,0.00,11.1599,11.0162,10.4576,10.8887,11.0162,10.7380,0.00,0.00,44.48,11.6021,11.0162,10.0373,0.00,0.00,44.48,250.0675,11.9445,279.8723,0.00,100.00,182.67,-11.86,182.67,11.86,12.52
3.88,360.29,10.8624,7.9885,10.4804,0.80,100.00,44.42,0.00,93.35,0.00,0.00,11.2112,11.0064,10.4529,10.9397,11.0064,10.7331,0.00,0.00,44.42,11.6539,11.0064,10.0331,0.00,0.00,44.42,250.0675,11.9445,279.8723,0.00,100.00,182.67,-11.86,182.67,11.86,12.52
3.95,360.25,10.9205,7.9781,10.4770,0.90,100.00,44.33,0.00,93.66,0.00,0.00,11.2692,10.9960,10.4476,10.9972,10.9960,10.7273,0.00,0.00,44.33,11.7125,10.9960,10.0285,0.00,0.00,44.33,250.0675,11.9445,279.8723,0.00,100.00,182.67,-11.86,182.67,11.86,12.52
4.03,360.21,10.9853,7.9707,10.4729,0.78,100.00,43.93,0.00,93.77,0.00,0.00,11.3340,10.9886,10.4428,11.0600,10.9886,10.7206,0.00,0.00,43.93,11.7803,10.9886,10.0268,0.00,0.00,43.93,250.0675,11.9445,279.8723,0.00,100.00,182.67,-11.86,182.67,11.86,12.52
4.08,360.15,11.0788,7.9848,10.4667,1.82,100.00,43.71,0.00,93.92,0.00,0.00,11.4274,11.0027,10.4358,11.1524,11.0027,10.7125,0.00,0.00,43.71,11.8753,11.0027,10.0215,0.00,0.00,43.71,250.0675,11.9445,279.8723,0.00,100.00,182.67,-11.86,182.67,11.86,12.52
4.15,360.12,11.1406,7.9767,10.4625,0.97,100.00,43.34,0.00,93.99,0.00,0.00,11.4891,10.9946,10.4311,11.2124,10.9946,10.7060,0.00,0.00,43.34,11.9396,10.9946,10.0197,0.00,0.00,43.34,250.0675,11.9445,279.8723,0.00,100.00,182.67,-11.86,182.67,11.86,12.52
4.21,360.07,11.2235,7.9683,10.4567,1.29,100.00,43.22,0.00,94.09,0.00,0.00,11.5720,10.9862,10.4247,11.2946,10.9862,10.6991,0.00,0.00,43.22,12.0234,10.9862,10.0143,0.00,0.00,43.22,250.0675,11.9445,279.8723,0.00,100.00,182.67,-11.86,182.67,11.86,12.52
4.28,360.02,11.2965,7.9914,10.4515,1.15,100.00,42.99,0.00,94.09,0.00,0.00,11.6449,11.0093,10.4195,11.3665,11.0093,10.6927,0.00,0.00,42.99,12.0980,11.0093,10.0109,0.00,0.00,42.99,250.0675,11.9445,279.8723,0.00,100.00,182.67,-11.86,182.67,11.86,12.52
4.35,359.98,11.3610,7.9796,10.4469,0.99,100.00,42.71,0.00,94.09,0.00,0.00,11.7095,10.9975,10.4149,11.4297,10.9975,10.6868,0.00,0.00,42.71,12.1645,10.9975,10.0085,0.00,0.00,42.71,250.0675,11.9445,279.8723,0.00,100.00,182.67,-11.86,182.67,11.86,12.52
4.41,359.95,11.4146,7.9697,10.4430,0.83,100.00,42.44,0.00,94.09,0.00,0.00,11.7631,10.9876,10.4111,11.4820,10.9876,10.6816,0.00,0.00,42.44,12.2200,10.9876,10.0068,0.00,0.00,42.44,250.0675,11.9445,279.8723,0.00,100.00,182.67,-11.86,182.67,11.86,12.52
4.48,359.92,11.4568,7.9931,10.4400,0.73,100.00,42.44,0.00,94.09,0.00,0.00,11.8053,11.0110,10.4081,11.5243,11.0110,10.6786,0.00,0.00,42.44,12.2622,11.0110,10.0038,0.00,0.00,42.44,250.0675,11.9445,279.8723,0.00,100.00,182.67,-11.86,182.67,11.86,12.52
4.54,359.89,11.5064,7.9838,10.4365,0.78,100.00,42.50,0.00,94.15,0.00,0.00,11.8549,11.0017,10.4041,11.5741,11.0017,10.6750,0.00,0.00,42.50,12.3114,11.0017,9.9994,0.00,0.00,42.50,250.0675,11.9445,279.8723,0.00,100.00,182.67,-11.86,182.67,11.86,12.52
4.61,359.86,11.5613,7.9746,10.4325,0.86,100.00,42.56,0.00,94.21,0.00,0.00,11.9097,10.9925,10.3998,11.6292,10.9925,10.6709,0.00,0.00,42.56,12.3658,10.9925,9.9946,0.00,0.00,42.56,250.0675,11.9445,279.8723,0.00,100.00,182.67,-11.86,182.67,11.86,12.52
4.67,359.82,11.6225,7.9683,10.4280,0.97,100.00,42.62,0.00,94.26,0.00,0.00,11.9708,10.9862,10.3950,11.6906,10.9862,10.6664,0.00,0.00,42.62,12.4265,10.9862,9.9893,0.00,0.00,42.62,250.0675,11.9445,279.8723,0.00,100.00,182.67,-11.86,182.67,11.86,12.52
4.74,359.78,11.6881,7.9950,10.4231,1.09,100.00,42.57,0.00,94.32,0.00,0.00,12.0364,11.0129,10.3897,11.7560,11.0129,10.6609,0.00,0.00,42.57,12.4924,11.0129,9.9844,0.00,0.00,42.57,250.0675,11.9445,279.8723,0.00,100.00,182.67,-11.86,182.67,11.86,12.52
4.80,359.75,11.7449,7.9871,10.4188,0.89,100.00,42.46,0.00,94.32,0.00,0.00,12.0933,11.0050,10.3854,11.8123,11.0050,10.6561,0.00,0.00,42.46,12.5500,11.0050,9.9810,0.00,0.00,42.46,250.0675,11.9445,279.8723,0.00,100.00,182.67,-11.86,182.67,11.86,12.52
4.87,359.72,11.7912,7.9778,10.4153,0.73,100.00,42.32,0.00,94.32,0.00,0.00,12.1396,10.9957,10.3819,11.8580,10.9957,10.6519,0.00,0.00,42.32,12.5973,10.9957,9.9786,0.00,0.00,42.32,250.0675,11.9445,279.8723,0.00,100.00,182.67,-11.86,182.67,11.86,12.52
4.93,359.69,11.8446,7.9711,10.4113,0.84,100.00,42.21,0.00,94.35,0.00,0.00,12.1929,10.9890,10.3777,11.9107,10.9890,10.6472,0.00,0.00,42.21,12.6514,10.9890,9.9753,0.00,0.00,42.21,250.0675,11.9445,279.8723,0.00,100.00,182.67,-11.86,182.67,11.86,12.52
5.00,359.65,11.9027,7.9947,10.4069,0.94,100.00,42.15,0.00,94.37,0.00,0.00,12.2510,11.0126,10.3732,11.9686,11.0126,10.6423,0.00,0.00,42.15,12.7099,11.0126,9.9712,0.00,0.00,42.15,250.0675,11.9445,279.8723,0.00,100.00,182.67,-11.86,182.67,11.86,12.52
5.06,359.61,11.9701,7.9863,10.4017,1.05,100.00,42.10,0.00,94.40,0.00,0.00,12.3184,11.0042,10.3678,12.0357,11.0042,10.6367,0.00,0.00,42.10,12.7777,11.0042,9.9663,0.00,0.00,42.10,250.0675,11.9445,279.8723,0.00,100.00,182.67,-11.86,182.67,11.86,12.52
5.13,359.57,12.0418,7.9789,10.3962,1.13,100.00,42.07,0.00,94.43,0.00,0.00,12.3901,10.9968,10.3622,12.1073,10.9968,10.6309,0.00,0.00,42.07,12.8495,10.9968,9.9608,0.00,0.00,42.07,250.0675,11.9445,279.8723,0.00,100.00,182.67,-11.86,182.67,11.86,12.52
5.19,359.52,12.1190,7.9688,10.3902,1.19,100.00,42.04,0.00,94.45,0.00,0.00,12.4673,10.9867,10.3561,12.1843,10.9867,10.6246,0.00,0.00,42.04,12.9270,10.9867,9.9550,0.00,0.00,42.04,250.0675,11.9445,279.8723,0.00,100.00,182.67,-11.86,182.67,11.86,12.52
5.26,359.47,12.2045,7.9932,10.3836,1.35,100.00,42.00,0.00,94.47,0.00,0.00,12.5528,11.0111,10.3493,12.2696,11.0111,10.6177,0.00,0.00,42.00,13.0128,11.0111,9.9486,0.00,0.00,42.00,250.0675,11.9445,279.8723,0.00,100.00,182.67,-11.86,182.67,11.86,12.52
5.32,359.41,12.2971,7.9871,10.3763,1.47,100.00,41.96,0.00,94.48,0.00,0.00,12.6454,11.0050,10.3420,12.3621,11.0050,10.6102,0.00,0.00,41.96,13.1057,11.0050,9.9416,0.00,0.00,41.96,250.0675,11.9445,279.8723,0.00,100.00,182.67,-11.86,182.67,11.86,12.52
5.39,359.36,12.3919,7.9804,10.3689,1.49,100.00,41.97,0.00,94.49,0.00,0.00,12.7402,10.9983,10.3345,12.4569,10.9983,10.6027,0.00,0.00,41.97,13.2004,10.9983,9.9339,0.00,0.00,41.97,250.0675,11.9445,279.8723,0.00,100.00,182.67,-11.86,182.67,11.86,12.52
5.45,359.30,12.4933,7.9723,10.3609,1.58,100.00,41.98,0.00,94.50,0.00,0.00,12.8416,10.9902,10.3264,12.5583,10.9902,10.5947,0.00,0.00,41.98,13.3017,10.9902,9.9258,0.00,0.00,41.98,250.0675,11.9445,279.8723,0.00,100.00,182.67,-11.86,182.67,11.86,12.52
5.52,359.23,12.6022,7.9947,10.3524,1.66,100.00,41.99,0.00,94.51,0.00,0.00,12.9505,11.0126,10.3178,12.6673,11.0126,10.5862,0.00,0.00,41.99,13.4105,11.0126,9.9171,0.00,0.00,41.99,250.0675,11.9445,279.8723,0.00,100.00,182.67,-11.86,182.67,11.86,12.52
5.59,359.17,12.7046,7.9783,10.3443,1.50,100.00,41.99,0.00,94.51,0.00,0.00,13.0529,10.9962,10.3097,12.7697,10.9962,10.5781,0.00,0.00,41.99,13.5129,10.9962,9.9090,0.00,0.00,41.99,250.0675,11.9445,279.8723,0.00,100.00,182.67,-11.86,182.67,11.86,12.52
5.65,359.11,12.7986,8.0002,10.3369,1.43,100.00,41.96,0.00,94.51,0.00,0.00,13.1468,11.0181,10.3023,12.8635,11.0181,10.5705,0.00,0.00,41.96,13.6071,11.0181,9.9019,0.00,0.00,41.96,250.0675,11.9445,279.8723,0.00,100.00,182.67,-11.86,182.67,11.86,12.52
5.72,359.05,12.8969,7.9882,10.3291,1.49,100.00,41.93,0.00,94.51,0.00,0.00,13.2452,11.0061,10.2945,12.9617,11.0061,10.5626,0.00,0.00,41.93,13.7057,11.0061,9.8944,0.00,0.00,41.93,250.0675,11.9445,279.8723,0.00,100.00,182.67,-11.86,182.67,11.86,12.52
5.79,358.99,13.0008,7.9802,10.3209,1.62,100.00,41.93,0.00,94.52,0.00,0.00,13.3490,10.9981,10.2863,13.0656,10.9981,10.5544,0.00,0.00,41.93,13.8095,10.9981,9.8861,0.00,0.00,41.93,250.0675,11.9445,279.8723,0.00,100.00,182.67,-11.86,182.67,11.86,12.52
5.85,358.93,13.1073,7.9683,10.3125,1.61,100.00,41.93,0.00,94.52,0.00,0.00,13.4556,10.9862,10.2779,13.1721,10.9862,10.5459,0.00,0.00,41.93,13.9160,10.9862,9.8777,0.00,0.00,41.93,250.0675,11.9445,279.8723,0.00,100.00,182.67,-11.86,182.67,11.86,12.52
5.92,358.86,13.2242,7.9966,10.3032,1.89,100.00,41.90,0.00,94.52,0.00,0.00,13.5724,11.0145,10.2686,13.2888,11.0145,10.5365,0.00,0.00,41.90,14.0331,11.0145,9.8686,0.00,0.00,41.90,250.0675,11.9445,279.8723,0.00,100.00,182.67,-11.86,182.67,11.86,12.52
6.00,358.79,13.3422,7.9942,10.2939,1.46,100.00,41.87,0.00,94.53,0.00,0.00,13.6905,11.0120,10.2593,13.4067,11.0120,10.5270,0.00,0.00,41.87,14.1514,11.0120,9.8596,0.00,0.00,41.87,250.0675,11.9445,279.8723,0.00,100.00,182.67,-11.86,182.67,11.86,12.52
6.05,358.69,13.5024,7.9742,10.2812,3.16,100.00,41.87,0.00,94.53,0.00,0.00,13.8506,10.9921,10.2466,13.5668,10.9921,10.5143,0.00,0.00,41.87,14.3115,10.9921,9.8469,0.00,0.00,41.87,250.0675,11.9445,279.8723,0.00,100.00,182.67,-11.86,182.67,11.86,12.52
6.12,358.63,13.5969,7.9976,10.2737,1.46,100.00,41.87,0.00,94.53,0.00,0.00,13.9451,11.0155,10.2391,13.6614,11.0155,10.5068,0.00,0.00,41.87,14.4060,11.0155,9.8394,0.00,0.00,41.87,250.0675,11.9445,279.8723,0.00,100.00,182.67,-11.86,182.67,11.86,12.52
6.18,358.57,13.7091,7.9927,10.2648,1.80,100.00,41.87,0.00,94.53,0.00,0.00,14.0574,11.0106,10.2302,13.7736,11.0106,10.4979,0.00,0.00,41.87,14.5183,11.0106,9.8305,0.00,0.00,41.87,250.0675,11.9445,279.8723,0.00,100.00,182.67,-11.86,182.67,11.86,12.52
6.24,358.50,13.8205,7.9834,10.2560,1.72,100.00,41.87,0.00,94.53,0.00,0.00,14.1687,11.0013,10.2213,13.8850,11.0013,10.4891,0.00,0.00,41.87,14.6297,11.0013,9.8216,0.00,0.00,41.87,250.0675,11.9445,279.8723,0.00,100.00,182.67,-11.86,182.67,11.86,12.52
6.31,358.43,13.9428,7.9760,10.2463,1.91,100.00,41.84,0.00,94.53,0.00,0.00,14.2910,10.9939,10.2116,14.0071,10.9939,10.4792,0.00,0.00,41.84,14.7521,10.9939,9.8122,0.00,0.00,41.84,250.0675,11.9445,279.8723,0.00,100.00,182.67,-11.86,182.67,11.86,12.52
6.37,358.35,14.0691,7.9725,10.2363,2.05,100.00,41.81,0.00,94.53,0.00,0.00,14.4173,10.9904,10.2016,14.1333,10.9904,10.4691,0.00,0.00,41.81,14.8787,10.9904,9.8024,0.00,0.00,41.81,250.0675,11.9445,279.8723,0.00,100.00,182.67,-11.86,182.67,11.86,12.52
6.44,358.27,14.1967,7.9978,10.2262,1.99,100.00,41.78,0.00,94.54,0.00,0.00,14.5450,11.0157,10.1915,14.2608,11.0157,10.4588,0.00,0.00,41.78,15.0065,11.0157,9.7925,0.00,0.00,41.78,250.0675,11.9445,279.8723,0.00,100.00,182.67,-11.86,182.67,11.86,12.52
6.50,358.19,14.3385,7.9893,10.2149,2.20,100.00,41.74,0.00,94.54,0.00,0.00,14.6867,11.0072,10.1802,14.4024,11.0072,10.4473,0.00,0.00,41.74,15.1485,11.0072,9.7816,0.00,0.00,41.74,250.0675,11.9445,279.8723,0.00,100.00,182.67,-11.86,182.67,11.86,12.52
6.57,358.10,14.4846,7.9791,10.2033,2.23,100.00,41.74,0.00,94.54,0.00,0.00,14.8329,10.9970,10.1686,14.5485,10.9970,10.4357,0.00,0.00,41.74,15.2947,10.9970,9.7699,0.00,0.00,41.74,250.0675,11.9445,279.8723,0.00,100.00,182.67,-11.86,182.67,11.86,12.52
6.63,358.01,14.6394,7.9717,10.1910,2.42,100.00,41.74,0.00,94.54,0.00,0.00,14.9877,10.9896,10.1563,14.7033,10.9896,10.4235,0.00,0.00,41.74,15.4495,10.9896,9.7577,0.00,0.00,41.74,250.0675,11.9445,279.8723,0.00,100.00,182.67,-11.86,182.67,11.86,12.52
6.70,357.91,14.7965,7.9985,10.1786,2.46,100.00,41.71,0.00,94.54,0.00,0.00,15.1448,11.0164,10.1439,14.8603,11.0164,10.4108,0.00,0.00,41.71,15.6068,11.0164,9.7454,0.00,0.00,41.71,250.0675,11.9445,279.8723,0.00,100.00,182.67,-11.86,182.67,11.86,12.52
6.76,357.82,14.9616,7.9928,10.1655,2.62,100.00,41.68,0.00,94.54,0.00,0.00,15.3098,11.0107,10.1308,15.0252,11.0107,10.3976,0.00,0.00,41.68,15.7720,11.0107,9.7326,0.00,0.00,41.68,250.0675,11.9445,279.8723,0.00,100.00,182.67,-11.86,182.67,11.86,12.52
6.82,357.72,15.1285,7.9844,10.1522,2.59,100.00,41.65,0.00,94.54,0.00,0.00,15.4767,11.0023,10.1175,15.1920,11.0023,10.3842,0.00,0.00,41.65,15.9392,11.0023,9.7196,0.00,0.00,41.65,250.0675,11.9445,279.8723,0.00,100.00,182.67,-11.86,182.67,11.86,12.52
6.89,357.61,15.3057,7.9799,10.1382,2.84,100.00,41.62,0.00,94.54,0.00,0.00,15.6539,10.9978,10.1034,15.3690,10.9978,10.3699,0.00,0.00,41.62,16.1166,10.9978,9.7058,0.00,0.00,41.62,250.0675,11.9445,279.8723,0.00,100.00,182.67,-11.86,182.67,11.86,12.52
6.95,357.51,15.4826,7.9725,10.1241,2.77,100.00,41.62,0.00,94.54,0.00,0.00,15.8309,10.9904,10.0894,15.5459,10.9904,10.3559,0.00,0.00,41.62,16.2935,10.9904,9.6917,0.00,0.00,41.62,250.0675,11.9445,279.8723,0.00,100.00,182.67,-11.86,182.67,11.86,12.52
7.01,357.40,15.6542,7.9684,10.1105,2.76,100.00,41.62,0.00,94.54,0.00,0.00,16.0024,10.9863,10.0758,15.7175,10.9863,10.3423,0.00,0.00,41.62,16.4651,10.9863,9.6781,0.00,0.00,41.62,250.0675,11.9445,279.8723,0.00,100.00,182.67,-11.86,182.67,11.86,12.52
7.08,357.31,15.8114,7.9959,10.0980,2.48,100.00,41.59,0.00,94.54,0.00,0.00,16.1596,11.0138,10.0633,15.8746,11.0138,10.3296,0.00,0.00,41.59,16.6225,11.0138,9.6658,0.00,0.00,41.59,250.0675,11.9445,279.8723,0.00,100.00,182.67,-11.86,182.67,11.86,12.52
7.14,357.21,15.9802,7.9885,10.0846,2.64,100.00,41.56,0.00,94.54,0.00,0.00,16.3284,11.0064,10.0499,16.0432,11.0064,10.3161,0.00,0.00,41.56,16.7915,11.0064,9.6527,0.00,0.00,41.56,250.0675,11.9445,279.8723,0.00,100.00,182.67,-11.86,182.67,11.86,12.52
7.20,357.10,16.1544,7.9849,10.0707,2.82,100.00,41.53,0.00,94.54,0.00,0.00,16.5026,11.0028,10.0360,16.2173,11.0028,10.3021,0.00,0.00,41.53,16.9659,11.0028,9.6391,0.00,0.00,41.53,250.0675,11.9445,279.8723,0.00,100.00,182.67,-11.86,182.67,11.86,12.52
7.27,357.00,16.3286,7.9780,10.0569,2.74,100.00,41.49,0.00,94.54,0.00,0.00,16.6768,10.9959,10.0222,16.3913,10.9959,10.2881,0.00,0.00,41.49,17.1404,10.9959,9.6255,0.00,0.00,41.49,250.0675,11.9445,279.8723,0.00,100.00,182.67,-11.86,182.67,11.86,12.52
7.33,356.89,16.5140,7.9767,10.0422,3.06,100.00,41.46,0.00,94.54,0.00,0.00,16.8622,10.9946,10.0075,16.5766,10.9946,10.2732,0.00,0.00,41.46,17.3260,10.9946,9.6110,0.00,0.00,41.46,250.0675,11.9445,279.8723,0.00,100.00,182.67,-11.86,182.67,11.86,12.52
7.39,356.78,16.6958,7.9699,10.0277,2.86,100.00,41.43,0.00,94.54,0.00,0.00,17.0440,10.9878,9.9930,16.7583,10.9878,10.2586,0.00,0.00,41.43,17.5080,10.9878,9.5969,0.00,0.00,41.43,250.0675,11.9445,279.8723,0.00,100.00,182.67,-11.86,182.67,11.86,12.52
7.46,356.67,16.8930,7.9969,10.0121,3.08,100.00,41.40,0.00,94.54,0.00,0.00,17.2412,11.0148,9.9774,16.9553,11.0148,10.2428,0.00,0.00,41.40,17.7053,11.0148,9.5814,0.00,0.00,41.40,250.0675,11.9445,279.8723,0.00,100.00,182.67,-11.86,182.67,11.86,12.52
7.52,356.54,17.0990,7.9959,9.9957,3.41,100.00,41.37,0.00,94.54,0.00,0.00,17.4473,11.0138,9.9610,17.1612,11.0138,10.2263,0.00,0.00,41.37,17.9116,11.0138,9.5653,0.00,0.00,41.37,250.0675,11.9445,279.8723,0.00,100.00,182.67,-11.86,182.67,11.86,12.52
7.58,356.43,17.2974,7.9893,9.9800,3.12,100.00,41.37,0.00,94.54,0.00,0.00,17.6456,11.0072,9.9453,17.3596,11.0072,10.2105,0.00,0.00,41.37,18.1100,11.0072,9.5496,0.00,0.00,41.37,250.0675,11.9445,279.8723,0.00,100.00,182.67,-11.86,182.67,11.86,12.52
7.64,356.30,17.5122,7.9866,9.9629,3.50,100.00,41.37,0.00,94.54,0.00,0.00,17.8604,11.0045,9.9282,17.5744,11.0045,10.1935,0.00,0.00,41.37,18.3248,11.0045,9.5325,0.00,0.00,41.37,250.0675,11.9445,279.8723,0.00,100.00,182.67,-11.86,182.67,11.86,12.52
7.71,356.17,17.7252,7.9817,9.9460,3.40,100.00,41.35,0.00,94.54,0.00,0.00,18.0734,10.9996,9.9113,17.7872,10.9996,10.1764,0.00,0.00,41.35,18.5380,10.9996,9.5158,0.00,0.00,41.35,250.0675,11.9445,279.8723,0.00,100.00,182.67,-11.86,182.67,11.86,12.52
7.76,356.04,17.9484,7.9836,9.9283,3.80,100.00,41.32,0.00,94.54,0.00,0.00,18.2966,11.0015,9.8936,18.0103,11.0015,10.1586,0.00,0.00,41.32,18.7613,11.0015,9.4983,0.00,0.00,41.32,250.0675,11.9445,279.8723,0.00,100.00,182.67,-11.86,182.67,11.86,12.52
7.83,355.91,18.1630,7.9776,9.9112,3.40,100.00,41.29,0.00,94.54,0.00,0.00,18.5112,10.9955,9.8765,18.2248,10.9955,10.1414,0.00,0.00,41.29,18.9762,10.9955,9.4815,0.00,0.00,41.29,250.0675,11.9445,279.8723,0.00,100.00,182.67,-11.86,182.67,11.86,12.52
7.89,355.77,18.3999,7.9783,9.8924,3.99,100.00,41.26,0.00,94.54,0.00,0.00,18.7482,10.9962,9.8577,18.4616,10.9962,10.1224,0.00,0.00,41.26,19.2133,10.9962,9.4629,0.00,0.00,41.26,250.0675,11.9445,279.8723,0.00,100.00,182.67,-11.86,182.67,11.86,12.52
7.95,355.64,18.6281,7.9718,9.8743,3.60,100.00,41.26,0.00,94.54,0.00,0.00,18.9763,10.9897,9.8396,18.6897,10.9897,10.1043,0.00,0.00,41.26,19.4415,10.9897,9.4448,0.00,0.00,41.26,250.0675,11.9445,279.8723,0.00,100.00,182.67,-11.86,182.67,11.86,12.52
8.01,355.50,18.8620,7.9700,9.8557,3.85,100.00,41.26,0.00,94.54,0.00,0.00,19.2102,10.9879,9.8210,18.9236,10.9879,10.0857,0.00,0.00,41.26,19.6753,10.9879,9.4262,0.00,0.00,41.26,250.0675,11.9445,279.8723,0.00,100.00,182.67,-11.86,182.67,11.86,12.52
8.07,355.37,19.0769,8.0018,9.8387,3.52,100.00,41.23,0.00,94.54,0.00,0.00,19.4251,11.0197,9.8039,19.1384,11.0197,10.0685,0.00,0.00,41.23,19.8905,11.0197,9.4094,0.00,0.00,41.23,250.0675,11.9445,279.8723,0.00,100.00,182.67,-11.86,182.67,11.86,12.52
8.13,355.24,19.3010,7.9674,9.8209,3.82,100.00,41.20,0.00,94.54,0.00,0.00,19.6493,10.9853,9.7861,19.3624,10.9853,10.0505,0.00,0.00,41.20,20.1148,10.9853,9.3919,0.00,0.00,41.20,250.0675,11.9445,279.8723,0.00,100.00,182.67,-11.86,182.67,11.86,12.52
8.19,355.11,19.5215,8.0003,9.8034,3.64,100.00,41.17,0.00,94.54,0.00,0.00,19.8697,11.0182,9.7686,19.5827,11.0182,10.0329,0.00,0.00,41.17,20.3355,11.0182,9.3746,0.00,0.00,41.17,250.0675,11.9445,279.8723,0.00,100.00,182.67,-11.86,182.67,11.86,12.52
8.25,354.98,19.7398,8.0018,9.7860,3.71,100.00,41.14,0.00,94.54,0.00,0.00,20.0881,11.0197,9.7513,19.8009,11.0197,10.0154,0.00,0.00,41.14,20.5541,11.0197,9.3575,0.00,0.00,41.14,250.0675,11.9445,279.8723,0.00,100.00,182.67,-11.86,182.67,11.86,12.52
8.32,354.86,19.9416,7.9973,9.7700,3.24,100.00,41.10,0.00,94.54,0.00,0.00,20.2898,11.0152,9.7353,20.0025,11.0152,9.9992,0.00,0.00,41.10,20.7561,11.0152,9.3418,0.00,0.00,41.10,250.0675,11.9445,279.8723,0.00,100.00,182.67,-11.86,182.67,11.86,12.52
8.38,354.74,20.1610,7.9952,9.7526,3.60,100.00,41.07,0.00,94.54,0.00,0.00,20.5092,11.0131,9.7178,20.2217,11.0131,9.9816,0.00,0.00,41.07,20.9757,11.0131,9.3246,0.00,0.00,41.07,250.0675,11.9445,279.8723,0.00,100.00,182.67,-11.86,182.67,11.86,12.52
8.44,354.61,20.3811,7.9976,9.7351,3.76,100.00,41.04,0.00,94.54,0.00,0.00,20.7294,11.0155,9.7004,20.4418,11.0155,9.9639,0.00,0.00,41.04,21.1961,11.0155,9.3074,0.00,0.00,41.04,250.0675,11.9445,279.8723,0.00,100.00,182.67,-11.86,182.67,11.86,12.52
8.50,354.48,20.5974,7.9945,9.7179,3.51,100.00,41.00,0.00,94.54,0.00,0.00,20.9456,11.0123,9.6832,20.6578,11.0123,9.9466,0.00,0.00,41.00,21.4125,11.0123,9.2905,0.00,0.00,41.00,250.0675,11.9445,279.8723,0.00,100.00,182.67,-11.86,182.67,11.86,12.52
8.56,354.34,20.8307,7.9909,9.6994,3.78,100.00,40.97,0.00,94.54,0.00,0.00,21.1789,11.0088,9.6647,20.8910,11.0088,9.9279,0.00,0.00,40.97,21.6461,11.0088,9.2723,0.00,0.00,40.97,250.0675,11.9445,279.8723,0.00,100.00,182.67,-11.86,182.67,11.86,12.52
8.62,354.20,21.0706,7.9876,9.6803,3.89,100.00,40.94,0.00,94.54,0.00,0.00,21.4189,11.0055,9.6456,21.1308,11.0055,9.9087,0.00,0.00,40.94,21.8862,11.0055,9.2535,0.00,0.00,40.94,250.0675,11.9445,279.8723,0.00,100.00,182.67,-11.86,182.67,11.86,12.52
8.68,354.06,21.3158,7.9893,9.6609,4.17,100.00,40.94,0.00,94.54,0.00,0.00,21.6640,11.0072,9.6261,21.3759,11.0072,9.8892,0.00,0.00,40.94,22.1314,11.0072,9.2340,0.00,0.00,40.94,250.0675,11.9445,279.8723,0.00,100.00,182.67,-11.86,182.67,11.86,12.52
8.74,353.92,21.5548,7.9894,9.6419,4.00,100.00,40.94,0.00,94.54,0.00,0.00,21.9030,11.0073,9.6072,21.6150,11.0073,9.8702,0.00,0.00,40.94,22.3704,11.0073,9.2150,0.00,0.00,40.94,250.0675,11.9445,279.8723,0.00,100.00,182.67,-11.86,182.67,11.86,12.52
8.80,353.77,21.8031,7.9920,9.6222,4.25,100.00,40.94,0.00,94.54,0.00,0.00,22.1513,11.0099,9.5874,21.8632,11.0099,9.8505,0.00,0.00,40.94,22.6187,11.0099,9.1953,0.00,0.00,40.94,250.0675,11.9445,279.8723,0.00,100.00,182.67,-11.86,182.67,11.86,12.52
8.86,353.64,22.0371,7.9920,9.6036,3.91,100.00,40.94,0.00,94.54,0.00,0.00,22.3853,11.0099,9.5688,22.0973,11.0099,9.8319,0.00,0.00,40.94,22.8527,11.0099,9.1767,0.00,0.00,40.94,250.0675,11.9445,279.8723,0.00,100.00,182.67,-11.86,182.67,11.86,12.52
8.92,353.50,22.2682,7.9892,9.5852,3.77,100.00,40.94,0.00,94.54,0.00,0.00,22.6164,11.0071,9.5505,22.3284,11.0071,9.8136,0.00,0.00,40.94,23.0838,11.0071,9.1584,0.00,0.00,40.94,250.0675,11.9445,279.8723,0.00,100.00,182.67,-11.86,182.67,11.86,12.52
8.98,353.36,22.5111,7.9888,9.5659,4.05,100.00,40.94,0.00,94.54,0.00,0.00,22.8593,11.0067,9.5312,22.5712,11.0067,9.7943,0.00,0.00,40.94,23.3267,11.0067,9.1391,0.00,0.00,40.94,250.0675,11.9445,279.8723,0.00,100.00,182.67,-11.86,182.67,11.86,12.52
9.04,353.22,22.7540,7.9876,9.5466,4.01,100.00,40.90,0.00,94.54,0.00,0.00,23.1022,11.0055,9.5119,22.8140,11.0055,9.7748,0.00,0.00,40.90,23.5698,11.0055,9.1201,0.00,0.00,40.90,250.0675,11.9445,279.8723,0.00,100.00,182.67,-11.86,182.67,11.86,12.52
9.10,353.07,23.0043,7.9892,9.5268,4.25,100.00,40.86,0.00,94.54,0.00,0.00,23.3525,11.0071,9.4920,23.0641,11.0071,9.7548,0.00,0.00,40.86,23.8204,11.0071,9.1005,0.00,0.00,40.86,250.0675,11.9445,279.8723,0.00,100.00,182.67,-11.86,182.67,11.86,12.52
9.16,352.93,23.2533,7.9934,9.5070,4.33,100.00,40.86,0.00,94.54,0.00,0.00,23.6016,11.0112,9.4723,23.3131,11.0112,9.7350,0.00,0.00,40.86,24.0694,11.0112,9.0808,0.00,0.00,40.86,250.0675,11.9445,279.8723,0.00,100.00,182.67,-11.86,182.67,11.86,12.52
9.22,352.79,23.4881,7.9944,9.4884,3.96,100.00,40.86,0.00,94.54,0.00,0.00,23.8363,11.0123,9.4536,23.5479,11.0123,9.7163,0.00,0.00,40.86,24.3042,11.0123,9.0621,0.00,0.00,40.86,250.0675,11.9445,279.8723,0.00,100.00,182.67,-11.86,182.67,11.86,12.52
9.28,352.66,23.7215,7.9944,9.4698,3.90,100.00,40.82,0.00,94.54,0.00,0.00,24.0697,11.0123,9.4351,23.7811,11.0123,9.6976,0.00,0.00,40.82,24.5379,11.0123,9.0439,0.00,0.00,40.82,250.0675,11.9445,279.8723,0.00,100.00,182.67,-11.86,182.67,11.86,12.52
9.34,352.52,23.9626,7.9985,9.4507,4.19,100.00,40.78,0.00,94.54,0.00,0.00,24.3108,11.0164,9.4160,24.0221,11.0164,9.6783,0.00,0.00,40.78,24.7793,11.0164,9.0251,0.00,0.00,40.78,250.0675,11.9445,279.8723,0.00,100.00,182.67,-11.86,182.67,11.86,12.52
9.40,352.38,24.1993,7.9978,9.4319,3.93,100.00,40.74,0.00,94.54,0.00,0.00,24.5475,11.0157,9.3972,24.2586,11.0157,9.6592,0.00,0.00,40.74,25.0163,11.0157,9.0066,0.00,0.00,40.74,250.0675,11.9445,279.8723,0.00,100.00,182.67,-11.86,182.67,11.86,12.52
9.46,352.23,24.4526,7.9985,9.4118,4.26,100.00,40.70,0.00,94.54,0.00,0.00,24.8008,11.0164,9.3770,24.5116,11.0164,9.6389,0.00,0.00,40.70,25.2698,11.0164,8.9869,0.00,0.00,40.70,250.0675,11.9445,279.8723,0.00,100.00,182.67,-11.86,182.67,11.86,12.52
9.51,352.08,24.7079,8.0004,9.3915,4.35,100.00,40.70,0.00,94.54,0.00,0.00,25.0562,11.0183,9.3567,24.7670,11.0183,9.6186,0.00,0.00,40.70,25.5252,11.0183,8.9666,0.00,0.00,40.70,250.0675,11.9445,279.8723,0.00,100.00,182.67,-11.86,182.67,11.86,12.52
9.57,351.93,24.9654,7.9732,9.3710,4.69,100.00,40.70,0.00,94.54,0.00,0.00,25.3137,10.9911,9.3363,25.0245,10.9911,9.5982,0.00,0.00,40.70,25.7827,10.9911,8.9461,0.00,0.00,40.70,250.0675,11.9445,279.8723,0.00,100.00,182.67,-11.86,182.67,11.86,12.52
9.63,351.79,25.2122,7.9732,9.3514,4.13,100.00,40.65,0.00,94.54,0.00,0.00,25.5605,10.9911,9.3167,25.2711,10.9911,9.5783,0.00,0.00,40.65,26.0298,10.9911,8.9268,0.00,0.00,40.65,250.0675,11.9445,279.8723,0.00,100.00,182.67,-11.86,182.67,11.86,12.52
9.69,351.63,25.4847,7.9800,9.3297,4.87,100.00,40.61,0.00,94.54,0.00,0.00,25.8329,10.9979,9.2950,25.5434,10.9979,9.5565,0.00,0.00,40.61,26.3025,10.9979,8.9055,0.00,0.00,40.61,250.0675,11.9445,279.8723,0.00,100.00,182.67,-11.86,182.67,11.86,12.52
9.74,351.48,25.7447,7.9875,9.3091,4.68,100.00,40.57,0.00,94.54,0.00,0.00,26.0929,11.0053,9.2744,25.8032,11.0053,9.5356,0.00,0.00,40.57,26.5628,11.0053,8.8852,0.00,0.00,40.57,250.0675,11.9445,279.8723,0.00,100.00,182.67,-11.86,182.67,11.86,12.52
9.80,351.33,26.0073,7.9918,9.2882,4.58,100.00,40.53,0.00,94.54,0.00,0.00,26.3556,11.0097,9.2535,26.0656,11.0097,9.5146,0.00,0.00,40.53,26.8257,11.0097,8.8647,0.00,0.00,40.53,250.0675,11.9445,279.8723,0.00,100.00,182.67,-11.86,182.67,11.86,12.52
9.86,351.17,26.2832,7.9943,9.2663,4.72,100.00,40.49,0.00,94.54,0.00,0.00,26.6315,11.0122,9.2316,26.3413,11.0122,9.4924,0.00,0.00,40.49,27.1019,11.0122,8.8431,0.00,0.00,40.49,250.0675,11.9445,279.8723,0.00,100.00,182.67,-11.86,182.67,11.86,12.52
9.91,351.01,26.5694,7.9691,9.2436,5.32,100.00,40.45,0.00,94.54,0.00,0.00,26.9177,10.9870,9.2089,26.6274,10.9870,9.4695,0.00,0.00,40.45,27.3883,10.9870,8.8207,0.00,0.00,40.45,250.0675,11.9445,279.8723,0.00,100.00,182.67,-11.86,182.67,11.86,12.52
9.97,350.85,26.8386,7.9757,9.2222,4.80,100.00,40.41,0.00,94.54,0.00,0.00,27.1868,10.9936,9.1875,26.8964,10.9936,9.4479,0.00,0.00,40.41,27.6578,10.9936,8.7997,0.00,0.00,40.41,250.0675,11.9445,279.8723,0.00,100.00,182.67,-11.86,182.67,11.86,12.52
10.03,350.69,27.1228,7.9793,9.1996,4.92,100.00,40.37,0.00,94.54,0.00,0.00,27.4710,10.9972,9.1649,27.1804,10.9972,9.4251,0.00,0.00,40.37,27.9423,10.9972,8.7774,0.00,0.00,40.37,250.0675,11.9445,279.8723,0.00,100.00,182.67,-11.86,182.67,11.86,12.52
10.08,350.52,27.4205,7.9824,9.1760,5.13,100.00,40.33,0.00,94.54,0.00,0.00,27.7687,11.0003,9.1413,27.4778,11.0003,9.4013,0.00,0.00,40.33,28.2402,11.0003,8.7542,0.00,0.00,40.33,250.0675,11.9445,279.8723,0.00,100.00,182.67,-11.86,182.67,11.86,12.52
10.14,350.35,27.7245,7.9851,9.1519,5.22,100.00,40.28,0.00,94.54,0.00,0.00,28.0728,11.0030,9.1171,27.7817,11.0030,9.3769,0.00,0.00,40.28,28.5446,11.0030,8.7304,0.00,0.00,40.28,250.0675,11.9445,279.8723,0.00,100.00,182.67,-11.86,182.67,11.86,12.52
10.20,350.17,28.0347,7.9875,9.1272,5.30,100.00,40.28,0.00,94.54,0.00,0.00,28.3830,11.0054,9.0925,28.0919,11.0054,9.3523,0.00,0.00,40.28,28.8548,11.0054,8.7057,0.00,0.00,40.28,250.0675,11.9445,279.8723,0.00,100.00,182.67,-11.86,182.67,11.86,12.52
10.26,349.99,28.3514,7.9951,9.1021,5.71,100.00,40.28,0.00,94.54,0.00,0.00,28.6996,11.0130,9.0674,28.4085,11.0130,9.3271,0.00,0.00,40.28,29.1714,11.0130,8.6806,0.00,0.00,40.28,250.0675,11.9445,279.8723,0.00,100.00,182.67,-11.86,182.67,11.86,12.52
10.31,349.81,28.6564,8.0005,9.0779,5.38,100.00,40.10,0.00,94.54,0.00,0.00,29.0046,11.0184,9.0431,28.7128,11.0184,9.3020,0.00,0.00,40.10,29.4777,11.0184,8.6579,0.00,0.00,40.10,250.0675,11.9445,279.8723,0.00,100.00,182.67,-11.86,182.67,11.86,12.52
10.37,349.63,28.9731,7.9714,9.0527,5.65,100.00,40.06,0.00,94.68,0.00,0.00,29.3213,10.9893,9.0171,29.0292,10.9893,9.2758,0.00,0.00,40.06,29.7946,10.9893,8.6322,0.00,0.00,40.06,250.0675,11.9445,279.8723,0.00,100.00,182.67,-11.86,182.67,11.86,12.52
10.43,349.45,29.2919,7.9808,9.0266,5.85,100.00,40.20,0.00,94.82,0.00,0.00,29.6400,10.9987,8.9901,29.3486,10.9987,9.2495,0.00,0.00,40.20,30.1123,10.9987,8.6040,0.00,0.00,40.20,250.0675,11.9445,279.8723,0.00,100.00,182.67,-11.86,182.67,11.86,12.52
10.48,349.28,29.5935,7.9842,9.0011,5.21,100.00,40.20,0.00,94.82,0.00,0.00,29.9415,11.0021,8.9647,29.6501,11.0021,9.2241,0.00,0.00,40.20,30.4139,11.0021,8.5786,0.00,0.00,40.20,250.0675,11.9445,279.8723,0.00,100.00,182.67,-11.86,182.67,11.86,12.52
10.54,349.10,29.9055,7.9943,8.9748,5.77,100.00,40.20,0.00,94.82,0.00,0.00,30.2535,11.0122,8.9384,29.9621,11.0122,9.1977,0.00,0.00,40.20,30.7259,11.0122,8.5522,0.00,0.00,40.20,250.0675,11.9445,279.8723,0.00,100.00,182.67,-11.86,182.67,11.86,12.52
10.59,348.94,30.1901,8.0019,8.9508,5.13,100.00,40.20,0.00,94.82,0.00,0.00,30.5381,11.0198,8.9143,30.2467,11.0198,9.1737,0.00,0.00,40.20,31.0105,11.0198,8.5282,0.00,0.00,40.20,250.0675,11.9445,279.8723,0.00,100.00,182.67,-11.86,182.67,11.86,12.52
10.65,348.78,30.4744,7.9688,8.9268,4.89,100.00,40.11,0.00,94.82,0.00,0.00,30.8224,10.9867,8.8903,30.5306,10.9867,9.1492,0.00,0.00,40.11,31.2954,10.9867,8.5050,0.00,0.00,40.11,250.0675,11.9445,279.8723,0.00,100.00,182.67,-11.86,182.67,11.86,12.52
10.71,348.61,30.7794,7.9748,8.9010,5.41,100.00,40.05,0.00,94.85,0.00,0.00,31.1275,10.9927,8.8644,30.8353,10.9927,9.1230,0.00,0.00,40.05,31.6009,10.9927,8.4796,0.00,0.00,40.05,250.0675,11.9445,279.8723,0.00,100.00,182.67,-11.86,182.67,11.86,12.52
10.76,348.44,31.0781,7.9841,8.8757,5.48,100.00,40.07,0.00,94.87,0.00,0.00,31.4261,11.0020,8.8389,31.1341,11.0020,9.0977,0.00,0.00,40.07,31.8994,11.0020,8.4539,0.00,0.00,40.07,250.0675,11.9445,279.8723,0.00,100.00,182.67,-11.86,182.67,11.86,12.52
10.82,348.28,31.3597,7.9918,8.8517,5.08,100.00,40.07,0.00,94.87,0.00,0.00,31.7077,11.0097,8.8149,31.4157,11.0097,9.0736,0.00,0.00,40.07,32.1810,11.0097,8.4299,0.00,0.00,40.07,250.0675,11.9445,279.8723,0.00,100.00,182.67,-11.86,182.67,11.86,12.52
10.88,348.13,31.6385,7.9944,8.8279,4.78,100.00,39.94,0.00,94.87,0.00,0.00,31.9865,11.0123,8.7912,31.6939,11.0123,9.0492,0.00,0.00,39.94,32.4606,11.0123,8.4072,0.00,0.00,39.94,250.0675,11.9445,279.8723,0.00,100.00,182.67,-11.86,182.67,11.86,12.52
10.93,347.96,31.9369,7.9681,8.8025,5.47,100.00,39.85,0.00,94.90,0.00,0.00,32.2849,10.9860,8.7656,31.9919,10.9860,9.0231,0.00,0.00,39.85,32.7596,10.9860,8.3824,0.00,0.00,39.85,250.0675,11.9445,279.8723,0.00,100.00,182.67,-11.86,182.67,11.86,12.52
10.99,347.80,32.2213,7.9751,8.7781,5.10,100.00,39.76,0.00,94.92,0.00,0.00,32.5693,10.9930,8.7410,32.2759,10.9930,8.9981,0.00,0.00,39.76,33.0446,10.9930,8.3586,0.00,0.00,39.76,250.0675,11.9445,279.8723,0.00,100.00,182.67,-11.86,182.67,11.86,12.52
11.05,347.64,32.5039,7.9801,8.7537,4.96,100.00,39.64,0.00,94.92,0.00,0.00,32.8518,10.9980,8.7167,32.5579,10.9980,8.9732,0.00,0.00,39.64,33.3280,10.9980,8.3352,0.00,0.00,39.64,250.0675,11.9445,279.8723,0.00,100.00,182.67,-11.86,182.67,11.86,12.52
11.10,347.49,32.7842,7.9892,8.7296,5.13,100.00,39.54,0.00,94.92,0.00,0.00,33.1322,11.0071,8.6925,32.8378,11.0071,8.9485,0.00,0.00,39.54,33.6090,11.0071,8.3119,0.00,0.00,39.54,250.0675,11.9445,279.8723,0.00,100.00,182.67,-11.86,182.67,11.86,12.52
11.16,347.33,33.0578,7.9968,8.7060,4.93,100.00,39.45,0.00,94.93,0.00,0.00,33.4058,11.0147,8.6689,33.1110,11.0147,8.9244,0.00,0.00,39.45,33.8832,11.0147,8.2890,0.00,0.00,39.45,250.0675,11.9445,279.8723,0.00,100.00,182.67,-11.86,182.67,11.86,12.52
11.21,347.18,33.3402,7.9708,8.6816,5.20,100.00,39.46,0.00,94.95,0.00,0.00,33.6882,10.9887,8.6444,33.3934,10.9887,8.9000,0.00,0.00,39.46,34.1655,10.9887,8.2645,0.00,0.00,39.46,250.0675,11.9445,279.8723,0.00,100.00,182.67,-11.86,182.67,11.86,12.52
11.27,347.02,33.6221,7.9701,8.6572,4.69,100.00,39.68,0.00,95.17,0.00,0.00,33.9700,10.9880,8.6187,33.6762,10.9880,8.8754,0.00,0.00,39.68,34.4458,10.9880,8.2369,0.00,0.00,39.68,250.0675,11.9445,279.8723,0.00,100.00,182.67,-11.86,182.67,11.86,12.52
11.33,346.84,33.9384,7.9717,8.6287,5.37,100.00,39.79,0.00,95.41,0.00,0.00,34.2861,10.9896,8.5887,33.9928,10.9896,8.8459,0.00,0.00,39.79,34.7612,10.9896,8.2060,0.00,0.00,39.79,250.0675,11.9445,279.8723,0.00,100.00,182.67,-11.86,182.67,11.86,12.52
11.39,346.67,34.2532,7.9733,8.5989,5.35,100.00,39.76,0.00,95.50,0.00,0.00,34.6008,10.9912,8.5583,34.3074,10.9912,8.8154,0.00,0.00,39.76,35.0762,10.9912,8.1759,0.00,0.00,39.76,250.0675,11.9445,279.8723,0.00,100.00,182.67,-11.86,182.67,11.86,12.52
11.45,346.50,34.5731,7.9784,8.5680,5.63,100.00,39.85,0.00,95.60,0.00,0.00,34.9206,10.9963,8.5269,34.6276,10.9963,8.7845,0.00,0.00,39.85,35.3953,10.9963,8.1437,0.00,0.00,39.85,250.0675,11.9445,279.8723,0.00,100.00,182.67,-11.86,182.67,11.86,12.52
11.50,346.33,34.8742,7.9866,8.5385,5.46,100.00,39.85,0.00,95.60,0.00,0.00,35.2217,11.0044,8.4974,34.9287,11.0044,8.7550,0.00,0.00,39.85,35.6964,11.0044,8.1142,0.00,0.00,39.85,250.0675,11.9445,279.8723,0.00,100.00,182.67,-11.86,182.67,11.86,12.52
11.56,346.18,35.1588,7.9916,8.5106,5.01,100.00,39.85,0.00,95.60,0.00,0.00,35.5063,11.0095,8.4695,35.2133,11.0095,8.7271,0.00,0.00,39.85,35.9810,11.0095,8.0863,0.00,0.00,39.85,250.0675,11.9445,279.8723,0.00,100.00,182.67,-11.86,182.67,11.86,12.52
11.61,346.02,35.4445,7.9673,8.4826,5.36,100.00,39.85,0.00,95.60,0.00,0.00,35.7920,10.9852,8.4415,35.4990,10.9852,8.6991,0.00,0.00,39.85,36.2667,10.9852,8.0583,0.00,0.00,39.85,250.0675,11.9445,279.8723,0.00,100.00,182.67,-11.86,182.67,11.86,12.52
11.67,345.88,35.7065,7.9709,8.4570,4.54,100.00,39.72,0.00,95.60,0.00,0.00,36.0540,10.9888,8.4158,35.7604,10.9888,8.6727,0.00,0.00,39.72,36.5296,10.9888,8.0337,0.00,0.00,39.72,250.0675,11.9445,279.8723,0.00,100.00,182.67,-11.86,182.67,11.86,12.52
11.73,345.72,35.9938,7.9712,8.4288,4.82,100.00,39.60,0.00,95.62,0.00,0.00,36.3413,10.9891,8.3875,36.0472,10.9891,8.6439,0.00,0.00,39.60,36.8177,10.9891,8.0064,0.00,0.00,39.60,250.0675,11.9445,279.8723,0.00,100.00,182.67,-11.86,182.67,11.86,12.52
11.79,345.56,36.2958,7.9741,8.3991,5.20,100.00,39.62,0.00,95.64,0.00,0.00,36.6433,10.9920,8.3577,36.3493,10.9920,8.6141,0.00,0.00,39.62,37.1196,10.9920,7.9764,0.00,0.00,39.62,250.0675,11.9445,279.8723,0.00,100.00,182.67,-11.86,182.67,11.86,12.52
11.85,345.41,36.5819,7.9707,8.3709,4.64,100.00,39.62,0.00,95.64,0.00,0.00,36.9294,10.9886,8.3295,36.6354,10.9886,8.5859,0.00,0.00,39.62,37.4057,10.9886,7.9482,0.00,0.00,39.62,250.0675,11.9445,279.8723,0.00,100.00,182.67,-11.86,182.67,11.86,12.52
11.91,345.25,36.8764,7.9725,8.3418,5.01,100.00,39.47,0.00,95.64,0.00,0.00,37.2239,10.9904,8.3004,36.9292,10.9904,8.5561,0.00,0.00,39.47,37.7012,10.9904,7.9204,0.00,0.00,39.47,250.0675,11.9445,279.8723,0.00,100.00,182.67,-11.86,182.67,11.86,12.52
11.97,345.09,37.1622,7.9750,8.3136,4.90,100.00,39.33,0.00,95.65,0.00,0.00,37.5097,10.9929,8.2721,37.2144,10.9929,8.5271,0.00,0.00,39.33,37.9879,10.9929,7.8932,0.00,0.00,39.33,250.0675,11.9445,279.8723,0.00,100.00,182.67,-11.86,182.67,11.86,12.52
12.03,344.94,37.4509,7.9793,8.2850,5.04,100.00,39.35,0.00,95.66,0.00,0.00,37.7984,10.9972,8.2435,37.5032,10.9972,8.4985,0.00,0.00,39.35,38.2765,10.9972,7.8645,0.00,0.00,39.35,250.0675,11.9445,279.8723,0.00,100.00,182.67,-11.86,182.67,11.86,12.52
12.08,344.79,37.7267,7.9860,8.2577,4.93,100.00,39.35,0.00,95.66,0.00,0.00,38.0742,11.0039,8.2161,37.7789,11.0039,8.4711,0.00,0.00,39.35,38.5523,11.0039,7.8371,0.00,0.00,39.35,250.0675,11.9445,279.8723,0.00,100.00,182.67,-11.86,182.67,11.86,12.52
12.14,344.65,37.9885,7.9835,8.2317,4.29,100.00,39.22,0.00,95.66,0.00,0.00,38.3360,11.0014,8.1902,38.0401,11.0014,8.4445,0.00,0.00,39.22,38.8149,11.0014,7.8122,0.00,0.00,39.22,250.0675,11.9445,279.8723,0.00,100.00,182.67,-11.86,182.67,11.86,12.52
12.20,344.49,38.2799,7.9860,8.2028,5.00,100.00,39.10,0.00,95.67,0.00,0.00,38.6274,11.0039,8.1612,38.3310,11.0039,8.4149,0.00,0.00,39.10,39.1071,11.0039,7.7842,0.00,0.00,39.10,250.0675,11.9445,279.8723,0.00,100.00,182.67,-11.86,182.67,11.86,12.52
12.26,344.34,38.5631,7.9893,8.1747,4.90,100.00,39.11,0.00,95.68,0.00,0.00,38.9106,11.0072,8.1330,38.6143,11.0072,8.3868,0.00,0.00,39.11,39.3902,11.0072,7.7560,0.00,0.00,39.11,250.0675,11.9445,279.8723,0.00,100.00,182.67,-11.86,182.67,11.86,12.52
12.32,344.19,38.8490,7.9977,8.1462,5.20,100.00,39.42,0.00,95.99,0.00,0.00,39.1962,11.0156,8.1027,38.9013,11.0156,8.3580,0.00,0.00,39.42,39.6739,11.0156,7.7231,0.00,0.00,39.42,250.0675,11.9445,279.8723,0.00,100.00,182.67,-11.86,182.67,11.86,12.52
12.37,344.04,39.1252,7.9676,8.1172,4.90,100.00,39.46,0.00,96.28,0.00,0.00,39.4722,10.9855,8.0720,39.1774,10.9855,8.3275,0.00,0.00,39.46,39.9495,10.9855,7.6920,0.00,0.00,39.46,250.0675,11.9445,279.8723,0.00,100.00,182.67,-11.86,182.67,11.86,12.52
12.43,343.89,39.4151,7.9760,8.0853,5.28,100.00,39.35,0.00,96.41,0.00,0.00,39.7620,10.9938,8.0393,39.4668,10.9938,8.2943,0.00,0.00,39.35,40.2400,10.9938,7.6602,0.00,0.00,39.35,250.0675,11.9445,279.8723,0.00,100.00,182.67,-11.86,182.67,11.86,12.52
12.49,343.74,39.7004,7.9809,8.0533,5.02,100.00,39.24,0.00,96.54,0.00,0.00,40.0472,10.9988,8.0064,39.7515,10.9988,8.2608,0.00,0.00,39.24,40.5260,10.9988,7.6283,0.00,0.00,39.24,250.0675,11.9445,279.8723,0.00,100.00,182.67,-11.86,182.67,11.86,12.52
12.54,343.58,40.0003,7.9903,8.0189,5.52,100.00,39.14,0.00,96.67,0.00,0.00,40.3470,11.0081,7.9712,40.0508,11.0081,8.2251,0.00,0.00,39.14,40.8265,11.0081,7.5940,0.00,0.00,39.14,250.0675,11.9445,279.8723,0.00,100.00,182.67,-11.86,182.67,11.86,12.52
12.60,343.43,40.2918,7.9995,7.9848,5.36,100.00,38.96,0.00,96.80,0.00,0.00,40.6384,11.0174,7.9363,40.3414,11.0174,8.1893,0.00,0.00,38.96,41.1190,11.0174,7.5606,0.00,0.00,38.96,250.0675,11.9445,279.8723,0.00,100.00,182.67,-11.86,182.67,11.86,12.52
12.65,343.28,40.5762,7.9683,7.9509,4.99,100.00,38.63,0.00,96.80,0.00,0.00,40.9228,10.9862,7.9024,40.6243,10.9862,8.1537,0.00,0.00,38.63,41.4055,10.9862,7.5294,0.00,0.00,38.63,250.0675,11.9445,279.8723,0.00,100.00,182.67,-11.86,182.67,11.86,12.52
12.71,343.13,40.8677,7.9733,7.9161,5.14,100.00,38.48,0.00,96.80,0.00,0.00,41.2142,10.9912,7.8676,40.9151,10.9912,8.1181,0.00,0.00,38.48,41.6980,10.9912,7.4959,0.00,0.00,38.48,250.0675,11.9445,279.8723,0.00,100.00,182.67,-11.86,182.67,11.86,12.52
12.77,342.99,41.1485,7.9800,7.8826,5.03,100.00,38.32,0.00,96.80,0.00,0.00,41.4950,10.9979,7.8341,41.1953,10.9979,8.0838,0.00,0.00,38.32,41.9798,10.9979,7.4637,0.00,0.00,38.32,250.0675,11.9445,279.8723,0.00,100.00,182.67,-11.86,182.67,11.86,12.52
12.83,342.85,41.4171,7.9785,7.8505,4.44,100.00,38.21,0.00,96.80,0.00,0.00,41.7636,10.9964,7.8021,41.4634,10.9964,8.0512,0.00,0.00,38.21,42.2491,10.9964,7.4326,0.00,0.00,38.21,250.0675,11.9445,279.8723,0.00,100.00,182.67,-11.86,182.67,11.86,12.52
12.88,342.70,41.7135,7.9890,7.8152,5.52,100.00,38.13,0.00,96.81,0.00,0.00,42.0600,11.0069,7.7667,41.7594,11.0069,8.0153,0.00,0.00,38.13,42.5461,11.0069,7.3979,0.00,0.00,38.13,250.0675,11.9445,279.8723,0.00,100.00,182.67,-11.86,182.67,11.86,12.52
12.94,342.56,41.9811,7.9951,7.7832,4.77,100.00,38.14,0.00,96.82,0.00,0.00,42.3277,11.0130,7.7346,42.0271,11.0130,7.9833,0.00,0.00,38.14,42.8136,11.0130,7.3658,0.00,0.00,38.14,250.0675,11.9445,279.8723,0.00,100.00,182.67,-11.86,182.67,11.86,12.52
12.99,342.42,42.2531,7.9676,7.7506,4.95,100.00,38.14,0.00,96.82,0.00,0.00,42.5997,10.9855,7.7021,42.2991,10.9855,7.9508,0.00,0.00,38.14,43.0857,10.9855,7.3333,0.00,0.00,38.14,250.0675,11.9445,279.8723,0.00,100.00,182.67,-11.86,182.67,11.86,12.52
13.05,342.29,42.5134,7.9767,7.7195,4.78,100.00,38.09,0.00,96.82,0.00,0.00,42.8599,10.9946,7.6709,42.5592,10.9946,7.9194,0.00,0.00,38.09,43.3462,10.9946,7.3025,0.00,0.00,38.09,250.0675,11.9445,279.8723,0.00,100.00,182.67,-11.86,182.67,11.86,12.52
13.11,342.16,42.7745,7.9793,7.6883,4.49,100.00,38.06,0.00,96.83,0.00,0.00,43.1210,10.9972,7.6396,42.8201,10.9972,7.8879,0.00,0.00,38.06,43.6075,10.9972,7.2715,0.00,0.00,38.06,250.0675,11.9445,279.8723,0.00,100.00,182.67,-11.86,182.67,11.86,12.52
13.16,342.01,43.0581,7.9892,7.6543,5.26,100.00,38.03,0.00,96.84,0.00,0.00,43.4047,11.0071,7.6056,43.1036,11.0071,7.8537,0.00,0.00,38.03,43.8913,11.0071,7.2377,0.00,0.00,38.03,250.0675,11.9445,279.8723,0.00,100.00,182.67,-11.86,182.67,11.86,12.52
13.22,341.88,43.3146,7.9935,7.6235,4.49,100.00,37.98,0.00,96.84,0.00,0.00,43.6611,11.0114,7.5748,43.3599,11.0114,7.8227,0.00,0.00,37.98,44.1481,11.0114,7.2073,0.00,0.00,37.98,250.0675,11.9445,279.8723,0.00,100.00,182.67,-11.86,182.67,11.86,12.52
13.28,341.75,43.5780,7.9968,7.5919,4.57,100.00,37.47,0.00,96.84,0.00,0.00,43.9246,11.0147,7.5432,43.6211,11.0147,7.7884,0.00,0.00,37.47,44.4148,11.0147,7.1800,0.00,0.00,37.47,250.0675,11.9445,279.8723,0.00,100.00,182.67,-11.86,182.67,11.86,12.52
13.33,341.61,43.8491,7.9681,7.5593,4.88,100.00,37.21,0.00,97.08,0.00,0.00,44.1954,10.9860,7.5092,43.8908,10.9860,7.7530,0.00,0.00,37.21,44.6873,10.9860,7.1483,0.00,0.00,37.21,250.0675,11.9445,279.8723,0.00,100.00,182.67,-11.86,182.67,11.86,12.52
13.39,341.47,44.1160,7.9756,7.5262,4.83,100.00,37.44,0.00,97.32,0.00,0.00,44.4621,10.9935,7.4746,44.1586,10.9935,7.7196,0.00,0.00,37.44,44.9526,10.9935,7.1117,0.00,0.00,37.44,250.0675,11.9445,279.8723,0.00,100.00,182.67,-11.86,182.67,11.86,12.52
13.44,341.34,44.3850,7.9835,7.4916,4.88,100.00,37.66,0.00,97.54,0.00,0.00,44.7310,11.0014,7.4387,44.4283,11.0014,7.6849,0.00,0.00,37.66,45.2200,11.0014,7.0739,0.00,0.00,37.66,250.0675,11.9445,279.8723,0.00,100.00,182.67,-11.86,182.67,11.86,12.52
13.50,341.20,44.6576,7.9876,7.4555,4.77,100.00,37.88,0.00,97.76,0.00,0.00,45.0033,11.0055,7.4013,44.7016,11.0055,7.6487,0.00,0.00,37.88,45.4909,11.0055,7.0347,0.00,0.00,37.88,250.0675,11.9445,279.8723,0.00,100.00,182.67,-11.86,182.67,11.86,12.52
13.56,341.06,44.9452,7.9935,7.4163,5.12,100.00,38.07,0.00,97.94,0.00,0.00,45.2907,11.0114,7.3610,44.9899,11.0114,7.6093,0.00,0.00,38.07,45.7771,11.0114,6.9928,0.00,0.00,38.07,250.0675,11.9445,279.8723,0.00,100.00,182.67,-11.86,182.67,11.86,12.52
13.61,340.92,45.2324,8.0007,7.3762,5.19,100.00,38.25,0.00,98.13,0.00,0.00,45.5778,11.0186,7.3198,45.2777,11.0186,7.5691,0.00,0.00,38.25,46.0630,11.0186,6.9500,0.00,0.00,38.25,250.0675,11.9445,279.8723,0.00,100.00,182.67,-11.86,182.67,11.86,12.52
13.67,340.79,45.5083,7.9724,7.3368,5.00,100.00,38.25,0.00,98.13,0.00,0.00,45.8537,10.9903,7.2804,45.5536,10.9903,7.5297,0.00,0.00,38.25,46.3389,10.9903,6.9106,0.00,0.00,38.25,250.0675,11.9445,279.8723,0.00,100.00,182.67,-11.86,182.67,11.86,12.52
13.73,340.66,45.7771,7.9767,7.2985,4.72,100.00,38.70,0.00,98.13,0.00,0.00,46.1225,10.9946,7.2420,45.8244,10.9946,7.4936,0.00,0.00,38.70,46.6048,10.9946,6.8685,0.00,0.00,38.70,250.0675,11.9445,279.8723,0.00,100.00,182.67,-11.86,182.67,11.86,12.52
13.78,340.52,46.0581,7.9825,7.2583,5.01,100.00,38.63,0.00,97.62,0.00,0.00,46.4040,11.0004,7.2049,46.1056,11.0004,7.4562,0.00,0.00,38.63,46.8868,11.0004,6.8319,0.00,0.00,38.63,250.0675,11.9445,279.8723,0.00,100.00,182.67,-11.86,182.67,11.86,12.52
13.84,340.38,46.3402,7.9851,7.2206,4.86,100.00,38.50,0.00,97.12,0.00,0.00,46.6865,11.0029,7.1702,46.3875,11.0029,7.4208,0.00,0.00,38.50,47.1701,11.0029,6.7983,0.00,0.00,38.50,250.0675,11.9445,279.8723,0.00,100.00,182.67,-11.86,182.67,11.86,12.52
13.90,340.23,46.6368,7.9918,7.1835,5.32,100.00,38.31,0.00,96.59,0.00,0.00,46.9836,11.0097,7.1364,46.6838,11.0097,7.3860,0.00,0.00,38.31,47.4684,11.0097,6.7660,0.00,0.00,38.31,250.0675,11.9445,279.8723,0.00,100.00,182.67,-11.86,182.67,11.86,12.52
13.96,340.09,46.9265,7.9935,7.1500,4.94,100.00,37.79,0.00,96.07,0.00,0.00,47.2737,11.0114,7.1060,46.9716,11.0114,7.3529,0.00,0.00,37.79,47.7618,11.0114,6.7401,0.00,0.00,37.79,250.0675,11.9445,279.8723,0.00,100.00,182.67,-11.86,182.67,11.86,12.52
14.02,339.94,47.2227,7.9967,7.1185,5.12,100.00,37.79,0.00,96.07,0.00,0.00,47.5699,11.0146,7.0746,47.2679,11.0146,7.3215,0.00,0.00,37.79,48.0581,11.0146,6.7086,0.00,0.00,37.79,250.0675,11.9445,279.8723,0.00,100.00,182.67,-11.86,182.67,11.86,12.52
14.07,339.79,47.5064,8.0004,7.0884,4.93,100.00,37.83,0.00,96.07,0.00,0.00,47.8536,11.0183,7.0444,47.5516,11.0183,7.2915,0.00,0.00,37.83,48.3415,11.0183,6.6782,0.00,0.00,37.83,250.0675,11.9445,279.8723,0.00,100.00,182.67,-11.86,182.67,11.86,12.52
14.13,339.64,47.7937,7.9712,7.0578,5.13,100.00,37.68,0.00,95.89,0.00,0.00,48.1410,10.9891,7.0150,47.8385,10.9891,7.2613,0.00,0.00,37.68,48.6299,10.9891,6.6500,0.00,0.00,37.68,250.0675,11.9445,279.8723,0.00,100.00,182.67,-11.86,182.67,11.86,12.52
14.19,339.50,48.0793,7.9784,7.0284,5.14,100.00,37.63,0.00,95.71,0.00,0.00,48.4268,10.9963,6.9866,48.1240,10.9963,7.2326,0.00,0.00,37.63,48.9160,10.9963,6.6221,0.00,0.00,37.63,250.0675,11.9445,279.8723,0.00,100.00,182.67,-11.86,182.67,11.86,12.52
14.25,339.35,48.3663,7.9819,6.9997,4.97,100.00,37.53,0.00,95.49,0.00,0.00,48.7139,10.9998,6.9592,48.4107,10.9998,7.2048,0.00,0.00,37.53,49.2038,10.9998,6.5956,0.00,0.00,37.53,250.0675,11.9445,279.8723,0.00,100.00,182.67,-11.86,182.67,11.86,12.52
14.30,339.19,48.6694,7.9868,6.9706,5.32,100.00,37.47,0.00,95.26,0.00,0.00,49.0171,11.0047,6.9315,48.7137,11.0047,7.1767,0.00,0.00,37.47,49.5074,11.0047,6.5684,0.00,0.00,37.47,250.0675,11.9445,279.8723,0.00,100.00,182.67,-11.86,182.67,11.86,12.52
14.36,339.04,48.9731,7.9928,6.9427,5.39,100.00,37.41,0.00,95.03,0.00,0.00,49.3211,11.0107,6.9049,49.0173,11.0107,7.1498,0.00,0.00,37.41,49.8117,11.0107,6.5423,0.00,0.00,37.41,250.0675,11.9445,279.8723,0.00,100.00,182.67,-11.86,182.67,11.86,12.52
14.42,338.88,49.2785,7.9960,6.9158,5.27,100.00,37.19,0.00,94.81,0.00,0.00,49.6266,11.0139,6.8794,49.3219,11.0139,7.1230,0.00,0.00,37.19,50.1186,11.0139,6.5187,0.00,0.00,37.19,250.0675,11.9445,279.8723,0.00,100.00,182.67,-11.86,182.67,11.86,12.52
14.47,338.72,49.5842,8.0009,6.8900,5.36,100.00,37.19,0.00,94.81,0.00,0.00,49.9323,11.0188,6.8536,49.6276,11.0188,7.0973,0.00,0.00,37.19,50.4243,11.0188,6.4929,0.00,0.00,37.19,250.0675,11.9445,279.8723,0.00,100.00,182.67,-11.86,182.67,11.86,12.52
14.53,338.56,49.8772,7.9708,6.8653,5.18,100.00,37.19,0.00,94.81,0.00,0.00,50.2253,10.9887,6.8290,49.9206,10.9887,7.0726,0.00,0.00,37.19,50.7173,10.9887,6.4682,0.00,0.00,37.19,250.0675,11.9445,279.8723,0.00,100.00,182.67,-11.86,182.67,11.86,12.52
14.59,338.41,50.1741,7.9773,6.8403,5.29,100.00,37.06,0.00,94.69,0.00,0.00,50.5222,10.9952,6.8047,50.2170,10.9952,7.0477,0.00,0.00,37.06,51.0150,10.9952,6.4451,0.00,0.00,37.06,250.0675,11.9445,279.8723,0.00,100.00,182.67,-11.86,182.67,11.86,12.52
14.64,338.25,50.4718,7.9841,6.8159,5.32,100.00,36.99,0.00,94.56,0.00,0.00,50.8200,11.0020,6.7811,50.5146,11.0020,7.0237,0.00,0.00,36.99,51.3133,11.0020,6.4220,0.00,0.00,36.99,250.0675,11.9445,279.8723,0.00,100.00,182.67,-11.86,182.67,11.86,12.52
14.70,338.09,50.7734,7.9885,6.7919,5.26,100.00,36.92,0.00,94.42,0.00,0.00,51.1217,11.0064,6.7579,50.8159,11.0064,7.0001,0.00,0.00,36.92,51.6154,11.0064,6.3995,0.00,0.00,36.92,250.0675,11.9445,279.8723,0.00,100.00,182.67,-11.86,182.67,11.86,12.52
14.76,337.93,51.0872,7.9976,6.7676,5.74,100.00,36.87,0.00,94.27,0.00,0.00,51.4356,11.0155,6.7345,51.1296,11.0155,6.9765,0.00,0.00,36.87,51.9296,11.0155,6.3766,0.00,0.00,36.87,250.0675,11.9445,279.8723,0.00,100.00,182.67,-11.86,182.67,11.86,12.52
14.81,337.77,51.3912,8.0011,6.7449,5.25,100.00,36.88,0.00,94.17,0.00,0.00,51.7396,11.0190,6.7124,51.4336,11.0190,6.9545,0.00,0.00,36.88,52.2335,11.0190,6.3543,0.00,0.00,36.88,250.0675,11.9445,279.8723,0.00,100.00,182.67,-11.86,182.67,11.86,12.52
14.87,337.59,51.7178,7.9733,6.7211,5.90,100.00,36.84,0.00,94.07,0.00,0.00,52.0663,10.9912,6.6892,51.7602,10.9912,6.9311,0.00,0.00,36.84,52.5605,10.9912,6.3314,0.00,0.00,36.84,250.0675,11.9445,279.8723,0.00,100.00,182.67,-11.86,182.67,11.86,12.52
14.93,337.43,52.0362,7.9766,6.6984,5.49,100.00,36.81,0.00,93.97,0.00,0.00,52.3848,10.9945,6.6671,52.0785,10.9945,6.9088,0.00,0.00,36.81,52.8791,10.9945,6.3096,0.00,0.00,36.81,250.0675,11.9445,279.8723,0.00,100.00,182.67,-11.86,182.67,11.86,12.52
14.98,337.25,52.3735,7.9849,6.6750,6.12,100.00,36.73,0.00,93.86,0.00,0.00,52.7222,11.0028,6.6443,52.4156,11.0028,6.8856,0.00,0.00,36.73,53.2170,11.0028,6.2875,0.00,0.00,36.73,250.0675,11.9445,279.8723,0.00,100.00,182.67,-11.86,182.67,11.86,12.52
15.04,337.07,52.6989,7.9908,6.6530,5.76,100.00,36.69,0.00,93.80,0.00,0.00,53.0475,11.0087,6.6228,52.7408,11.0087,6.8638,0.00,0.00,36.69,53.5426,11.0087,6.2663,0.00,0.00,36.69,250.0675,11.9445,279.8723,0.00,100.00,182.67,-11.86,182.67,11.86,12.52
15.10,336.89,53.0370,7.9978,6.6305,6.05,100.00,36.63,0.00,93.73,0.00,0.00,53.3857,11.0157,6.6007,53.0787,11.0157,6.8414,0.00,0.00,36.63,53.8812,11.0157,6.2448,0.00,0.00,36.63,250.0675,11.9445,279.8723,0.00,100.00,182.67,-11.86,182.67,11.86,12.52
15.15,336.71,53.3761,8.0019,6.6084,5.89,100.00,36.59,0.00,93.70,0.00,0.00,53.7248,11.0198,6.5788,53.4176,11.0198,6.8193,0.00,0.00,36.59,54.2206,11.0198,6.2232,0.00,0.00,36.59,250.0675,11.9445,279.8723,0.00,100.00,182.67,-11.86,182.67,11.86,12.52
15.21,336.53,53.7302,7.9749,6.5855,6.44,100.00,36.55,0.00,93.66,0.00,0.00,54.0789,10.9928,6.5562,53.7716,10.9928,6.7965,0.00,0.00,36.55,54.5749,10.9928,6.2009,0.00,0.00,36.55,250.0675,11.9445,279.8723,0.00,100.00,182.67,-11.86,182.67,11.86,12.52
15.26,336.35,54.0621,7.9843,6.5643,6.08,100.00,36.55,0.00,93.66,0.00,0.00,54.4108,11.0022,6.5350,54.1035,11.0022,6.7753,0.00,0.00,36.55,54.9068,11.0022,6.1797,0.00,0.00,36.55,250.0675,11.9445,279.8723,0.00,100.00,182.67,-11.86,182.67,11.86,12.52
15.32,336.18,54.3834,7.9860,6.5438,5.45,100.00,36.55,0.00,93.66,0.00,0.00,54.7321,11.0039,6.5144,54.4247,11.0039,6.7547,0.00,0.00,36.55,55.2281,11.0039,6.1592,0.00,0.00,36.55,250.0675,11.9445,279.8723,0.00,100.00,182.67,-11.86,182.67,11.86,12.52
15.38,335.99,54.7353,7.9856,6.5213,5.86,100.00,36.54,0.00,93.64,0.00,0.00,55.0840,11.0035,6.4920,54.7766,11.0035,6.7322,0.00,0.00,36.54,55.5801,11.0035,6.1369,0.00,0.00,36.54,250.0675,11.9445,279.8723,0.00,100.00,182.67,-11.86,182.67,11.86,12.52
15.44,335.80,55.0995,7.9966,6.4981,6.79,100.00,36.52,0.00,93.62,0.00,0.00,55.4482,11.0145,6.4690,55.1407,11.0145,6.7091,0.00,0.00,36.52,55.9444,11.0145,6.1140,0.00,0.00,36.52,250.0675,11.9445,279.8723,0.00,100.00,182.67,-11.86,182.67,11.86,12.52
15.49,335.63,55.4178,8.0011,6.4779,5.55,100.00,36.52,0.00,93.62,0.00,0.00,55.7665,11.0190,6.4488,55.4590,11.0190,6.6889,0.00,0.00,36.52,56.2627,11.0190,6.0938,0.00,0.00,36.52,250.0675,11.9445,279.8723,0.00,100.00,182.67,-11.86,182.67,11.86,12.52
15.55,335.46,55.7500,7.9674,6.4569,5.66,100.00,36.52,0.00,93.62,0.00,0.00,56.0987,10.9853,6.4277,55.7912,10.9853,6.6679,0.00,0.00,36.52,56.5949,10.9853,6.0728,0.00,0.00,36.52,250.0675,11.9445,279.8723,0.00,100.00,182.67,-11.86,182.67,11.86,12.52
15.61,335.28,56.0830,7.9774,6.4358,6.14,100.00,36.52,0.00,93.62,0.00,0.00,56.4317,10.9953,6.4066,56.1242,10.9953,6.6468,0.00,0.00,36.52,56.9279,10.9953,6.0517,0.00,0.00,36.52,250.0675,11.9445,279.8723,0.00,100.00,182.67,-11.86,182.67,11.86,12.52
15.66,335.12,56.3822,7.9826,6.4168,5.26,100.00,36.52,0.00,93.62,0.00,0.00,56.7309,11.0005,6.3877,56.4235,11.0005,6.6278,0.00,0.00,36.52,57.2271,11.0005,6.0327,0.00,0.00,36.52,250.0675,11.9445,279.8723,0.00,100.00,182.67,-11.86,182.67,11.86,12.52
15.72,334.96,56.7011,7.9883,6.3966,5.63,100.00,36.50,0.00,93.60,0.00,0.00,57.0499,11.0062,6.3676,56.7423,11.0062,6.6076,0.00,0.00,36.50,57.5462,11.0062,6.0128,0.00,0.00,36.50,250.0675,11.9445,279.8723,0.00,100.00,182.67,-11.86,182.67,11.86,12.52
15.78,334.79,57.0234,7.9977,6.3763,5.91,100.00,36.40,0.00,93.58,0.00,0.00,57.3721,11.0156,6.3475,57.0641,11.0156,6.5869,0.00,0.00,36.40,57.8690,11.0156,5.9935,0.00,0.00,36.40,250.0675,11.9445,279.8723,0.00,100.00,182.67,-11.86,182.67,11.86,12.52
15.83,334.62,57.3383,8.0001,6.3566,5.38,100.00,36.30,0.00,93.56,0.00,0.00,57.6870,11.0180,6.3279,57.3786,11.0180,6.5668,0.00,0.00,36.30,58.1846,11.0180,5.9748,0.00,0.00,36.30,250.0675,11.9445,279.8723,0.00,100.00,182.67,-11.86,182.67,11.86,12.52
15.89,334.44,57.6811,7.9706,6.3353,6.08,100.00,36.19,0.00,93.54,0.00,0.00,58.0299,10.9885,6.3067,57.7211,10.9885,6.5450,0.00,0.00,36.19,58.5282,10.9885,5.9546,0.00,0.00,36.19,250.0675,11.9445,279.8723,0.00,100.00,182.67,-11.86,182.67,11.86,12.52
15.95,334.26,58.0175,7.9725,6.3145,5.72,100.00,36.08,0.00,93.52,0.00,0.00,58.3663,10.9904,6.2860,58.0569,10.9904,6.5237,0.00,0.00,36.08,58.8651,10.9904,5.9348,0.00,0.00,36.08,250.0675,11.9445,279.8723,0.00,100.00,182.67,-11.86,182.67,11.86,12.52
16.01,334.08,58.3718,7.9768,6.2927,6.17,100.00,36.06,0.00,93.51,0.00,0.00,58.7206,10.9947,6.2643,58.4112,10.9947,6.5019,0.00,0.00,36.06,59.2196,10.9947,5.9133,0.00,0.00,36.06,250.0675,11.9445,279.8723,0.00,100.00,182.67,-11.86,182.67,11.86,12.52
16.06,333.90,58.7102,7.9829,6.2720,6.00,100.00,36.06,0.00,93.51,0.00,0.00,59.0590,11.0008,6.2435,58.7496,11.0008,6.4812,0.00,0.00,36.06,59.5580,11.0008,5.8925,0.00,0.00,36.06,250.0675,11.9445,279.8723,0.00,100.00,182.67,-11.86,182.67,11.86,12.52
16.12,333.73,59.0348,7.9911,6.2521,5.87,100.00,35.98,0.00,93.51,0.00,0.00,59.3836,11.0090,6.2236,59.0739,11.0090,6.4608,0.00,0.00,35.98,59.8831,11.0090,5.8734,0.00,0.00,35.98,250.0675,11.9445,279.8723,0.00,100.00,182.67,-11.86,182.67,11.86,12.52
16.18,333.57,59.3454,7.9919,6.2330,5.23,100.00,35.89,0.00,93.51,0.00,0.00,59.6942,11.0098,6.2046,59.3841,11.0098,6.4413,0.00,0.00,35.89,60.1943,11.0098,5.8551,0.00,0.00,35.89,250.0675,11.9445,279.8723,0.00,100.00,182.67,-11.86,182.67,11.86,12.52
16.23,333.40,59.6706,8.0002,6.2131,5.89,100.00,35.80,0.00,93.51,0.00,0.00,60.0194,11.0181,6.1847,59.7089,11.0181,6.4209,0.00,0.00,35.80,60.5200,11.0181,5.8360,0.00,0.00,35.80,250.0675,11.9445,279.8723,0.00,100.00,182.67,-11.86,182.67,11.86,12.52
16.29,333.24,59.9773,7.9689,6.1943,5.35,100.00,35.70,0.00,93.50,0.00,0.00,60.3261,10.9868,6.1660,60.0153,10.9868,6.4017,0.00,0.00,35.70,60.8273,10.9868,5.8181,0.00,0.00,35.70,250.0675,11.9445,279.8723,0.00,100.00,182.67,-11.86,182.67,11.86,12.52
16.35,333.07,60.3024,7.9692,6.1745,5.44,100.00,35.60,0.00,93.49,0.00,0.00,60.6512,10.9871,6.1462,60.3399,10.9871,6.3813,0.00,0.00,35.60,61.1530,10.9871,5.7992,0.00,0.00,35.60,250.0675,11.9445,279.8723,0.00,100.00,182.67,-11.86,182.67,11.86,12.52
16.41,332.89,60.6447,7.9767,6.1536,6.16,100.00,35.51,0.00,93.47,0.00,0.00,60.9935,10.9946,6.1254,60.6818,10.9946,6.3600,0.00,0.00,35.51,61.4959,10.9946,5.7792,0.00,0.00,35.51,250.0675,11.9445,279.8723,0.00,100.00,182.67,-11.86,182.67,11.86,12.52
16.47,332.73,60.9682,7.9800,6.1340,5.57,100.00,35.46,0.00,93.46,0.00,0.00,61.3170,10.9979,6.1058,61.0051,10.9979,6.3402,0.00,0.00,35.46,61.8196,10.9979,5.7601,0.00,0.00,35.46,250.0675,11.9445,279.8723,0.00,100.00,182.67,-11.86,182.67,11.86,12.52
16.52,332.56,61.2974,7.9875,6.1140,5.92,100.00,35.43,0.00,93.46,0.00,0.00,61.6463,11.0054,6.0859,61.3343,11.0054,6.3201,0.00,0.00,35.43,62.1491,11.0054,5.7404,0.00,0.00,35.43,250.0675,11.9445,279.8723,0.00,100.00,182.67,-11.86,182.67,11.86,12.52
16.58,332.40,61.6056,7.9966,6.0954,5.63,100.00,35.43,0.00,93.46,0.00,0.00,61.9544,11.0145,6.0672,61.6424,11.0145,6.3014,0.00,0.00,35.43,62.4572,11.0145,5.7218,0.00,0.00,35.43,250.0675,11.9445,279.8723,0.00,100.00,182.67,-11.86,182.67,11.86,12.52
16.63,332.24,61.9133,8.0001,6.0768,5.31,100.00,35.42,0.00,93.46,0.00,0.00,62.2621,11.0180,6.0486,61.9501,11.0180,6.2828,0.00,0.00,35.42,62.7650,11.0180,5.7032,0.00,0.00,35.42,250.0675,11.9445,279.8723,0.00,100.00,182.67,-11.86,182.67,11.86,12.52
16.69,332.07,62.2439,7.9732,6.0568,6.02,100.00,35.39,0.00,93.46,0.00,0.00,62.5927,10.9911,6.0286,62.2805,10.9911,6.2626,0.00,0.00,35.39,63.0958,10.9911,5.6836,0.00,0.00,35.39,250.0675,11.9445,279.8723,0.00,100.00,182.67,-11.86,182.67,11.86,12.52
16.75,331.91,62.5510,7.9809,6.0382,5.53,100.00,35.36,0.00,93.46,0.00,0.00,62.8999,10.9988,6.0101,62.5876,10.9988,6.2439,0.00,0.00,35.36,63.4032,10.9988,5.6653,0.00,0.00,35.36,250.0675,11.9445,279.8723,0.00,100.00,182.67,-11.86,182.67,11.86,12.52
16.80,331.75,62.8530,7.9865,6.0200,5.33,100.00,35.32,0.00,93.46,0.00,0.00,63.2018,11.0044,5.9919,62.8894,11.0044,6.2255,0.00,0.00,35.32,63.7053,11.0044,5.6473,0.00,0.00,35.32,250.0675,11.9445,279.8723,0.00,100.00,182.67,-11.86,182.67,11.86,12.52
16.86,331.60,63.1535,7.9902,6.0018,5.20,100.00,35.29,0.00,93.46,0.00,0.00,63.5023,11.0081,5.9737,63.1898,11.0081,6.2072,0.00,0.00,35.29,64.0060,11.0081,5.6295,0.00,0.00,35.29,250.0675,11.9445,279.8723,0.00,100.00,182.67,-11.86,182.67,11.86,12.52
16.92,331.45,63.4519,7.9966,5.9838,5.27,100.00,35.25,-0.08,93.45,359.63,0.33,63.7822,11.0167,5.9742,63.4695,11.0133,6.2074,0.49,0.08,35.25,64.2861,11.0219,5.6303,0.49,0.08,35.25,250.0675,11.9445,279.8723,0.00,100.00,182.67,-11.86,182.67,11.86,12.52
16.98,331.29,63.7489,8.0025,5.9659,5.13,100.00,35.21,-0.10,93.45,359.56,0.39,64.0760,11.0230,5.9596,63.7631,11.0190,6.1926,0.57,0.10,35.21,64.5801,11.0291,5.6161,0.57,0.10,35.21,250.0675,11.9445,279.8723,0.00,100.00,182.67,-11.86,182.67,11.86,12.52
17.03,331.13,64.0576,7.9755,5.9473,5.53,100.00,35.20,-0.04,93.44,359.84,0.14,64.3986,10.9944,5.9271,64.0857,10.9930,6.1601,0.21,0.04,35.20,64.9029,10.9966,5.5836,0.21,0.04,35.20,250.0675,11.9445,279.8723,0.00,100.00,182.67,-11.86,182.67,11.86,12.52
17.09,330.99,64.3486,7.9820,5.9298,5.18,100.00,35.20,-0.01,93.44,359.94,0.05,64.6946,11.0002,5.9046,64.3817,10.9997,6.1376,0.07,0.01,35.20,65.1988,11.0010,5.5611,0.07,0.01,35.20,250.0675,11.9445,279.8723,0.00,100.00,182.67,-11.86,182.67,11.86,12.52
17.15,330.84,64.6329,7.9852,5.9127,4.90,100.00,35.16,-0.01,93.44,359.94,0.05,64.9789,11.0035,5.8875,64.6658,11.0030,6.1202,0.07,0.01,35.16,65.4834,11.0043,5.5444,0.07,0.01,35.16,250.0675,11.9445,279.8723,0.00,100.00,182.67,-11.86,182.67,11.86,12.52
17.20,330.69,64.9316,7.9928,5.8947,5.37,100.00,35.12,-0.01,93.44,359.94,0.05,65.2776,11.0110,5.8695,64.9644,11.0105,6.1021,0.07,0.01,35.12,65.7823,11.0118,5.5268,0.07,0.01,35.12,250.0675,11.9445,279.8723,0.00,100.00,182.67,-11.86,182.67,11.86,12.52
17.26,330.54,65.2224,7.9973,5.8773,5.07,100.00,35.12,-0.01,93.43,359.94,0.05,65.5684,11.0156,5.8521,65.2551,11.0151,6.0846,0.07,0.01,35.12,66.0731,11.0164,5.5094,0.07,0.01,35.12,250.0675,11.9445,279.8723,0.00,100.00,182.67,-11.86,182.67,11.86,12.52
17.31,330.38,65.5269,8.0063,5.8590,5.56,100.00,35.11,-0.01,93.43,359.94,0.05,65.8729,11.0246,5.8338,65.5596,11.0240,6.0663,0.07,0.01,35.11,66.3776,11.0253,5.4912,0.07,0.01,35.11,250.0675,11.9445,279.8723,0.00,100.00,182.67,-11.86,182.67,11.86,12.52
17.37,330.23,65.8226,8.0075,5.8412,4.91,100.00,35.11,-0.29,93.43,359.97,0.36,66.1709,11.0256,5.8324,65.8576,11.0240,6.0649,0.22,0.29,35.11,66.6756,11.0278,5.4897,0.22,0.29,35.11,250.0675,11.9445,279.8723,0.00,100.00,182.67,-11.86,182.67,11.86,12.52
17.43,330.07,66.1531,7.9798,5.8214,5.96,100.00,35.10,-0.32,93.42,359.97,0.40,66.5016,10.9979,5.8144,66.1883,10.9962,6.0469,0.23,0.32,35.10,67.0064,11.0003,5.4718,0.23,0.32,35.10,250.0675,11.9445,279.8723,0.00,100.00,182.67,-11.86,182.67,11.86,12.52
17.49,329.91,66.4630,7.9823,5.8029,5.26,100.00,35.00,-0.16,93.41,359.62,0.41,66.7932,11.0024,5.7980,66.4795,10.9987,6.0299,0.54,0.16,35.00,67.2987,11.0082,5.4564,0.54,0.16,35.00,250.0675,11.9445,279.8723,0.00,100.00,182.67,-11.86,182.67,11.86,12.52
17.54,329.74,66.7962,7.9934,5.7830,6.04,100.00,34.90,-0.14,93.41,359.58,0.42,67.1245,11.0137,5.7784,66.8104,11.0098,6.0097,0.57,0.14,34.90,67.6305,11.0198,5.4376,0.57,0.14,34.90,250.0675,11.9445,279.8723,0.00,100.00,182.67,-11.86,182.67,11.86,12.52
17.60,329.58,67.1130,7.9963,5.7641,5.42,100.00,34.79,-0.32,93.41,359.89,0.44,67.4574,11.0149,5.7598,67.1428,11.0126,5.9905,0.32,0.32,34.79,67.9641,11.0183,5.4200,0.32,0.32,34.79,250.0675,11.9445,279.8723,0.00,100.00,182.67,-11.86,182.67,11.86,12.52
17.66,329.41,67.4535,7.9991,5.7439,5.83,100.00,34.68,-0.34,93.41,359.92,0.44,67.7996,11.0174,5.7396,67.4846,11.0153,5.9696,0.30,0.34,34.68,68.3070,11.0205,5.4007,0.30,0.34,34.68,250.0675,11.9445,279.8723,0.00,100.00,182.67,-11.86,182.67,11.86,12.52
17.72,329.23,67.7990,8.0067,5.7233,6.21,100.00,34.57,-0.34,93.40,359.92,0.44,68.1452,11.0251,5.7190,67.8298,11.0230,5.9485,0.30,0.34,34.57,68.6532,11.0281,5.3811,0.30,0.34,34.57,250.0675,11.9445,279.8723,0.00,100.00,182.67,-11.86,182.67,11.86,12.52
17.77,329.07,68.1329,8.0133,5.7034,5.80,100.00,34.47,-0.45,93.40,359.59,0.78,68.4627,11.0334,5.7177,68.1468,11.0283,5.9466,0.75,0.45,34.47,68.9712,11.0413,5.3807,0.75,0.45,34.47,250.0675,11.9445,279.8723,0.00,100.00,182.67,-11.86,182.67,11.86,12.52
17.83,328.89,68.4829,7.9879,5.6826,6.23,100.00,34.37,-0.47,93.40,359.56,0.81,68.8109,11.0082,5.6989,68.4947,11.0027,5.9273,0.80,0.47,34.37,69.3200,11.0166,5.3629,0.80,0.47,34.37,250.0675,11.9445,279.8723,0.00,100.00,182.67,-11.86,182.67,11.86,12.52
17.89,328.72,68.8305,7.9891,5.6620,5.64,100.00,34.27,-0.47,93.40,359.56,0.81,69.1584,11.0094,5.6783,68.8418,11.0039,5.9061,0.80,0.47,34.27,69.6682,11.0179,5.3432,0.80,0.47,34.27,250.0675,11.9445,279.8723,0.00,100.00,182.67,-11.86,182.67,11.86,12.52
17.95,328.52,69.2160,7.9923,5.6391,6.59,100.00,34.27,-0.39,93.40,359.88,0.53,69.5603,11.0109,5.6393,69.2436,11.0083,5.8672,0.37,0.39,34.27,70.0701,11.0148,5.3042,0.37,0.39,34.27,250.0675,11.9445,279.8723,0.00,100.00,182.67,-11.86,182.67,11.86,12.52
18.01,328.34,69.5875,7.9963,5.6171,6.37,100.00,34.27,-0.08,93.40,359.97,0.11,69.9354,11.0144,5.5953,69.6187,11.0138,5.8232,0.08,0.08,34.27,70.4452,11.0152,5.2601,0.08,0.08,34.27,250.0675,11.9445,279.8723,0.00,100.00,182.67,-11.86,182.67,11.86,12.52
18.06,328.15,69.9630,8.0058,5.5947,6.88,100.00,34.23,-0.05,93.40,359.98,0.07,70.3112,11.0238,5.5706,69.9944,11.0234,5.7982,0.05,0.05,34.23,70.8212,11.0243,5.2357,0.05,0.05,34.23,250.0675,11.9445,279.8723,0.00,100.00,182.67,-11.86,182.67,11.86,12.52
18.12,327.97,70.3185,8.0140,5.5736,6.01,100.00,34.19,-0.49,93.39,359.23,1.02,70.6303,11.0360,5.6021,70.3134,11.0278,5.8294,1.18,0.49,34.19,71.1404,11.0485,5.2677,1.18,0.49,34.19,250.0675,11.9445,279.8723,0.00,100.00,182.67,-11.86,182.67,11.86,12.52
18.18,327.78,70.7092,8.0296,5.5504,7.22,100.00,34.16,-0.49,93.40,359.44,0.90,71.0316,11.0505,5.5718,70.7145,11.0440,5.7990,0.94,0.49,34.16,71.5419,11.0604,5.2377,0.94,0.49,34.16,250.0675,11.9445,279.8723,0.00,100.00,182.67,-11.86,182.67,11.86,12.52
18.24,327.60,71.0599,8.0383,5.5296,6.10,100.00,34.12,-0.29,93.39,359.14,0.85,71.3660,11.0609,5.5495,71.0488,11.0529,5.7764,1.18,0.29,34.12,71.8766,11.0734,5.2157,1.18,0.29,34.12,250.0675,11.9445,279.8723,0.00,100.00,182.67,-11.86,182.67,11.86,12.52
18.29,327.42,71.4241,8.0157,5.5081,6.56,100.00,34.07,-0.42,93.39,359.37,0.86,71.7425,11.0370,5.5276,71.4251,11.0303,5.7543,0.98,0.42,34.07,72.2533,11.0474,5.1942,0.98,0.42,34.07,250.0675,11.9445,279.8723,0.00,100.00,182.67,-11.86,182.67,11.86,12.52
18.35,327.24,71.7812,8.0206,5.4869,5.96,100.00,34.03,-0.37,93.38,358.75,1.17,72.0680,11.0449,5.5248,71.7505,11.0335,5.7512,1.67,0.37,34.03,72.5790,11.0627,5.1920,1.67,0.37,34.03,250.0675,11.9445,279.8723,0.00,100.00,182.67,-11.86,182.67,11.86,12.52
18.41,327.05,72.1711,8.0371,5.4638,6.96,100.00,34.03,-0.37,93.38,358.64,1.23,72.4523,11.0619,5.5050,72.1348,11.0496,5.7313,1.79,0.37,34.03,72.9633,11.0809,5.1722,1.79,0.37,34.03,250.0675,11.9445,279.8723,0.00,100.00,182.67,-11.86,182.67,11.86,12.52
18.46,326.87,72.5281,8.0566,5.4427,6.32,100.00,34.02,-0.26,93.37,357.88,1.56,72.7700,11.0844,5.5038,72.4526,11.0666,5.7300,2.62,0.26,34.02,73.2807,11.1123,5.1712,2.62,0.26,34.02,250.0675,11.9445,279.8723,0.00,100.00,182.67,-11.86,182.67,11.86,12.52
18.52,326.70,72.8804,8.0768,5.4220,6.29,100.00,34.03,-0.43,93.37,358.06,1.66,73.1321,11.1037,5.4874,72.8148,11.0865,5.7136,2.51,0.43,34.03,73.6429,11.1304,5.1548,2.51,0.43,34.03,250.0675,11.9445,279.8723,0.00,100.00,182.67,-11.86,182.67,11.86,12.52
18.58,326.53,73.2348,8.0939,5.4011,6.17,100.00,34.03,-0.43,93.37,358.06,1.66,73.4866,11.1209,5.4665,73.1692,11.1037,5.6928,2.51,0.43,34.03,73.9973,11.1476,5.1339,2.51,0.43,34.03,250.0675,11.9445,279.8723,0.00,100.00,182.67,-11.86,182.67,11.86,12.52
18.64,326.34,73.6027,8.1129,5.3794,6.30,100.00,36.26,-0.24,93.35,357.39,1.98,73.8200,11.1420,5.4642,73.5119,11.1197,5.7024,3.27,0.24,36.26,74.3171,11.1768,5.1122,3.27,0.24,36.26,250.0675,11.9445,279.8723,0.00,100.00,182.67,-11.86,182.67,11.86,12.52
18.70,326.16,73.9740,8.1299,5.3577,6.20,100.00,36.21,-0.15,91.01,357.68,1.82,74.2030,11.1582,5.4424,73.8946,11.1382,5.6805,2.94,0.15,36.21,74.7005,11.1895,5.0907,2.94,0.15,36.21,250.0675,11.9445,279.8723,0.00,100.00,182.67,-11.86,182.67,11.86,12.52
18.75,325.96,74.3533,8.1134,5.3510,6.70,100.00,33.82,-0.57,88.60,357.52,2.44,74.5694,11.1412,5.4779,74.2515,11.1177,5.7027,3.43,0.57,33.82,75.0811,11.1776,5.1476,3.43,0.57,33.82,250.0675,11.9445,279.8723,0.00,100.00,182.67,-11.86,182.67,11.86,12.52
18.81,325.76,74.7088,8.1329,5.3597,6.00,100.00,31.56,-0.78,86.29,356.85,3.17,74.8820,11.1613,5.5311,74.5557,11.1312,5.7428,4.40,0.78,31.56,75.4058,11.2079,5.2218,4.40,0.78,31.56,250.0675,11.9445,279.8723,0.00,100.00,182.67,-11.86,182.67,11.86,12.52
18.87,325.55,75.0776,8.1529,5.3836,6.22,100.00,31.23,-0.70,83.92,357.14,3.05,75.2593,11.1806,5.5575,74.9317,11.1524,5.7675,4.12,0.70,31.23,75.7850,11.2244,5.2511,4.12,0.70,31.23,250.0675,11.9445,279.8723,0.00,100.00,182.67,-11.86,182.67,11.86,12.52
18.93,325.32,75.4437,8.1781,5.4226,6.69,100.00,30.75,-0.83,81.53,357.02,3.50,75.6080,11.2049,5.6263,75.2788,11.1740,5.8333,4.52,0.83,30.75,76.1361,11.2529,5.3246,4.52,0.83,30.75,250.0675,11.9445,279.8723,0.00,100.00,182.67,-11.86,182.67,11.86,12.52
18.99,325.09,75.7786,8.1944,5.4725,5.87,100.00,28.60,-1.67,79.37,357.84,3.91,75.9739,11.2168,5.7115,75.6367,11.1884,5.9057,4.15,1.67,28.60,76.5134,11.2606,5.4301,4.15,1.67,28.60,250.0675,11.9445,279.8723,0.00,100.00,182.67,-11.86,182.67,11.86,12.52
19.05,324.85,76.1250,8.2076,5.5375,5.82,100.00,26.26,-1.36,77.02,357.39,3.88,76.2877,11.2319,5.7771,75.9431,11.2013,5.9574,4.47,1.36,26.26,76.8380,11.2792,5.5180,4.47,1.36,26.26,250.0675,11.9445,279.8723,0.00,100.00,182.67,-11.86,182.67,11.86,12.52
19.11,324.59,76.4829,8.2294,5.6200,6.20,100.00,25.60,-1.32,74.50,356.28,4.99,76.5629,11.2529,5.9070,76.2170,11.2114,6.0827,6.08,1.32,25.60,77.1149,11.3172,5.6553,6.08,1.32,25.60,250.0675,11.9445,279.8723,0.00,100.00,182.67,-11.86,182.67,11.86,12.52
19.16,324.33,76.8262,8.2588,5.7152,6.45,100.00,25.71,-1.91,72.94,356.91,5.45,76.9231,11.2782,6.0373,76.5774,11.2374,6.2133,5.96,1.91,25.71,77.4750,11.3412,5.7850,5.96,1.91,25.71,250.0675,11.9445,279.8723,0.00,100.00,182.67,-11.86,182.67,11.86,12.52
19.22,324.08,77.1428,8.2827,5.8123,5.98,100.00,26.02,-1.86,71.42,356.83,5.72,77.2228,11.3010,6.1492,76.8782,11.2581,6.3270,6.27,1.86,26.02,77.7730,11.3673,5.8942,6.27,1.86,26.02,250.0675,11.9445,279.8723,0.00,100.00,182.67,-11.86,182.67,11.86,12.52
19.27,323.82,77.4549,8.3051,5.9172,5.68,100.00,26.66,-1.32,70.23,357.00,5.05,77.5480,11.3261,6.2256,77.2053,11.2870,6.4078,5.72,1.32,26.66,78.0956,11.3867,5.9635,5.72,1.32,26.66,250.0675,11.9445,279.8723,0.00,100.00,182.67,-11.86,182.67,11.86,12.52
19.33,323.55,77.7767,8.2950,6.0329,6.08,100.00,25.39,-1.36,68.97,357.11,4.99,77.8698,11.3159,6.3424,77.5230,11.2776,6.5170,5.60,1.36,25.39,78.4231,11.3752,6.0924,5.60,1.36,25.39,250.0675,11.9445,279.8723,0.00,100.00,182.67,-11.86,182.67,11.86,12.52
19.39,323.29,78.0838,8.3087,6.1510,5.49,100.00,24.56,-2.36,68.08,357.58,5.95,78.1764,11.3232,6.5178,77.8271,11.2823,6.6866,5.97,2.36,24.56,78.7334,11.3862,6.2771,5.97,2.36,24.56,250.0675,11.9445,279.8723,0.00,100.00,182.67,-11.86,182.67,11.86,12.52
19.45,323.00,78.4080,8.3303,6.2814,6.19,100.00,24.99,-2.39,67.01,356.95,6.91,78.4439,11.3415,6.6834,78.0965,11.2925,6.8541,7.16,2.39,24.99,78.9980,11.4171,6.4396,7.16,2.39,24.99,250.0675,11.9445,279.8723,0.00,100.00,182.67,-11.86,182.67,11.86,12.52
19.51,322.73,78.7115,8.3482,6.4102,5.51,100.00,25.62,-2.16,66.17,357.08,6.70,78.7517,11.3602,6.8053,78.4062,11.3124,6.9801,6.99,2.16,25.62,79.3031,11.4340,6.5550,6.99,2.16,25.62,250.0675,11.9445,279.8723,0.00,100.00,182.67,-11.86,182.67,11.86,12.52
19.56,322.44,79.0309,8.3667,6.5513,6.06,100.00,27.67,-2.20,65.35,357.81,6.40,79.1072,11.3778,6.9489,78.7678,11.3339,7.1363,6.40,2.20,27.67,79.6499,11.4453,6.6785,6.40,2.20,27.67,250.0675,11.9445,279.8723,0.00,100.00,182.67,-11.86,182.67,11.86,12.52
19.62,322.16,79.3394,8.3839,6.6929,5.90,100.00,28.71,-1.98,63.46,357.85,6.54,79.4013,11.3939,7.1001,79.0655,11.3489,7.2936,6.59,1.98,28.71,79.9387,11.4636,6.8199,6.59,1.98,28.71,250.0675,11.9445,279.8723,0.00,100.00,182.67,-11.86,182.67,11.86,12.52
19.68,321.87,79.6459,8.3944,6.8459,5.67,100.00,29.37,-2.05,61.62,358.33,6.46,79.7185,11.4028,7.2633,79.3848,11.3593,7.4608,6.35,2.05,29.37,80.2529,11.4699,6.9768,6.35,2.05,29.37,250.0675,11.9445,279.8723,0.00,100.00,182.67,-11.86,182.67,11.86,12.52
19.74,321.55,79.9650,8.4097,7.0184,6.29,100.00,29.99,-2.14,59.81,358.47,6.94,80.0184,11.4146,7.4630,79.6871,11.3683,7.6637,6.77,2.14,29.99,80.5494,11.4862,7.1712,6.77,2.14,29.99,250.0675,11.9445,279.8723,0.00,100.00,182.67,-11.86,182.67,11.86,12.52
19.80,321.24,80.2675,8.4261,7.1943,6.10,100.00,28.31,-2.66,58.06,358.45,8.03,80.2763,11.4238,7.6882,79.9397,11.3709,7.8781,7.73,2.66,28.31,80.8150,11.5053,7.4137,7.73,2.66,28.31,250.0675,11.9445,279.8723,0.00,100.00,182.67,-11.86,182.67,11.86,12.52
19.85,320.94,80.5562,8.4399,7.3743,5.98,100.00,28.30,-2.59,58.07,358.50,7.79,80.5742,11.4390,7.8590,80.2374,11.3878,8.0491,7.49,2.59,28.30,81.1132,11.5181,7.5842,7.49,2.59,28.30,250.0675,11.9445,279.8723,0.00,100.00,182.67,-11.86,182.67,11.86,12.52
19.91,320.64,80.8361,8.4499,7.5487,5.51,100.00,28.28,-2.41,58.03,358.22,7.92,80.8376,11.4494,8.0316,80.5010,11.3964,8.2216,7.75,2.41,28.28,81.3763,11.5312,7.7571,7.75,2.41,28.28,250.0675,11.9445,279.8723,0.00,100.00,182.67,-11.86,182.67,11.86,12.52
19.97,320.34,81.1225,8.4309,7.7275,5.96,100.00,28.29,-2.52,58.06,358.41,7.79,81.1362,11.4304,8.2100,80.7994,11.3788,8.4001,7.55,2.52,28.29,81.6750,11.5100,7.9353,7.55,2.52,28.29,250.0675,11.9445,279.8723,0.00,100.00,182.67,-11.86,182.67,11.86,12.52
20.03,320.06,81.3877,8.4424,7.8928,5.40,100.00,28.32,-2.72,58.11,358.79,7.55,81.4251,11.4417,8.3752,81.0881,11.3927,8.5655,7.15,2.72,28.32,81.9644,11.5171,8.1000,7.15,2.72,28.32,250.0675,11.9445,279.8723,0.00,100.00,182.67,-11.86,182.67,11.86,12.52
20.09,319.78,81.6516,8.4540,8.0570,5.52,100.00,28.34,-2.93,58.16,359.16,7.32,81.7124,11.4530,8.5394,81.3751,11.4066,8.7300,6.77,2.93,28.34,82.2520,11.5242,8.2638,6.77,2.93,28.34,250.0675,11.9445,279.8723,0.00,100.00,182.67,-11.86,182.67,11.86,12.52
20.15,319.52,81.9016,8.4589,8.2123,4.92,100.00,29.15,-2.86,58.16,359.20,7.30,81.9650,11.4578,8.6947,81.6305,11.4114,8.8900,6.76,2.86,29.15,82.5006,11.5290,8.4115,6.76,2.86,29.15,250.0675,11.9445,279.8723,0.00,100.00,182.67,-11.86,182.67,11.86,12.52
20.20,319.23,82.1696,8.4694,8.3787,5.50,100.00,28.93,-2.58,57.15,358.80,7.65,82.1966,11.4681,8.8660,81.8618,11.4181,9.0599,7.30,2.58,28.93,82.7326,11.5451,8.5851,7.30,2.58,28.93,250.0675,11.9445,279.8723,0.00,100.00,182.67,-11.86,182.67,11.86,12.52
20.26,318.96,82.4255,8.4739,8.5440,4.94,100.00,28.29,-2.74,56.22,358.71,8.22,82.4242,11.4689,9.0540,82.0875,11.4151,9.2437,7.86,2.74,28.29,82.9629,11.5518,8.7799,7.86,2.74,28.29,250.0675,11.9445,279.8723,0.00,100.00,182.67,-11.86,182.67,11.86,12.52
20.33,318.66,82.6999,8.4785,8.7275,5.36,100.00,27.50,-2.57,55.22,358.99,7.41,82.7259,11.4778,9.2106,82.3861,11.4298,9.3963,7.02,2.57,27.50,83.2690,11.5519,8.9429,7.02,2.57,27.50,250.0675,11.9445,279.8723,0.00,100.00,182.67,-11.86,182.67,11.86,12.52
20.39,318.35,82.9736,8.4800,8.9176,5.42,100.00,26.49,-2.78,54.25,359.42,7.04,83.0211,11.4794,9.3988,82.6777,11.4348,9.5787,6.49,2.78,26.49,83.5694,11.5478,9.1403,6.49,2.78,26.49,250.0675,11.9445,279.8723,0.00,100.00,182.67,-11.86,182.67,11.86,12.52
20.44,318.04,83.2454,8.4896,9.1132,5.92,100.00,25.67,-2.74,53.42,359.31,7.17,83.2771,11.4888,9.5970,82.9313,11.4432,9.7719,6.66,2.74,25.67,83.8289,11.5590,9.3465,6.66,2.74,25.67,250.0675,11.9445,279.8723,0.00,100.00,182.67,-11.86,182.67,11.86,12.52
20.50,317.76,83.4949,8.4978,9.2984,5.34,100.00,26.37,-2.32,52.65,359.15,6.93,83.5209,11.4994,9.7673,83.1775,11.4543,9.9467,6.59,2.32,26.37,84.0696,11.5689,9.5097,6.59,2.32,26.37,250.0675,11.9445,279.8723,0.00,100.00,182.67,-11.86,182.67,11.86,12.52
20.56,317.45,83.7525,8.5042,9.4950,5.45,100.00,26.78,-2.23,51.56,359.25,6.92,83.7742,11.5053,9.9673,83.4321,11.4602,10.1493,6.59,2.23,26.78,84.3209,11.5749,9.7056,6.59,2.23,26.78,250.0675,11.9445,279.8723,0.00,100.00,182.67,-11.86,182.67,11.86,12.52
20.62,317.14,84.0154,8.5151,9.7036,5.96,100.00,25.69,-2.47,50.48,359.62,6.68,84.0507,11.5156,10.1790,83.7049,11.4729,10.3544,6.23,2.47,25.69,84.6027,11.5813,9.9277,6.23,2.47,25.69,250.0675,11.9445,279.8723,0.00,100.00,182.67,-11.86,182.67,11.86,12.52
20.68,316.84,84.2546,8.5155,9.9009,5.07,100.00,25.67,-2.34,50.46,359.40,6.85,84.2754,11.5162,10.3758,83.9297,11.4719,10.5511,6.47,2.34,25.67,84.8272,11.5845,10.1248,6.47,2.34,25.67,250.0675,11.9445,279.8723,0.00,100.00,182.67,-11.86,182.67,11.86,12.52
20.74,316.53,84.5076,8.5151,10.1098,5.30,100.00,26.79,-2.49,50.48,359.57,7.15,84.5255,11.5130,10.6026,84.1834,11.4669,10.7843,6.72,2.49,26.79,85.0722,11.5838,10.3412,6.72,2.49,26.79,250.0675,11.9445,279.8723,0.00,100.00,182.67,-11.86,182.67,11.86,12.52
20.80,316.23,84.7564,8.5180,10.3150,5.41,100.00,27.85,-2.40,50.48,359.59,7.18,84.7740,11.5155,10.8098,84.4354,11.4690,10.9978,6.79,2.40,27.85,85.3157,11.5871,10.5384,6.79,2.40,27.85,250.0675,11.9445,279.8723,0.00,100.00,182.67,-11.86,182.67,11.86,12.52
20.86,315.94,84.9892,8.5143,10.5071,4.77,100.00,27.81,-2.13,50.46,359.39,6.96,85.0062,11.5144,10.9861,84.6675,11.4689,11.1742,6.65,2.13,27.81,85.5480,11.5847,10.7145,6.65,2.13,27.81,250.0675,11.9445,279.8723,0.00,100.00,182.67,-11.86,182.67,11.86,12.52
20.92,315.63,85.2408,8.5197,10.7147,5.52,100.00,27.34,-2.14,50.02,359.72,6.20,85.2924,11.5224,11.1745,84.9516,11.4825,11.3602,5.83,2.14,27.34,85.8371,11.5840,10.9067,5.83,2.14,27.34,250.0675,11.9445,279.8723,0.00,100.00,182.67,-11.86,182.67,11.86,12.52
20.99,315.34,85.4785,8.5113,10.9142,4.80,100.00,26.91,-2.33,49.61,0.08,5.82,85.5547,11.5139,11.3713,85.2123,11.4772,11.5547,5.33,2.33,26.91,86.1018,11.5701,11.1074,5.33,2.33,26.91,250.0675,11.9445,279.8723,0.00,100.00,182.67,-11.86,182.67,11.86,12.52
21.05,315.01,85.7420,8.5084,11.1383,5.63,100.00,26.36,-2.10,49.07,359.98,5.47,85.8217,11.5134,11.5788,85.4775,11.4787,11.7591,5.05,2.10,26.36,86.3714,11.5667,11.3197,5.05,2.10,26.36,250.0675,11.9445,279.8723,0.00,100.00,182.67,-11.86,182.67,11.86,12.52
21.11,314.69,85.9944,8.5134,11.3572,5.66,100.00,26.57,-1.70,48.49,359.18,6.57,86.0001,11.5170,11.8138,85.6574,11.4733,11.9949,6.40,1.70,26.57,86.5477,11.5847,11.5534,6.40,1.70,26.57,250.0675,11.9445,279.8723,0.00,100.00,182.67,-11.86,182.67,11.86,12.52
21.16,314.38,86.2387,8.5268,11.5734,5.84,100.00,26.91,-1.58,48.12,359.04,6.81,86.2275,11.5297,12.0346,85.8861,11.4840,12.2177,6.69,1.58,26.91,86.7732,11.6005,11.7711,6.69,1.58,26.91,250.0675,11.9445,279.8723,0.00,100.00,182.67,-11.86,182.67,11.86,12.52
21.22,314.08,86.4722,8.5338,11.7827,5.29,100.00,27.33,-1.52,47.79,359.06,6.84,86.4580,11.5364,12.2458,86.1180,11.4904,12.4314,6.74,1.52,27.33,87.0016,11.6077,11.9782,6.74,1.52,27.33,250.0675,11.9445,279.8723,0.00,100.00,182.67,-11.86,182.67,11.86,12.52
21.28,313.77,86.7121,8.5383,12.0002,5.35,100.00,28.10,-1.43,47.79,359.06,6.84,86.6978,11.5409,12.4633,86.3604,11.4948,12.6535,6.76,1.43,28.10,87.2377,11.6124,12.1884,6.76,1.43,28.10,250.0675,11.9445,279.8723,0.00,100.00,182.67,-11.86,182.67,11.86,12.52
21.34,313.46,86.9506,8.5446,12.2165,5.41,100.00,28.77,-1.55,47.81,359.20,7.05,86.9345,11.5451,12.6926,86.5993,11.4978,12.8866,6.93,1.55,28.77,87.4711,11.6184,12.4116,6.93,1.55,28.77,250.0675,11.9445,279.8723,0.00,100.00,182.67,-11.86,182.67,11.86,12.52
21.40,313.15,87.1891,8.5524,12.4327,5.59,100.00,29.23,-1.61,47.64,359.30,7.16,87.1720,11.5517,12.9166,86.8385,11.5039,13.1132,7.01,1.61,29.23,87.7062,11.6258,12.6314,7.01,1.61,29.23,250.0675,11.9445,279.8723,0.00,100.00,182.67,-11.86,182.67,11.86,12.52
21.46,312.85,87.4229,8.5585,12.6459,5.40,100.00,29.59,-1.57,47.47,359.32,7.16,87.4051,11.5576,13.1305,87.0728,11.5097,13.3292,7.02,1.57,29.59,87.9376,11.6319,12.8421,7.02,1.57,29.59,250.0675,11.9445,279.8723,0.00,100.00,182.67,-11.86,182.67,11.86,12.52
21.52,312.54,87.6637,8.5619,12.8668,5.50,100.00,29.85,-1.15,47.23,359.17,6.47,87.6626,11.5662,13.3193,87.3310,11.5224,13.5201,6.42,1.15,29.85,88.1940,11.6341,13.0274,6.42,1.15,29.85,250.0675,11.9445,279.8723,0.00,100.00,182.67,-11.86,182.67,11.86,12.52
21.58,312.21,87.9110,8.5680,13.0956,5.67,100.00,30.09,-1.05,47.00,359.17,6.35,87.9121,11.5730,13.5433,87.5814,11.5299,13.7456,6.31,1.05,30.09,88.4424,11.6399,13.2490,6.31,1.05,30.09,250.0675,11.9445,279.8723,0.00,100.00,182.67,-11.86,182.67,11.86,12.52
21.64,311.88,88.1614,8.5764,13.3291,5.89,100.00,30.37,-1.02,46.81,359.19,6.35,88.1618,11.5813,13.7776,87.8320,11.5382,13.9815,6.32,1.02,30.37,88.6905,11.6482,13.4808,6.32,1.02,30.37,250.0675,11.9445,279.8723,0.00,100.00,182.67,-11.86,182.67,11.86,12.52
21.70,311.55,88.4090,8.5808,13.5616,5.62,100.00,30.44,-0.68,46.60,358.95,6.05,88.4098,11.5885,13.9901,88.0802,11.5470,14.1948,6.10,0.68,30.44,88.9382,11.6532,13.6921,6.10,0.68,30.44,250.0675,11.9445,279.8723,0.00,100.00,182.67,-11.86,182.67,11.86,12.52
21.76,311.21,88.6698,8.5896,13.8081,6.12,100.00,30.58,-0.78,46.48,359.17,5.74,88.6886,11.5978,14.2329,88.3593,11.5586,14.4384,5.75,0.78,30.58,89.2166,11.6588,13.9334,5.75,0.78,30.58,250.0675,11.9445,279.8723,0.00,100.00,182.67,-11.86,182.67,11.86,12.52
21.82,310.87,88.9261,8.5923,14.0515,5.76,100.00,30.66,-0.61,46.31,358.97,5.92,88.9300,11.6007,14.4759,88.6012,11.5600,14.6820,5.98,0.61,30.66,89.4573,11.6641,14.1758,5.98,0.61,30.66,250.0675,11.9445,279.8723,0.00,100.00,182.67,-11.86,182.67,11.86,12.52
21.88,310.51,89.1972,8.6029,14.3106,6.47,100.00,30.76,-0.60,46.19,358.99,5.92,89.2007,11.6112,14.7355,88.8723,11.5704,14.9422,5.98,0.60,30.76,89.7275,11.6746,14.4344,5.98,0.60,30.76,250.0675,11.9445,279.8723,0.00,100.00,182.67,-11.86,182.67,11.86,12.52
21.94,310.16,89.4568,8.6111,14.5595,5.88,100.00,30.75,-0.51,46.05,358.69,6.69,89.4202,11.6165,15.0029,89.0922,11.5702,15.2091,6.80,0.51,30.75,89.9462,11.6886,14.7023,6.80,0.51,30.75,250.0675,11.9445,279.8723,0.00,100.00,182.67,-11.86,182.67,11.86,12.52
21.99,309.80,89.7230,8.6235,14.8162,6.37,100.00,30.85,-0.48,46.04,358.64,6.83,89.6794,11.6283,15.2627,89.3520,11.5811,15.4695,6.94,0.48,30.85,90.2047,11.7019,14.9614,6.94,0.48,30.85,250.0675,11.9445,279.8723,0.00,100.00,182.67,-11.86,182.67,11.86,12.52
22.05,309.47,89.9701,8.6018,15.0545,6.03,100.00,30.85,-0.48,46.04,358.64,6.83,89.9265,11.6066,15.5010,89.5990,11.5594,15.7078,6.94,0.48,30.85,90.4518,11.6802,15.1996,6.94,0.48,30.85,250.0675,11.9445,279.8723,0.00,100.00,182.67,-11.86,182.67,11.86,12.52
22.11,309.14,90.2161,8.6100,15.2918,5.70,100.00,30.79,-0.49,45.98,358.65,6.83,90.1723,11.6148,15.7386,89.8447,11.5675,15.9450,6.94,0.49,30.79,90.6979,11.6884,15.4377,6.94,0.49,30.79,250.0675,11.9445,279.8723,0.00,100.00,182.67,-11.86,182.67,11.86,12.52
22.17,308.79,90.4788,8.6170,15.5456,6.18,100.00,30.81,-1.08,45.98,359.11,7.38,90.4322,11.6159,16.0303,90.1046,11.5657,16.2362,7.36,1.08,30.81,90.9577,11.6938,15.7303,7.36,1.08,30.81,250.0675,11.9445,279.8723,0.00,100.00,182.67,-11.86,182.67,11.86,12.52
22.23,308.43,90.7414,8.6213,15.7994,6.05,100.00,30.76,-1.10,45.95,359.22,7.02,90.7120,11.6219,16.2743,90.3840,11.5744,16.4801,6.98,1.10,30.76,91.2382,11.6958,15.9745,6.98,1.10,30.76,250.0675,11.9445,279.8723,0.00,100.00,182.67,-11.86,182.67,11.86,12.52
22.29,308.07,91.0131,8.6301,16.0622,6.40,100.00,30.66,-0.63,45.84,358.76,6.93,90.9688,11.6336,16.5171,90.6406,11.5859,16.7226,7.01,0.63,30.66,91.4951,11.7080,16.2177,7.01,0.63,30.66,250.0675,11.9445,279.8723,0.00,100.00,182.67,-11.86,182.67,11.86,12.52
22.35,307.70,91.2823,8.6364,16.3236,6.09,100.00,30.57,-0.41,45.77,358.68,6.42,91.2526,11.6434,16.7562,90.9239,11.5989,16.9616,6.55,0.41,30.57,91.7797,11.7129,16.4570,6.55,0.41,30.57,250.0675,11.9445,279.8723,0.00,100.00,182.67,-11.86,182.67,11.86,12.52
22.41,307.32,91.5666,8.6452,16.6004,6.59,100.00,30.49,-0.25,45.71,358.67,5.82,91.5583,11.6556,17.0101,91.2290,11.6150,17.2154,5.97,0.25,30.49,92.0863,11.7189,16.7111,5.97,0.25,30.49,250.0675,11.9445,279.8723,0.00,100.00,182.67,-11.86,182.67,11.86,12.52
22.47,306.94,91.8485,8.6575,16.8754,6.77,100.00,30.44,-0.40,45.67,358.92,5.45,91.8628,11.6685,17.2804,91.5331,11.6307,17.4854,5.54,0.40,30.44,92.3915,11.7273,16.9817,5.54,0.40,30.44,250.0675,11.9445,279.8723,0.00,100.00,182.67,-11.86,182.67,11.86,12.52
22.53,306.57,92.1241,8.6708,17.1446,6.70,100.00,30.35,-0.17,45.57,358.60,5.74,92.1153,11.6819,17.5488,91.7855,11.6417,17.7534,5.90,0.17,30.35,92.6440,11.7446,17.2510,5.90,0.17,30.35,250.0675,11.9445,279.8723,0.00,100.00,182.67,-11.86,182.67,11.86,12.52
22.59,306.19,92.3996,8.6786,17.4146,6.23,100.00,30.29,-0.03,45.51,358.42,5.92,92.3767,11.6896,17.8188,92.0469,11.6480,18.0230,6.13,0.03,30.29,92.9054,11.7547,17.5216,6.13,0.03,30.29,250.0675,11.9445,279.8723,0.00,100.00,182.67,-11.86,182.67,11.86,12.52
22.65,305.79,92.6997,8.6930,17.7095,7.04,100.00,30.25,-0.13,45.45,358.38,6.45,92.6555,11.7012,18.1319,92.3259,11.6560,18.3356,6.65,0.13,30.25,93.1840,11.7718,17.8355,6.65,0.13,30.25,250.0675,11.9445,279.8723,0.00,100.00,182.67,-11.86,182.67,11.86,12.52
22.71,305.40,92.9831,8.7087,17.9884,6.92,100.00,30.25,-0.15,45.45,358.37,6.54,92.9352,11.7165,18.4141,92.6056,11.6707,18.6177,6.74,0.15,30.25,93.4636,11.7881,18.1177,6.74,0.15,30.25,250.0675,11.9445,279.8723,0.00,100.00,182.67,-11.86,182.67,11.86,12.52
22.77,305.04,93.2500,8.7159,18.2512,6.05,100.00,32.73,0.24,45.45,358.37,6.09,93.2186,11.7262,18.6600,92.8980,11.6834,18.8782,6.30,359.76,32.73,93.7339,11.7932,18.3403,6.30,359.76,32.73,250.0675,11.9445,279.8723,0.00,100.00,182.67,-11.86,182.67,11.86,12.52
22.83,304.64,93.5397,8.7247,18.5363,6.67,100.00,32.73,0.25,42.99,358.63,6.11,93.4997,11.7337,18.9539,93.1790,11.6913,19.1721,6.25,359.75,32.73,94.0150,11.8002,18.6342,6.25,359.75,32.73,250.0675,11.9445,279.8723,0.00,100.00,182.67,-11.86,182.67,11.86,12.52
22.89,304.25,93.8147,8.7342,18.8313,6.83,100.00,32.67,0.45,40.54,358.67,6.36,93.7479,11.7417,19.2568,93.4273,11.6977,19.4746,6.48,359.55,32.67,94.2632,11.8106,18.9376,6.48,359.55,32.67,250.0675,11.9445,279.8723,0.00,100.00,182.67,-11.86,182.67,11.86,12.52
22.95,303.86,94.0708,8.7395,19.1308,6.46,100.00,32.80,0.32,38.21,359.09,6.19,94.0078,11.7457,19.5652,93.6875,11.7034,19.7838,6.24,359.68,32.80,94.5227,11.8121,19.2449,6.24,359.68,32.80,250.0675,11.9445,279.8723,0.00,100.00,182.67,-11.86,182.67,11.86,12.52
23.01,303.45,94.3248,8.7496,19.4535,7.02,100.00,30.33,0.45,35.75,359.03,5.48,94.2713,11.7599,19.8604,93.9414,11.7222,20.0653,5.55,359.55,30.33,94.8002,11.8189,19.5621,5.55,359.55,30.33,250.0675,11.9445,279.8723,0.00,100.00,182.67,-11.86,182.67,11.86,12.52
23.07,303.07,94.5499,8.7530,19.7662,6.23,100.00,30.35,0.23,35.77,359.24,5.52,94.5012,11.7619,20.1834,94.1714,11.7241,20.3883,5.57,359.77,30.35,95.0301,11.8212,19.8851,5.57,359.77,30.35,250.0675,11.9445,279.8723,0.00,100.00,182.67,-11.86,182.67,11.86,12.52
23.13,302.67,94.7826,8.7603,20.0891,6.65,100.00,30.34,0.36,35.75,359.09,5.82,94.7164,11.7686,20.5088,94.3867,11.7287,20.7136,5.88,359.64,30.34,95.2449,11.8311,20.2106,5.88,359.64,30.34,250.0675,11.9445,279.8723,0.00,100.00,182.67,-11.86,182.67,11.86,12.52
23.19,302.29,95.0096,8.7694,20.4044,6.67,100.00,27.94,0.28,33.36,359.20,5.44,94.9458,11.7789,20.8149,94.6076,11.7417,21.0058,5.49,359.72,27.94,95.4868,11.8373,20.5390,5.49,359.72,27.94,250.0675,11.9445,279.8723,0.00,100.00,182.67,-11.86,182.67,11.86,12.52
23.25,301.91,95.2189,8.7719,20.7224,6.06,100.00,28.12,0.65,31.01,359.09,5.20,95.1462,11.7832,21.1185,94.8085,11.7478,21.3107,5.24,359.35,28.12,95.6864,11.8390,20.8405,5.24,359.35,28.12,250.0675,11.9445,279.8723,0.00,100.00,182.67,-11.86,182.67,11.86,12.52
23.31,301.49,95.4322,8.7829,21.0773,7.09,100.00,27.94,0.87,28.48,359.08,5.48,95.3287,11.7929,21.4765,94.9907,11.7558,21.6677,5.49,359.13,27.94,95.8694,11.8514,21.2000,5.49,359.13,27.94,250.0675,11.9445,279.8723,0.00,100.00,182.67,-11.86,182.67,11.86,12.52
23.37,301.10,95.6173,8.7854,21.4185,6.26,100.00,28.12,0.79,26.16,359.41,6.04,95.4794,11.7907,21.8418,95.1423,11.7500,22.0339,6.01,359.21,28.12,96.0187,11.8548,21.5639,6.01,359.21,28.12,250.0675,11.9445,279.8723,0.00,100.00,182.67,-11.86,182.67,11.86,12.52
23.43,300.69,95.8005,8.7947,21.7913,7.33,100.00,27.95,0.59,23.71,359.84,5.85,95.6625,11.7985,22.2250,95.3247,11.7591,22.4161,5.82,359.41,27.95,96.2030,11.8606,21.9489,5.82,359.41,27.95,250.0675,11.9445,279.8723,0.00,100.00,182.67,-11.86,182.67,11.86,12.52
23.49,300.31,95.9543,8.7959,22.1415,6.34,100.00,28.35,0.73,21.44,359.91,5.36,95.8248,11.8018,22.5632,95.4880,11.7659,22.7568,5.31,359.27,28.35,96.3637,11.8584,22.2829,5.31,359.27,28.35,250.0675,11.9445,279.8723,0.00,100.00,182.67,-11.86,182.67,11.86,12.52
23.55,299.91,96.1042,8.8011,22.5232,6.95,100.00,28.53,1.08,19.01,359.77,5.14,95.9654,11.8089,22.9282,95.6291,11.7749,23.1231,5.03,358.92,28.53,96.5036,11.8625,22.6459,5.03,358.92,28.53,250.0675,11.9445,279.8723,0.00,100.00,182.67,-11.86,182.67,11.86,12.52
23.60,299.51,96.2358,8.8100,22.9051,7.11,100.00,28.69,1.02,16.67,0.13,5.53,96.0664,11.8137,23.3283,95.7310,11.7770,23.5241,5.43,358.98,28.69,96.6034,11.8717,23.0446,5.43,358.98,28.69,250.0675,11.9445,279.8723,0.00,100.00,182.67,-11.86,182.67,11.86,12.52
23.66,299.13,96.3482,8.8124,23.2805,6.69,100.00,29.00,1.21,14.40,0.30,5.93,96.1438,11.8130,23.7102,95.8097,11.7737,23.9078,5.81,358.79,29.00,96.6787,11.8750,23.4236,5.81,358.79,29.00,250.0675,11.9445,279.8723,0.00,100.00,182.67,-11.86,182.67,11.86,12.52
23.72,298.74,96.4493,8.8160,23.6744,7.11,100.00,29.13,1.56,12.04,0.20,5.93,96.2261,11.8172,24.0902,95.8925,11.7786,24.2888,5.73,358.44,29.13,96.7604,11.8783,23.8020,5.73,358.44,29.13,250.0675,11.9445,279.8723,0.00,100.00,182.67,-11.86,182.67,11.86,12.52
23.78,298.37,96.5316,8.8177,24.0603,6.63,100.00,29.44,1.73,9.74,0.22,5.73,96.3025,11.8198,24.4663,95.9699,11.7830,24.6668,5.47,358.27,29.44,96.8354,11.8783,24.1751,5.47,358.27,29.44,250.0675,11.9445,279.8723,0.00,100.00,182.67,-11.86,182.67,11.86,12.52
23.84,297.99,96.6007,8.8150,24.4629,6.55,100.00,29.73,2.16,7.32,359.91,5.44,96.3677,11.8204,24.8409,96.0359,11.7869,25.0433,5.00,357.84,29.73,96.8994,11.8739,24.5464,5.00,357.84,29.73,250.0675,11.9445,279.8723,0.00,100.00,182.67,-11.86,182.67,11.86,12.52
23.90,297.60,96.6548,8.8094,24.8843,6.82,100.00,29.93,2.31,4.85,0.31,6.10,96.3730,11.8090,25.2757,96.0425,11.7710,25.4794,5.66,357.69,29.93,96.9028,11.8695,24.9794,5.66,357.69,29.93,250.0675,11.9445,279.8723,0.00,100.00,182.67,-11.86,182.67,11.86,12.52
23.96,297.22,96.6904,8.8115,25.3041,7.25,100.00,27.40,2.55,2.34,0.26,6.56,96.3677,11.8088,25.6811,96.0289,11.7682,25.8701,6.05,357.45,27.40,96.9095,11.8735,25.4082,6.05,357.45,27.40,250.0675,11.9445,279.8723,0.00,100.00,182.67,-11.86,182.67,11.86,12.52
24.02,296.88,96.7062,8.8141,25.6886,6.83,100.00,27.44,2.19,2.37,0.55,6.33,96.3964,11.8108,26.0807,96.0575,11.7707,26.2697,5.97,357.81,27.44,96.9383,11.8746,25.8078,5.97,357.81,27.44,250.0675,11.9445,279.8723,0.00,100.00,182.67,-11.86,182.67,11.86,12.52
24.08,296.56,96.7213,8.8141,26.0538,6.10,100.00,29.86,3.14,2.30,359.91,6.59,96.3960,11.8134,26.4123,96.0655,11.7746,26.6160,5.80,356.86,29.86,96.9255,11.8755,26.1158,5.80,356.86,29.86,250.0675,11.9445,279.8723,0.00,100.00,182.67,-11.86,182.67,11.86,12.52
24.14,296.22,96.7368,8.8204,26.4398,6.80,100.00,29.86,2.95,359.90,0.05,5.97,96.4294,11.8224,26.7916,96.0984,11.7876,26.9952,5.19,357.05,29.86,96.9599,11.8780,26.4954,5.19,357.05,29.86,250.0675,11.9445,279.8723,0.00,100.00,182.67,-11.86,182.67,11.86,12.52
24.19,295.91,96.7361,8.7943,26.8035,6.50,100.00,27.57,2.96,357.61,359.97,5.86,96.4206,11.7973,27.1390,96.0816,11.7634,27.3292,5.06,357.04,27.57,96.9625,11.8515,26.8642,5.06,357.04,27.57,250.0675,11.9445,279.8723,0.00,100.00,182.67,-11.86,182.67,11.86,12.52
24.25,295.62,96.7213,8.7910,27.1599,5.95,100.00,25.34,2.68,355.45,0.84,6.80,96.3408,11.7830,27.5245,95.9956,11.7407,27.7013,6.31,357.32,25.34,96.8917,11.8504,27.2712,6.31,357.32,25.34,250.0675,11.9445,279.8723,0.00,100.00,182.67,-11.86,182.67,11.86,12.52
24.31,295.31,96.6912,8.7837,27.5376,6.32,100.00,25.45,2.84,353.04,0.88,6.66,96.3029,11.7764,27.8890,95.9579,11.7356,28.0665,6.09,357.16,25.45,96.8536,11.8415,27.6345,6.09,357.16,25.45,250.0675,11.9445,279.8723,0.00,100.00,182.67,-11.86,182.67,11.86,12.52
24.37,295.01,96.6456,8.7862,27.9110,6.64,100.00,25.35,3.64,350.57,0.48,7.05,96.2259,11.7792,28.2212,95.8808,11.7388,28.3986,6.05,356.36,25.35,96.7766,11.8440,27.9668,6.05,356.36,25.35,250.0675,11.9445,279.8723,0.00,100.00,182.67,-11.86,182.67,11.86,12.52
24.43,294.75,96.5877,8.7855,28.2595,6.03,100.00,25.56,3.53,348.35,0.95,7.06,96.1508,11.7752,28.5774,95.8065,11.7338,28.7560,6.19,356.47,25.56,96.7005,11.8414,28.3211,6.19,356.47,25.56,250.0675,11.9445,279.8723,0.00,100.00,182.67,-11.86,182.67,11.86,12.52
24.49,294.49,96.5157,8.7820,28.6089,6.14,100.00,27.98,3.92,348.36,1.06,7.40,96.0601,11.7687,28.9290,95.7239,11.7262,29.1223,6.37,356.08,27.98,96.5980,11.8369,28.6493,6.37,356.08,27.98,250.0675,11.9445,279.8723,0.00,100.00,182.67,-11.86,182.67,11.86,12.52
24.54,294.23,96.4460,8.7795,28.9475,6.00,100.00,27.93,4.42,348.33,0.82,7.88,95.9682,11.7646,29.2496,95.6321,11.7208,29.4429,6.59,355.58,27.93,96.5057,11.8351,28.9699,6.59,355.58,27.93,250.0675,11.9445,279.8723,0.00,100.00,182.67,-11.86,182.67,11.86,12.52
24.60,293.99,96.3783,8.7834,29.2751,5.89,100.00,27.90,4.66,348.27,0.36,7.72,95.9133,11.7727,29.5551,95.5769,11.7317,29.7483,6.17,355.34,27.90,96.4515,11.8388,29.2754,6.17,355.34,27.90,250.0675,11.9445,279.8723,0.00,100.00,182.67,-11.86,182.67,11.86,12.52
24.66,293.75,96.3128,8.7855,29.5904,5.64,100.00,30.74,4.71,348.30,0.60,7.61,95.8509,11.7739,29.8840,95.5243,11.7340,30.0936,6.01,355.29,30.74,96.3747,11.8384,29.5780,6.01,355.29,30.74,250.0675,11.9445,279.8723,0.00,100.00,182.67,-11.86,182.67,11.86,12.52
24.71,293.52,96.2487,8.7856,29.8999,5.46,100.00,33.58,5.01,348.30,0.60,7.61,95.7868,11.7740,30.1935,95.4709,11.7358,30.4193,5.77,354.99,33.58,96.2949,11.8360,29.8616,5.77,354.99,33.58,250.0675,11.9445,279.8723,0.00,100.00,182.67,-11.86,182.67,11.86,12.52
24.77,293.30,96.1854,8.7840,30.2055,5.21,100.00,36.30,5.50,348.26,0.31,7.66,95.7239,11.7740,30.4837,95.4189,11.7388,30.7244,5.34,354.50,36.30,96.2160,11.8315,30.1277,5.34,354.50,36.30,250.0675,11.9445,279.8723,0.00,100.00,182.67,-11.86,182.67,11.86,12.52
24.83,293.06,96.1191,8.7529,30.5244,5.84,100.00,36.45,5.72,345.89,0.65,7.92,95.6290,11.7388,30.7970,95.3249,11.7025,31.0386,5.52,354.28,36.45,96.1198,11.7982,30.4395,5.52,354.28,36.45,250.0675,11.9445,279.8723,0.00,100.00,182.67,-11.86,182.67,11.86,12.52
24.89,292.85,96.0444,8.7511,30.8219,5.27,100.00,36.59,5.62,343.66,0.88,7.69,95.5525,11.7372,31.0899,95.2487,11.7022,31.3322,5.32,354.38,36.59,96.0428,11.7944,30.7314,5.32,354.38,36.59,250.0675,11.9445,279.8723,0.00,100.00,182.67,-11.86,182.67,11.86,12.52
24.95,292.63,95.9539,8.7479,31.1302,5.44,100.00,36.60,6.29,341.33,1.06,8.36,95.4149,11.7277,31.3759,95.1118,11.6908,31.6186,5.62,353.71,36.60,95.9043,11.7882,31.0167,5.62,353.71,36.60,250.0675,11.9445,279.8723,0.00,100.00,182.67,-11.86,182.67,11.86,12.52
25.01,292.42,95.8488,8.7442,31.4413,5.67,100.00,36.12,6.31,339.06,1.83,8.67,95.2717,11.7161,31.6966,94.9671,11.6751,31.9369,6.22,353.69,36.12,95.7631,11.7829,31.3413,6.22,353.69,36.12,250.0675,11.9445,279.8723,0.00,100.00,182.67,-11.86,182.67,11.86,12.52
25.06,292.23,95.7366,8.7385,31.7345,5.35,100.00,38.00,6.75,339.09,2.04,9.06,95.1365,11.7055,31.9930,94.8404,11.6635,32.2435,6.40,353.25,38.00,95.6154,11.7742,31.6213,6.40,353.25,38.00,250.0675,11.9445,279.8723,0.00,100.00,182.67,-11.86,182.67,11.86,12.52
25.12,292.05,95.6260,8.7329,32.0239,5.38,100.00,39.87,6.83,339.01,1.52,8.63,95.0560,11.7073,32.2646,94.7673,11.6713,32.5245,5.51,353.17,39.87,95.5239,11.7666,31.8777,5.51,353.17,39.87,250.0675,11.9445,279.8723,0.00,100.00,182.67,-11.86,182.67,11.86,12.52
25.18,291.87,95.5200,8.7338,32.3002,5.27,100.00,41.69,6.99,338.93,0.96,8.34,94.9741,11.7145,32.5187,94.6930,11.6843,32.7875,4.66,353.01,41.69,95.4307,11.7649,32.1172,4.66,353.01,41.69,250.0675,11.9445,279.8723,0.00,100.00,182.67,-11.86,182.67,11.86,12.52
25.24,291.70,95.4191,8.7286,32.5622,4.68,100.00,43.67,7.38,338.93,0.97,8.60,94.8607,11.7073,32.7759,94.5890,11.6781,33.0544,4.52,352.62,43.67,95.3031,11.7563,32.3587,4.52,352.62,43.67,250.0675,11.9445,279.8723,0.00,100.00,182.67,-11.86,182.67,11.86,12.52
25.30,291.52,95.3101,8.7249,32.8450,5.21,100.00,43.17,7.63,336.58,1.47,8.92,94.7178,11.6974,33.0526,94.4442,11.6660,33.3289,4.86,352.37,43.17,95.1632,11.7500,32.6390,4.86,352.37,43.17,250.0675,11.9445,279.8723,0.00,100.00,182.67,-11.86,182.67,11.86,12.52
25.36,291.35,95.1926,8.7176,33.1162,5.01,100.00,42.45,7.60,334.28,1.84,8.89,94.5852,11.6876,33.3182,94.3082,11.6553,33.5910,4.99,352.40,42.45,95.0356,11.7415,32.9102,4.99,352.40,42.45,250.0675,11.9445,279.8723,0.00,100.00,182.67,-11.86,182.67,11.86,12.52
25.41,291.19,95.0612,8.7070,33.3890,5.09,100.00,41.68,7.80,331.98,2.39,9.16,94.4206,11.6704,33.5847,94.1405,11.6355,33.8540,5.38,352.20,41.68,94.8756,11.7284,33.1825,5.38,352.20,41.68,250.0675,11.9445,279.8723,0.00,100.00,182.67,-11.86,182.67,11.86,12.52
25.47,291.04,94.9168,8.6676,33.6604,5.55,100.00,40.51,7.98,329.53,2.18,9.16,94.2741,11.6327,33.8193,93.9883,11.6003,34.0828,5.01,352.02,40.51,94.7378,11.6868,33.4265,5.01,352.02,40.51,250.0675,11.9445,279.8723,0.00,100.00,182.67,-11.86,182.67,11.86,12.52
25.53,290.90,94.7692,8.6550,33.9112,4.85,100.00,39.63,7.72,327.40,3.03,9.04,94.1024,11.6139,34.0868,93.8131,11.5775,34.3459,5.61,352.28,39.63,94.5713,11.6743,33.7011,5.61,352.28,39.63,250.0675,11.9445,279.8723,0.00,100.00,182.67,-11.86,182.67,11.86,12.52
25.59,290.77,94.5993,8.6439,34.1769,5.56,100.00,37.24,7.23,325.02,3.32,8.61,93.9353,11.6036,34.3495,93.6354,11.5660,34.5961,5.75,352.77,37.24,94.4198,11.6655,33.9840,5.75,352.77,37.24,250.0675,11.9445,279.8723,0.00,100.00,182.67,-11.86,182.67,11.86,12.52
25.64,290.66,94.4329,8.6333,34.4147,5.13,100.00,37.24,7.20,325.01,3.31,8.58,93.7705,11.5932,34.5878,93.4706,11.5558,34.8344,5.73,352.80,37.24,94.2551,11.6549,34.2223,5.73,352.80,37.24,250.0675,11.9445,279.8723,0.00,100.00,182.67,-11.86,182.67,11.86,12.52
25.70,290.55,94.2715,8.6245,34.6454,5.00,100.00,37.22,7.44,324.97,3.02,8.74,93.6109,11.5859,34.8009,93.3107,11.5501,35.0474,5.50,352.56,37.22,94.0958,11.6452,34.4354,5.50,352.56,37.22,250.0675,11.9445,279.8723,0.00,100.00,182.67,-11.86,182.67,11.86,12.52
25.76,290.44,94.1093,8.6145,34.8768,4.87,100.00,34.93,7.55,322.69,3.03,8.86,93.4378,11.5748,35.0023,93.1281,11.5388,35.2367,5.55,352.45,34.93,93.9368,11.6346,34.6564,5.55,352.45,34.93,250.0675,11.9445,279.8723,0.00,100.00,182.67,-11.86,182.67,11.86,12.52
25.82,290.34,93.9312,8.5985,35.1104,5.02,100.00,34.52,7.21,320.49,4.05,8.62,93.2315,11.5512,35.2593,92.9207,11.5105,35.4915,6.22,352.79,34.52,93.7321,11.6181,34.9170,6.22,352.79,34.52,250.0675,11.9445,279.8723,0.00,100.00,182.67,-11.86,182.67,11.86,12.52
25.87,290.25,93.7481,8.5496,35.3325,5.20,100.00,36.37,7.02,320.46,3.82,8.16,93.0742,11.5081,35.4868,92.7703,11.4712,35.7287,5.65,352.98,36.37,93.5645,11.5689,35.1289,5.65,352.98,36.37,250.0675,11.9445,279.8723,0.00,100.00,182.67,-11.86,182.67,11.86,12.52
25.93,290.17,93.5771,8.5397,35.5396,4.64,100.00,38.21,7.63,320.30,2.70,8.36,92.9318,11.5068,35.6410,92.6348,11.4787,35.8924,4.36,352.37,38.21,93.4120,11.5541,35.2678,4.36,352.37,38.21,250.0675,11.9445,279.8723,0.00,100.00,182.67,-11.86,182.67,11.86,12.52
25.99,290.09,93.3987,8.5316,35.7544,4.92,100.00,37.73,7.50,318.18,4.25,8.37,92.6963,11.4843,35.8908,92.3985,11.4475,36.1402,5.65,352.50,37.73,93.1777,11.5451,35.5210,5.65,352.50,37.73,250.0675,11.9445,279.8723,0.00,100.00,182.67,-11.86,182.67,11.86,12.52
26.05,290.01,93.2148,8.5124,35.9599,4.80,100.00,37.59,7.46,315.97,4.83,8.21,92.4926,11.4603,36.0967,92.1945,11.4216,36.3453,5.93,352.54,37.59,92.9745,11.5241,35.7280,5.93,352.54,37.59,250.0675,11.9445,279.8723,0.00,100.00,182.67,-11.86,182.67,11.86,12.52
26.10,289.95,93.0188,8.4985,36.1627,5.02,100.00,37.35,7.50,313.62,4.73,8.03,92.3020,11.4488,36.2733,92.0024,11.4128,36.5205,5.53,352.50,37.35,92.7860,11.5084,35.9068,5.53,352.50,37.35,250.0675,11.9445,279.8723,0.00,100.00,182.67,-11.86,182.67,11.86,12.52
26.16,289.90,92.8178,8.4834,36.3542,4.90,100.00,35.13,6.90,311.30,4.44,7.39,92.1302,11.4411,36.4510,91.8206,11.4074,36.6860,5.17,353.10,35.13,92.6290,11.4969,36.1041,5.17,353.10,35.13,250.0675,11.9445,279.8723,0.00,100.00,182.67,-11.86,182.67,11.86,12.52
26.21,289.86,92.6054,8.4704,36.5408,5.01,100.00,32.87,6.42,308.99,4.32,6.90,91.9351,11.4325,36.6261,91.6162,11.3998,36.8485,5.00,353.58,32.87,92.4476,11.4864,36.2996,5.00,353.58,32.87,250.0675,11.9445,279.8723,0.00,100.00,182.67,-11.86,182.67,11.86,12.52
26.27,289.83,92.3847,8.4198,36.7194,5.04,100.00,32.51,6.11,306.75,4.68,6.44,91.7106,11.3809,36.8088,91.3904,11.3473,37.0291,5.12,353.89,32.51,92.2252,11.4360,36.4858,5.12,353.89,32.51,250.0675,11.9445,279.8723,0.00,100.00,182.67,-11.86,182.67,11.86,12.52
26.33,289.81,92.1527,8.4069,36.8927,5.24,100.00,32.06,5.75,304.44,4.69,5.93,91.4903,11.3707,36.9773,91.1681,11.3385,37.1949,4.91,354.25,32.06,92.0079,11.4236,36.6587,4.91,354.25,32.06,250.0675,11.9445,279.8723,0.00,100.00,182.67,-11.86,182.67,11.86,12.52
26.39,289.80,91.9196,8.3840,37.0525,4.69,100.00,32.27,5.30,302.29,5.52,5.28,91.2364,11.3422,37.1644,90.9153,11.3059,37.3830,5.50,354.70,32.27,91.7522,11.4013,36.8440,5.50,354.70,32.27,250.0675,11.9445,279.8723,0.00,100.00,182.67,-11.86,182.67,11.86,12.52
26.44,289.81,91.6570,8.3649,37.2185,5.50,100.00,32.11,5.40,299.83,4.91,5.19,90.9990,11.3300,37.2891,90.6766,11.2993,37.5067,4.68,354.60,32.11,91.5167,11.3805,36.9704,4.68,354.60,32.11,250.0675,11.9445,279.8723,0.00,100.00,182.67,-11.86,182.67,11.86,12.52
26.50,289.82,91.4022,8.3493,37.3646,5.31,100.00,30.23,5.45,297.61,5.24,5.20,90.7266,11.3109,37.4173,90.3975,11.2782,37.6244,4.98,354.55,30.23,91.2541,11.3645,37.1156,4.98,354.55,30.23,250.0675,11.9445,279.8723,0.00,100.00,182.67,-11.86,182.67,11.86,12.52
26.56,289.85,91.1459,8.3302,37.4986,5.16,100.00,29.64,5.40,296.64,5.33,5.11,90.4676,11.2912,37.5461,90.1364,11.2581,37.7497,5.03,354.60,29.64,90.9981,11.3455,37.2499,5.03,354.60,29.64,250.0675,11.9445,279.8723,0.00,100.00,182.67,-11.86,182.67,11.86,12.52
26.61,289.89,90.8819,8.2767,37.6311,5.30,100.00,29.34,4.88,295.63,5.05,4.55,90.2282,11.2432,37.6871,89.8956,11.2120,37.8886,4.73,355.12,29.34,90.7609,11.2942,37.3942,4.73,355.12,29.34,250.0675,11.9445,279.8723,0.00,100.00,182.67,-11.86,182.67,11.86,12.52
26.67,289.93,90.6197,8.2629,37.7569,5.41,100.00,29.99,4.41,295.63,5.04,4.03,89.9781,11.2314,37.8375,89.6477,11.2002,38.0425,4.71,355.59,29.99,90.5077,11.2821,37.5389,4.71,355.59,29.99,250.0675,11.9445,279.8723,0.00,100.00,182.67,-11.86,182.67,11.86,12.52
26.72,289.96,90.3770,8.2468,37.8733,4.69,100.00,30.02,3.96,295.59,4.42,3.62,89.7738,11.2233,37.9589,89.4430,11.1960,38.1639,4.12,356.04,30.02,90.3041,11.2676,37.6605,4.12,356.04,30.02,250.0675,11.9445,279.8723,0.00,100.00,182.67,-11.86,182.67,11.86,12.52
26.78,290.00,90.1132,8.2311,37.9996,5.15,100.00,29.73,3.86,295.28,4.33,3.52,89.5160,11.2087,38.0845,89.1840,11.1820,38.2876,4.03,356.14,29.73,90.0479,11.2522,37.7889,4.03,356.14,29.73,250.0675,11.9445,279.8723,0.00,100.00,182.67,-11.86,182.67,11.86,12.52
26.84,290.05,89.8471,8.2144,38.1253,5.29,100.00,29.45,3.50,294.98,4.44,3.15,89.2525,11.1920,38.2271,88.9195,11.1643,38.4286,4.17,356.50,29.45,89.7858,11.2369,37.9343,4.17,356.50,29.45,250.0675,11.9445,279.8723,0.00,100.00,182.67,-11.86,182.67,11.86,12.52
26.89,290.09,89.5840,8.1998,38.2479,4.98,100.00,28.33,3.62,293.82,3.60,3.35,89.0231,11.1850,38.3107,88.6858,11.1631,38.5055,3.32,356.38,28.33,89.5628,11.2209,38.0285,3.32,356.38,28.33,250.0675,11.9445,279.8723,0.00,100.00,182.67,-11.86,182.67,11.86,12.52
26.95,290.14,89.3029,8.1525,38.3720,5.48,100.00,27.17,3.48,292.67,3.89,3.17,88.7306,11.1355,38.4376,88.3895,11.1115,38.6256,3.62,356.52,27.17,89.2757,11.1746,38.1664,3.62,356.52,27.17,250.0675,11.9445,279.8723,0.00,100.00,182.67,-11.86,182.67,11.86,12.52
27.01,290.20,89.0251,8.1392,38.4880,5.32,100.00,26.13,3.22,291.61,3.71,2.93,88.4647,11.1245,38.5517,88.1202,11.1015,38.7333,3.47,356.78,26.13,89.0148,11.1619,38.2906,3.47,356.78,26.13,250.0675,11.9445,279.8723,0.00,100.00,182.67,-11.86,182.67,11.86,12.52
27.06,290.26,88.7433,8.1337,38.5996,5.55,100.00,25.12,2.50,290.53,3.19,2.25,88.2200,11.1254,38.6765,87.8720,11.1055,38.8517,3.00,357.50,25.12,88.7752,11.1577,38.4257,3.00,357.50,25.12,250.0675,11.9445,279.8723,0.00,100.00,182.67,-11.86,182.67,11.86,12.52
27.12,290.33,88.4677,8.1268,38.7028,5.06,100.00,24.12,2.20,289.47,2.00,2.05,88.0054,11.1290,38.7595,87.6539,11.1170,38.9283,1.82,357.80,24.12,88.5656,11.1488,38.5188,1.82,357.80,24.12,250.0675,11.9445,279.8723,0.00,100.00,182.67,-11.86,182.67,11.86,12.52
27.18,290.41,88.1695,8.1181,38.8083,5.54,100.00,24.28,1.95,288.41,2.98,1.65,87.6637,11.1126,38.8925,87.3130,11.0939,39.0624,2.80,358.05,24.28,88.2227,11.1427,38.6502,2.80,358.05,24.28,250.0675,11.9445,279.8723,0.00,100.00,182.67,-11.86,182.67,11.86,12.52
27.24,290.49,87.8825,8.1020,38.9038,5.22,100.00,25.55,1.79,288.43,3.63,1.35,87.3496,11.0910,39.0138,87.0030,11.0680,39.1914,3.44,358.21,25.55,87.9028,11.1279,38.7591,3.44,358.21,25.55,250.0675,11.9445,279.8723,0.00,100.00,182.67,-11.86,182.67,11.86,12.52
27.29,290.57,87.5989,8.0588,38.9983,5.29,100.00,26.77,1.70,288.41,2.85,1.30,87.1059,11.0550,39.0978,86.7628,11.0375,39.2827,2.63,358.30,26.77,87.6540,11.0832,38.8315,2.63,358.30,26.77,250.0675,11.9445,279.8723,0.00,100.00,182.67,-11.86,182.67,11.86,12.52
27.35,290.65,87.3276,8.0527,39.0887,4.88,100.00,28.02,1.66,288.39,1.72,1.39,86.8888,11.0580,39.1650,86.5495,11.0483,39.3572,1.47,358.34,28.02,87.4316,11.0739,38.8869,1.47,358.34,28.02,250.0675,11.9445,279.8723,0.00,100.00,182.67,-11.86,182.67,11.86,12.52
27.41,290.73,87.0563,8.0430,39.1788,4.73,100.00,29.15,2.13,288.39,1.70,1.85,86.6110,11.0478,39.2317,86.2755,11.0392,39.4306,1.33,357.87,29.15,87.1482,11.0623,38.9429,1.33,357.87,29.15,250.0675,11.9445,279.8723,0.00,100.00,182.67,-11.86,182.67,11.86,12.52
27.47,290.81,86.7715,8.0373,39.2735,5.20,100.00,30.04,1.95,288.18,1.81,1.61,86.3243,11.0416,39.3386,85.9920,11.0321,39.5426,1.44,358.05,30.04,86.8570,11.0573,39.0415,1.44,358.05,30.04,250.0675,11.9445,279.8723,0.00,100.00,182.67,-11.86,182.67,11.86,12.52
27.52,290.89,86.4944,8.0379,39.3645,5.34,100.00,30.88,1.15,287.98,1.73,0.78,86.0648,11.0437,39.4682,85.7354,11.0337,39.6770,1.51,358.85,30.88,86.5931,11.0600,39.1635,1.51,358.85,30.88,250.0675,11.9445,279.8723,0.00,100.00,182.67,-11.86,182.67,11.86,12.52
27.58,290.96,86.2388,8.0316,39.4475,4.48,100.00,32.01,1.11,287.97,1.27,0.83,85.8314,11.0408,39.5412,85.5061,11.0340,39.7565,1.03,358.89,32.01,86.3538,11.0519,39.2263,1.03,358.89,32.01,250.0675,11.9445,279.8723,0.00,100.00,182.67,-11.86,182.67,11.86,12.52
27.64,291.04,85.9664,8.0264,39.5358,4.80,100.00,32.92,1.12,287.97,1.21,0.83,85.5614,11.0360,39.6285,85.2396,11.0296,39.8489,0.96,358.88,32.92,86.0788,11.0464,39.3053,0.96,358.88,32.92,250.0675,11.9445,279.8723,0.00,100.00,182.67,-11.86,182.67,11.86,12.52
27.70,291.13,85.6901,8.0214,39.6254,5.01,100.00,33.43,1.02,287.60,1.60,0.60,85.2689,11.0282,39.7331,84.9491,11.0191,39.9564,1.38,358.98,33.43,85.7832,11.0431,39.4053,1.38,358.98,33.43,250.0675,11.9445,279.8723,0.00,100.00,182.67,-11.86,182.67,11.86,12.52
27.76,291.21,85.4165,8.0192,39.7122,4.90,100.00,33.06,0.89,287.22,0.91,0.67,85.0281,11.0310,39.8030,84.7067,11.0264,40.0242,0.70,359.11,33.06,85.5446,11.0385,39.4785,0.70,359.11,33.06,250.0675,11.9445,279.8723,0.00,100.00,182.67,-11.86,182.67,11.86,12.52
27.82,291.29,85.1473,8.0181,39.7956,4.86,100.00,33.07,0.77,287.23,1.20,0.46,84.7477,11.0280,39.9018,84.4264,11.0211,40.1230,1.03,359.23,33.07,85.2642,11.0391,39.5772,1.03,359.23,33.07,250.0675,11.9445,279.8723,0.00,100.00,182.67,-11.86,182.67,11.86,12.52
27.88,291.37,84.8886,8.0152,39.8759,4.63,100.00,33.60,0.56,287.23,0.93,0.31,84.5050,11.0270,39.9853,84.1858,11.0216,40.2095,0.80,359.44,33.60,85.0185,11.0357,39.6560,0.80,359.44,33.60,250.0675,11.9445,279.8723,0.00,100.00,182.67,-11.86,182.67,11.86,12.52
27.94,291.46,84.6232,8.0125,39.9582,4.58,100.00,33.87,0.41,286.93,0.10,0.40,84.2794,11.0298,40.0481,83.9611,11.0300,40.2738,359.98,359.59,33.87,84.7914,11.0296,39.7165,359.98,359.59,33.87,250.0675,11.9445,279.8723,0.00,100.00,182.67,-11.86,182.67,11.86,12.52
27.99,291.54,84.3418,8.0184,40.0438,5.19,100.00,33.57,0.28,286.63,0.36,0.19,83.9877,11.0341,40.1466,83.6683,11.0322,40.3706,0.29,359.72,33.57,84.5015,11.0372,39.8177,0.29,359.72,33.57,250.0675,11.9445,279.8723,0.00,100.00,182.67,-11.86,182.67,11.86,12.52
28.05,291.63,84.0864,7.9872,40.1201,4.74,100.00,33.57,0.42,286.63,0.68,0.23,83.7156,11.0008,40.2255,83.3962,10.9969,40.4495,0.58,359.58,33.57,84.2293,11.0070,39.8966,0.58,359.58,33.57,250.0675,11.9445,279.8723,0.00,100.00,182.67,-11.86,182.67,11.86,12.52
28.11,291.71,83.8387,7.9826,40.1941,4.28,100.00,33.95,0.47,286.63,0.79,0.25,83.4618,10.9953,40.3004,83.1439,10.9908,40.5266,0.68,359.53,33.95,83.9733,11.0027,39.9680,0.68,359.53,33.95,250.0675,11.9445,279.8723,0.00,100.00,182.67,-11.86,182.67,11.86,12.52
28.17,291.79,83.5825,7.9778,40.2706,4.45,100.00,34.34,0.30,286.63,0.51,0.15,83.2214,10.9924,40.3774,82.9050,10.9895,40.6056,0.44,359.70,34.34,83.7307,10.9971,40.0415,0.44,359.70,34.34,250.0675,11.9445,279.8723,0.00,100.00,182.67,-11.86,182.67,11.86,12.52
28.23,291.87,83.3364,7.9769,40.3441,4.33,100.00,34.34,0.30,286.63,0.51,0.15,82.9753,10.9916,40.4509,82.6589,10.9887,40.6791,0.44,359.70,34.34,83.4846,10.9963,40.1150,0.44,359.70,34.34,250.0675,11.9445,279.8723,0.00,100.00,182.67,-11.86,182.67,11.86,12.52
28.29,291.95,83.1012,7.9811,40.4143,4.32,100.00,34.34,0.06,286.63,0.11,0.03,82.7620,10.9984,40.5212,82.4456,10.9977,40.7495,0.09,359.94,34.34,83.2713,10.9994,40.1853,0.09,359.94,34.34,250.0675,11.9445,279.8723,0.00,100.00,182.67,-11.86,182.67,11.86,12.52
28.35,292.02,82.8836,7.9823,40.4794,3.83,100.00,34.66,0.04,286.63,0.07,0.02,82.5467,10.9998,40.5862,82.2316,10.9994,40.8162,0.06,359.96,34.66,83.0542,11.0004,40.2475,0.06,359.96,34.66,250.0675,11.9445,279.8723,0.00,100.00,182.67,-11.86,182.67,11.86,12.52
28.41,292.10,82.6513,7.9868,40.5487,4.21,100.00,34.68,0.30,286.34,359.92,0.34,82.3168,11.0052,40.6355,82.0017,11.0065,40.8656,359.81,359.70,34.68,82.8241,11.0032,40.2966,359.81,359.70,34.68,250.0675,11.9445,279.8723,0.00,100.00,182.67,-11.86,182.67,11.86,12.52
28.46,292.17,82.4206,7.9919,40.6164,4.24,100.00,34.70,0.26,286.07,0.32,0.17,82.0677,11.0078,40.7160,81.7528,11.0062,40.9462,0.25,359.74,34.70,82.5749,11.0105,40.3769,0.25,359.74,34.70,250.0675,11.9445,279.8723,0.00,100.00,182.67,-11.86,182.67,11.86,12.52
28.52,292.25,82.1885,7.9916,40.6832,4.09,100.00,34.73,0.26,285.78,0.36,0.15,81.8331,11.0073,40.7828,81.5183,11.0053,41.0132,0.30,359.74,34.73,82.3401,11.0105,40.4435,0.30,359.74,34.73,250.0675,11.9445,279.8723,0.00,100.00,182.67,-11.86,182.67,11.86,12.52
28.58,292.34,81.9415,7.9937,40.7530,4.36,100.00,34.78,0.34,285.49,359.99,0.37,81.6017,11.0117,40.8342,81.2871,11.0127,41.0649,359.86,359.66,34.78,82.1085,11.0103,40.4945,359.86,359.66,34.78,250.0675,11.9445,279.8723,0.00,100.00,182.67,-11.86,182.67,11.86,12.52
28.64,292.42,81.6899,8.0017,40.8227,4.69,100.00,34.78,0.27,285.16,0.34,0.17,81.3346,11.0175,40.9169,81.0199,11.0158,41.1476,0.26,359.73,34.78,81.8413,11.0203,40.5772,0.26,359.73,34.78,250.0675,11.9445,279.8723,0.00,100.00,182.67,-11.86,182.67,11.86,12.52
28.69,292.51,81.4469,8.0025,40.8885,4.31,100.00,33.58,0.26,284.84,0.38,0.15,81.0894,11.0180,40.9825,80.7700,11.0160,41.2065,0.31,359.74,33.58,81.6031,11.0214,40.6534,0.31,359.74,33.58,250.0675,11.9445,279.8723,0.00,100.00,182.67,-11.86,182.67,11.86,12.52
28.75,292.60,81.1894,7.9708,40.9568,4.69,100.00,33.62,0.09,285.73,0.13,0.06,80.8469,10.9879,41.0575,80.5277,10.9872,41.2818,0.11,359.91,33.62,81.3604,10.9891,40.7281,0.11,359.91,33.62,250.0675,11.9445,279.8723,0.00,100.00,182.67,-11.86,182.67,11.86,12.52
28.81,292.69,80.9359,7.9725,41.0281,4.46,100.00,34.49,0.03,286.61,0.05,0.02,80.5999,10.9901,41.1346,80.2841,10.9899,41.3637,0.04,359.97,34.49,81.1083,10.9906,40.7974,0.04,359.97,34.49,250.0675,11.9445,279.8723,0.00,100.00,182.67,-11.86,182.67,11.86,12.52
28.87,292.78,80.6732,7.9757,41.1065,4.71,100.00,35.48,0.04,287.59,0.05,0.02,80.3391,10.9933,41.2186,80.0273,10.9930,41.4531,0.04,359.96,35.48,80.8416,10.9937,40.8727,0.04,359.96,35.48,250.0675,11.9445,279.8723,0.00,100.00,182.67,-11.86,182.67,11.86,12.52
28.93,292.86,80.4132,7.9800,41.1889,4.74,100.00,36.49,0.04,288.57,0.05,0.02,80.0811,10.9976,41.3067,79.7735,10.9973,41.5467,0.04,359.96,36.49,80.5774,10.9980,40.9519,0.04,359.96,36.49,250.0675,11.9445,279.8723,0.00,100.00,182.67,-11.86,182.67,11.86,12.52
28.99,292.94,80.1554,7.9816,41.2755,4.60,100.00,37.23,0.04,289.26,0.05,0.02,79.8247,10.9992,41.3973,79.5202,10.9989,41.6412,0.04,359.96,37.23,80.3164,10.9996,41.0362,0.04,359.96,37.23,250.0675,11.9445,279.8723,0.00,100.00,182.67,-11.86,182.67,11.86,12.52
29.04,293.02,79.8892,7.9861,41.3685,4.91,100.00,37.37,0.04,289.98,0.05,0.02,79.5600,11.0037,41.4944,79.2562,11.0034,41.7391,0.04,359.96,37.37,80.0509,11.0041,41.1321,0.04,359.96,37.37,250.0675,11.9445,279.8723,0.00,100.00,182.67,-11.86,182.67,11.86,12.52
29.10,293.09,79.6392,7.9850,41.4594,4.39,100.00,36.78,0.04,289.98,0.05,0.02,79.3100,11.0026,41.5853,79.0036,11.0023,41.8268,0.04,359.96,36.78,79.8046,11.0030,41.2281,0.04,359.96,36.78,250.0675,11.9445,279.8723,0.00,100.00,182.67,-11.86,182.67,11.86,12.52
29.16,293.16,79.3838,7.9894,41.5523,4.73,100.00,36.32,0.04,289.98,0.05,0.02,79.0546,11.0070,41.6781,78.7463,11.0067,41.9172,0.04,359.96,36.32,79.5520,11.0074,41.3249,0.04,359.96,36.32,250.0675,11.9445,279.8723,0.00,100.00,182.67,-11.86,182.67,11.86,12.52
29.22,293.23,79.1368,7.9907,41.6421,4.44,100.00,36.14,0.04,290.28,0.05,0.02,78.8083,11.0083,41.7696,78.4993,11.0081,42.0077,0.04,359.96,36.14,79.3068,11.0088,41.4179,0.04,359.96,36.14,250.0675,11.9445,279.8723,0.00,100.00,182.67,-11.86,182.67,11.86,12.52
29.28,293.31,78.8780,7.9954,41.7377,4.81,100.00,35.96,0.04,290.58,0.05,0.02,78.5502,11.0130,41.8669,78.2404,11.0127,42.1040,0.04,359.96,35.96,79.0499,11.0134,41.5169,0.04,359.96,35.96,250.0675,11.9445,279.8723,0.00,100.00,182.67,-11.86,182.67,11.86,12.52
29.34,293.38,78.6233,7.9941,41.8333,4.48,100.00,35.85,0.04,290.99,0.05,0.02,78.2964,11.0117,41.9649,77.9862,11.0114,42.2014,0.04,359.96,35.85,78.7968,11.0121,41.6158,0.04,359.96,35.85,250.0675,11.9445,279.8723,0.00,100.00,182.67,-11.86,182.67,11.86,12.52
29.40,293.45,78.3492,7.9953,41.9385,4.95,100.00,35.82,0.04,291.43,0.05,0.02,78.0233,11.0129,42.0726,77.7130,11.0127,42.3089,0.04,359.96,35.82,78.5238,11.0133,41.7237,0.04,359.96,35.82,250.0675,11.9445,279.8723,0.00,100.00,182.67,-11.86,182.67,11.86,12.52
29.45,293.53,78.0774,8.0008,42.0452,5.13,100.00,35.71,0.04,291.77,0.05,0.02,77.7523,11.0184,42.1811,77.4415,11.0181,42.4169,0.04,359.96,35.71,78.2534,11.0188,41.8332,0.04,359.96,35.71,250.0675,11.9445,279.8723,0.00,100.00,182.67,-11.86,182.67,11.86,12.52
29.51,293.60,77.8127,8.0021,42.1508,4.81,100.00,35.72,0.04,292.10,0.05,0.03,77.4885,11.0197,42.2887,77.1777,11.0194,42.5245,0.04,359.96,35.72,77.9896,11.0201,41.9406,0.04,359.96,35.72,250.0675,11.9445,279.8723,0.00,100.00,182.67,-11.86,182.67,11.86,12.52
29.57,293.67,77.5456,7.9725,42.2593,5.11,100.00,35.41,0.04,292.10,0.05,0.03,77.2214,10.9902,42.3971,76.9093,10.9899,42.6313,0.04,359.97,35.41,77.7243,10.9906,42.0518,0.04,359.97,35.41,250.0675,11.9445,279.8723,0.00,100.00,182.67,-11.86,182.67,11.86,12.52
29.63,293.73,77.2973,7.9710,42.3601,4.40,100.00,35.16,0.03,292.10,0.05,0.03,76.9730,10.9886,42.4980,76.6599,10.9884,42.7307,0.04,359.97,35.16,77.4775,10.9890,42.1549,0.04,359.97,35.16,250.0675,11.9445,279.8723,0.00,100.00,182.67,-11.86,182.67,11.86,12.52
29.69,293.80,77.0256,7.9767,42.4704,5.17,100.00,35.10,0.03,292.28,0.05,0.03,76.7018,10.9943,42.6093,76.3884,10.9941,42.8417,0.04,359.97,35.10,77.2066,10.9948,42.2667,0.04,359.97,35.10,250.0675,11.9445,279.8723,0.00,100.00,182.67,-11.86,182.67,11.86,12.52
29.75,293.87,76.7681,7.9682,42.5759,4.29,100.00,35.26,0.03,292.44,0.05,0.03,76.4447,10.9858,42.7157,76.1320,10.9856,42.9490,0.04,359.97,35.26,76.9486,10.9862,42.3717,0.04,359.97,35.26,250.0675,11.9445,279.8723,0.00,100.00,182.67,-11.86,182.67,11.86,12.52
29.81,293.94,76.4686,7.9727,42.6996,5.64,100.00,35.49,0.04,292.67,0.05,0.03,76.1457,10.9903,42.8407,75.8340,10.9900,43.0752,0.04,359.96,35.49,76.6482,10.9907,42.4947,0.04,359.96,35.49,250.0675,11.9445,279.8723,0.00,100.00,182.67,-11.86,182.67,11.86,12.52
29.87,294.01,76.1990,7.9766,42.8122,5.06,100.00,35.69,0.04,292.87,0.05,0.03,75.8766,10.9942,42.9544,75.5657,10.9940,43.1900,0.04,359.96,35.69,76.3779,10.9946,42.6066,0.04,359.96,35.69,250.0675,11.9445,279.8723,0.00,100.00,182.67,-11.86,182.67,11.86,12.52
29.93,294.08,75.9260,7.9742,42.9273,4.83,100.00,37.01,0.04,294.20,0.04,0.03,75.6071,10.9919,43.0768,75.3017,10.9916,43.3196,0.04,359.96,37.01,76.1002,10.9923,42.7176,0.04,359.96,37.01,250.0675,11.9445,279.8723,0.00,100.00,182.67,-11.86,182.67,11.86,12.52
29.99,294.15,75.6367,7.9733,43.0574,5.24,100.00,38.42,0.04,295.60,0.04,0.03,75.3215,10.9909,43.2146,75.0221,10.9907,43.4648,0.04,359.96,38.42,75.8056,10.9913,42.8433,0.04,359.96,38.42,250.0675,11.9445,279.8723,0.00,100.00,182.67,-11.86,182.67,11.86,12.52
30.05,294.21,75.3519,7.9725,43.1938,5.23,100.00,36.89,0.04,294.07,0.04,0.03,75.0326,10.9902,43.3426,74.7267,10.9899,43.5848,0.04,359.96,36.89,75.5264,10.9906,42.9844,0.04,359.96,36.89,250.0675,11.9445,279.8723,0.00,100.00,182.67,-11.86,182.67,11.86,12.52
30.11,294.28,75.0617,7.9751,43.3234,5.43,100.00,37.10,0.04,292.55,0.05,0.03,74.7385,10.9927,43.4638,74.4335,10.9924,43.7070,0.04,359.96,37.10,75.2310,10.9931,43.1038,0.04,359.96,37.10,250.0675,11.9445,279.8723,0.00,100.00,182.67,-11.86,182.67,11.86,12.52
30.17,294.35,74.7748,7.9752,43.4425,5.18,100.00,37.11,0.04,290.79,0.05,0.02,74.4475,10.9928,43.5730,74.1425,10.9925,43.8163,0.04,359.96,37.11,74.9400,10.9932,43.2129,0.04,359.96,37.11,250.0675,11.9445,279.8723,0.00,100.00,182.67,-11.86,182.67,11.86,12.52
30.23,294.44,74.4752,7.9801,43.5563,5.60,100.00,35.30,0.03,288.98,0.05,0.02,74.1439,10.9977,43.6764,73.8314,10.9974,43.9099,0.04,359.97,35.30,74.6475,10.9981,43.3320,0.04,359.97,35.30,250.0675,11.9445,279.8723,0.00,100.00,182.67,-11.86,182.67,11.86,12.52
30.29,294.53,74.1934,7.9793,43.6531,4.93,100.00,35.30,0.03,288.98,0.05,0.02,73.8621,10.9970,43.7732,73.5496,10.9967,44.0068,0.04,359.97,35.30,74.3657,10.9974,43.4289,0.04,359.97,35.30,250.0675,11.9445,279.8723,0.00,100.00,182.67,-11.86,182.67,11.86,12.52
30.35,294.62,73.9043,7.9802,43.7525,5.14,100.00,36.39,0.04,288.98,0.05,0.02,73.5730,10.9978,43.8726,73.2650,10.9975,44.1121,0.04,359.96,36.39,74.0699,10.9982,43.5188,0.04,359.96,36.39,250.0675,11.9445,279.8723,0.00,100.00,182.67,-11.86,182.67,11.86,12.52
30.40,294.71,73.6170,7.9852,43.8513,5.31,100.00,36.32,0.04,287.86,0.05,0.02,73.2834,11.0028,43.9650,72.9751,11.0025,44.2041,0.04,359.96,36.32,73.7808,11.0032,43.6117,0.04,359.96,36.32,250.0675,11.9445,279.8723,0.00,100.00,182.67,-11.86,182.67,11.86,12.52
30.46,294.81,73.3370,7.9860,43.9415,4.94,100.00,36.44,0.04,286.79,0.05,0.02,73.0013,11.0036,44.0490,72.6935,11.0033,44.2887,0.04,359.96,36.44,73.4980,11.0040,43.6948,0.04,359.96,36.44,250.0675,11.9445,279.8723,0.00,100.00,182.67,-11.86,182.67,11.86,12.52
30.52,294.92,73.0412,7.9892,44.0308,5.31,100.00,36.53,0.04,285.73,0.05,0.02,72.7036,11.0068,44.1321,72.3962,11.0065,44.3723,0.04,359.96,36.53,73.1997,11.0072,43.7770,0.04,359.96,36.53,250.0675,11.9445,279.8723,0.00,100.00,182.67,-11.86,182.67,11.86,12.52
30.58,295.03,72.7482,7.9925,44.1133,5.24,100.00,36.86,0.04,284.69,0.05,0.02,72.4088,11.0101,44.2085,72.1028,11.0099,44.4505,0.04,359.96,36.86,72.9029,11.0105,43.8506,0.04,359.96,36.86,250.0675,11.9445,279.8723,0.00,100.00,182.67,-11.86,182.67,11.86,12.52
30.64,295.14,72.4518,7.9942,44.1910,5.19,100.00,37.19,0.04,283.64,0.05,0.02,72.1107,11.0118,44.2801,71.8061,11.0115,44.5238,0.04,359.96,37.19,72.6027,11.0122,43.9193,0.04,359.96,37.19,250.0675,11.9445,279.8723,0.00,100.00,182.67,-11.86,182.67,11.86,12.52
30.70,295.27,72.1466,7.9970,44.2651,5.38,100.00,37.04,0.04,282.57,0.05,0.02,71.8039,11.0146,44.3478,71.4986,11.0143,44.5907,0.04,359.96,37.04,72.2969,11.0150,43.9884,0.04,359.96,37.04,250.0675,11.9445,279.8723,0.00,100.00,182.67,-11.86,182.67,11.86,12.52
30.76,295.40,71.8411,7.9976,44.3332,5.25,100.00,37.07,0.04,281.68,0.05,0.02,71.4971,11.0152,44.4106,71.1920,11.0149,44.6537,0.04,359.96,37.07,71.9898,11.0156,44.0509,0.04,359.96,37.07,250.0675,11.9445,279.8723,0.00,100.00,182.67,-11.86,182.67,11.86,12.52
30.81,295.54,71.5254,7.9699,44.3985,5.81,100.00,36.16,0.04,280.77,0.05,0.02,71.1803,10.9875,44.4704,70.8713,10.9873,44.7086,0.04,359.96,36.16,71.6787,10.9879,44.1186,0.04,359.96,36.16,250.0675,11.9445,279.8723,0.00,100.00,182.67,-11.86,182.67,11.86,12.52
30.87,295.67,71.2374,7.9737,44.4532,4.96,100.00,36.16,0.08,280.76,359.60,0.28,70.9129,10.9940,44.5070,70.6039,10.9973,44.7451,359.52,359.92,36.16,71.4113,10.9889,44.1551,359.52,359.92,36.16,250.0675,11.9445,279.8723,0.00,100.00,182.67,-11.86,182.67,11.86,12.52
30.93,295.80,70.9400,7.9774,44.5098,5.16,100.00,35.06,0.31,280.77,359.85,0.41,70.6014,10.9962,44.5596,70.2879,10.9983,44.7918,359.69,359.69,35.06,71.1065,10.9930,44.2173,359.69,359.69,35.06,250.0675,11.9445,279.8723,0.00,100.00,182.67,-11.86,182.67,11.86,12.52
30.99,295.94,70.6421,7.9777,44.5664,5.02,100.00,36.07,0.30,282.91,359.83,0.40,70.3065,10.9966,44.6289,69.9971,10.9988,44.8666,359.69,359.70,36.07,70.8054,10.9933,44.2779,359.69,359.70,36.07,250.0675,11.9445,279.8723,0.00,100.00,182.67,-11.86,182.67,11.86,12.52
31.05,296.07,70.3353,7.9813,44.6367,5.43,100.00,38.28,0.06,285.11,359.96,0.08,70.0002,10.9995,44.7299,69.7002,10.9999,44.9793,359.93,359.94,38.28,70.4852,10.9987,44.3598,359.93,359.94,38.28,250.0675,11.9445,279.8723,0.00,100.00,182.67,-11.86,182.67,11.86,12.52
31.11,296.18,70.0515,7.9846,44.7133,5.05,100.00,38.28,0.04,285.11,359.98,0.05,69.7161,11.0026,44.8084,69.4161,11.0029,45.0578,359.96,359.96,38.28,70.2012,11.0022,44.4384,359.96,359.96,38.28,250.0675,11.9445,279.8723,0.00,100.00,182.67,-11.86,182.67,11.86,12.52
31.16,296.29,69.7748,7.9880,44.7880,4.94,100.00,36.58,0.04,285.11,359.98,0.05,69.4393,11.0061,44.8831,69.1321,11.0063,45.1236,359.96,359.96,36.58,69.9352,11.0056,44.5277,359.96,359.96,36.58,250.0675,11.9445,279.8723,0.00,100.00,182.67,-11.86,182.67,11.86,12.52
31.22,296.39,69.5065,7.9949,44.8605,4.95,100.00,34.93,0.04,285.11,359.98,0.05,69.1710,11.0129,44.9556,68.8570,11.0132,45.1871,359.96,359.96,34.93,69.6769,11.0125,44.6145,359.96,359.96,34.93,250.0675,11.9445,279.8723,0.00,100.00,182.67,-11.86,182.67,11.86,12.52
31.28,296.49,69.2545,7.9937,44.9285,4.31,100.00,33.26,0.04,285.11,359.98,0.05,68.9190,11.0118,45.0236,68.5984,11.0121,45.2459,359.96,359.96,33.26,69.4345,11.0114,44.6974,359.96,359.96,33.26,250.0675,11.9445,279.8723,0.00,100.00,182.67,-11.86,182.67,11.86,12.52
31.34,296.60,68.9796,7.9994,45.0027,4.95,100.00,33.31,0.11,286.74,359.56,0.25,68.6652,11.0199,45.0911,68.3447,11.0232,45.3136,359.51,359.89,33.31,69.1804,11.0146,44.7645,359.51,359.89,33.31,250.0675,11.9445,279.8723,0.00,100.00,182.67,-11.86,182.67,11.86,12.52
31.40,296.70,68.7184,8.0011,45.0813,4.48,100.00,33.28,0.23,288.28,359.02,0.50,68.4294,11.0245,45.1566,68.1088,11.0319,45.3789,358.92,359.77,33.28,68.9448,11.0131,44.8304,358.92,359.77,33.28,250.0675,11.9445,279.8723,0.00,100.00,182.67,-11.86,182.67,11.86,12.52
31.45,296.80,68.4418,8.0156,45.1726,5.28,100.00,33.53,0.44,289.95,359.22,0.64,68.1427,11.0379,45.2528,67.8231,11.0442,45.4765,359.09,359.56,33.53,68.6567,11.0283,44.9243,359.09,359.56,33.53,250.0675,11.9445,279.8723,0.00,100.00,182.67,-11.86,182.67,11.86,12.52
31.51,296.88,68.1916,7.9843,45.2634,4.58,100.00,33.79,0.39,291.48,359.61,0.49,67.8785,11.0045,45.3665,67.5599,11.0079,45.5917,359.51,359.61,33.79,68.3910,10.9994,45.0356,359.51,359.61,33.79,250.0675,11.9445,279.8723,0.00,100.00,182.67,-11.86,182.67,11.86,12.52
31.57,296.95,67.9369,7.9882,45.3636,4.70,100.00,32.55,0.38,291.48,359.79,0.43,67.6160,11.0073,45.4730,67.2927,11.0094,45.6912,359.71,359.62,32.55,68.1356,11.0043,45.1533,359.71,359.62,32.55,250.0675,11.9445,279.8723,0.00,100.00,182.67,-11.86,182.67,11.86,12.52
31.63,297.03,67.6909,7.9910,45.4605,4.45,100.00,31.22,0.50,291.47,359.37,0.62,67.3868,11.0125,45.5527,67.0585,11.0175,45.7634,359.28,359.50,31.22,67.9136,11.0049,45.2452,359.28,359.50,31.22,250.0675,11.9445,279.8723,0.00,100.00,182.67,-11.86,182.67,11.86,12.52
31.69,297.11,67.4374,7.9985,45.5601,4.60,100.00,30.90,0.65,292.47,358.81,0.83,67.1579,11.0228,45.6358,66.8284,11.0317,45.8446,358.70,359.35,30.90,67.6864,11.0091,45.3313,358.70,359.35,30.90,250.0675,11.9445,279.8723,0.00,100.00,182.67,-11.86,182.67,11.86,12.52
31.75,297.18,67.1844,8.0063,45.6648,4.73,100.00,31.90,0.25,293.47,359.28,0.36,66.8937,11.0284,45.7782,66.5679,11.0336,45.9927,359.23,359.75,31.90,67.4168,11.0203,45.4644,359.23,359.75,31.90,250.0675,11.9445,279.8723,0.00,100.00,182.67,-11.86,182.67,11.86,12.52
31.81,297.25,66.9368,8.0124,45.7723,4.65,100.00,32.96,0.17,294.54,359.36,0.27,66.6464,11.0340,45.8973,66.3247,11.0386,46.1179,359.33,359.83,32.96,67.1636,11.0268,45.5738,359.33,359.83,32.96,250.0675,11.9445,279.8723,0.00,100.00,182.67,-11.86,182.67,11.86,12.52
31.87,297.31,66.6879,8.0185,45.8860,4.51,100.00,33.53,0.33,295.61,358.46,0.55,66.4363,11.0447,45.9824,66.1168,11.0557,46.2060,358.40,359.67,33.53,66.9502,11.0277,45.6539,358.40,359.67,33.53,250.0675,11.9445,279.8723,0.00,100.00,182.67,-11.86,182.67,11.86,12.52
31.93,297.37,66.4276,8.0280,46.0108,4.90,100.00,35.47,0.71,298.04,358.86,0.87,66.1537,11.0520,46.1128,65.8419,11.0606,46.3472,358.75,359.29,35.47,66.6563,11.0389,45.7672,358.75,359.29,35.47,250.0675,11.9445,279.8723,0.00,100.00,182.67,-11.86,182.67,11.86,12.52
31.99,297.42,66.1772,8.0308,46.1442,4.58,100.00,37.84,0.82,300.40,358.43,1.03,65.9229,11.0568,46.2385,65.6210,11.0684,46.4854,358.31,359.18,37.84,66.4107,11.0390,45.8726,358.31,359.18,37.84,250.0675,11.9445,279.8723,0.00,100.00,182.67,-11.86,182.67,11.86,12.52
32.05,297.46,65.9168,8.0435,46.2969,5.24,100.00,39.56,0.31,302.13,358.20,0.54,65.6892,11.0708,46.4143,65.3950,11.0834,46.6702,358.15,359.69,39.56,66.1657,11.0511,46.0338,358.15,359.69,39.56,250.0675,11.9445,279.8723,0.00,100.00,182.67,-11.86,182.67,11.86,12.52
32.10,297.49,65.6754,8.0567,46.4485,4.99,100.00,39.70,0.47,303.75,357.96,0.69,65.4578,11.0850,46.5589,65.1643,11.0994,46.8154,357.90,359.53,39.70,65.9334,11.0627,46.1773,357.90,359.53,39.70,250.0675,11.9445,279.8723,0.00,100.00,182.67,-11.86,182.67,11.86,12.52
32.16,297.52,65.4367,8.0674,46.6079,4.79,100.00,38.93,0.50,304.54,357.95,0.66,65.2220,11.0958,46.7222,64.9250,11.1101,46.9748,357.91,359.50,38.93,65.7026,11.0736,46.3471,357.91,359.50,38.93,250.0675,11.9445,279.8723,0.00,100.00,182.67,-11.86,182.67,11.86,12.52
32.22,297.54,65.1840,8.0809,46.7819,5.12,100.00,38.83,0.59,305.36,357.40,0.75,64.9916,11.1113,46.8785,64.6943,11.1294,47.1304,357.36,359.41,38.83,65.4728,11.0834,46.5044,357.36,359.41,38.83,250.0675,11.9445,279.8723,0.00,100.00,182.67,-11.86,182.67,11.86,12.52
32.28,297.55,64.9294,8.1020,46.9625,5.40,100.00,38.70,0.89,306.11,357.07,1.03,64.7442,11.1335,47.0394,64.4463,11.1539,47.2905,357.02,359.11,38.70,65.2262,11.1020,46.6668,357.02,359.11,38.70,250.0675,11.9445,279.8723,0.00,100.00,182.67,-11.86,182.67,11.86,12.52
32.34,297.57,64.6819,8.1231,47.1430,5.37,100.00,38.76,0.92,306.84,357.02,1.02,64.4999,11.1548,47.2209,64.2023,11.1754,47.4723,356.99,359.08,38.76,64.9815,11.1229,46.8477,356.99,359.08,38.76,250.0675,11.9445,279.8723,0.00,100.00,182.67,-11.86,182.67,11.86,12.52
32.40,297.57,64.4361,8.1400,47.3272,5.10,100.00,38.68,1.24,307.44,356.76,1.31,64.2568,11.1722,47.3867,63.9588,11.1947,47.6375,356.73,358.76,38.68,64.7389,11.1376,47.0145,356.73,358.76,38.68,250.0675,11.9445,279.8723,0.00,100.00,182.67,-11.86,182.67,11.86,12.52
32.46,297.58,64.1746,8.1595,47.5274,5.44,100.00,38.76,1.27,308.07,356.71,1.30,63.9977,11.1919,47.5876,63.7001,11.2145,47.8387,356.70,358.73,38.76,64.4794,11.1570,47.2147,356.70,358.73,38.76,250.0675,11.9445,279.8723,0.00,100.00,182.67,-11.86,182.67,11.86,12.52
32.52,297.58,63.9094,8.1820,47.7351,5.58,100.00,38.68,1.42,308.52,355.69,1.43,63.7712,11.2169,47.7578,63.4735,11.2464,48.0081,355.69,358.58,38.68,64.2530,11.1713,47.3863,355.69,358.58,38.68,250.0675,11.9445,279.8723,0.00,100.00,182.67,-11.86,182.67,11.86,12.52
32.58,297.59,63.6428,8.2097,47.9473,5.74,100.00,38.87,1.71,308.98,355.24,1.70,63.5144,11.2451,47.9454,63.2174,11.2777,48.1963,355.25,358.29,38.87,63.9949,11.1949,47.5728,355.25,358.29,38.87,250.0675,11.9445,279.8723,0.00,100.00,182.67,-11.86,182.67,11.86,12.52
32.63,297.58,63.3778,8.2484,48.1617,6.17,100.00,38.87,1.56,309.27,354.87,1.52,63.2710,11.2847,48.1550,62.9742,11.3198,48.4058,354.88,358.44,38.87,63.7512,11.2305,47.7827,354.88,358.44,38.87,250.0675,11.9445,279.8723,0.00,100.00,182.67,-11.86,182.67,11.86,12.52
32.69,297.58,63.1282,8.2497,48.3658,5.72,100.00,39.17,1.72,309.55,354.62,1.68,63.0258,11.2860,48.3448,62.7304,11.3227,48.5970,354.64,358.28,39.17,63.5040,11.2293,47.9703,354.64,358.28,39.17,250.0675,11.9445,279.8723,0.00,100.00,182.67,-11.86,182.67,11.86,12.52
32.75,297.58,62.8823,8.2842,48.5689,5.44,100.00,39.18,1.79,309.55,354.53,1.75,62.7811,11.3205,48.5420,62.4857,11.3578,48.7941,354.55,358.21,39.18,63.2593,11.2629,48.1675,354.55,358.21,39.18,250.0675,11.9445,279.8723,0.00,100.00,182.67,-11.86,182.67,11.86,12.52
32.81,297.58,62.6313,8.3223,48.7761,5.65,100.00,39.14,1.39,309.53,353.97,1.34,62.5669,11.3596,48.7471,62.2718,11.4007,48.9989,353.99,358.61,39.14,63.0447,11.2959,48.3732,353.99,358.61,39.14,250.0675,11.9445,279.8723,0.00,100.00,182.67,-11.86,182.67,11.86,12.52
32.87,297.57,62.3808,8.3602,48.9828,5.54,100.00,39.06,1.08,309.48,353.58,1.03,62.3427,11.3980,48.9532,62.0476,11.4417,49.2045,353.59,358.92,39.06,62.8205,11.3301,48.5799,353.59,358.92,39.06,250.0675,11.9445,279.8723,0.00,100.00,182.67,-11.86,182.67,11.86,12.52
32.93,297.57,62.1217,8.3988,49.1962,5.59,100.00,39.05,1.34,309.42,352.80,1.28,62.1071,11.4361,49.1298,61.8122,11.4851,49.3805,352.81,358.66,39.05,62.5846,11.3601,48.7577,352.81,358.66,39.05,250.0675,11.9445,279.8723,0.00,100.00,182.67,-11.86,182.67,11.86,12.52
32.99,297.57,61.8529,8.4520,49.4173,6.01,100.00,39.06,1.77,309.34,351.44,1.71,61.8800,11.4873,49.2879,61.5857,11.5455,49.5373,351.45,358.23,39.06,62.3564,11.3970,48.9177,351.45,358.23,39.06,250.0675,11.9445,279.8723,0.00,100.00,182.67,-11.86,182.67,11.86,12.52
33.05,297.57,61.5888,8.5057,49.6337,5.76,100.00,39.04,1.86,309.29,351.15,1.80,61.6249,11.5403,49.4906,61.3306,11.6005,49.7396,351.16,358.14,39.04,62.1013,11.4469,49.1211,351.16,358.14,39.04,250.0675,11.9445,279.8723,0.00,100.00,182.67,-11.86,182.67,11.86,12.52
33.10,297.57,61.3143,8.5655,49.8584,6.22,100.00,39.64,2.02,309.88,351.33,1.96,61.3361,11.6001,49.7150,61.0443,11.6591,49.9671,351.35,357.98,39.64,61.8089,11.5087,49.3404,351.35,357.98,39.64,250.0675,11.9445,279.8723,0.00,100.00,182.67,-11.86,182.67,11.86,12.52
33.16,297.56,61.0480,8.6278,50.0809,6.30,100.00,40.22,2.07,310.41,350.41,2.01,61.1038,11.6602,49.9037,60.8151,11.7254,50.1578,350.43,357.93,40.22,61.5720,11.5592,49.5258,350.43,357.93,40.22,250.0675,11.9445,279.8723,0.00,100.00,182.67,-11.86,182.67,11.86,12.52
33.22,297.56,60.7894,8.6922,50.3010,5.99,100.00,40.51,2.05,310.71,350.18,1.99,60.8543,11.7241,50.1165,60.5671,11.7908,50.3720,350.20,357.95,40.51,61.3202,11.6206,49.7365,350.20,357.95,40.51,250.0675,11.9445,279.8723,0.00,100.00,182.67,-11.86,182.67,11.86,12.52
33.27,297.55,60.5204,8.7607,50.5324,6.39,100.00,40.78,1.81,310.99,349.42,1.74,60.6231,11.7904,50.3309,60.3379,11.8622,50.5871,349.44,358.19,40.78,61.0860,11.6790,49.9494,349.44,358.19,40.78,250.0675,11.9445,279.8723,0.00,100.00,182.67,-11.86,182.67,11.86,12.52
33.33,297.54,60.2547,8.8293,50.7633,5.96,100.00,40.91,1.75,311.13,349.22,1.68,60.3673,11.8583,50.5569,60.0829,11.9315,50.8137,349.23,358.25,40.91,60.8291,11.7447,50.1747,349.23,358.25,40.91,250.0675,11.9445,279.8723,0.00,100.00,182.67,-11.86,182.67,11.86,12.52
33.39,297.53,59.9692,8.9013,51.0125,6.39,100.00,40.94,1.77,311.26,348.72,1.67,60.1014,11.9283,50.7888,59.8174,12.0048,51.0452,348.74,358.23,40.94,60.5623,11.8096,50.4072,348.74,358.23,40.94,250.0675,11.9445,279.8723,0.00,100.00,182.67,-11.86,182.67,11.86,12.52
33.45,297.52,59.6795,8.9518,51.2667,6.74,100.00,40.96,1.99,311.35,348.43,1.87,59.8160,11.9772,51.0248,59.5322,12.0556,51.2808,348.45,358.01,40.96,60.2767,11.8554,50.6438,348.45,358.01,40.96,250.0675,11.9445,279.8723,0.00,100.00,182.67,-11.86,182.67,11.86,12.52
33.51,297.51,59.3999,9.0340,51.5128,6.42,100.00,40.75,1.44,311.42,347.57,1.26,59.5915,12.0559,51.2644,59.3081,12.1400,51.5190,347.58,358.56,40.75,60.0515,11.9250,50.8856,347.58,358.56,40.75,250.0675,11.9445,279.8723,0.00,100.00,182.67,-11.86,182.67,11.86,12.52
33.57,297.50,59.1090,9.1212,51.7693,6.63,100.00,40.62,1.34,311.49,347.36,1.12,59.3137,12.1421,51.5192,59.0300,12.2275,51.7730,347.38,358.66,40.62,59.7741,12.0091,51.1417,347.38,358.66,40.62,250.0675,11.9445,279.8723,0.00,100.00,182.67,-11.86,182.67,11.86,12.52
33.63,297.49,58.8122,9.2068,52.0318,6.77,100.00,40.48,1.31,311.58,347.77,1.04,59.0026,12.2300,51.7988,58.7180,12.3126,52.0525,347.80,358.69,40.48,59.4645,12.1013,51.4216,347.80,358.69,40.48,250.0675,11.9445,279.8723,0.00,100.00,182.67,-11.86,182.67,11.86,12.52
33.69,297.47,58.5118,9.2997,52.2983,6.85,100.00,40.38,1.43,311.62,346.46,1.10,58.7518,12.3152,52.0169,58.4679,12.4065,52.2684,346.49,358.57,40.38,59.2124,12.1730,51.6429,346.49,358.57,40.38,250.0675,11.9445,279.8723,0.00,100.00,182.67,-11.86,182.67,11.86,12.52
33.75,297.46,58.2079,9.4036,52.5684,7.41,100.00,40.50,1.62,311.70,346.88,1.30,58.4239,12.4216,52.2935,58.1399,12.5101,52.5459,346.91,358.38,40.50,58.8848,12.2838,51.9182,346.91,358.38,40.50,250.0675,11.9445,279.8723,0.00,100.00,182.67,-11.86,182.67,11.86,12.52
33.81,297.45,57.9274,9.4911,52.8183,6.58,100.00,40.45,1.41,311.71,347.19,1.09,58.1385,12.5111,52.5625,57.8541,12.5976,52.8152,347.22,358.59,40.45,58.5998,12.3765,52.1867,347.22,358.59,40.45,250.0675,11.9445,279.8723,0.00,100.00,182.67,-11.86,182.67,11.86,12.52
33.87,297.44,57.6426,9.5835,53.0721,6.60,100.00,40.40,1.18,311.70,346.54,0.85,57.8879,12.5998,52.8032,57.6043,12.6906,53.0552,346.57,358.82,40.40,58.3481,12.4583,52.4285,346.57,358.82,40.40,250.0675,11.9445,279.8723,0.00,100.00,182.67,-11.86,182.67,11.86,12.52
33.92,297.43,57.3506,9.6778,53.3322,6.86,100.00,40.43,1.08,311.76,346.87,0.75,57.5861,12.6961,53.0785,57.3024,12.7847,53.3312,346.90,358.92,40.43,58.0465,12.5580,52.7029,346.90,358.92,40.43,250.0675,11.9445,279.8723,0.00,100.00,182.67,-11.86,182.67,11.86,12.52
33.98,297.42,57.0592,9.7783,53.5924,7.14,100.00,40.43,0.83,311.81,346.70,0.49,57.3102,12.7957,53.3429,57.0269,12.8854,53.5956,346.72,359.17,40.43,57.7700,12.6558,52.9670,346.72,359.17,40.43,250.0675,11.9445,279.8723,0.00,100.00,182.67,-11.86,182.67,11.86,12.52
34.04,297.41,56.7841,9.8573,53.8384,6.37,100.00,40.39,0.67,311.83,348.08,0.36,56.9855,12.8824,53.6424,56.7007,12.9630,53.8966,348.10,359.33,40.39,57.4475,12.7567,53.2644,348.10,359.33,40.39,250.0675,11.9445,279.8723,0.00,100.00,182.67,-11.86,182.67,11.86,12.52
34.10,297.40,56.5007,9.9500,54.0921,6.91,100.00,40.46,0.96,311.82,347.22,0.64,56.7263,12.9704,53.8548,56.4425,13.0567,54.1081,347.24,359.04,40.46,57.1870,12.8358,53.4781,347.24,359.04,40.46,250.0675,11.9445,279.8723,0.00,100.00,182.67,-11.86,182.67,11.86,12.52
34.16,297.40,56.2270,10.0369,54.3369,6.44,100.00,40.45,0.76,311.86,347.27,0.43,56.4579,13.0576,54.1091,56.1742,13.1436,54.3627,347.28,359.24,40.45,56.9184,12.9234,53.7320,347.28,359.24,40.45,250.0675,11.9445,279.8723,0.00,100.00,182.67,-11.86,182.67,11.86,12.52
34.21,297.39,55.9401,10.1231,54.5940,6.71,100.00,40.42,0.41,311.90,347.97,0.09,56.1549,13.1477,54.4040,55.8706,13.2290,54.6585,347.98,359.59,40.42,56.6162,13.0207,54.0255,347.98,359.59,40.42,250.0675,11.9445,279.8723,0.00,100.00,182.67,-11.86,182.67,11.86,12.52
34.27,297.38,55.6576,10.1732,54.8475,6.86,100.00,40.36,0.12,311.90,348.66,359.81,55.8553,13.2009,54.6931,55.5702,13.2776,54.9482,348.66,359.88,40.36,56.3177,13.0810,54.3136,348.66,359.88,40.36,250.0675,11.9445,279.8723,0.00,100.00,182.67,-11.86,182.67,11.86,12.52
34.33,297.37,55.3944,10.2389,55.0837,6.04,100.00,40.27,-0.31,311.90,349.67,359.40,55.5666,13.2704,54.9810,55.2806,13.3403,55.2369,349.66,0.31,40.27,56.0305,13.1608,54.6003,349.66,0.31,40.27,250.0675,11.9445,279.8723,0.00,100.00,182.67,-11.86,182.67,11.86,12.52
34.39,297.37,55.1189,10.3118,55.3308,6.31,100.00,40.32,-0.08,311.91,348.75,359.61,55.3202,13.3398,55.1870,55.0351,13.4160,55.4422,348.74,0.08,40.32,55.7827,13.2207,54.8074,348.74,0.08,40.32,250.0675,11.9445,279.8723,0.00,100.00,182.67,-11.86,182.67,11.86,12.52
34.45,297.36,54.8499,10.3719,55.5722,5.85,100.00,40.28,-0.28,311.89,350.31,359.45,54.9956,13.4054,55.4901,54.7090,13.4711,55.7465,350.30,0.28,40.28,55.4604,13.3026,55.1086,350.30,0.28,40.28,250.0675,11.9445,279.8723,0.00,100.00,182.67,-11.86,182.67,11.86,12.52
34.51,297.35,54.5622,10.4395,55.8302,6.81,100.00,40.31,-0.45,311.95,350.52,359.29,54.7051,13.4735,55.7618,54.4186,13.5378,56.0187,350.50,0.45,40.31,55.1699,13.3727,55.3797,350.50,0.45,40.31,250.0675,11.9445,279.8723,0.00,100.00,182.67,-11.86,182.67,11.86,12.52
34.57,297.35,54.2940,10.5009,56.0713,6.18,100.00,40.36,-0.46,312.00,350.52,359.28,54.4371,13.5349,56.0031,54.1508,13.5992,56.2603,350.50,0.46,40.36,54.9015,13.4342,55.6205,350.50,0.46,40.36,250.0675,11.9445,279.8723,0.00,100.00,182.67,-11.86,182.67,11.86,12.52
34.63,297.34,54.0245,10.5595,56.3139,6.14,100.00,40.31,-0.79,311.99,351.28,358.96,54.1487,13.5950,56.2851,53.8618,13.6541,56.5427,351.26,0.79,40.31,54.6141,13.5021,55.9017,351.26,0.79,40.31,250.0675,11.9445,279.8723,0.00,100.00,182.67,-11.86,182.67,11.86,12.52
34.69,297.34,53.7582,10.6094,56.5536,5.88,100.00,40.29,-0.90,311.98,351.92,358.87,53.8606,13.6458,56.5510,53.5731,13.7007,56.8090,351.89,0.90,40.29,54.3268,13.5596,56.1671,351.89,0.90,40.29,250.0675,11.9445,279.8723,0.00,100.00,182.67,-11.86,182.67,11.86,12.52
34.75,297.33,53.4799,10.6567,56.8040,6.38,100.00,40.33,-1.01,312.01,353.03,358.79,53.5412,13.6939,56.8439,53.2531,13.7412,57.1027,353.00,1.01,40.33,54.0084,13.6194,56.4586,353.00,1.01,40.33,250.0675,11.9445,279.8723,0.00,100.00,182.67,-11.86,182.67,11.86,12.52
34.81,297.33,53.2077,10.7083,57.0491,6.36,100.00,40.42,-0.74,312.07,352.55,359.05,53.2788,13.7456,57.0616,52.9913,13.7962,57.3204,352.53,0.74,40.42,53.7450,13.6661,56.6763,352.53,0.74,40.42,250.0675,11.9445,279.8723,0.00,100.00,182.67,-11.86,182.67,11.86,12.52
34.87,297.33,52.9369,10.7475,57.2935,5.71,100.00,40.42,-1.21,312.12,352.91,358.59,53.0103,13.7845,57.3370,52.7228,13.8326,57.5963,352.87,1.21,40.42,53.4766,13.7086,56.9509,352.87,1.21,40.42,250.0675,11.9445,279.8723,0.00,100.00,182.67,-11.86,182.67,11.86,12.52
34.94,297.32,52.6331,10.8181,57.5682,6.57,100.00,40.47,-1.42,312.16,354.08,358.42,52.6666,13.8547,57.6599,52.3787,13.8949,57.9200,354.03,1.42,40.47,53.1337,13.7910,57.2726,354.03,1.42,40.47,250.0675,11.9445,279.8723,0.00,100.00,182.67,-11.86,182.67,11.86,12.52
34.99,297.32,52.3408,10.8250,57.8329,6.85,100.00,40.42,-1.87,312.15,354.57,357.98,52.3703,13.8603,57.9593,52.0820,13.8972,58.2196,354.52,1.87,40.42,52.8378,13.8017,57.5718,354.52,1.87,40.42,250.0675,11.9445,279.8723,0.00,100.00,182.67,-11.86,182.67,11.86,12.52
35.06,297.32,52.0803,10.8864,58.0687,5.67,100.00,38.61,-1.66,312.15,354.56,358.01,52.1091,13.9218,58.1933,51.8127,13.9592,58.4441,354.45,1.66,38.61,52.5887,13.8625,57.8209,354.45,1.66,38.61,250.0675,11.9445,279.8723,0.00,100.00,182.67,-11.86,182.67,11.86,12.52
35.11,297.31,51.7932,10.9230,58.3285,6.60,100.00,39.41,-1.74,314.65,355.13,357.81,51.8134,13.9573,58.4804,51.5202,13.9913,58.7356,354.95,1.74,39.41,52.2882,13.9033,58.1012,354.95,1.74,39.41,250.0675,11.9445,279.8723,0.00,100.00,182.67,-11.86,182.67,11.86,12.52
35.18,297.30,51.5325,10.9501,58.5860,6.07,100.00,41.74,-2.20,317.00,355.57,357.39,51.5591,13.9825,58.7697,51.2765,14.0137,59.0368,355.36,2.20,41.74,52.0182,13.9328,58.3709,355.36,2.20,41.74,250.0675,11.9445,279.8723,0.00,100.00,182.67,-11.86,182.67,11.86,12.52
35.23,297.26,51.2739,10.9440,58.8634,6.51,100.00,44.15,-2.45,319.41,356.15,357.19,51.2959,13.9746,59.0756,51.0245,14.0019,59.3545,355.92,2.45,44.15,51.7381,13.9308,58.6576,355.92,2.45,44.15,250.0675,11.9445,279.8723,0.00,100.00,182.67,-11.86,182.67,11.86,12.52
35.29,297.21,51.0343,11.0028,59.1429,6.13,100.00,46.47,-2.64,321.75,355.98,356.99,51.0789,14.0333,59.3539,50.8193,14.0618,59.6436,355.73,2.64,46.47,51.5036,13.9874,58.9183,355.73,2.64,46.47,250.0675,11.9445,279.8723,0.00,100.00,182.67,-11.86,182.67,11.86,12.52
35.35,297.15,50.7942,11.0276,59.4475,6.51,100.00,48.92,-2.53,324.15,356.75,357.17,50.8164,14.0564,59.6834,50.5689,14.0798,59.9841,356.50,2.53,48.92,51.2228,14.0188,59.2299,356.50,2.53,48.92,250.0675,11.9445,279.8723,0.00,100.00,182.67,-11.86,182.67,11.86,12.52
35.41,297.07,50.5693,11.0109,59.7589,6.57,100.00,48.97,-2.64,326.50,357.61,357.03,50.5822,14.0364,60.0358,50.3347,14.0547,60.3368,357.24,2.64,48.97,50.9887,14.0066,59.5819,357.24,2.64,48.97,250.0675,11.9445,279.8723,0.00,100.00,182.67,-11.86,182.67,11.86,12.52
35.47,296.98,50.3598,11.0583,60.0754,6.13,100.00,48.82,-2.71,328.85,357.58,356.82,50.3941,14.0833,60.3558,50.1459,14.1028,60.6561,357.06,2.71,48.82,50.8016,14.0516,59.9029,357.06,2.71,48.82,250.0675,11.9445,279.8723,0.00,100.00,182.67,-11.86,182.67,11.86,12.52
35.53,296.86,50.1488,11.0418,60.4244,6.96,100.00,51.30,-3.08,331.35,357.56,356.45,50.2131,14.0656,60.7115,49.9782,14.0856,61.0224,356.98,3.08,51.30,50.6004,14.0330,60.2413,356.98,3.08,51.30,250.0675,11.9445,279.8723,0.00,100.00,182.67,-11.86,182.67,11.86,12.52
35.59,296.73,49.9635,11.0583,60.7636,6.45,100.00,53.63,-3.51,333.68,357.95,356.07,50.0478,14.0793,61.0752,49.8257,14.0970,61.3955,357.30,3.51,53.63,50.4157,14.0500,60.5894,357.30,3.51,53.63,250.0675,11.9445,279.8723,0.00,100.00,182.67,-11.86,182.67,11.86,12.52
35.65,296.59,49.7869,11.0743,61.1208,6.85,100.00,56.03,-3.59,336.04,358.63,356.11,49.8674,14.0923,61.4607,49.6586,14.1054,61.7900,357.98,3.59,56.03,50.2152,14.0702,60.9599,357.98,3.59,56.03,250.0675,11.9445,279.8723,0.00,100.00,182.67,-11.86,182.67,11.86,12.52
35.71,296.44,49.6330,11.0827,61.4670,6.20,100.00,56.04,-3.39,336.05,358.42,356.28,49.7100,14.1022,61.7933,49.5013,14.1166,62.1226,357.80,3.39,56.04,50.0576,14.0783,61.2925,357.80,3.39,56.04,250.0675,11.9445,279.8723,0.00,100.00,182.67,-11.86,182.67,11.86,12.52
35.77,296.28,49.4752,11.0998,61.8223,6.78,100.00,56.01,-4.02,336.11,357.64,355.51,49.6064,14.1197,62.1273,49.3982,14.1401,62.4566,356.90,4.02,56.01,49.9532,14.0861,61.6266,356.90,4.02,56.01,250.0675,11.9445,279.8723,0.00,100.00,182.67,-11.86,182.67,11.86,12.52
35.83,296.14,49.3262,11.1118,62.1585,6.02,100.00,58.29,-4.54,338.32,358.76,355.18,49.4635,14.1253,62.5192,49.2681,14.1385,62.8566,357.94,4.54,58.29,49.7909,14.1027,62.0050,357.94,4.54,58.29,250.0675,11.9445,279.8723,0.00,100.00,182.67,-11.86,182.67,11.86,12.52
35.89,295.97,49.1804,11.1206,62.5252,6.76,100.00,59.49,-4.61,340.81,358.39,354.98,49.3490,14.1349,62.8650,49.1610,14.1514,63.2064,357.45,4.61,59.49,49.6651,14.1070,62.3440,357.45,4.61,59.49,250.0675,11.9445,279.8723,0.00,100.00,182.67,-11.86,182.67,11.86,12.52
35.95,295.79,49.0555,11.1304,62.8841,6.34,100.00,60.55,-4.36,343.13,358.58,355.22,49.2230,14.1450,63.2225,49.0412,14.1607,63.5673,357.58,4.36,60.55,49.5296,14.1185,62.6957,357.58,4.36,60.55,250.0675,11.9445,279.8723,0.00,100.00,182.67,-11.86,182.67,11.86,12.52
36.01,295.59,48.9414,11.1426,63.2606,6.65,100.00,59.31,-4.36,345.56,358.35,354.98,49.1380,14.1571,63.5831,48.9492,14.1766,63.9239,357.02,4.36,59.31,49.4555,14.1247,63.0631,357.02,4.36,59.31,250.0675,11.9445,279.8723,0.00,100.00,182.67,-11.86,182.67,11.86,12.52
36.07,295.38,48.8438,11.1492,63.6396,6.43,100.00,57.94,-4.19,347.89,358.88,355.14,49.0395,14.1619,63.9792,48.8424,14.1795,64.3154,357.29,4.19,57.94,49.3696,14.1324,63.4670,357.29,4.19,57.94,250.0675,11.9445,279.8723,0.00,100.00,182.67,-11.86,182.67,11.86,12.52
36.13,295.15,48.7586,11.1564,64.0362,6.76,100.00,56.24,-4.47,350.35,358.70,354.52,49.0024,14.1670,64.3632,48.7958,14.1894,64.6934,356.58,4.47,56.24,49.3466,14.1299,63.8609,356.58,4.47,56.24,250.0675,11.9445,279.8723,0.00,100.00,182.67,-11.86,182.67,11.86,12.52
36.19,294.90,48.6910,11.1642,64.4342,7.06,100.00,54.72,-4.57,352.68,359.58,354.60,48.9376,14.1705,64.7965,48.7221,14.1894,65.1211,357.10,4.57,54.72,49.2956,14.1390,64.3035,357.10,4.57,54.72,250.0675,11.9445,279.8723,0.00,100.00,182.67,-11.86,182.67,11.86,12.52
36.25,294.65,48.6416,11.1680,64.8183,6.50,100.00,57.02,-4.64,355.01,359.21,354.34,48.9184,14.1750,65.1523,48.7163,14.1969,65.4853,356.65,4.64,57.02,49.2558,14.1387,64.6453,356.65,4.64,57.02,250.0675,11.9445,279.8723,0.00,100.00,182.67,-11.86,182.67,11.86,12.52
36.31,294.38,48.6063,11.1694,65.2231,6.62,100.00,59.39,-5.12,357.33,0.02,354.22,48.9006,14.1711,65.5880,48.7122,14.1885,65.9292,357.31,5.12,59.39,49.2173,14.1417,65.0674,357.31,5.12,59.39,250.0675,11.9445,279.8723,0.00,100.00,182.67,-11.86,182.67,11.86,12.52
36.37,294.09,48.5866,11.1662,65.6444,6.86,100.00,58.05,-5.54,359.79,0.04,353.52,48.9329,14.1638,65.9977,48.7372,14.1856,66.3345,356.63,5.54,58.05,49.2607,14.1271,65.4845,356.63,5.54,58.05,250.0675,11.9445,279.8723,0.00,100.00,182.67,-11.86,182.67,11.86,12.52
36.43,293.79,48.5851,11.1672,66.0580,6.81,100.00,54.32,-5.39,359.80,0.00,353.39,48.9381,14.1643,66.4092,48.7212,14.1892,66.7325,356.17,5.39,54.32,49.2981,14.1228,65.9184,356.17,5.39,54.32,250.0675,11.9445,279.8723,0.00,100.00,182.67,-11.86,182.67,11.86,12.52
36.49,293.50,48.5837,11.1643,66.4578,6.55,100.00,50.50,-5.38,359.76,0.33,353.33,48.9394,14.1589,66.8264,48.7016,14.1848,67.1345,356.04,5.38,50.50,49.3312,14.1160,66.3607,356.04,5.38,50.50,250.0675,11.9445,279.8723,0.00,100.00,182.67,-11.86,182.67,11.86,12.52
36.55,293.22,48.5820,11.1600,66.8501,6.47,100.00,46.72,-5.13,359.75,0.37,353.33,48.9378,14.1544,67.2207,48.6803,14.1825,67.5125,355.72,5.13,46.72,49.3592,14.1082,66.7820,355.72,5.13,46.72,250.0675,11.9445,279.8723,0.00,100.00,182.67,-11.86,182.67,11.86,12.52
36.61,292.94,48.5804,11.1871,67.2310,6.04,100.00,42.66,-5.10,359.80,0.03,352.56,48.9767,14.1786,67.5838,48.7002,14.2144,67.8566,354.58,5.10,42.66,49.4266,14.1202,67.1758,354.58,5.10,42.66,250.0675,11.9445,279.8723,0.00,100.00,182.67,-11.86,182.67,11.86,12.52
36.68,292.66,48.5790,11.1876,67.6186,6.40,100.00,38.78,-4.96,359.80,359.99,352.13,48.9982,14.1761,67.9692,48.7044,14.2167,68.2227,353.88,4.96,38.78,49.4738,14.1104,67.5927,353.88,4.96,38.78,250.0675,11.9445,279.8723,0.00,100.00,182.67,-11.86,182.67,11.86,12.52
36.74,292.40,48.5777,11.1792,67.9811,5.67,100.00,38.77,-5.07,359.76,0.32,352.37,48.9837,14.1675,68.3495,48.6895,14.2053,68.6029,354.28,5.07,38.77,49.4598,14.1061,67.9730,354.28,5.07,38.77,250.0675,11.9445,279.8723,0.00,100.00,182.67,-11.86,182.67,11.86,12.52
36.80,292.13,48.5761,11.1732,68.3534,6.02,100.00,38.77,-5.04,359.79,0.05,352.08,48.9975,14.1611,68.7074,48.7037,14.2016,68.9608,353.89,5.04,38.77,49.4730,14.0955,68.3308,353.89,5.04,38.77,250.0675,11.9445,279.8723,0.00,100.00,182.67,-11.86,182.67,11.86,12.52
36.86,291.88,48.5748,11.1726,68.7046,5.91,100.00,38.75,-5.26,359.75,0.33,352.08,48.9959,14.1587,69.0738,48.7019,14.1979,69.3272,354.07,5.26,38.75,49.4717,14.0950,68.6972,354.07,5.26,38.75,250.0675,11.9445,279.8723,0.00,100.00,182.67,-11.86,182.67,11.86,12.52
36.92,291.63,48.5734,11.1660,69.0450,5.46,100.00,41.17,-5.10,2.15,0.37,352.38,48.9942,14.1539,69.3987,48.7109,14.1915,69.6642,354.32,5.10,41.17,49.4542,14.0929,69.0026,354.32,5.10,41.17,250.0675,11.9445,279.8723,0.00,100.00,182.67,-11.86,182.67,11.86,12.52
36.98,291.36,48.5869,11.1601,69.4056,5.87,100.00,43.67,-5.27,4.59,0.95,352.82,49.0016,14.1472,69.7731,48.7296,14.1799,70.0508,355.03,5.27,43.67,49.4447,14.0937,69.3572,355.03,5.27,43.67,250.0675,11.9445,279.8723,0.00,100.00,182.67,-11.86,182.67,11.86,12.52
37.05,291.08,48.6156,11.1503,69.7635,5.85,100.00,46.13,-5.47,7.06,1.01,352.58,49.0589,14.1354,70.1140,48.7993,14.1691,70.4032,354.87,5.47,46.13,49.4834,14.0802,69.6793,354.87,5.47,46.13,250.0675,11.9445,279.8723,0.00,100.00,182.67,-11.86,182.67,11.86,12.52
37.11,290.79,48.6600,11.1364,70.1221,5.79,100.00,46.53,-6.00,9.45,1.67,352.28,49.1387,14.1145,70.4852,48.8814,14.1483,70.7765,354.85,6.00,46.53,49.5597,14.0590,70.0472,354.85,6.00,46.53,250.0675,11.9445,279.8723,0.00,100.00,182.67,-11.86,182.67,11.86,12.52
37.17,290.49,48.7209,11.1223,70.4881,6.14,100.00,47.06,-6.39,11.87,2.42,352.35,49.2185,14.0951,70.8695,48.9638,14.1268,71.1632,355.14,6.39,47.06,49.6357,14.0426,70.4274,355.14,6.39,47.06,250.0675,11.9445,279.8723,0.00,100.00,182.67,-11.86,182.67,11.86,12.52
37.23,290.18,48.7954,11.1023,70.8424,5.78,100.00,49.48,-6.69,14.29,2.58,352.06,49.3258,14.0715,71.2067,49.0839,14.1042,71.5111,354.99,6.69,49.48,49.7235,14.0175,70.7472,354.99,6.69,49.48,250.0675,11.9445,279.8723,0.00,100.00,182.67,-11.86,182.67,11.86,12.52
37.30,289.86,48.8857,11.1097,71.1971,5.71,100.00,49.46,-6.88,14.18,3.46,352.98,49.3799,14.0775,71.6190,49.1368,14.1015,71.9232,356.27,6.88,49.46,49.7795,14.0368,71.1598,356.27,6.88,49.46,250.0675,11.9445,279.8723,0.00,100.00,182.67,-11.86,182.67,11.86,12.52
37.36,289.55,48.9748,11.0808,71.5498,5.72,100.00,46.57,-6.73,14.19,3.32,352.67,49.4831,14.0479,71.9601,49.2255,14.0766,72.2517,355.58,6.73,46.57,49.9045,14.0000,71.5215,355.58,6.73,46.57,250.0675,11.9445,279.8723,0.00,100.00,182.67,-11.86,182.67,11.86,12.52
37.42,289.24,49.0613,11.0598,71.8916,5.80,100.00,43.81,-6.50,14.23,3.03,352.18,49.5909,14.0259,72.2809,49.3204,14.0606,72.5599,354.70,6.50,43.81,50.0317,13.9687,71.8630,354.70,6.50,43.81,250.0675,11.9445,279.8723,0.00,100.00,182.67,-11.86,182.67,11.86,12.52
37.48,288.96,49.1418,11.0329,72.2090,5.11,100.00,40.63,-6.49,14.16,3.56,352.58,49.6573,13.9972,72.6304,49.3715,14.0302,72.8939,354.94,6.49,40.63,50.1210,13.9426,72.2377,354.94,6.49,40.63,250.0675,11.9445,279.8723,0.00,100.00,182.67,-11.86,182.67,11.86,12.52
37.55,288.65,49.2272,11.0058,72.5478,5.58,100.00,40.15,-6.25,16.75,3.66,352.74,49.7550,13.9701,72.9534,49.4671,14.0043,73.2144,354.79,6.25,40.15,50.2219,13.9140,72.5646,354.79,6.25,40.15,250.0675,11.9445,279.8723,0.00,100.00,182.67,-11.86,182.67,11.86,12.52
37.61,288.35,49.3265,10.9846,72.8778,5.75,100.00,40.26,-6.44,19.24,4.05,352.57,49.8860,13.9441,73.2757,49.5989,13.9800,73.5374,354.52,6.44,40.26,50.3516,13.8851,72.8859,354.52,6.44,40.26,250.0675,11.9445,279.8723,0.00,100.00,182.67,-11.86,182.67,11.86,12.52
37.67,288.05,49.4360,10.9573,73.1913,5.42,100.00,40.17,-6.82,21.56,4.90,353.19,49.9975,13.9122,73.6196,49.7096,13.9441,73.8809,355.11,6.82,40.17,50.4644,13.8594,73.2304,355.11,6.82,40.17,250.0675,11.9445,279.8723,0.00,100.00,182.67,-11.86,182.67,11.86,12.52
37.73,287.73,49.5621,10.9217,73.5106,5.50,100.00,40.44,-7.15,23.96,5.59,353.70,50.1312,13.8722,73.9586,49.8441,13.9010,74.2212,355.54,7.15,40.44,50.5966,13.8239,73.5671,355.54,7.15,40.44,250.0675,11.9445,279.8723,0.00,100.00,182.67,-11.86,182.67,11.86,12.52
37.79,287.40,49.7054,10.8910,73.8331,5.90,100.00,40.94,-6.50,26.54,5.18,354.02,50.2696,13.8479,74.2437,49.9846,13.8772,74.5085,355.50,6.50,40.94,50.7319,13.7992,73.8486,355.50,6.50,40.94,250.0675,11.9445,279.8723,0.00,100.00,182.67,-11.86,182.67,11.86,12.52
37.86,287.07,49.8579,10.8874,74.1384,5.26,100.00,41.14,-6.60,28.94,5.44,353.95,50.4487,13.8410,74.5350,50.1649,13.8720,74.8009,355.23,6.60,41.14,50.9092,13.7895,74.1381,355.23,6.60,41.14,250.0675,11.9445,279.8723,0.00,100.00,182.67,-11.86,182.67,11.86,12.52
37.92,286.72,50.0379,10.8486,74.4640,6.00,100.00,41.63,-6.62,31.54,5.60,353.67,50.6629,13.7988,74.8324,50.3820,13.8331,75.1009,354.74,6.62,41.63,51.1193,13.7421,74.4315,354.74,6.62,41.63,250.0675,11.9445,279.8723,0.00,100.00,182.67,-11.86,182.67,11.86,12.52
37.99,286.36,50.2266,10.7991,74.7715,5.47,100.00,44.11,-7.11,33.99,6.33,354.95,50.8321,13.7478,75.1821,50.5618,13.7727,75.4624,356.14,7.11,44.11,51.2725,13.7059,74.7620,356.14,7.11,44.11,250.0675,11.9445,279.8723,0.00,100.00,182.67,-11.86,182.67,11.86,12.52
38.05,285.98,50.4443,10.7574,75.0944,6.51,100.00,46.55,-7.07,36.42,6.42,355.73,51.0370,13.7084,75.5073,50.7782,13.7280,75.7986,356.92,7.07,46.55,51.4601,13.6747,75.0691,356.92,7.07,46.55,250.0675,11.9445,279.8723,0.00,100.00,182.67,-11.86,182.67,11.86,12.52
38.11,285.63,50.6549,10.7120,75.3798,5.66,100.00,47.26,-7.53,38.58,7.08,356.52,51.2519,13.6578,75.8230,50.9963,13.6725,76.1173,357.62,7.53,47.26,51.6703,13.6314,75.3798,357.62,7.53,47.26,250.0675,11.9445,279.8723,0.00,100.00,182.67,-11.86,182.67,11.86,12.52
38.17,285.26,50.8895,10.6616,75.6740,6.03,100.00,47.55,-7.27,40.32,6.92,356.76,51.4846,13.6102,76.1005,51.2304,13.6247,76.3961,357.65,7.27,47.55,51.9010,13.5841,75.6554,357.65,7.27,47.55,250.0675,11.9445,279.8723,0.00,100.00,182.67,-11.86,182.67,11.86,12.52
38.24,284.88,51.1351,10.6470,75.9634,5.87,100.00,47.70,-6.55,42.08,6.25,356.60,51.7260,13.6032,76.3403,51.4728,13.6208,76.6365,357.23,6.55,47.70,52.1409,13.5728,75.8941,357.23,6.55,47.70,250.0675,11.9445,279.8723,0.00,100.00,182.67,-11.86,182.67,11.86,12.52
38.30,284.48,51.4005,10.6009,76.2573,6.48,100.00,47.54,-6.69,43.43,6.49,356.94,51.9956,13.5552,76.6417,51.7414,13.5715,76.9372,357.42,6.69,47.54,52.4120,13.5268,76.1967,357.42,6.69,47.54,250.0675,11.9445,279.8723,0.00,100.00,182.67,-11.86,182.67,11.86,12.52
38.36,284.10,51.6623,10.5488,76.5338,6.07,100.00,48.81,-7.27,44.70,7.08,357.13,52.2803,13.4964,76.9334,52.0326,13.5111,77.2345,357.64,7.27,48.81,52.6867,13.4703,76.4792,357.64,7.27,48.81,250.0675,11.9445,279.8723,0.00,100.00,182.67,-11.86,182.67,11.86,12.52
38.42,283.70,51.9419,10.4979,76.8163,6.64,100.00,49.69,-7.39,45.59,7.22,357.25,52.5666,13.4442,77.2156,52.3236,13.4579,77.5205,357.77,7.39,49.69,52.9661,13.4194,76.7552,357.77,7.39,49.69,250.0675,11.9445,279.8723,0.00,100.00,182.67,-11.86,182.67,11.86,12.52
38.49,283.32,52.2165,10.4446,77.0854,5.98,100.00,49.54,-6.94,46.45,6.81,357.35,52.8284,13.3962,77.4646,52.5845,13.4104,77.7687,357.72,6.94,49.54,53.2292,13.3709,77.0053,357.72,6.94,49.54,250.0675,11.9445,279.8723,0.00,100.00,182.67,-11.86,182.67,11.86,12.52
38.55,282.90,52.5207,10.3890,77.3745,6.68,100.00,49.21,-7.28,47.12,7.21,357.93,53.1313,13.3369,77.7835,52.8854,13.3478,78.0861,358.20,7.28,49.21,53.5353,13.3166,77.3267,358.20,7.28,49.21,250.0675,11.9445,279.8723,0.00,100.00,182.67,-11.86,182.67,11.86,12.52
38.61,282.49,52.8252,10.3288,77.6572,6.65,100.00,49.02,-7.58,47.77,7.55,358.39,53.4372,13.2733,78.0884,53.1900,13.2817,78.3901,358.55,7.58,49.02,53.8430,13.2566,77.6332,358.55,7.58,49.02,250.0675,11.9445,279.8723,0.00,100.00,182.67,-11.86,182.67,11.86,12.52
38.68,282.07,53.1356,10.3079,77.9390,6.73,100.00,48.71,-6.82,48.31,6.81,358.77,53.7100,13.2622,78.3542,53.4609,13.2690,78.6544,358.81,6.82,48.71,54.1188,13.2485,77.9015,358.81,6.82,48.71,250.0675,11.9445,279.8723,0.00,100.00,182.67,-11.86,182.67,11.86,12.52
38.74,281.65,53.4498,10.2567,78.2189,6.94,100.00,49.22,-6.78,48.81,6.77,358.84,54.0238,13.2115,78.6309,53.7774,13.2178,78.9332,358.89,6.78,49.22,54.4287,13.1986,78.1746,358.89,6.78,49.22,250.0675,11.9445,279.8723,0.00,100.00,182.67,-11.86,182.67,11.86,12.52
38.80,281.25,53.7531,10.2035,78.4842,6.41,100.00,49.23,-6.24,48.83,6.23,358.83,54.3065,13.1648,78.8773,54.0601,13.1713,79.1797,358.88,6.24,49.23,54.7113,13.1519,78.4211,358.88,6.24,49.23,250.0675,11.9445,279.8723,0.00,100.00,182.67,-11.86,182.67,11.86,12.52
38.86,280.84,54.0612,10.1526,78.7537,6.43,100.00,48.43,-6.13,48.83,6.14,358.83,54.6110,13.1150,79.1435,54.3603,13.1221,79.4423,358.79,6.13,48.43,55.0221,13.1011,78.6929,358.79,6.13,48.43,250.0675,11.9445,279.8723,0.00,100.00,182.67,-11.86,182.67,11.86,12.52
38.93,280.42,54.3775,10.1038,79.0304,6.72,100.00,47.99,-6.12,49.18,6.14,358.87,54.9286,13.0662,79.4185,54.6757,13.0737,79.7154,358.74,6.12,47.99,55.3432,13.0518,78.9711,358.74,6.12,47.99,250.0675,11.9445,279.8723,0.00,100.00,182.67,-11.86,182.67,11.86,12.52
38.99,280.00,54.6940,10.0501,79.3037,6.60,100.00,47.38,-6.30,49.51,6.33,359.17,55.2445,13.0105,79.7069,54.9884,13.0167,80.0011,358.93,6.30,47.38,55.6639,12.9982,79.2640,358.93,6.30,47.38,250.0675,11.9445,279.8723,0.00,100.00,182.67,-11.86,182.67,11.86,12.52
39.05,279.58,55.0215,9.9958,79.5833,6.89,100.00,46.88,-6.31,49.95,6.36,359.25,55.5735,12.9561,79.9863,55.3148,12.9624,80.2783,358.91,6.31,46.88,55.9967,12.9434,79.5471,358.91,6.31,46.88,250.0675,11.9445,279.8723,0.00,100.00,182.67,-11.86,182.67,11.86,12.52
39.12,279.15,55.3506,9.9777,79.8600,6.77,100.00,46.46,-5.77,50.38,5.80,359.83,55.8639,12.9448,80.2639,55.6027,12.9477,80.5537,359.43,5.77,46.46,56.2909,12.9378,79.8282,359.43,5.77,46.46,250.0675,11.9445,279.8723,0.00,100.00,182.67,-11.86,182.67,11.86,12.52
39.18,278.71,55.6902,9.9308,80.1411,7.19,100.00,45.89,-5.94,50.66,5.95,0.19,56.1995,12.8962,80.5621,55.9354,12.8973,80.8492,359.69,5.94,45.89,56.6309,12.8919,80.1308,359.69,5.94,45.89,250.0675,11.9445,279.8723,0.00,100.00,182.67,-11.86,182.67,11.86,12.52
39.24,278.28,56.0249,9.8832,80.4154,7.20,100.00,46.16,-6.23,50.93,6.20,0.56,56.5339,12.8456,80.8574,56.2710,12.8442,81.1456,0.04,6.23,46.16,56.9637,12.8449,80.4243,0.04,6.23,46.16,250.0675,11.9445,279.8723,0.00,100.00,182.67,-11.86,182.67,11.86,12.52
39.30,277.87,56.3474,9.8319,80.6774,6.77,100.00,46.16,-6.55,50.93,6.58,359.92,56.8927,12.7899,81.1055,56.6301,12.7930,81.3940,359.37,6.55,46.16,57.3218,12.7821,80.6719,359.37,6.55,46.16,250.0675,11.9445,279.8723,0.00,100.00,182.67,-11.86,182.67,11.86,12.52
39.36,277.46,56.6701,9.7827,80.9394,6.78,100.00,45.76,-6.11,50.93,6.12,0.22,57.1870,12.7461,81.3649,56.9222,12.7473,81.6514,359.67,6.11,45.76,57.6194,12.7415,80.9346,359.67,6.11,45.76,250.0675,11.9445,279.8723,0.00,100.00,182.67,-11.86,182.67,11.86,12.52
39.42,277.05,56.9853,9.7373,81.1952,6.64,100.00,45.36,-6.04,50.93,6.04,0.27,57.4971,12.7017,81.6204,57.2303,12.7028,81.9050,359.69,6.04,45.36,57.9326,12.6973,81.1931,359.69,6.04,45.36,250.0675,11.9445,279.8723,0.00,100.00,182.67,-11.86,182.67,11.86,12.52
39.49,276.66,57.2923,9.6909,81.4445,6.26,100.00,44.95,-5.26,50.92,5.24,0.47,57.7658,12.6641,81.8517,57.4968,12.6637,82.1343,359.92,5.26,44.95,58.2044,12.6624,81.4277,359.92,5.26,44.95,250.0675,11.9445,279.8723,0.00,100.00,182.67,-11.86,182.67,11.86,12.52
39.55,276.25,57.6149,9.6482,81.7065,6.63,100.00,44.76,-5.34,51.13,5.29,0.80,58.0807,12.6208,82.1270,57.8107,12.6184,82.4086,0.21,5.34,44.76,58.5210,12.6221,81.7047,0.21,5.34,44.76,250.0675,11.9445,279.8723,0.00,100.00,182.67,-11.86,182.67,11.86,12.52
39.61,275.83,57.9399,9.6375,81.9685,6.57,100.00,44.59,-5.63,51.34,5.60,0.65,58.4246,12.6068,82.3913,58.1539,12.6059,82.6721,359.99,5.63,44.59,58.8660,12.6057,81.9701,359.99,5.63,44.59,250.0675,11.9445,279.8723,0.00,100.00,182.67,-11.86,182.67,11.86,12.52
39.68,275.41,58.2731,9.5930,82.2351,6.96,100.00,44.44,-5.42,51.54,5.41,0.38,58.7608,12.5644,82.6389,58.4894,12.5654,82.9192,359.71,5.42,44.44,59.2030,12.5603,82.2187,359.71,5.42,44.44,250.0675,11.9445,279.8723,0.00,100.00,182.67,-11.86,182.67,11.86,12.52
39.74,275.00,58.6015,9.5533,82.4959,6.90,100.00,44.65,-5.13,51.74,5.10,0.55,59.0723,12.5281,82.8951,58.8019,12.5277,83.1763,359.92,5.13,44.65,59.5132,12.5263,82.4735,359.92,5.13,44.65,250.0675,11.9445,279.8723,0.00,100.00,182.67,-11.86,182.67,11.86,12.52
39.80,274.58,58.9325,9.5143,82.7569,6.79,100.00,44.19,-4.58,51.28,4.50,0.98,59.3612,12.4952,83.1579,59.0884,12.4916,83.4367,0.42,4.58,44.19,59.8058,12.4989,82.7401,0.42,4.58,44.19,250.0675,11.9445,279.8723,0.00,100.00,182.67,-11.86,182.67,11.86,12.52
39.86,274.15,59.2732,9.4778,83.0300,7.08,100.00,43.72,-4.49,50.81,4.40,1.03,59.6930,12.4597,83.4332,59.4179,12.4556,83.7097,0.48,4.49,43.72,60.1411,12.4639,83.0191,0.48,4.49,43.72,250.0675,11.9445,279.8723,0.00,100.00,182.67,-11.86,182.67,11.86,12.52
39.92,273.71,59.6135,9.4369,83.3075,7.12,100.00,43.58,-5.17,50.68,5.16,0.39,60.0844,12.4111,83.7107,59.8089,12.4119,83.9869,359.75,5.17,43.58,60.5330,12.4076,83.2972,359.75,5.17,43.58,250.0675,11.9445,279.8723,0.00,100.00,182.67,-11.86,182.67,11.86,12.52
39.98,273.27,59.9573,9.3926,83.5891,7.27,100.00,43.59,-5.09,50.54,5.07,0.45,60.4219,12.3677,83.9930,60.1464,12.3679,84.2692,359.83,5.09,43.59,60.8705,12.3650,83.5796,359.83,5.09,43.59,250.0675,11.9445,279.8723,0.00,100.00,182.67,-11.86,182.67,11.86,12.52
40.05,272.83,60.3008,9.3501,83.8718,7.08,100.00,45.69,-4.80,52.50,4.68,1.35,60.7335,12.3288,84.2849,60.4679,12.3226,84.5706,0.79,4.80,45.69,61.1671,12.3363,83.8558,0.79,4.80,45.69,250.0675,11.9445,279.8723,0.00,100.00,182.67,-11.86,182.67,11.86,12.52
40.11,272.37,60.6664,9.3147,84.1524,7.62,100.00,46.83,-4.23,54.49,4.05,1.59,61.0795,12.2993,84.5414,60.8196,12.2916,84.8323,1.04,4.23,46.83,61.5047,12.3096,84.1040,1.04,4.23,46.83,250.0675,11.9445,279.8723,0.00,100.00,182.67,-11.86,182.67,11.86,12.52
40.17,271.93,61.0292,9.2823,84.4113,7.12,100.00,46.82,-4.09,55.38,3.81,2.15,61.4212,12.2684,84.8112,61.1612,12.2571,85.1017,1.56,4.09,46.82,61.8467,12.2843,84.3742,1.56,4.09,46.82,250.0675,11.9445,279.8723,0.00,100.00,182.67,-11.86,182.67,11.86,12.52
40.23,271.48,61.4091,9.2485,84.6735,7.47,100.00,46.86,-4.07,56.30,3.74,2.30,61.7999,12.2350,85.0714,61.5401,12.2230,85.3621,1.66,4.07,46.86,62.2250,12.2519,84.6341,1.66,4.07,46.86,250.0675,11.9445,279.8723,0.00,100.00,182.67,-11.86,182.67,11.86,12.52
40.29,271.04,61.7879,9.2542,84.9261,7.42,100.00,46.33,-3.52,56.64,3.17,2.26,62.1575,12.2461,85.3034,61.8950,12.2342,85.5918,1.66,3.52,46.33,62.5865,12.2630,84.8699,1.66,3.52,46.33,250.0675,11.9445,279.8723,0.00,100.00,182.67,-11.86,182.67,11.86,12.52
40.36,270.60,62.1652,9.2295,85.1744,7.31,100.00,46.22,-2.96,56.97,2.50,2.65,62.4964,12.2263,85.5480,62.2334,12.2112,85.8357,2.14,2.96,46.22,62.9262,12.2485,85.1156,2.14,2.96,46.22,250.0675,11.9445,279.8723,0.00,100.00,182.67,-11.86,182.67,11.86,12.52
40.41,270.16,62.5393,9.2151,85.4177,7.68,100.00,45.79,-2.86,56.97,2.47,2.25,62.8805,12.2131,85.7724,62.6155,12.2009,86.0584,1.73,2.86,45.79,63.3135,12.2310,85.3429,1.73,2.86,45.79,250.0675,11.9445,279.8723,0.00,100.00,182.67,-11.86,182.67,11.86,12.52
40.48,269.76,62.8838,9.1940,85.6417,6.65,100.00,45.58,-3.08,56.97,2.55,2.94,63.2087,12.1898,86.0290,62.9425,12.1731,86.3137,2.38,3.08,45.58,63.6434,12.2145,85.6017,2.38,3.08,45.58,250.0675,11.9445,279.8723,0.00,100.00,182.67,-11.86,182.67,11.86,12.52
40.54,269.33,63.2550,9.1652,85.8830,6.92,100.00,45.71,-2.87,57.33,2.36,2.81,63.5775,12.1629,86.2572,63.3120,12.1469,86.5426,2.28,2.87,45.71,64.0112,12.1866,85.8287,2.28,2.87,45.71,250.0675,11.9445,279.8723,0.00,100.00,182.67,-11.86,182.67,11.86,12.52
40.60,268.88,63.6464,9.1434,86.1340,7.37,100.00,46.02,-2.57,57.71,2.11,2.50,63.9695,12.1438,86.4854,63.7055,12.1297,86.7723,2.02,2.57,46.02,64.4007,12.1648,86.0543,2.02,2.57,46.02,250.0675,11.9445,279.8723,0.00,100.00,182.67,-11.86,182.67,11.86,12.52
40.66,268.43,64.0387,9.1252,86.3820,7.63,100.00,45.79,-2.55,57.55,2.10,2.45,64.3612,12.1258,86.7319,64.0962,12.1119,87.0178,1.98,2.55,45.79,64.7941,12.1464,86.3025,1.98,2.55,45.79,250.0675,11.9445,279.8723,0.00,100.00,182.67,-11.86,182.67,11.86,12.52
40.73,267.99,64.4212,9.1121,86.6252,7.50,100.00,46.32,-1.99,57.36,1.48,2.78,64.7062,12.1167,86.9735,64.4439,12.0997,87.2618,2.45,1.99,46.32,65.1349,12.1424,86.5402,2.45,1.99,46.32,250.0675,11.9445,279.8723,0.00,100.00,182.67,-11.86,182.67,11.86,12.52
40.79,267.56,64.7930,9.0986,86.8633,7.01,100.00,47.05,-1.60,57.35,1.16,2.56,65.0699,12.1061,87.1926,64.8114,12.0901,87.4844,2.31,1.60,47.05,65.4931,12.1304,86.7538,2.31,1.60,47.05,250.0675,11.9445,279.8723,0.00,100.00,182.67,-11.86,182.67,11.86,12.52
40.85,267.12,65.1720,9.0908,87.1062,7.54,100.00,47.82,-1.53,57.35,1.12,2.54,65.4480,12.0986,87.4334,65.1934,12.0825,87.7286,2.32,1.53,47.82,65.8652,12.1230,86.9889,2.32,1.53,47.82,250.0675,11.9445,279.8723,0.00,100.00,182.67,-11.86,182.67,11.86,12.52
40.91,266.70,65.5353,9.0828,87.3390,7.05,100.00,47.64,-1.23,56.37,0.83,2.68,65.7888,12.0923,87.6689,65.5334,12.0749,87.9633,2.53,1.23,47.64,66.2071,12.1190,87.2257,2.53,1.23,47.64,250.0675,11.9445,279.8723,0.00,100.00,182.67,-11.86,182.67,11.86,12.52
40.97,266.26,65.9085,9.0781,87.5872,7.35,100.00,46.64,-0.71,55.36,0.32,2.62,66.1359,12.0912,87.9033,65.8755,12.0738,88.1933,2.54,0.71,46.64,66.5619,12.1181,87.4674,2.54,0.71,46.64,250.0675,11.9445,279.8723,0.00,100.00,182.67,-11.86,182.67,11.86,12.52
41.03,265.82,66.2799,9.0707,87.8438,7.19,100.00,45.60,-0.65,54.33,0.33,2.11,66.5174,12.0847,88.1426,66.2517,12.0707,88.4280,2.04,0.65,45.60,66.9512,12.1063,87.7142,2.04,0.65,45.60,250.0675,11.9445,279.8723,0.00,100.00,182.67,-11.86,182.67,11.86,12.52
41.09,265.36,66.6620,9.0651,88.1181,7.78,100.00,44.91,-0.89,53.27,0.57,2.28,66.8987,12.0772,88.4357,66.6296,12.0623,88.7178,2.17,0.89,44.91,67.3378,12.1002,88.0127,2.17,0.89,44.91,250.0675,11.9445,279.8723,0.00,100.00,182.67,-11.86,182.67,11.86,12.52
41.15,264.91,67.0295,9.0655,88.3923,7.89,100.00,44.51,-0.71,52.52,0.30,3.01,67.2273,12.0777,88.7350,66.9564,12.0576,89.0150,2.94,0.71,44.51,67.6690,12.1089,88.3153,2.94,0.71,44.51,250.0675,11.9445,279.8723,0.00,100.00,182.67,-11.86,182.67,11.86,12.52
41.21,264.47,67.3832,9.0647,88.6635,7.26,100.00,43.69,-0.21,51.79,359.84,2.62,67.5705,12.0807,88.9774,67.2957,12.0629,89.2537,2.62,0.21,43.69,68.0180,12.1085,88.5638,2.62,0.21,43.69,250.0675,11.9445,279.8723,0.00,100.00,182.67,-11.86,182.67,11.86,12.52
41.27,264.00,67.7576,9.0689,88.9582,8.00,100.00,43.30,-0.12,51.47,359.69,3.03,67.9235,12.0848,89.2851,67.6469,12.0641,89.5594,3.04,0.12,43.30,68.3738,12.1172,88.8747,3.04,0.12,43.30,250.0675,11.9445,279.8723,0.00,100.00,182.67,-11.86,182.67,11.86,12.52
41.33,263.53,68.1235,9.0711,89.2495,7.95,100.00,43.04,-0.10,51.17,359.72,2.63,68.3024,12.0878,89.5620,68.0244,12.0698,89.8352,2.64,0.10,43.04,68.7546,12.1159,89.1534,2.64,0.10,43.04,250.0675,11.9445,279.8723,0.00,100.00,182.67,-11.86,182.67,11.86,12.52
41.39,263.07,68.4871,9.0750,89.5421,7.70,100.00,42.94,0.40,51.01,359.24,2.49,68.6499,12.0947,89.8335,68.3716,12.0773,90.1063,2.57,359.60,42.94,69.1028,12.1222,89.4255,2.57,359.60,42.94,250.0675,11.9445,279.8723,0.00,100.00,182.67,-11.86,182.67,11.86,12.52
41.45,262.59,68.8653,9.0801,89.8483,7.93,100.00,42.79,0.48,50.87,359.16,2.47,69.0249,12.1003,90.1364,68.7459,12.0830,90.4085,2.56,359.52,42.79,69.4787,12.1277,89.7296,2.56,359.52,42.79,250.0675,11.9445,279.8723,0.00,100.00,182.67,-11.86,182.67,11.86,12.52
41.51,262.09,69.2519,9.1222,90.1628,8.26,100.00,41.95,0.45,50.03,359.20,2.48,69.4083,12.1422,90.4550,69.1253,12.1249,90.7230,2.57,359.55,41.95,69.8680,12.1696,90.0549,2.57,359.55,41.95,250.0675,11.9445,279.8723,0.00,100.00,182.67,-11.86,182.67,11.86,12.52
41.57,261.60,69.6327,9.1264,90.4821,8.16,100.00,41.53,0.23,49.21,359.46,2.25,69.8032,12.1454,90.7764,69.5181,12.1298,91.0423,2.30,359.77,41.53,70.2660,12.1699,90.3798,2.30,359.77,41.53,250.0675,11.9445,279.8723,0.00,100.00,182.67,-11.86,182.67,11.86,12.52
41.63,261.09,70.0156,9.0992,90.8125,8.71,100.00,41.52,0.42,48.82,359.33,2.00,70.1876,12.1194,91.0933,69.9024,12.1054,91.3592,2.07,359.58,41.52,70.6506,12.1415,90.6966,2.07,359.58,41.52,250.0675,11.9445,279.8723,0.00,100.00,182.67,-11.86,182.67,11.86,12.52
41.69,260.61,70.3828,9.1050,91.1337,8.07,100.00,41.15,0.47,48.46,359.28,1.91,70.5544,12.1256,91.4106,70.2676,12.1122,91.6747,1.98,359.53,41.15,71.0199,12.1468,91.0169,1.98,359.53,41.15,250.0675,11.9445,279.8723,0.00,100.00,182.67,-11.86,182.67,11.86,12.52
41.75,260.10,70.7664,9.1484,91.4736,8.49,100.00,40.94,1.26,48.24,358.39,2.64,70.8762,12.1720,91.7487,70.5888,12.1530,92.0118,2.82,358.74,40.94,71.3426,12.2023,91.3565,2.82,358.74,40.94,250.0675,11.9445,279.8723,0.00,100.00,182.67,-11.86,182.67,11.86,12.52
41.81,259.58,71.1534,9.1628,91.8191,8.55,100.00,40.98,1.12,48.07,358.56,2.50,71.2739,12.1860,92.0947,70.9866,12.1681,92.3580,2.66,358.88,40.98,71.7401,12.2145,91.7022,2.66,358.88,40.98,250.0675,11.9445,279.8723,0.00,100.00,182.67,-11.86,182.67,11.86,12.52
41.87,259.07,71.5338,9.1425,92.1607,8.77,100.00,41.19,1.14,48.07,358.61,2.07,71.6714,12.1663,92.4213,71.3849,12.1514,92.6857,2.22,358.86,41.19,72.1363,12.1901,92.0270,2.22,358.86,41.19,250.0675,11.9445,279.8723,0.00,100.00,182.67,-11.86,182.67,11.86,12.52
41.93,258.59,71.8930,9.1879,92.4833,7.83,100.00,41.52,1.38,48.06,358.37,2.11,72.0196,12.2127,92.7372,71.7347,12.1974,93.0032,2.29,358.62,41.52,72.4822,12.2373,92.3402,2.29,358.62,41.52,250.0675,11.9445,279.8723,0.00,100.00,182.67,-11.86,182.67,11.86,12.52
41.99,258.07,72.2783,9.2027,92.8295,8.72,100.00,41.78,1.15,48.00,358.53,2.88,72.3839,12.2251,93.1191,72.1004,12.2047,93.3863,3.02,358.85,41.78,72.8444,12.2575,92.7202,3.02,358.85,41.78,250.0675,11.9445,279.8723,0.00,100.00,182.67,-11.86,182.67,11.86,12.52
42.05,257.57,72.6516,9.1838,93.1656,8.64,100.00,42.02,1.34,47.92,358.37,2.80,72.7532,12.2072,93.4467,72.4709,12.1873,93.7152,2.96,358.66,42.02,73.2120,12.2389,93.0458,2.96,358.66,42.02,250.0675,11.9445,279.8723,0.00,100.00,182.67,-11.86,182.67,11.86,12.52
42.11,257.08,73.0205,9.2300,93.4987,8.13,100.00,42.26,1.17,47.82,358.58,2.51,73.1404,12.2531,93.7760,72.8591,12.2354,94.0457,2.63,358.83,42.26,73.5977,12.2813,93.3732,2.63,358.83,42.26,250.0675,11.9445,279.8723,0.00,100.00,182.67,-11.86,182.67,11.86,12.52
42.17,256.55,73.4134,9.2436,93.8546,8.77,100.00,42.13,1.66,47.69,358.14,1.96,73.5348,12.2698,94.0951,73.2528,12.2556,94.3642,2.13,358.34,42.13,73.9932,12.2927,93.6931,2.13,358.34,42.13,250.0675,11.9445,279.8723,0.00,100.00,182.67,-11.86,182.67,11.86,12.52
42.23,256.02,73.8035,9.2615,94.2097,8.76,100.00,42.02,1.75,47.59,358.06,1.86,73.9250,12.2881,94.4440,73.6424,12.2745,94.7127,2.04,358.25,42.02,74.3841,12.3101,94.0429,2.04,358.25,42.02,250.0675,11.9445,279.8723,0.00,100.00,182.67,-11.86,182.67,11.86,12.52
42.29,255.49,74.1956,9.2784,94.5678,8.82,100.00,42.12,1.74,47.48,357.99,2.81,74.2800,12.3035,94.8366,73.9982,12.2834,95.1057,2.99,358.26,42.12,74.7378,12.3356,94.4348,2.99,358.26,42.12,250.0675,11.9445,279.8723,0.00,100.00,182.67,-11.86,182.67,11.86,12.52
42.35,254.96,74.5912,9.2995,94.9305,9.10,100.00,42.23,2.00,47.39,357.74,2.76,74.6671,12.3256,95.1886,74.3859,12.3059,95.4583,2.96,358.00,42.23,75.1242,12.3574,94.7857,2.96,358.00,42.23,250.0675,11.9445,279.8723,0.00,100.00,182.67,-11.86,182.67,11.86,12.52
42.41,254.43,74.9815,9.2890,95.2896,9.12,100.00,42.15,2.06,47.31,357.71,2.35,75.0708,12.3162,95.5310,74.7891,12.2992,95.8003,2.55,357.94,42.15,75.5287,12.3437,95.1288,2.55,357.94,42.15,250.0675,11.9445,279.8723,0.00,100.00,182.67,-11.86,182.67,11.86,12.52
42.47,253.91,75.3600,9.3071,95.6387,8.38,100.00,42.16,1.81,47.32,357.92,2.92,75.4370,12.3321,95.9095,75.1555,12.3113,96.1788,3.10,358.19,42.16,75.8946,12.3654,95.5073,3.10,358.19,42.16,250.0675,11.9445,279.8723,0.00,100.00,182.67,-11.86,182.67,11.86,12.52
42.53,253.38,75.7533,9.3269,96.0013,9.00,100.00,42.35,1.78,47.32,357.95,3.02,75.8281,12.3515,96.2773,75.5475,12.3301,96.5475,3.19,358.22,42.35,76.2842,12.3858,95.8736,3.19,358.22,42.35,250.0675,11.9445,279.8723,0.00,100.00,182.67,-11.86,182.67,11.86,12.52
42.59,252.86,76.1377,9.3489,96.3558,8.73,100.00,42.45,2.26,47.24,357.48,3.05,76.1928,12.3753,96.6159,75.9128,12.3536,96.8867,3.25,357.74,42.45,76.6480,12.4103,96.2112,3.25,357.74,42.45,250.0675,11.9445,279.8723,0.00,100.00,182.67,-11.86,182.67,11.86,12.52
42.65,252.33,76.5283,9.4070,96.7169,8.77,100.00,42.57,2.35,47.18,357.40,3.06,76.5797,12.4338,96.9745,76.3003,12.4121,97.2459,3.26,357.65,42.57,77.0340,12.4688,96.5688,3.26,357.65,42.57,250.0675,11.9445,279.8723,0.00,100.00,182.67,-11.86,182.67,11.86,12.52
42.71,251.79,76.9187,9.4303,97.0788,8.82,100.00,42.75,2.41,47.18,357.38,2.57,76.9870,12.4583,97.3166,76.7082,12.4400,97.5890,2.76,357.59,42.75,77.4403,12.4881,96.9095,2.76,357.59,42.75,250.0675,11.9445,279.8723,0.00,100.00,182.67,-11.86,182.67,11.86,12.52
42.77,251.28,77.2992,9.4221,97.4314,8.98,100.00,42.76,2.21,47.19,357.57,2.69,77.3704,12.4492,97.6808,77.0917,12.4301,97.9531,2.87,357.79,42.76,77.8237,12.4801,97.2736,2.87,357.79,42.76,250.0675,11.9445,279.8723,0.00,100.00,182.67,-11.86,182.67,11.86,12.52
42.83,250.78,77.6667,9.4413,97.7718,8.25,100.00,42.69,2.38,47.11,357.42,2.49,77.7389,12.4693,98.0082,77.4599,12.4515,98.2802,2.68,357.62,42.69,78.1928,12.4983,97.6015,2.68,357.62,42.69,250.0675,11.9445,279.8723,0.00,100.00,182.67,-11.86,182.67,11.86,12.52
42.89,250.25,78.0567,9.4669,98.1341,8.87,100.00,42.61,2.67,47.04,357.15,2.19,78.1288,12.4965,98.3494,77.8493,12.4806,98.6211,2.41,357.33,42.61,78.5833,12.5226,97.9433,2.41,357.33,42.61,250.0675,11.9445,279.8723,0.00,100.00,182.67,-11.86,182.67,11.86,12.52
42.95,249.72,78.4448,9.4965,98.4956,9.06,100.00,41.16,2.64,45.59,357.18,2.23,78.5111,12.5259,98.7151,78.2248,12.5098,98.9797,2.44,357.36,41.16,78.9757,12.5524,98.3206,2.44,357.36,41.16,250.0675,11.9445,279.8723,0.00,100.00,182.67,-11.86,182.67,11.86,12.52
43.01,249.19,78.8177,9.5247,98.8609,8.88,100.00,39.75,2.58,44.18,357.23,2.30,78.8780,12.5539,99.0866,78.5853,12.5373,99.3440,2.51,357.42,39.75,79.3521,12.5810,98.7036,2.51,357.42,39.75,250.0675,11.9445,279.8723,0.00,100.00,182.67,-11.86,182.67,11.86,12.52
43.07,248.68,79.1769,9.5478,99.2305,8.53,100.00,39.76,2.40,44.19,357.44,2.01,79.2557,12.5767,99.4534,78.9629,12.5621,99.7109,2.20,357.60,39.76,79.7301,12.6005,99.0705,2.20,357.60,39.76,250.0675,11.9445,279.8723,0.00,100.00,182.67,-11.86,182.67,11.86,12.52
43.13,248.16,79.5400,9.5708,99.6040,8.42,100.00,39.74,2.85,44.17,356.99,1.96,79.6043,12.6014,99.8078,79.3115,12.5871,100.0652,2.18,357.15,39.74,80.0786,12.6251,99.4249,2.18,357.15,39.74,250.0675,11.9445,279.8723,0.00,100.00,182.67,-11.86,182.67,11.86,12.52
43.19,247.63,79.9087,9.6043,99.9835,9.21,100.00,37.27,2.71,41.70,357.18,1.32,79.9959,12.6351,100.1753,79.6920,12.6251,100.4198,1.53,357.29,37.27,80.4868,12.6518,99.8134,1.53,357.29,37.27,250.0675,11.9445,279.8723,0.00,100.00,182.67,-11.86,182.67,11.86,12.52
43.25,247.14,80.2344,9.6290,100.3491,8.22,100.00,37.69,2.92,39.39,357.03,1.54,80.2999,12.6601,100.5454,79.9979,12.6496,100.7921,1.62,357.08,37.69,80.7880,12.6779,100.1798,1.62,357.08,37.69,250.0675,11.9445,279.8723,0.00,100.00,182.67,-11.86,182.67,11.86,12.52
43.31,246.64,80.5542,9.6590,100.7386,8.69,100.00,37.97,2.93,37.00,357.10,1.66,80.6085,12.6897,100.9441,80.3076,12.6792,101.1923,1.61,357.07,37.97,81.0948,12.7073,100.5762,1.61,357.07,37.97,250.0675,11.9445,279.8723,0.00,100.00,182.67,-11.86,182.67,11.86,12.52
43.37,246.15,80.8478,9.6827,101.1282,8.04,100.00,38.44,2.94,34.67,357.17,1.78,80.8908,12.7130,101.3423,80.5919,12.7027,101.5929,1.59,357.06,38.44,81.3741,12.7304,100.9704,1.59,357.06,38.44,250.0675,11.9445,279.8723,0.00,100.00,182.67,-11.86,182.67,11.86,12.52
43.43,245.65,81.1332,9.7062,101.5407,8.24,100.00,41.23,3.09,34.67,357.04,1.32,81.1922,12.7375,101.7353,80.9057,12.7314,102.0001,0.97,356.91,41.23,81.6570,12.7483,101.3404,0.97,356.91,41.23,250.0675,11.9445,279.8723,0.00,100.00,182.67,-11.86,182.67,11.86,12.52
43.49,245.17,81.4141,9.7347,101.9469,8.36,100.00,44.11,3.39,34.67,356.81,1.50,81.4581,12.7665,102.1372,81.1853,12.7605,102.4161,0.96,356.61,44.11,81.9025,12.7773,101.7194,0.96,356.61,44.11,250.0675,11.9445,279.8723,0.00,100.00,182.67,-11.86,182.67,11.86,12.52
43.55,244.69,81.6851,9.7627,102.3387,7.71,100.00,44.76,3.46,32.29,356.72,1.19,81.7323,12.7951,102.5179,81.4626,12.7926,102.7997,0.46,356.54,44.76,82.1722,12.8006,102.0952,0.46,356.54,44.76,250.0675,11.9445,279.8723,0.00,100.00,182.67,-11.86,182.67,11.86,12.52
43.61,244.21,81.9496,9.7925,102.7571,8.60,100.00,42.29,2.94,29.83,357.34,1.59,81.9874,12.8224,102.9772,81.7058,12.8162,103.2472,0.98,357.06,42.29,82.4449,12.8333,102.5738,0.98,357.06,42.29,250.0675,11.9445,279.8723,0.00,100.00,182.67,-11.86,182.67,11.86,12.52
43.67,243.77,82.1750,9.8144,103.1504,7.58,100.00,42.29,3.11,29.82,357.03,0.99,82.2319,12.8460,103.3406,81.9502,12.8444,103.6104,0.33,356.89,42.29,82.6897,12.8501,102.9374,0.33,356.89,42.29,250.0675,11.9445,279.8723,0.00,100.00,182.67,-11.86,182.67,11.86,12.52
43.73,243.32,82.4048,9.8334,103.5513,7.18,100.00,42.29,3.41,29.82,356.66,0.69,82.4658,12.8664,103.7165,82.1840,12.8673,103.9863,359.95,356.59,42.29,82.9238,12.8665,103.3135,359.95,356.59,42.29,250.0675,11.9445,279.8723,0.00,100.00,182.67,-11.86,182.67,11.86,12.52
43.79,242.84,82.6500,9.8636,103.9792,8.44,100.00,39.71,3.43,27.24,356.77,1.25,82.6798,12.8959,104.1652,82.3863,12.8930,104.4222,0.52,356.57,39.71,83.1552,12.9020,103.7830,0.52,356.57,39.71,250.0675,11.9445,279.8723,0.00,100.00,182.67,-11.86,182.67,11.86,12.52
43.85,242.41,82.8538,9.9246,104.3752,7.20,100.00,39.98,3.98,24.88,356.32,1.67,82.8461,12.9576,104.5504,82.5539,12.9539,104.8089,0.65,356.02,39.98,83.3196,12.9652,104.1658,0.65,356.02,39.98,250.0675,11.9445,279.8723,0.00,100.00,182.67,-11.86,182.67,11.86,12.52
43.91,241.97,83.0520,9.9246,104.8026,8.20,100.00,39.90,3.85,22.38,356.46,1.59,83.0432,12.9574,104.9826,82.7506,12.9550,105.2406,0.45,356.15,39.90,83.5174,12.9629,104.5988,0.45,356.15,39.90,250.0675,11.9445,279.8723,0.00,100.00,182.67,-11.86,182.67,11.86,12.52
43.97,241.56,83.2161,9.9504,105.2011,7.14,100.00,40.14,3.82,20.08,356.54,1.68,83.1972,12.9828,105.3861,82.9056,12.9808,105.6453,0.39,356.18,40.14,83.6698,12.9876,105.0003,0.39,356.18,40.14,250.0675,11.9445,279.8723,0.00,100.00,182.67,-11.86,182.67,11.86,12.52
44.03,241.15,83.3707,9.9814,105.6240,7.60,100.00,40.22,4.32,17.64,355.96,1.55,83.3411,13.0155,105.7768,83.0497,13.0171,106.0361,359.88,355.68,40.22,83.8134,13.0150,105.3906,359.88,355.68,40.22,250.0675,11.9445,279.8723,0.00,100.00,182.67,-11.86,182.67,11.86,12.52
44.09,240.76,83.5036,10.0154,106.0422,7.25,100.00,40.63,4.47,15.25,355.64,1.23,83.4793,13.0506,106.1728,83.1896,13.0565,106.4340,359.25,355.53,40.63,83.9492,13.0434,105.7837,359.25,355.53,40.63,250.0675,11.9445,279.8723,0.00,100.00,182.67,-11.86,182.67,11.86,12.52
44.15,240.37,83.6208,10.0489,106.4719,7.50,100.00,40.93,4.42,12.82,356.14,2.15,83.5496,13.0816,106.6377,83.2615,13.0819,106.9007,0.08,355.58,40.93,84.0170,13.0832,106.2455,0.08,355.58,40.93,250.0675,11.9445,279.8723,0.00,100.00,182.67,-11.86,182.67,11.86,12.52
44.21,239.99,83.7171,10.0768,106.8951,7.15,100.00,41.32,4.48,10.42,355.77,1.65,83.6614,13.1113,107.0338,83.3749,13.1172,107.2985,359.25,355.52,41.32,84.1265,13.1040,106.6390,359.25,355.52,41.32,250.0675,11.9445,279.8723,0.00,100.00,182.67,-11.86,182.67,11.86,12.52
44.27,239.63,83.7957,10.1115,107.3222,7.36,100.00,44.03,4.19,10.43,356.01,1.57,83.7464,13.1455,107.4729,83.4727,13.1523,107.7508,359.11,355.81,44.03,84.1923,13.1367,107.0567,359.11,355.81,44.03,250.0675,11.9445,279.8723,0.00,100.00,182.67,-11.86,182.67,11.86,12.52
44.33,239.29,83.8706,10.1366,107.7293,6.76,100.00,46.81,4.58,10.42,355.66,1.83,83.8044,13.1710,107.8641,83.5444,13.1792,108.1548,358.91,355.42,46.81,84.2298,13.1601,107.4269,358.91,355.42,46.81,250.0675,11.9445,279.8723,0.00,100.00,182.67,-11.86,182.67,11.86,12.52
44.39,238.93,83.9476,10.1721,108.1480,7.25,100.00,47.02,4.91,7.95,355.32,2.03,83.8630,13.2068,108.2636,83.6039,13.2169,108.5551,358.63,355.09,47.02,84.2869,13.1932,107.8251,358.63,355.09,47.02,250.0675,11.9445,279.8723,0.00,100.00,182.67,-11.86,182.67,11.86,12.52
44.45,238.60,84.0040,10.2023,108.5521,6.65,100.00,47.12,4.94,5.58,355.37,2.22,83.9047,13.2366,108.6673,83.6461,13.2470,108.9592,358.60,355.06,47.12,84.3279,13.2226,108.2281,358.60,355.06,47.12,250.0675,11.9445,279.8723,0.00,100.00,182.67,-11.86,182.67,11.86,12.52
44.51,238.27,84.0454,10.2695,108.9758,7.04,100.00,47.11,5.28,3.11,355.38,2.81,83.9102,13.3025,109.0895,83.6516,13.3114,109.3814,358.82,354.72,47.11,84.3334,13.2910,108.6502,358.82,354.72,47.11,250.0675,11.9445,279.8723,0.00,100.00,182.67,-11.86,182.67,11.86,12.52
44.57,237.95,84.0684,10.3045,109.3992,7.18,100.00,44.65,5.32,0.65,355.51,3.01,83.9183,13.3367,109.5137,83.6474,13.3441,109.7944,359.05,354.68,44.65,84.3598,13.3276,109.0928,359.05,354.68,44.65,250.0675,11.9445,279.8723,0.00,100.00,182.67,-11.86,182.67,11.86,12.52
44.63,237.65,84.0731,10.3390,109.8094,6.86,100.00,42.27,5.65,358.26,355.28,3.25,83.9060,13.3710,109.9052,83.6237,13.3783,110.1744,359.07,354.35,42.27,84.3646,13.3621,109.5030,359.07,354.35,42.27,250.0675,11.9445,279.8723,0.00,100.00,182.67,-11.86,182.67,11.86,12.52
44.69,237.36,84.0605,10.3416,110.2242,7.14,100.00,41.92,5.69,355.85,355.38,3.45,83.8785,13.3728,110.3176,83.5946,13.3800,110.5851,359.08,354.31,41.92,84.3396,13.3641,109.9182,359.08,354.31,41.92,250.0675,11.9445,279.8723,0.00,100.00,182.67,-11.86,182.67,11.86,12.52
44.75,237.10,84.0314,10.3749,110.6254,6.73,100.00,41.72,5.99,353.50,355.14,3.69,83.8349,13.4058,110.6970,83.5500,13.4147,110.9633,358.84,354.01,41.72,84.2976,13.3946,110.2995,358.84,354.01,41.72,250.0675,11.9445,279.8723,0.00,100.00,182.67,-11.86,182.67,11.86,12.52
44.81,236.84,83.9845,10.4135,111.0374,7.00,100.00,41.69,6.11,351.04,354.42,3.32,83.8100,13.4465,111.0659,83.5245,13.4624,111.3313,357.81,353.89,41.69,84.2735,13.4243,110.6698,357.81,353.89,41.69,250.0675,11.9445,279.8723,0.00,100.00,182.67,-11.86,182.67,11.86,12.52
44.87,236.60,83.9218,10.4475,111.4351,6.74,100.00,44.07,5.77,351.10,355.37,3.73,83.7186,13.4779,111.5100,83.4447,13.4887,111.7877,358.56,354.23,44.07,84.1648,13.4636,111.0942,358.56,354.23,44.07,250.0675,11.9445,279.8723,0.00,100.00,182.67,-11.86,182.67,11.86,12.52
44.93,236.36,83.8603,10.4815,111.8281,6.71,100.00,46.71,6.11,351.05,354.49,3.63,83.6692,13.5134,111.8577,83.4080,13.5313,112.1469,357.51,353.89,46.71,84.0963,13.4882,111.4229,357.51,353.89,46.71,250.0675,11.9445,279.8723,0.00,100.00,182.67,-11.86,182.67,11.86,12.52
44.99,236.12,83.7985,10.5212,112.2204,6.65,100.00,46.97,6.19,348.65,354.46,3.85,83.5956,13.5525,112.2382,83.3356,13.5717,112.5284,357.32,353.81,46.97,84.0209,13.5252,111.8016,357.32,353.81,46.97,250.0675,11.9445,279.8723,0.00,100.00,182.67,-11.86,182.67,11.86,12.52
45.05,235.90,83.7190,10.5551,112.6160,6.61,100.00,47.29,5.98,346.29,355.34,4.25,83.4841,13.5837,112.6657,83.2260,13.5983,112.9579,357.99,354.02,47.29,83.9065,13.5635,112.2260,357.99,354.02,47.29,250.0675,11.9445,279.8723,0.00,100.00,182.67,-11.86,182.67,11.86,12.52
45.11,235.68,83.6205,10.5919,113.0199,6.99,100.00,47.51,6.16,343.83,355.34,4.57,83.3672,13.6192,113.0552,83.1102,13.6347,113.3483,357.87,353.84,47.51,83.7881,13.5978,112.6141,357.87,353.84,47.51,250.0675,11.9445,279.8723,0.00,100.00,182.67,-11.86,182.67,11.86,12.52
45.17,235.49,83.5068,10.6266,113.4121,6.82,100.00,45.11,6.25,341.44,355.54,4.76,83.2395,13.6528,113.4435,82.9704,13.6665,113.7257,358.13,353.75,45.11,83.6783,13.6340,113.0201,358.13,353.75,45.11,250.0675,11.9445,279.8723,0.00,100.00,182.67,-11.86,182.67,11.86,12.52
45.23,235.31,83.3787,10.6579,113.7938,6.80,100.00,45.11,6.25,341.44,355.54,4.76,83.1113,13.6841,113.8252,82.8423,13.6978,114.1074,358.13,353.75,45.11,83.5502,13.6654,113.4018,358.13,353.75,45.11,250.0675,11.9445,279.8723,0.00,100.00,182.67,-11.86,182.67,11.86,12.52
45.29,235.13,83.2548,10.6867,114.1626,6.35,100.00,46.69,6.47,341.41,355.17,4.90,82.9867,13.7129,114.1733,82.7253,13.7297,114.4624,357.68,353.53,46.69,83.4140,13.6895,113.7385,357.68,353.53,46.69,250.0675,11.9445,279.8723,0.00,100.00,182.67,-11.86,182.67,11.86,12.52
45.35,234.95,83.1254,10.7250,114.5475,7.00,100.00,46.35,6.52,339.59,355.29,5.07,82.8466,13.7503,114.5525,82.5836,13.7671,114.8401,357.69,353.48,46.35,83.2765,13.7270,114.1203,357.69,353.48,46.35,250.0675,11.9445,279.8723,0.00,100.00,182.67,-11.86,182.67,11.86,12.52
45.41,234.79,82.9898,10.7591,114.9119,6.63,100.00,44.62,6.38,337.86,355.27,4.90,82.7194,13.7852,114.9105,82.4478,13.8025,115.1900,357.61,353.62,44.62,83.1622,13.7609,114.4915,357.61,353.62,44.62,250.0675,11.9445,279.8723,0.00,100.00,182.67,-11.86,182.67,11.86,12.52
45.47,234.64,82.8407,10.7935,115.2784,6.60,100.00,42.50,6.91,335.71,355.24,5.47,82.5439,13.8170,115.2535,82.2621,13.8330,115.5228,357.80,353.09,42.50,83.0020,13.7950,114.8511,357.80,353.09,42.50,250.0675,11.9445,279.8723,0.00,100.00,182.67,-11.86,182.67,11.86,12.52
45.53,234.50,82.6729,10.8303,115.6502,7.06,100.00,41.86,6.77,333.57,355.72,5.58,82.3609,13.8523,115.6342,82.0762,13.8663,115.9006,358.10,353.23,41.86,82.8232,13.8335,115.2366,358.10,353.23,41.86,250.0675,11.9445,279.8723,0.00,100.00,182.67,-11.86,182.67,11.86,12.52
45.59,234.38,82.4962,10.8613,116.0058,6.53,100.00,41.85,7.02,331.86,355.17,5.70,82.1928,13.8838,115.9518,81.9078,13.9024,116.2175,357.43,352.98,41.85,82.6556,13.8579,115.5551,357.43,352.98,41.85,250.0675,11.9445,279.8723,0.00,100.00,182.67,-11.86,182.67,11.86,12.52
45.65,234.26,82.2975,10.9037,116.3772,7.42,100.00,40.12,7.37,330.14,355.35,6.15,81.9705,13.9234,116.3113,81.6776,13.9398,116.5685,357.77,352.63,40.12,82.4449,13.9011,115.9284,357.77,352.63,40.12,250.0675,11.9445,279.8723,0.00,100.00,182.67,-11.86,182.67,11.86,12.52
45.71,234.16,82.0991,10.9359,116.7228,6.66,100.00,38.89,7.45,328.92,355.49,6.28,81.7639,13.9547,116.6525,81.4656,13.9699,116.9035,357.94,352.55,38.89,82.2464,13.9342,116.2798,357.94,352.55,38.89,250.0675,11.9445,279.8723,0.00,100.00,182.67,-11.86,182.67,11.86,12.52
45.77,234.07,81.8803,10.9639,117.0857,7.05,100.00,35.74,7.31,327.67,355.93,6.24,81.5365,13.9820,117.0290,81.2251,13.9929,117.2637,358.57,352.69,35.74,82.0384,13.9682,116.6824,358.57,352.69,35.74,250.0675,11.9445,279.8723,0.00,100.00,182.67,-11.86,182.67,11.86,12.52
45.83,233.98,81.6501,10.9926,117.4493,6.94,100.00,36.03,6.84,329.83,355.41,5.45,81.3540,14.0159,117.4024,81.0437,14.0304,117.6385,358.02,353.16,36.03,81.8543,13.9961,117.0539,358.02,353.16,36.03,250.0675,11.9445,279.8723,0.00,100.00,182.67,-11.86,182.67,11.86,12.52
45.89,233.87,81.4241,11.0236,117.8381,7.45,100.00,38.67,7.07,332.12,355.46,5.74,81.1115,14.0453,117.7986,80.8124,14.0591,118.0487,358.14,352.93,38.67,81.5952,14.0269,117.4273,358.14,352.93,38.67,250.0675,11.9445,279.8723,0.00,100.00,182.67,-11.86,182.67,11.86,12.52
45.95,233.75,81.2168,11.0690,118.2299,7.86,100.00,39.35,7.44,332.39,354.72,5.83,80.9181,14.0915,118.1549,80.6217,14.1100,118.4079,357.45,352.56,39.35,81.3979,14.0658,117.7789,357.45,352.56,39.35,250.0675,11.9445,279.8723,0.00,100.00,182.67,-11.86,182.67,11.86,12.52
46.00,233.63,81.0223,11.1124,118.6018,7.26,100.00,40.04,7.71,332.70,354.69,6.13,80.7098,14.1333,118.5199,80.4163,14.1515,118.7764,357.49,352.29,40.04,81.1850,14.1082,118.1383,357.49,352.29,40.04,250.0675,11.9445,279.8723,0.00,100.00,182.67,-11.86,182.67,11.86,12.52
46.06,233.51,80.8228,11.1448,118.9884,7.20,100.00,40.14,7.02,332.52,355.17,5.60,80.5238,14.1678,118.9406,80.2311,14.1847,119.1979,357.68,352.98,40.14,80.9981,14.1446,118.5576,357.68,352.98,40.14,250.0675,11.9445,279.8723,0.00,100.00,182.67,-11.86,182.67,11.86,12.52
46.12,233.39,80.6108,11.1903,119.3960,8.28,100.00,42.82,6.99,332.31,355.45,5.80,80.2955,14.2117,119.3553,80.0151,14.2287,119.6260,357.67,353.01,42.82,80.7513,14.1883,118.9505,357.67,353.01,42.82,250.0675,11.9445,279.8723,0.00,100.00,182.67,-11.86,182.67,11.86,12.52
46.18,233.27,80.4123,11.2280,119.7742,7.39,100.00,44.71,7.18,331.08,354.85,5.96,80.1058,14.2496,119.6952,79.8341,14.2727,119.9743,356.77,352.82,44.71,80.5486,14.2168,119.2769,356.77,352.82,44.71,250.0675,11.9445,279.8723,0.00,100.00,182.67,-11.86,182.67,11.86,12.52
46.24,233.16,80.1955,11.2719,120.1668,7.63,100.00,45.39,7.19,329.87,354.85,6.08,79.8851,14.2928,120.0782,79.6167,14.3172,120.3602,356.57,352.81,45.39,80.3231,14.2578,119.6549,356.57,352.81,45.39,250.0675,11.9445,279.8723,0.00,100.00,182.67,-11.86,182.67,11.86,12.52
46.29,233.05,79.9641,11.3113,120.5653,8.05,100.00,46.05,7.19,328.80,355.87,6.43,79.6122,14.3284,120.5076,79.3474,14.3471,120.7934,357.41,352.81,46.05,80.0448,14.3024,120.0781,357.41,352.81,46.05,250.0675,11.9445,279.8723,0.00,100.00,182.67,-11.86,182.67,11.86,12.52
46.35,232.96,79.7293,11.3488,120.9531,7.56,100.00,46.43,7.18,327.69,356.19,6.56,79.3638,14.3644,120.8993,79.1009,14.3821,121.1870,357.57,352.82,46.43,79.7934,14.3400,120.4668,357.57,352.82,46.43,250.0675,11.9445,279.8723,0.00,100.00,182.67,-11.86,182.67,11.86,12.52
46.41,232.88,79.4804,11.3533,121.3466,8.15,100.00,47.87,7.08,327.60,355.45,6.39,79.1433,14.3715,121.2638,78.8874,14.3956,121.5573,356.62,352.92,47.87,79.5625,14.3371,120.8219,356.62,352.92,47.87,250.0675,11.9445,279.8723,0.00,100.00,182.67,-11.86,182.67,11.86,12.52
46.47,232.80,79.2480,11.3923,121.7128,7.49,100.00,48.70,7.30,327.64,355.78,6.72,78.8870,14.4079,121.6360,78.6355,14.4301,121.9334,356.90,352.70,48.70,79.2996,14.3765,121.1877,356.90,352.70,48.70,250.0675,11.9445,279.8723,0.00,100.00,182.67,-11.86,182.67,11.86,12.52
46.53,232.72,79.0158,11.4251,122.0792,7.21,100.00,49.56,7.27,327.59,355.38,6.68,78.6678,14.4418,121.9853,78.4205,14.4674,122.2859,356.39,352.73,49.56,79.0740,14.4050,121.5315,356.39,352.73,49.56,250.0675,11.9445,279.8723,0.00,100.00,182.67,-11.86,182.67,11.86,12.52
46.59,232.64,78.7795,11.4636,122.4514,7.42,100.00,49.95,7.48,327.55,355.00,6.86,78.4344,14.4798,122.3356,78.1890,14.5081,122.6375,355.99,352.52,49.95,78.8378,14.4388,121.8797,355.99,352.52,49.95,250.0675,11.9445,279.8723,0.00,100.00,182.67,-11.86,182.67,11.86,12.52
46.65,232.56,78.5429,11.5014,122.8234,7.63,100.00,49.67,7.40,327.05,356.24,6.97,78.1587,14.5144,122.7561,77.9123,14.5346,123.0579,357.19,352.60,49.67,78.5635,14.4860,122.3005,357.19,352.60,49.67,250.0675,11.9445,279.8723,0.00,100.00,182.67,-11.86,182.67,11.86,12.52
46.71,232.49,78.3065,11.5285,123.1882,7.06,100.00,49.62,7.83,326.39,355.99,7.39,77.9115,14.5394,123.0934,77.6646,14.5615,123.3946,356.92,352.17,49.62,78.3171,14.5083,122.6387,356.92,352.17,49.62,250.0675,11.9445,279.8723,0.00,100.00,182.67,-11.86,182.67,11.86,12.52
46.77,232.42,78.0476,11.5700,123.5778,8.16,100.00,49.44,7.63,325.62,355.34,7.15,77.6838,14.5838,123.4565,77.4357,14.6110,123.7563,356.17,352.37,49.44,78.0912,14.5448,123.0040,356.17,352.37,49.44,250.0675,11.9445,279.8723,0.00,100.00,182.67,-11.86,182.67,11.86,12.52
46.83,232.36,77.7986,11.6055,123.9417,7.56,100.00,49.20,7.41,325.07,356.02,7.03,77.4208,14.6186,123.8497,77.1718,14.6416,124.1491,356.79,352.59,49.20,77.8297,14.5860,123.3980,356.79,352.59,49.20,250.0675,11.9445,279.8723,0.00,100.00,182.67,-11.86,182.67,11.86,12.52
46.89,232.30,77.5389,11.6351,124.3136,7.63,100.00,49.10,7.38,324.58,356.19,7.03,77.1566,14.6478,124.2256,76.9070,14.6700,124.5246,356.90,352.62,49.10,77.5661,14.6164,123.7744,356.90,352.62,49.10,250.0675,11.9445,279.8723,0.00,100.00,182.67,-11.86,182.67,11.86,12.52
46.94,232.25,77.2680,11.6743,124.6945,7.97,100.00,48.80,7.60,324.04,356.01,7.26,76.8824,14.6860,124.5888,76.6311,14.7094,124.8864,356.73,352.40,48.80,77.2944,14.6528,124.1402,356.73,352.40,48.80,250.0675,11.9445,279.8723,0.00,100.00,182.67,-11.86,182.67,11.86,12.52
47.00,232.20,76.9938,11.7092,125.0725,8.09,100.00,48.63,7.88,323.61,355.74,7.53,76.6061,14.7198,124.9439,76.3538,14.7451,125.2404,356.44,352.12,48.63,77.0199,14.6837,124.4971,356.44,352.12,48.63,250.0675,11.9445,279.8723,0.00,100.00,182.67,-11.86,182.67,11.86,12.52
47.06,232.16,76.7185,11.7443,125.4459,7.72,100.00,48.41,8.47,323.27,356.13,8.16,76.2927,14.7494,125.3120,76.0392,14.7719,125.6078,356.87,351.53,48.41,76.7081,14.7180,124.8663,356.87,351.53,48.41,250.0675,11.9445,279.8723,0.00,100.00,182.67,-11.86,182.67,11.86,12.52
47.12,232.12,76.4347,11.7790,125.8262,8.05,100.00,48.55,8.56,323.21,355.72,8.22,76.0192,14.7846,125.6730,75.7663,14.8100,125.9689,356.45,351.44,48.55,76.4338,14.7487,125.2269,356.45,351.44,48.55,250.0675,11.9445,279.8723,0.00,100.00,182.67,-11.86,182.67,11.86,12.52
47.18,232.08,76.1612,11.8187,126.1920,7.96,100.00,48.66,8.56,323.21,355.68,8.23,75.7468,14.8244,126.0366,75.4944,14.8501,126.3329,356.39,351.44,48.66,76.1606,14.7879,125.5898,356.39,351.44,48.66,250.0675,11.9445,279.8723,0.00,100.00,182.67,-11.86,182.67,11.86,12.52
47.24,232.04,75.8918,11.8531,126.5522,7.95,100.00,48.66,8.67,323.29,357.08,8.45,75.4238,14.8532,126.4494,75.1721,14.8695,126.7470,357.80,351.33,48.66,75.8365,14.8316,126.0006,357.80,351.33,48.66,250.0675,11.9445,279.8723,0.00,100.00,182.67,-11.86,182.67,11.86,12.52
47.30,232.01,75.6235,11.8780,126.9121,7.51,100.00,48.55,8.86,323.04,356.16,8.57,75.1798,14.8800,126.7652,74.9270,14.9024,127.0615,356.89,351.14,48.55,75.5942,14.8488,126.3186,356.89,351.14,48.55,250.0675,11.9445,279.8723,0.00,100.00,182.67,-11.86,182.67,11.86,12.52
47.36,231.97,75.3357,11.9141,127.2944,8.05,100.00,48.40,8.91,322.86,355.99,8.61,74.8966,14.9163,127.1376,74.6429,14.9399,127.4330,356.71,351.09,48.40,75.3124,14.8833,126.6923,356.71,351.09,48.40,250.0675,11.9445,279.8723,0.00,100.00,182.67,-11.86,182.67,11.86,12.52
47.41,231.94,75.0449,11.9110,127.6784,8.37,100.00,48.25,8.95,322.76,356.37,8.68,74.5913,14.9116,127.5344,74.3370,14.9326,127.8296,357.10,351.05,48.25,75.0079,14.8826,127.0897,357.10,351.05,48.25,250.0675,11.9445,279.8723,0.00,100.00,182.67,-11.86,182.67,11.86,12.52
47.47,231.91,74.7684,11.9475,128.0422,7.94,100.00,48.23,8.65,322.61,355.36,8.30,74.3629,14.9533,127.8668,74.1081,14.9814,128.1608,356.05,351.35,48.23,74.7804,14.9133,127.4237,356.05,351.35,48.23,250.0675,11.9445,279.8723,0.00,100.00,182.67,-11.86,182.67,11.86,12.52
47.53,231.88,74.4953,11.9822,128.3995,7.96,100.00,48.23,8.67,322.79,356.58,8.41,74.0458,14.9842,128.2728,73.7916,15.0039,128.5681,357.29,351.33,48.23,74.4624,14.9572,127.8278,357.29,351.33,48.23,250.0675,11.9445,279.8723,0.00,100.00,182.67,-11.86,182.67,11.86,12.52
47.58,231.86,74.2326,12.0132,128.7455,7.63,100.00,48.24,8.90,322.79,356.57,8.64,73.7738,15.0135,128.6112,73.5196,15.0332,128.9064,357.30,351.10,48.24,74.1903,14.9866,128.1662,357.30,351.10,48.24,250.0675,11.9445,279.8723,0.00,100.00,182.67,-11.86,182.67,11.86,12.52
47.64,231.83,73.9726,12.0417,129.0879,7.24,100.00,48.25,9.18,322.75,356.29,8.90,73.5117,15.0407,128.9338,73.2574,15.0621,129.2289,357.05,350.82,48.25,73.9284,15.0112,128.4892,357.05,350.82,48.25,250.0675,11.9445,279.8723,0.00,100.00,182.67,-11.86,182.67,11.86,12.52
47.70,231.81,73.7067,12.0725,129.4374,7.45,100.00,48.26,9.21,322.66,355.76,8.89,73.2635,15.0729,129.2606,73.0089,15.0980,129.5551,356.50,350.79,48.26,73.6807,15.0378,128.8168,356.50,350.79,48.26,250.0675,11.9445,279.8723,0.00,100.00,182.67,-11.86,182.67,11.86,12.52
47.76,231.78,73.4474,12.1031,129.7774,7.38,100.00,48.27,9.50,322.75,356.32,9.23,72.9720,15.0994,129.6145,72.7177,15.1205,129.9096,357.10,350.50,48.27,73.3886,15.0706,129.1698,357.10,350.50,48.27,250.0675,11.9445,279.8723,0.00,100.00,182.67,-11.86,182.67,11.86,12.52
47.82,231.76,73.1977,12.1321,130.1057,7.12,100.00,48.27,9.36,322.89,357.20,9.16,72.6972,15.1262,129.9826,72.4435,15.1414,130.2785,357.98,350.64,48.27,73.1130,15.1066,129.5365,357.98,350.64,48.27,250.0675,11.9445,279.8723,0.00,100.00,182.67,-11.86,182.67,11.86,12.52
47.88,231.74,72.9536,12.1558,130.4284,7.16,100.00,48.48,9.52,322.80,356.64,9.28,72.4659,15.1507,130.2772,72.2128,15.1699,130.5735,357.39,350.48,48.48,72.8806,15.1250,129.8305,357.39,350.48,48.48,250.0675,11.9445,279.8723,0.00,100.00,182.67,-11.86,182.67,11.86,12.52
47.94,231.72,72.7125,12.1813,130.7462,6.66,100.00,48.64,9.81,322.74,356.73,9.59,72.2091,15.1733,130.5891,71.9569,15.1919,130.8861,357.47,350.19,48.64,72.6227,15.1484,130.1413,357.47,350.19,48.64,250.0675,11.9445,279.8723,0.00,100.00,182.67,-11.86,182.67,11.86,12.52
47.99,231.70,72.4531,12.1684,131.0871,7.50,100.00,48.55,9.68,322.69,356.98,9.48,71.9466,15.1605,130.9435,71.6940,15.1775,131.2404,357.72,350.32,48.55,72.3605,15.1382,130.4959,357.72,350.32,48.55,250.0675,11.9445,279.8723,0.00,100.00,182.67,-11.86,182.67,11.86,12.52
48.05,231.68,72.2109,12.1994,131.4050,7.01,100.00,48.55,9.82,322.59,356.34,9.57,71.7212,15.1927,131.2309,71.4682,15.2141,131.5271,357.07,350.18,48.55,72.1358,15.1637,130.7842,357.07,350.18,48.55,250.0675,11.9445,279.8723,0.00,100.00,182.67,-11.86,182.67,11.86,12.52
48.11,231.66,71.9728,12.2223,131.7163,6.82,100.00,48.78,9.67,322.77,357.43,9.51,71.4507,15.2126,131.5906,71.1997,15.2268,131.8889,358.13,350.33,48.78,71.8624,15.1946,131.1407,358.13,350.33,48.78,250.0675,11.9445,279.8723,0.00,100.00,182.67,-11.86,182.67,11.86,12.52
48.16,231.65,71.7308,12.2493,132.0347,7.13,100.00,48.90,9.58,322.55,356.72,9.38,71.2372,15.2432,131.8821,70.9862,15.2625,132.1802,357.37,350.42,48.90,71.6487,15.2172,131.4325,357.37,350.42,48.90,250.0675,11.9445,279.8723,0.00,100.00,182.67,-11.86,182.67,11.86,12.52
48.22,231.63,71.4906,12.2725,132.3483,6.88,100.00,48.80,9.75,322.60,357.64,9.61,70.9580,15.2611,132.2269,70.7072,15.2741,132.5255,358.31,350.25,48.80,71.3693,15.2451,131.7766,358.31,350.25,48.80,250.0675,11.9445,279.8723,0.00,100.00,182.67,-11.86,182.67,11.86,12.52
48.28,231.62,71.2496,12.3016,132.6635,7.39,100.00,48.81,9.88,322.57,357.46,9.73,70.7177,15.2899,132.5305,70.4668,15.3041,132.8289,358.14,350.12,48.81,71.1292,15.2721,132.0805,358.14,350.12,48.81,250.0675,11.9445,279.8723,0.00,100.00,182.67,-11.86,182.67,11.86,12.52
48.33,231.60,71.0285,12.2889,132.9524,6.49,100.00,49.06,9.87,322.57,357.46,9.73,70.4965,15.2771,132.8195,70.2469,15.2916,133.1189,358.10,350.13,49.06,70.9061,15.2588,132.3677,358.10,350.13,49.06,250.0675,11.9445,279.8723,0.00,100.00,182.67,-11.86,182.67,11.86,12.52
48.39,231.59,70.8025,12.3074,133.2476,6.40,100.00,49.33,10.19,322.68,358.11,10.09,70.2350,15.2898,133.1312,69.9872,15.3001,133.4323,358.73,349.81,49.33,70.6417,15.2782,132.6766,358.73,349.81,49.33,250.0675,11.9445,279.8723,0.00,100.00,182.67,-11.86,182.67,11.86,12.52
48.45,231.58,70.5740,12.3279,133.5474,6.77,100.00,49.33,10.00,322.67,358.04,9.90,70.0166,15.3123,133.4341,69.7687,15.3231,133.7352,358.65,350.00,49.33,70.4234,15.2999,132.9796,358.65,350.00,49.33,250.0675,11.9445,279.8723,0.00,100.00,182.67,-11.86,182.67,11.86,12.52
48.50,231.57,70.3520,12.3415,133.8386,6.24,100.00,49.25,10.22,322.62,358.25,10.13,69.7786,15.3229,133.7261,69.5305,15.3323,134.0270,358.87,349.78,49.25,70.1858,15.3129,133.2719,358.87,349.78,49.25,250.0675,11.9445,279.8723,0.00,100.00,182.67,-11.86,182.67,11.86,12.52
48.56,231.56,70.1147,12.3608,134.1492,6.87,100.00,49.16,10.23,322.45,357.83,10.12,69.5552,15.3441,134.0181,69.3063,15.3563,134.3182,358.45,349.77,49.16,69.9637,15.3296,133.5652,358.45,349.77,49.16,250.0675,11.9445,279.8723,0.00,100.00,182.67,-11.86,182.67,11.86,12.52
48.62,231.55,69.8806,12.3830,134.4537,6.96,100.00,49.01,10.27,322.39,358.24,10.19,69.3057,15.3639,134.3367,69.0563,15.3733,134.6366,358.86,349.73,49.01,69.7148,15.3538,133.8842,358.86,349.73,49.01,250.0675,11.9445,279.8723,0.00,100.00,182.67,-11.86,182.67,11.86,12.52
48.67,231.54,69.6503,12.3946,134.7526,6.46,100.00,49.13,10.25,322.18,357.86,10.14,69.0895,15.3775,134.6197,68.8404,15.3897,134.9197,358.44,349.75,49.13,69.4982,15.3629,134.1670,358.44,349.75,49.13,250.0675,11.9445,279.8723,0.00,100.00,182.67,-11.86,182.67,11.86,12.52
48.73,231.53,69.4025,12.3792,135.0719,7.14,100.00,49.28,10.30,322.21,358.59,10.24,68.8146,15.3580,134.9662,68.5669,15.3656,135.2675,359.14,349.70,49.28,69.2212,15.3508,134.5114,359.14,349.70,49.28,250.0675,11.9445,279.8723,0.00,100.00,182.67,-11.86,182.67,11.86,12.52
48.79,231.53,69.1594,12.3931,135.3854,7.00,100.00,49.19,10.29,322.10,358.47,10.22,68.5761,15.3726,135.2742,68.3278,15.3810,135.5749,359.02,349.71,49.19,68.9836,15.3641,134.8202,359.02,349.71,49.19,250.0675,11.9445,279.8723,0.00,100.00,182.67,-11.86,182.67,11.86,12.52
48.84,231.52,68.9204,12.4120,135.6925,7.11,100.00,49.19,10.57,322.21,359.10,10.54,68.3038,15.3854,135.5979,68.0560,15.3895,135.8993,359.67,349.43,49.19,68.7104,15.3838,135.1431,359.67,349.43,49.19,250.0675,11.9445,279.8723,0.00,100.00,182.67,-11.86,182.67,11.86,12.52
48.90,231.52,68.6944,12.4246,135.9839,6.51,100.00,49.41,10.60,322.15,358.76,10.55,68.0884,15.3996,135.8744,67.8415,15.4063,136.1764,359.28,349.40,49.41,68.4938,15.3939,135.4185,359.28,349.40,49.41,250.0675,11.9445,279.8723,0.00,100.00,182.67,-11.86,182.67,11.86,12.52
48.96,231.51,68.4575,12.4387,136.2888,6.93,100.00,49.59,10.64,322.19,359.16,10.61,67.8360,15.4111,136.1944,67.5903,15.4152,136.4975,359.66,349.36,49.59,68.2393,15.4093,135.7367,359.66,349.36,49.59,250.0675,11.9445,279.8723,0.00,100.00,182.67,-11.86,182.67,11.86,12.52
49.01,231.51,68.2217,12.4130,136.5926,6.88,100.00,49.56,10.65,322.16,359.22,10.62,67.5982,15.3850,136.4999,67.3524,15.3888,136.8028,359.71,349.35,49.56,68.0018,15.3839,136.0424,359.71,349.35,49.56,250.0675,11.9445,279.8723,0.00,100.00,182.67,-11.86,182.67,11.86,12.52
49.07,231.51,67.9818,12.4141,136.9015,6.57,100.00,49.48,10.73,322.28,0.23,10.75,67.3206,15.3789,136.8476,67.0754,15.3758,137.1510,0.75,349.27,49.48,67.7232,15.3887,136.3893,0.75,349.27,49.48,250.0675,11.9445,279.8723,0.00,100.00,182.67,-11.86,182.67,11.86,12.52
49.13,231.51,67.7241,12.4231,137.2346,7.48,100.00,49.63,10.67,322.06,359.51,10.66,67.0898,15.3931,137.1517,66.8446,15.3951,137.4552,359.97,349.33,49.63,67.4924,15.3946,136.6933,359.97,349.33,49.63,250.0675,11.9445,279.8723,0.00,100.00,182.67,-11.86,182.67,11.86,12.52
49.18,231.51,67.4765,12.4309,137.5521,6.99,100.00,49.81,10.22,322.06,359.90,10.22,66.8476,15.4027,137.4991,66.6037,15.4024,137.8036,0.31,349.78,49.81,67.2483,15.4077,137.0391,0.31,349.78,49.81,250.0675,11.9445,279.8723,0.00,100.00,182.67,-11.86,182.67,11.86,12.52
49.24,231.51,67.2201,12.4344,137.8810,7.30,100.00,49.99,10.38,322.05,0.20,10.39,66.5745,15.4028,137.8346,66.3319,15.4008,138.1401,0.57,349.62,49.99,66.9734,15.4106,137.3730,0.57,349.62,49.99,250.0675,11.9445,279.8723,0.00,100.00,182.67,-11.86,182.67,11.86,12.52
49.30,231.51,66.9703,12.4432,138.2011,7.36,100.00,50.24,10.85,321.96,359.73,10.85,66.3213,15.4101,138.1200,66.0795,15.4116,138.4261,0.06,349.15,50.24,66.7189,15.4126,137.6573,0.06,349.15,50.24,250.0675,11.9445,279.8723,0.00,100.00,182.67,-11.86,182.67,11.86,12.52
49.36,231.51,66.7335,12.4456,138.5038,6.60,100.00,50.44,11.04,322.12,0.58,11.06,66.0486,15.4050,138.4522,65.8087,15.4010,138.7598,0.89,348.96,50.44,66.4432,15.4163,137.9871,0.89,348.96,50.44,250.0675,11.9445,279.8723,0.00,100.00,182.67,-11.86,182.67,11.86,12.52
49.41,231.51,66.4811,12.4423,138.8281,7.03,100.00,50.60,11.09,322.11,0.77,11.11,65.7883,15.4000,138.7828,65.5495,15.3950,139.0912,1.05,348.91,50.60,66.1814,15.4129,138.3164,1.05,348.91,50.60,250.0675,11.9445,279.8723,0.00,100.00,182.67,-11.86,182.67,11.86,12.52
49.47,231.51,66.2246,12.4085,139.1579,7.52,100.00,50.79,11.09,322.07,0.78,11.11,65.5315,15.3662,139.1124,65.2937,15.3614,139.4216,1.01,348.91,50.79,65.9231,15.3787,138.6447,1.01,348.91,50.79,250.0675,11.9445,279.8723,0.00,100.00,182.67,-11.86,182.67,11.86,12.52
49.53,231.52,65.9771,12.4078,139.4754,7.10,100.00,51.02,10.63,322.08,0.88,10.65,65.2996,15.3693,139.4491,65.0631,15.3640,139.7593,1.06,349.37,51.02,65.6893,15.3822,138.9798,1.06,349.37,51.02,250.0675,11.9445,279.8723,0.00,100.00,182.67,-11.86,182.67,11.86,12.52
49.58,231.52,65.7225,12.4049,139.8022,7.06,100.00,51.01,10.58,322.06,0.90,10.59,65.0468,15.3668,139.7779,64.8101,15.3614,140.0880,1.08,349.42,51.01,65.4365,15.3799,139.3087,1.08,349.42,51.01,250.0675,11.9445,279.8723,0.00,100.00,182.67,-11.86,182.67,11.86,12.52
49.64,231.53,65.4641,12.4025,140.1337,7.44,100.00,51.01,10.73,322.01,0.64,10.74,64.7903,15.3647,140.0938,64.5534,15.3611,140.4037,0.82,349.27,51.01,65.1805,15.3752,139.6249,0.82,349.27,51.01,250.0675,11.9445,279.8723,0.00,100.00,182.67,-11.86,182.67,11.86,12.52
49.70,231.54,65.2196,12.3938,140.4468,6.66,100.00,51.20,10.87,322.18,1.54,10.89,64.5113,15.3482,140.4406,64.2764,15.3387,140.7519,1.70,349.13,51.20,64.8984,15.3678,139.9694,1.70,349.13,51.20,250.0675,11.9445,279.8723,0.00,100.00,182.67,-11.86,182.67,11.86,12.52
49.76,231.54,64.9592,12.3892,140.7823,7.30,100.00,51.35,11.06,322.04,0.99,11.07,64.2609,15.3457,140.7464,64.0262,15.3402,141.0580,1.11,348.94,51.35,64.6477,15.3592,140.2748,1.11,348.94,51.35,250.0675,11.9445,279.8723,0.00,100.00,182.67,-11.86,182.67,11.86,12.52
49.81,231.55,64.7015,12.3882,141.1126,7.55,100.00,51.32,10.73,322.18,1.89,10.75,63.9876,15.3412,141.1251,63.7537,15.3296,141.4371,2.02,349.27,51.32,64.3732,15.3642,140.6529,2.02,349.27,51.32,250.0675,11.9445,279.8723,0.00,100.00,182.67,-11.86,182.67,11.86,12.52
49.87,231.56,64.4610,12.3745,141.4223,6.58,100.00,51.33,10.61,322.12,1.61,10.63,63.7613,15.3310,141.4268,63.5271,15.3212,141.7386,1.73,349.39,51.33,64.1473,15.3509,140.9548,1.73,349.39,51.33,250.0675,11.9445,279.8723,0.00,100.00,182.67,-11.86,182.67,11.86,12.52
49.93,231.57,64.2075,12.3355,141.7483,7.30,100.00,51.48,10.93,322.03,1.13,10.94,63.5103,15.2924,141.7217,63.2764,15.2862,142.0339,1.21,349.07,51.48,63.8958,15.3069,141.2491,1.21,349.07,51.48,250.0675,11.9445,279.8723,0.00,100.00,182.67,-11.86,182.67,11.86,12.52
49.99,231.57,63.9703,12.3264,142.0522,6.43,100.00,51.65,11.19,322.17,1.86,11.20,63.2393,15.2753,142.0490,63.0072,15.2644,142.3624,1.92,348.81,51.65,63.6222,15.2974,141.5745,1.92,348.81,51.65,250.0675,11.9445,279.8723,0.00,100.00,182.67,-11.86,182.67,11.86,12.52
50.05,231.58,63.7262,12.3138,142.3665,6.69,100.00,51.93,10.72,322.12,1.60,10.72,63.0229,15.2694,142.3676,62.7919,15.2605,142.6819,1.61,349.28,51.93,63.4042,15.2881,141.8917,1.61,349.28,51.93,250.0675,11.9445,279.8723,0.00,100.00,182.67,-11.86,182.67,11.86,12.52
50.11,231.59,63.4803,12.3065,142.6826,6.89,100.00,52.14,10.64,322.07,1.56,10.63,62.7818,15.2632,142.6843,62.5518,15.2548,142.9993,1.52,349.36,52.14,63.1614,15.2810,142.2071,1.52,349.36,52.14,250.0675,11.9445,279.8723,0.00,100.00,182.67,-11.86,182.67,11.86,12.52
50.17,231.61,63.2367,12.2979,142.9952,6.72,100.00,52.39,9.86,322.00,1.40,9.85,62.5751,15.2630,143.0146,62.3461,15.2559,143.3304,1.32,350.14,52.39,62.9531,15.2786,142.5360,1.32,350.14,52.39,250.0675,11.9445,279.8723,0.00,100.00,182.67,-11.86,182.67,11.86,12.52
50.23,231.62,62.9859,12.2907,143.3162,6.95,100.00,52.57,9.73,321.89,1.39,9.71,62.3303,15.2572,143.3383,62.1023,15.2504,143.6548,1.26,350.27,52.57,62.7070,15.2721,142.8587,1.26,350.27,52.57,250.0675,11.9445,279.8723,0.00,100.00,182.67,-11.86,182.67,11.86,12.52
50.28,231.63,62.7329,12.2874,143.6388,7.18,100.00,52.66,10.08,321.69,0.86,10.07,62.0797,15.2545,143.6256,61.8516,15.2517,143.9421,0.68,349.92,52.66,62.4565,15.2633,143.1459,0.68,349.92,52.66,250.0675,11.9445,279.8723,0.00,100.00,182.67,-11.86,182.67,11.86,12.52
50.34,231.65,62.4824,12.2824,143.9559,6.83,100.00,52.84,9.75,321.73,1.28,9.72,61.8299,15.2496,143.9714,61.6032,15.2441,144.2888,1.07,350.25,52.84,62.2047,15.2626,143.4901,1.07,350.25,52.84,250.0675,11.9445,279.8723,0.00,100.00,182.67,-11.86,182.67,11.86,12.52
50.40,231.67,62.2197,12.2733,144.2888,7.14,100.00,52.96,9.88,321.66,1.11,9.85,61.5674,15.2405,144.2921,61.3412,15.2365,144.6099,0.87,350.12,52.96,61.9414,15.2514,143.8102,0.87,350.12,52.96,250.0675,11.9445,279.8723,0.00,100.00,182.67,-11.86,182.67,11.86,12.52
50.46,231.69,61.9521,12.2647,144.6272,7.19,100.00,53.10,9.71,321.67,1.34,9.67,61.2997,15.2319,144.6459,61.0745,15.2264,144.9644,1.08,350.29,53.10,61.6722,15.2449,144.1629,1.08,350.29,53.10,250.0675,11.9445,279.8723,0.00,100.00,182.67,-11.86,182.67,11.86,12.52
50.52,231.71,61.6789,12.2567,144.9728,7.40,100.00,53.21,9.33,321.53,0.71,9.31,61.0614,15.2314,144.9759,60.8361,15.2302,145.2944,0.42,350.67,53.21,61.4340,15.2375,144.4929,0.42,350.67,53.21,250.0675,11.9445,279.8723,0.00,100.00,182.67,-11.86,182.67,11.86,12.52
50.58,231.73,61.4033,12.2533,145.3195,7.40,100.00,53.33,9.26,321.49,0.59,9.25,60.7923,15.2293,145.3199,60.5675,15.2290,145.6387,0.29,350.74,53.33,61.1641,15.2339,144.8362,0.29,350.74,53.33,250.0675,11.9445,279.8723,0.00,100.00,182.67,-11.86,182.67,11.86,12.52
50.64,231.75,61.1228,12.2532,145.6720,7.43,100.00,53.31,8.88,321.35,359.85,8.89,60.5505,15.2368,145.6520,60.3250,15.2414,145.9704,359.55,351.12,53.31,60.9234,15.2336,145.1693,359.55,351.12,53.31,250.0675,11.9445,279.8723,0.00,100.00,182.67,-11.86,182.67,11.86,12.52
50.70,231.78,60.8346,12.2553,146.0324,7.63,100.00,53.30,8.05,321.30,359.53,8.07,60.3060,15.2471,146.0258,60.0803,15.2535,146.3439,359.25,351.95,53.30,60.6794,15.2406,145.5434,359.25,351.95,53.30,250.0675,11.9445,279.8723,0.00,100.00,182.67,-11.86,182.67,11.86,12.52
50.76,231.81,60.5431,12.2598,146.3961,7.83,100.00,53.29,7.66,321.32,359.73,7.68,60.0240,15.2532,146.4106,59.7984,15.2581,146.7289,359.47,352.34,53.29,60.3972,15.2490,145.9280,359.47,352.34,53.29,250.0675,11.9445,279.8723,0.00,100.00,182.67,-11.86,182.67,11.86,12.52
50.82,231.84,60.2529,12.2674,146.7586,7.86,100.00,53.31,7.23,321.26,359.07,7.27,59.7721,15.2673,146.7589,59.5463,15.2765,147.0769,358.82,352.77,53.31,60.1457,15.2560,146.2767,358.82,352.77,53.31,250.0675,11.9445,279.8723,0.00,100.00,182.67,-11.86,182.67,11.86,12.52
50.88,231.87,59.9614,12.2774,147.1220,7.83,100.00,53.41,7.15,321.27,358.95,7.19,59.4876,15.2783,147.1199,59.2622,15.2884,147.4382,358.69,352.85,53.41,59.8605,15.2657,146.6372,358.69,352.85,53.41,250.0675,11.9445,279.8723,0.00,100.00,182.67,-11.86,182.67,11.86,12.52
50.94,231.90,59.6645,12.2863,147.4921,7.56,100.00,53.52,6.56,321.26,358.46,6.63,59.2300,15.2932,147.4885,59.0051,15.3064,147.8070,358.21,353.44,53.52,59.6022,15.2754,147.0054,358.21,353.44,53.52,250.0675,11.9445,279.8723,0.00,100.00,182.67,-11.86,182.67,11.86,12.52
51.00,231.94,59.3479,12.2991,147.8868,8.22,100.00,53.67,6.08,321.23,357.65,6.18,58.9584,15.3120,147.8643,58.7341,15.3307,148.1830,357.40,353.92,53.67,59.3298,15.2856,147.3810,357.40,353.92,53.67,250.0675,11.9445,279.8723,0.00,100.00,182.67,-11.86,182.67,11.86,12.52
51.07,231.97,59.0429,12.3214,148.2665,7.83,100.00,53.77,5.69,321.19,357.26,5.81,58.6812,15.3378,148.2397,58.4574,15.3590,148.5586,357.01,354.31,53.77,59.0518,15.3072,147.7560,357.01,354.31,53.77,250.0675,11.9445,279.8723,0.00,100.00,182.67,-11.86,182.67,11.86,12.52
51.13,232.01,58.7399,12.3462,148.6431,8.00,100.00,53.87,5.32,321.16,356.95,5.46,58.4027,15.3654,148.6151,58.1795,15.3886,148.9342,356.71,354.68,53.87,58.7725,15.3315,148.1310,356.71,354.68,53.87,250.0675,11.9445,279.8723,0.00,100.00,182.67,-11.86,182.67,11.86,12.52
51.19,232.04,58.4514,12.3684,149.0014,7.14,100.00,53.98,5.09,321.06,355.92,5.29,58.1557,15.3914,148.9361,57.9329,15.4216,149.2549,355.67,354.91,53.98,58.5248,15.3464,148.4524,355.67,354.91,53.98,250.0675,11.9445,279.8723,0.00,100.00,182.67,-11.86,182.67,11.86,12.52
51.25,232.08,58.1497,12.4396,149.3746,7.78,100.00,53.93,4.49,321.04,355.73,4.70,57.8844,15.4657,149.3206,57.6616,15.4969,149.6393,355.51,355.51,53.93,58.2535,15.4188,148.8371,355.51,355.51,53.93,250.0675,11.9445,279.8723,0.00,100.00,182.67,-11.86,182.67,11.86,12.52
51.32,232.12,57.8640,12.4729,149.7281,7.37,100.00,53.92,4.35,321.00,355.23,4.59,57.6200,15.5004,149.6570,57.3972,15.5349,149.9754,355.01,355.65,53.92,57.9892,15.4483,149.1741,355.01,355.65,53.92,250.0675,11.9445,279.8723,0.00,100.00,182.67,-11.86,182.67,11.86,12.52
51.38,232.16,57.5863,12.5158,150.0709,7.27,100.00,53.94,3.89,320.90,353.93,4.19,57.4020,15.5463,149.9592,57.1796,15.5895,150.2768,353.73,356.11,53.94,57.7706,15.4805,149.4776,353.73,356.11,53.94,250.0675,11.9445,279.8723,0.00,100.00,182.67,-11.86,182.67,11.86,12.52
51.44,232.20,57.3090,12.5550,150.4122,6.87,100.00,54.02,3.05,321.00,354.01,3.35,57.1564,15.5883,150.3318,56.9349,15.6305,150.6502,353.85,356.95,54.02,57.5236,15.5236,149.8490,353.85,356.95,54.02,250.0675,11.9445,279.8723,0.00,100.00,182.67,-11.86,182.67,11.86,12.52
51.50,232.24,57.0136,12.6012,150.7771,7.49,100.00,54.21,2.91,321.10,353.98,3.22,56.8670,15.6348,150.6997,56.6467,15.6773,151.0188,353.82,357.09,54.21,57.2325,15.5697,150.2155,353.82,357.09,54.21,250.0675,11.9445,279.8723,0.00,100.00,182.67,-11.86,182.67,11.86,12.52
51.57,232.28,56.7209,12.6443,151.1399,7.09,100.00,54.35,2.28,321.18,353.54,2.63,56.6135,15.6796,151.0640,56.3944,15.7247,151.3836,353.41,357.72,54.35,56.9771,15.6100,150.5790,353.41,357.72,54.35,250.0675,11.9445,279.8723,0.00,100.00,182.67,-11.86,182.67,11.86,12.52
51.64,232.33,56.4105,12.7336,151.5256,7.54,100.00,54.35,1.54,321.20,351.57,1.99,56.3947,15.7686,151.3895,56.1768,15.8267,151.7079,351.48,358.46,54.35,56.7565,15.6785,150.9066,351.48,358.46,54.35,250.0675,11.9445,279.8723,0.00,100.00,182.67,-11.86,182.67,11.86,12.52
51.70,232.38,56.0942,12.8001,151.9189,7.97,100.00,54.35,0.98,321.28,351.41,1.43,56.1067,15.8356,151.7944,55.8893,15.8945,152.1129,351.34,359.02,54.35,56.4676,15.7440,151.3111,351.34,359.02,54.35,250.0675,11.9445,279.8723,0.00,100.00,182.67,-11.86,182.67,11.86,12.52
51.77,232.42,55.7885,12.8530,152.3002,7.06,100.00,54.63,0.76,321.38,352.59,1.18,55.7720,15.8903,152.2327,55.5558,15.9411,152.5534,352.53,359.24,54.63,56.1311,15.8112,151.7458,352.53,359.24,54.63,250.0675,11.9445,279.8723,0.00,100.00,182.67,-11.86,182.67,11.86,12.52
51.84,232.47,55.4622,12.9553,152.7086,7.85,100.00,54.79,0.25,321.34,350.21,0.83,55.5389,15.9885,152.5541,55.3253,16.0551,152.8736,350.17,359.75,54.79,55.8940,15.8845,152.0690,350.17,359.75,54.79,250.0675,11.9445,279.8723,0.00,100.00,182.67,-11.86,182.67,11.86,12.52
51.91,232.52,55.1532,13.0234,153.0948,7.38,100.00,54.99,0.24,321.34,350.41,0.84,55.2227,16.0572,152.9483,55.0100,16.1224,153.2688,350.37,359.76,54.99,55.5763,15.9552,152.4617,350.37,359.76,54.99,250.0675,11.9445,279.8723,0.00,100.00,182.67,-11.86,182.67,11.86,12.52
51.97,232.57,54.8406,13.1053,153.4856,7.86,100.00,55.10,-0.45,321.38,349.54,0.24,54.9638,16.1365,153.3228,54.7530,16.2072,153.6434,349.54,0.45,55.10,55.3145,16.0257,152.8360,349.54,0.45,55.10,250.0675,11.9445,279.8723,0.00,100.00,182.67,-11.86,182.67,11.86,12.52
52.04,232.62,54.5396,13.2101,153.8624,7.12,100.00,55.00,-1.26,321.42,350.21,359.37,54.6759,16.2433,153.7561,54.4648,16.3090,154.0775,350.27,1.26,55.00,55.0271,16.1401,153.2680,350.27,1.26,55.00,250.0675,11.9445,279.8723,0.00,100.00,182.67,-11.86,182.67,11.86,12.52
52.11,232.67,54.2116,13.2908,154.2735,7.85,100.00,55.03,-1.34,321.46,350.28,359.28,54.3494,16.3241,154.1727,54.1384,16.3893,154.4944,350.35,1.34,55.03,54.7003,16.2216,153.6844,350.35,1.34,55.03,250.0675,11.9445,279.8723,0.00,100.00,182.67,-11.86,182.67,11.86,12.52
52.17,232.73,53.8868,13.4068,154.6813,8.03,100.00,55.00,-1.69,321.50,350.07,358.93,54.0456,16.4392,154.5833,53.8350,16.5055,154.9049,350.16,1.69,55.00,54.3960,16.3347,154.0949,350.16,1.69,55.00,250.0675,11.9445,279.8723,0.00,100.00,182.67,-11.86,182.67,11.86,12.52
52.24,232.78,53.5749,13.4916,155.0733,7.82,100.00,54.98,-1.82,321.51,349.57,358.83,53.7543,16.5222,154.9578,53.5441,16.5918,155.2790,349.66,1.82,54.98,54.1040,16.4125,154.4701,349.66,1.82,54.98,250.0675,11.9445,279.8723,0.00,100.00,182.67,-11.86,182.67,11.86,12.52
52.30,232.83,53.2773,13.5726,155.4476,7.45,100.00,55.02,-2.62,321.51,349.31,358.07,53.4967,16.6011,155.3464,53.2878,16.6719,155.6682,349.46,2.62,55.02,53.8445,16.4891,154.8578,349.46,2.62,55.02,250.0675,11.9445,279.8723,0.00,100.00,182.67,-11.86,182.67,11.86,12.52
52.37,232.88,52.9754,13.6470,155.8273,7.36,100.00,55.21,-2.86,321.51,350.47,357.79,53.1681,16.6786,155.7837,52.9594,16.7415,156.1072,350.64,2.86,55.21,53.5157,16.5791,155.2922,350.64,2.86,55.21,250.0675,11.9445,279.8723,0.00,100.00,182.67,-11.86,182.67,11.86,12.52
52.44,232.94,52.6610,13.7630,156.2227,8.05,100.00,55.23,-2.99,321.55,350.26,357.66,52.8657,16.7938,156.1740,52.6574,16.8580,156.4975,350.44,2.99,55.23,53.2126,16.6920,155.6826,350.44,2.99,55.23,250.0675,11.9445,279.8723,0.00,100.00,182.67,-11.86,182.67,11.86,12.52
52.50,233.00,52.3538,13.8464,156.6096,7.67,100.00,55.27,-2.92,321.62,349.46,357.79,52.5795,16.8749,156.5235,52.3722,16.9445,156.8466,349.63,2.92,55.27,52.9250,16.7647,156.0329,349.63,2.92,55.27,250.0675,11.9445,279.8723,0.00,100.00,182.67,-11.86,182.67,11.86,12.52
52.57,233.06,52.0399,13.9220,157.0059,7.58,100.00,55.24,-3.30,321.64,349.82,357.38,52.2703,16.9508,156.9482,52.0627,17.0177,157.2717,350.02,3.30,55.24,52.6160,16.8447,156.4569,350.02,3.30,55.24,250.0675,11.9445,279.8723,0.00,100.00,182.67,-11.86,182.67,11.86,12.52
52.63,233.12,51.7220,14.0358,157.4074,7.92,100.00,55.24,-3.30,321.61,350.44,357.34,51.9338,17.0663,157.3770,51.7256,17.1291,157.7009,350.64,3.30,55.24,52.2805,16.9668,156.8849,350.64,3.30,55.24,250.0675,11.9445,279.8723,0.00,100.00,182.67,-11.86,182.67,11.86,12.52
52.70,233.17,51.4158,14.0966,157.7939,7.20,100.00,55.49,-3.64,321.55,351.54,356.97,51.6070,17.1286,157.8212,51.3995,17.1836,158.1469,351.78,3.64,55.49,51.9527,17.0409,157.3262,351.78,3.64,55.49,250.0675,11.9445,279.8723,0.00,100.00,182.67,-11.86,182.67,11.86,12.52
52.77,233.24,51.0908,14.1658,158.2032,7.90,100.00,55.80,-3.58,321.56,351.50,357.08,51.2786,17.1981,158.2253,51.0728,17.2533,158.5522,351.75,3.58,55.80,51.6216,17.1101,157.7286,351.75,3.58,55.80,250.0675,11.9445,279.8723,0.00,100.00,182.67,-11.86,182.67,11.86,12.52
52.84,233.30,50.7727,14.2641,158.6040,7.86,100.00,55.78,-3.75,321.55,351.79,356.89,50.9590,17.2962,158.6444,50.7530,17.3493,158.9714,352.05,3.75,55.78,51.3024,17.2114,158.1473,352.05,3.75,55.78,250.0675,11.9445,279.8723,0.00,100.00,182.67,-11.86,182.67,11.86,12.52
52.90,233.36,50.4630,14.3193,158.9939,7.64,100.00,55.75,-4.05,321.48,352.86,356.50,50.6298,17.3512,159.0916,50.4228,17.3969,159.4192,353.15,4.05,55.75,50.9747,17.2780,158.5938,353.15,4.05,55.75,250.0675,11.9445,279.8723,0.00,100.00,182.67,-11.86,182.67,11.86,12.52
52.97,233.43,50.1617,14.3670,159.3726,7.12,100.00,55.77,-3.84,321.46,353.29,356.68,50.3065,17.3997,159.4824,50.0992,17.4425,159.8101,353.57,3.84,55.77,50.6520,17.3309,158.9843,353.57,3.84,55.77,250.0675,11.9445,279.8723,0.00,100.00,182.67,-11.86,182.67,11.86,12.52
53.04,233.50,49.8431,14.4352,159.7725,7.28,100.00,55.87,-3.17,321.46,353.91,357.31,49.9421,17.4695,159.8871,49.7346,17.5087,160.2151,354.14,3.17,55.87,50.2880,17.4068,159.3885,354.14,3.17,55.87,250.0675,11.9445,279.8723,0.00,100.00,182.67,-11.86,182.67,11.86,12.52
53.11,233.57,49.5078,14.4774,160.1934,7.94,100.00,56.13,-3.59,321.48,354.01,356.91,49.6198,17.5105,160.3255,49.4139,17.5486,160.6547,354.29,3.59,56.13,49.9632,17.4494,159.8250,354.29,3.59,56.13,250.0675,11.9445,279.8723,0.00,100.00,182.67,-11.86,182.67,11.86,12.52
53.18,233.64,49.1818,14.5414,160.6031,7.68,100.00,56.45,-3.81,321.50,354.88,356.63,49.2766,17.5729,160.7802,49.0719,17.6048,161.1108,355.20,3.81,56.45,49.6180,17.5212,160.2772,355.20,3.81,56.45,250.0675,11.9445,279.8723,0.00,100.00,182.67,-11.86,182.67,11.86,12.52
53.25,233.71,48.8474,14.5652,161.0234,7.79,100.00,56.55,-3.36,321.49,356.18,356.97,48.8853,17.5951,161.2429,48.6803,17.6186,161.5740,356.46,3.36,56.55,49.2274,17.5570,160.7392,356.46,3.36,56.55,250.0675,11.9445,279.8723,0.00,100.00,182.67,-11.86,182.67,11.86,12.52
53.31,233.79,48.5066,14.5813,161.4518,8.28,100.00,56.60,-3.35,321.49,357.22,356.89,48.5138,17.6077,161.7172,48.3084,17.6241,162.0486,357.51,3.35,56.60,48.8563,17.5807,161.2131,357.51,3.35,56.60,250.0675,11.9445,279.8723,0.00,100.00,182.67,-11.86,182.67,11.86,12.52
53.38,233.86,48.1754,14.6262,161.8680,8.13,100.00,56.65,-3.23,321.49,358.02,356.93,48.1541,17.6496,162.1652,47.9487,17.6606,162.4967,358.31,3.23,56.65,48.4968,17.6311,161.6608,358.31,3.23,56.65,250.0675,11.9445,279.8723,0.00,100.00,182.67,-11.86,182.67,11.86,12.52
53.45,233.94,47.8422,14.6220,162.2866,7.86,100.00,56.70,-3.03,321.48,359.09,357.04,47.7815,17.6407,162.6243,47.5759,17.6444,162.9558,359.37,3.03,56.70,48.1244,17.6334,162.1198,359.37,3.03,56.70,250.0675,11.9445,279.8723,0.00,100.00,182.67,-11.86,182.67,11.86,12.52
53.52,234.02,47.4927,14.6426,162.7256,8.06,100.00,57.03,-1.91,321.51,359.22,358.16,47.3819,17.6632,163.0319,47.1782,17.6670,163.3646,359.40,1.91,57.03,47.7221,17.6565,162.5255,359.40,1.91,57.03,250.0675,11.9445,279.8723,0.00,100.00,182.67,-11.86,182.67,11.86,12.52
53.58,234.11,47.1423,14.6238,163.1662,8.40,100.00,57.30,-1.36,321.45,1.20,358.51,46.9520,17.6325,163.5424,46.7495,17.6232,163.8758,1.34,1.36,57.30,47.2901,17.6466,163.0349,1.34,1.36,57.30,250.0675,11.9445,279.8723,0.00,100.00,182.67,-11.86,182.67,11.86,12.52
53.65,234.19,46.8116,14.6252,163.5814,7.52,100.00,57.60,-1.64,321.42,2.28,358.11,46.6023,17.6249,164.0149,46.4015,17.6078,164.3489,2.47,1.64,57.60,46.9379,17.6508,163.5061,2.47,1.64,57.60,250.0675,11.9445,279.8723,0.00,100.00,182.67,-11.86,182.67,11.86,12.52
53.72,234.27,46.4589,14.5836,164.0235,8.21,100.00,57.91,-1.06,321.46,2.83,358.61,46.2111,17.5795,164.4632,46.0124,17.5592,164.7983,2.97,1.06,57.91,46.5436,17.6109,163.9527,2.97,1.06,57.91,250.0675,11.9445,279.8723,0.00,100.00,182.67,-11.86,182.67,11.86,12.52
53.79,234.36,46.1098,14.5303,164.4618,8.09,100.00,57.96,-0.83,321.50,3.45,358.78,45.8352,17.5208,164.9217,45.6368,17.4964,165.2568,3.57,0.83,57.96,46.1671,17.5586,164.4113,3.57,0.83,57.96,250.0675,11.9445,279.8723,0.00,100.00,182.67,-11.86,182.67,11.86,12.52
53.86,234.45,45.7542,14.5061,164.9089,8.29,100.00,57.98,-0.20,321.55,4.92,359.25,45.4129,17.4825,165.4138,45.2153,17.4486,165.7485,4.98,0.20,57.98,45.7437,17.5354,164.9039,4.98,0.20,57.98,250.0675,11.9445,279.8723,0.00,100.00,182.67,-11.86,182.67,11.86,12.52
53.93,234.54,45.3982,14.4299,165.3573,8.26,100.00,58.24,0.31,321.62,5.80,359.64,45.0132,17.3969,165.8855,44.8176,17.3575,166.2207,5.80,359.69,58.24,45.3409,17.4586,165.3746,5.80,359.69,58.24,250.0675,11.9445,279.8723,0.00,100.00,182.67,-11.86,182.67,11.86,12.52
54.00,234.63,45.0338,14.3819,165.8174,8.51,100.00,58.41,1.23,321.67,7.01,0.40,44.5790,17.3344,166.3701,44.3855,17.2877,166.7057,6.92,358.77,58.41,44.9034,17.4081,165.8587,6.92,358.77,58.41,250.0675,11.9445,279.8723,0.00,100.00,182.67,-11.86,182.67,11.86,12.52
54.07,234.73,44.6699,14.2849,166.2777,8.28,100.00,58.64,1.67,321.73,7.37,0.77,44.1888,17.2328,166.8330,43.9973,17.1841,167.1693,7.22,358.33,58.64,44.5103,17.3097,166.3202,7.22,358.33,58.64,250.0675,11.9445,279.8723,0.00,100.00,182.67,-11.86,182.67,11.86,12.52
54.14,234.83,44.2885,14.2090,166.7611,8.85,100.00,58.78,2.70,321.80,8.99,1.59,43.7229,17.1342,167.3557,43.5340,17.0756,167.6920,8.73,357.30,58.78,44.0402,17.2271,166.8430,8.73,357.30,58.78,250.0675,11.9445,279.8723,0.00,100.00,182.67,-11.86,182.67,11.86,12.52
54.21,234.93,43.9139,14.0949,167.2371,8.88,100.00,59.05,2.86,321.85,9.19,1.69,43.3384,17.0171,167.8367,43.1514,16.9574,168.1739,8.89,357.14,59.05,43.6529,17.1118,167.3226,8.89,357.14,59.05,250.0675,11.9445,279.8723,0.00,100.00,182.67,-11.86,182.67,11.86,12.52
54.28,235.03,43.5390,14.0045,167.7145,8.84,100.00,59.23,3.46,321.95,11.34,1.98,42.8853,16.8931,168.3919,42.7019,16.8195,168.7282,10.99,356.54,59.23,43.1942,17.0097,167.8788,10.99,356.54,59.23,250.0675,11.9445,279.8723,0.00,100.00,182.67,-11.86,182.67,11.86,12.52
54.35,235.13,43.1629,13.8707,168.1949,8.96,100.00,59.38,4.09,321.95,10.80,2.65,42.4984,16.7667,168.8286,42.3158,16.6976,169.1663,10.35,355.91,59.38,42.8059,16.8767,168.3133,10.35,355.91,59.38,250.0675,11.9445,279.8723,0.00,100.00,182.67,-11.86,182.67,11.86,12.52
54.42,235.23,42.7803,13.7628,168.6836,9.05,100.00,59.37,5.39,322.02,11.89,3.80,42.0353,16.6377,169.3238,41.8552,16.5627,169.6616,11.27,354.61,59.37,42.3390,16.7573,168.8083,11.27,354.61,59.37,250.0675,11.9445,279.8723,0.00,100.00,182.67,-11.86,182.67,11.86,12.52
54.49,235.34,42.3960,13.6157,169.1758,9.48,100.00,59.58,5.73,322.01,11.74,4.12,41.6424,16.4921,169.7994,41.4637,16.4187,170.1383,11.06,354.27,59.58,41.9440,16.6095,169.2823,11.06,354.27,59.58,250.0675,11.9445,279.8723,0.00,100.00,182.67,-11.86,182.67,11.86,12.52
54.56,235.44,42.0179,13.4961,169.6600,8.85,100.00,59.73,6.31,322.04,12.47,4.57,41.2242,16.3584,170.2982,41.0477,16.2809,170.6374,11.69,353.69,59.73,41.5221,16.4824,169.7804,11.69,353.69,59.73,250.0675,11.9445,279.8723,0.00,100.00,182.67,-11.86,182.67,11.86,12.52
54.63,235.56,41.6195,13.3291,170.1707,9.55,100.00,59.48,7.40,322.06,12.92,5.63,40.7691,16.1789,170.7918,40.5929,16.0997,171.1308,12.01,352.60,59.48,41.0666,16.3060,170.2746,12.01,352.60,59.48,250.0675,11.9445,279.8723,0.00,100.00,182.67,-11.86,182.67,11.86,12.52
54.70,235.67,41.2332,13.2072,170.6662,9.28,100.00,59.34,8.03,322.01,12.44,6.35,40.3676,16.0616,171.2438,40.1905,15.9865,171.5832,11.43,351.97,59.34,40.6665,16.1827,170.7259,11.43,351.97,59.34,250.0675,11.9445,279.8723,0.00,100.00,182.67,-11.86,182.67,11.86,12.52
54.77,235.78,40.8583,13.0591,171.1462,9.19,100.00,59.43,9.02,322.08,13.00,7.23,39.9405,15.8984,171.7173,39.7657,15.8209,172.0574,11.84,350.98,59.43,40.2357,16.0236,171.1983,11.84,350.98,59.43,250.0675,11.9445,279.8723,0.00,100.00,182.67,-11.86,182.67,11.86,12.52
54.84,235.89,40.4852,12.9465,171.6252,8.87,100.00,59.53,9.91,321.84,11.47,8.30,39.5691,15.8046,172.0971,39.3931,15.7388,172.4389,10.12,350.09,59.53,39.8663,15.9119,171.5751,10.12,350.09,59.53,250.0675,11.9445,279.8723,0.00,100.00,182.67,-11.86,182.67,11.86,12.52
54.91,236.01,40.0954,12.7960,172.1212,9.22,100.00,59.70,10.81,321.81,11.44,9.17,39.1455,15.6479,172.5622,38.9710,15.5839,172.9052,9.91,349.19,59.70,39.4402,15.7528,172.0384,9.91,349.19,59.70,250.0675,11.9445,279.8723,0.00,100.00,182.67,-11.86,182.67,11.86,12.52
54.97,236.13,39.6966,12.6545,172.6281,10.03,100.00,59.88,11.65,321.75,11.13,10.02,38.7219,15.5042,173.0275,38.5484,15.4437,173.3717,9.41,348.35,59.88,39.0149,15.6039,172.5018,9.41,348.35,59.88,250.0675,11.9445,279.8723,0.00,100.00,182.67,-11.86,182.67,11.86,12.52
55.04,236.25,39.3189,12.5698,173.1073,9.31,100.00,59.81,12.07,321.54,9.97,10.63,38.3546,15.4319,173.4375,38.1790,15.3799,173.7819,8.15,347.93,59.81,38.6511,15.5186,172.9114,8.15,347.93,59.81,250.0675,11.9445,279.8723,0.00,100.00,182.67,-11.86,182.67,11.86,12.52
55.11,236.37,38.9422,12.4499,173.5815,8.77,100.00,59.72,12.73,321.45,9.53,11.37,37.9618,15.3112,173.8679,37.7852,15.2631,174.2124,7.60,347.27,59.72,38.2598,15.3921,173.3417,7.60,347.27,59.72,250.0675,11.9445,279.8723,0.00,100.00,182.67,-11.86,182.67,11.86,12.52
55.18,236.50,38.5480,12.3753,174.0761,9.28,100.00,59.89,13.88,321.22,8.47,12.67,37.5491,15.2377,174.2739,37.3719,15.1988,174.6193,6.25,346.12,59.89,37.8479,15.3046,173.7462,6.25,346.12,59.89,250.0675,11.9445,279.8723,0.00,100.00,182.67,-11.86,182.67,11.86,12.52
55.24,236.64,38.1563,12.2861,174.5639,9.55,100.00,60.13,14.93,320.95,7.13,13.92,37.1497,15.1509,174.6626,36.9715,15.1231,175.0086,4.62,345.07,60.13,37.4499,15.2009,174.1339,4.62,345.07,60.13,250.0675,11.9445,279.8723,0.00,100.00,182.67,-11.86,182.67,11.86,12.52
55.31,236.77,37.7707,12.2119,175.0391,9.46,100.00,60.40,15.68,320.53,5.38,14.97,36.7789,15.0836,175.0281,36.5989,15.0694,175.3740,2.58,344.32,60.40,37.0818,15.1127,174.4993,2.58,344.32,60.40,250.0675,11.9445,279.8723,0.00,100.00,182.67,-11.86,182.67,11.86,12.52
55.38,236.91,37.3822,12.1798,175.5108,9.05,100.00,60.77,15.91,320.28,4.16,15.41,36.4126,15.0580,175.4338,36.2325,15.0530,175.7798,1.17,344.09,60.77,36.7158,15.0727,174.9046,1.17,344.09,60.77,250.0675,11.9445,279.8723,0.00,100.00,182.67,-11.86,182.67,11.86,12.52
55.44,237.06,36.9720,12.1340,176.0046,10.16,100.00,60.84,16.69,320.17,3.47,16.34,35.9893,15.0056,175.8681,35.8082,15.0066,176.2137,0.29,343.31,60.84,36.2941,15.0114,175.3397,0.29,343.31,60.84,250.0675,11.9445,279.8723,0.00,100.00,182.67,-11.86,182.67,11.86,12.52
55.50,237.21,36.5828,12.1035,176.4713,9.47,100.00,61.02,17.04,320.01,2.33,16.91,35.6151,14.9763,176.2693,35.4328,14.9857,176.6141,359.00,342.96,61.02,35.9217,14.9691,175.7418,359.00,342.96,61.02,250.0675,11.9445,279.8723,0.00,100.00,182.67,-11.86,182.67,11.86,12.52
55.57,237.36,36.1821,12.0901,176.9489,9.99,100.00,61.29,17.57,319.87,1.31,17.66,35.2194,14.9591,176.6810,35.0365,14.9765,177.0252,357.78,342.43,61.29,35.5268,14.9396,176.1544,357.78,342.43,61.29,250.0675,11.9445,279.8723,0.00,100.00,182.67,-11.86,182.67,11.86,12.52
55.63,237.51,35.7976,12.0810,177.4051,9.35,100.00,61.39,17.89,319.28,359.50,18.37,34.8700,14.9503,177.0354,34.6843,14.9809,177.3772,355.75,342.11,61.39,35.1819,14.9103,176.5126,355.75,342.11,61.39,250.0675,11.9445,279.8723,0.00,100.00,182.67,-11.86,182.67,11.86,12.52
55.69,237.67,35.4064,12.0865,177.8596,9.61,100.00,61.44,18.84,318.89,358.37,19.58,34.4727,14.9411,177.4015,34.2846,14.9809,177.7409,354.32,341.16,61.44,34.7884,14.8872,176.8822,354.32,341.16,61.44,250.0675,11.9445,279.8723,0.00,100.00,182.67,-11.86,182.67,11.86,12.52
55.75,237.83,35.0169,12.1101,178.3060,10.12,100.00,61.82,19.27,319.20,358.20,20.06,34.0679,14.9569,177.8310,33.8813,14.9984,178.1711,354.04,340.73,61.82,34.3811,14.9004,177.3106,354.04,340.73,61.82,250.0675,11.9445,279.8723,0.00,100.00,182.67,-11.86,182.67,11.86,12.52
55.81,237.98,34.6502,12.1323,178.7308,9.23,100.00,62.12,19.53,318.93,356.54,20.70,33.7338,14.9739,178.1689,33.5458,15.0272,178.5066,352.20,340.47,62.12,34.0492,14.8993,177.6521,352.20,340.47,62.12,250.0675,11.9445,279.8723,0.00,100.00,182.67,-11.86,182.67,11.86,12.52
55.87,238.14,34.2735,12.1716,179.1630,9.43,100.00,62.09,19.88,318.62,355.74,21.23,33.3659,15.0055,178.5499,33.1760,15.0645,178.8855,351.28,340.12,62.09,33.6843,14.9219,178.0362,351.28,340.12,62.09,250.0675,11.9445,279.8723,0.00,100.00,182.67,-11.86,182.67,11.86,12.52
55.93,238.30,33.9006,12.2448,179.5863,9.19,100.00,62.10,19.96,318.54,355.54,21.37,32.9953,15.0765,178.9603,32.8050,15.1370,179.2954,351.04,340.04,62.10,33.3142,14.9906,178.4474,351.04,340.04,62.10,250.0675,11.9445,279.8723,0.00,100.00,182.67,-11.86,182.67,11.86,12.52
56.00,238.46,33.5172,12.2933,180.0204,9.32,100.00,62.54,19.51,318.74,354.69,21.11,32.6476,15.1316,179.3737,32.4591,15.1974,179.7089,350.22,340.49,62.54,32.9638,15.0373,178.8606,350.22,340.49,62.54,250.0675,11.9445,279.8723,0.00,100.00,182.67,-11.86,182.67,11.86,12.52
56.06,238.63,33.1293,12.3452,180.4625,9.54,100.00,63.04,19.34,319.39,355.02,20.86,32.2513,15.1875,179.8458,32.0665,15.2508,180.1835,350.62,340.66,63.04,32.5619,15.0971,179.3286,350.62,340.66,63.04,250.0675,11.9445,279.8723,0.00,100.00,182.67,-11.86,182.67,11.86,12.52
56.12,238.79,32.7452,12.3899,180.9103,9.00,100.00,64.04,20.58,320.11,354.87,22.17,31.8134,15.2073,180.2594,31.6326,15.2734,180.5986,350.14,339.42,64.04,32.1179,15.1130,179.7392,350.14,339.42,64.04,250.0675,11.9445,279.8723,0.00,100.00,182.67,-11.86,182.67,11.86,12.52
56.19,238.96,32.3396,12.4625,181.3957,9.96,100.00,64.19,20.39,320.17,353.01,22.33,31.4596,15.2787,180.6710,31.2771,15.3557,181.0070,348.39,339.61,64.19,31.7667,15.1670,180.1557,348.39,339.61,64.19,250.0675,11.9445,279.8723,0.00,100.00,182.67,-11.86,182.67,11.86,12.52
56.25,239.13,31.9430,12.5400,181.8711,10.17,100.00,64.76,21.47,321.06,352.85,23.37,31.0157,15.3351,181.1244,30.8349,15.4132,181.4612,348.17,338.53,64.76,31.3201,15.2225,180.6078,348.17,338.53,64.76,250.0675,11.9445,279.8723,0.00,100.00,182.67,-11.86,182.67,11.86,12.52
56.31,239.28,31.5661,12.6335,182.3376,9.61,100.00,64.55,20.67,321.53,351.83,22.60,30.6944,15.4438,181.5809,30.5125,15.5256,181.9162,347.62,339.33,64.55,31.0006,15.3250,181.0668,347.62,339.33,64.55,250.0675,11.9445,279.8723,0.00,100.00,182.67,-11.86,182.67,11.86,12.52
56.38,239.44,31.1795,12.7623,182.8242,10.24,100.00,64.73,20.68,321.91,350.11,22.81,30.3462,15.5657,182.0015,30.1632,15.6569,182.3337,346.09,339.32,64.73,30.6543,15.4320,181.4921,346.09,339.32,64.73,250.0675,11.9445,279.8723,0.00,100.00,182.67,-11.86,182.67,11.86,12.52
56.44,239.59,30.8018,12.8609,183.3062,9.96,100.00,63.52,21.79,322.97,350.03,23.40,29.9316,15.6521,182.4799,29.7410,15.7387,182.8091,346.76,338.21,63.52,30.2511,15.5261,181.9757,346.76,338.21,63.52,250.0675,11.9445,279.8723,0.00,100.00,182.67,-11.86,182.67,11.86,12.52
56.50,239.73,30.4333,12.9475,183.7946,9.74,100.00,63.34,20.51,325.90,350.48,21.49,29.5902,15.7774,183.0794,29.4027,15.8539,183.4129,348.47,339.49,63.34,29.9050,15.6666,182.5687,348.47,339.49,63.34,250.0675,11.9445,279.8723,0.00,100.00,182.67,-11.86,182.67,11.86,12.52
56.56,239.85,30.0854,13.0577,184.3084,10.18,100.00,66.14,20.66,328.51,350.09,21.70,29.2119,15.8828,183.6111,29.0400,15.9620,183.9522,348.02,339.34,66.14,29.5027,15.7678,183.0872,348.02,339.34,66.14,250.0675,11.9445,279.8723,0.00,100.00,182.67,-11.86,182.67,11.86,12.52
56.63,239.93,29.7744,13.1815,184.8161,9.32,100.00,66.14,20.66,327.24,347.00,22.15,28.9794,15.9864,183.9612,28.8025,16.0864,184.2943,344.68,339.34,66.14,29.2780,15.8391,183.4500,344.68,339.34,66.14,250.0675,11.9445,279.8723,0.00,100.00,182.67,-11.86,182.67,11.86,12.52
56.69,240.03,29.4437,13.3001,185.3300,9.98,100.00,64.21,22.68,328.13,349.06,23.40,28.5277,16.0885,184.5454,28.3411,16.1699,184.8783,347.57,337.32,64.21,28.8407,15.9712,184.0351,347.57,337.32,64.21,250.0675,11.9445,279.8723,0.00,100.00,182.67,-11.86,182.67,11.86,12.52
56.75,240.12,29.1347,13.4279,185.8269,9.66,100.00,64.14,21.23,329.46,345.69,21.70,28.3594,16.2338,184.9576,28.1705,16.3316,185.2847,344.98,338.77,64.14,28.6762,16.0902,184.4565,344.98,338.77,64.14,250.0675,11.9445,279.8723,0.00,100.00,182.67,-11.86,182.67,11.86,12.52
56.81,240.20,28.8446,13.5987,186.3186,9.72,100.00,64.27,21.48,332.31,345.95,21.32,28.0386,16.4134,185.5074,27.8518,16.5036,185.8378,346.20,338.52,64.27,28.3521,16.2817,185.0009,346.20,338.52,64.27,250.0675,11.9445,279.8723,0.00,100.00,182.67,-11.86,182.67,11.86,12.52
56.87,240.25,28.5835,13.7027,186.8161,9.67,100.00,64.67,22.50,334.51,344.64,21.81,27.7516,16.4996,185.9704,27.5649,16.5924,186.3002,345.70,337.50,64.67,28.0649,16.3643,185.4647,345.70,337.50,64.67,250.0675,11.9445,279.8723,0.00,100.00,182.67,-11.86,182.67,11.86,12.52
56.93,240.27,28.3531,13.8276,187.2994,9.42,100.00,64.76,21.66,337.50,345.57,20.46,27.5247,16.6554,186.5596,27.3425,16.7376,186.8946,347.49,338.34,64.76,27.8312,16.5364,186.0457,347.49,338.34,64.76,250.0675,11.9445,279.8723,0.00,100.00,182.67,-11.86,182.67,11.86,12.52
56.99,240.27,28.1528,13.9875,187.7827,9.87,100.00,62.21,20.29,336.54,342.95,18.38,27.4877,16.8303,186.9424,27.2898,16.9266,187.2645,345.30,339.71,62.21,27.8185,16.6886,186.4498,345.30,339.71,62.21,250.0675,11.9445,279.8723,0.00,100.00,182.67,-11.86,182.67,11.86,12.52
57.04,240.28,27.9603,14.1278,188.2263,9.14,100.00,62.58,21.73,337.41,345.35,20.08,27.1554,16.9609,187.4809,26.9613,17.0399,187.8100,348.01,338.27,62.58,27.4800,16.8469,186.9772,348.01,338.27,62.58,250.0675,11.9445,279.8723,0.00,100.00,182.67,-11.86,182.67,11.86,12.52
57.10,240.29,27.7747,14.2826,188.6725,9.18,100.00,64.77,20.80,338.76,342.42,18.87,27.0629,17.1126,187.8274,26.8780,17.2119,188.1563,344.77,339.20,64.77,27.3737,16.9664,187.3232,344.77,339.20,64.77,250.0675,11.9445,279.8723,0.00,100.00,182.67,-11.86,182.67,11.86,12.52
57.15,240.28,27.6025,14.3885,189.1157,9.57,100.00,67.40,21.48,341.99,344.56,19.76,26.7682,17.2217,188.4034,26.6013,17.3061,188.7457,347.13,338.52,67.40,27.0513,17.0989,187.8771,347.13,338.52,67.40,250.0675,11.9445,279.8723,0.00,100.00,182.67,-11.86,182.67,11.86,12.52
57.20,240.25,27.4663,14.5177,189.5345,8.91,100.00,69.14,19.54,344.11,344.24,17.70,26.7121,17.3817,188.8571,26.5576,17.4702,189.2043,346.61,340.46,69.14,26.9763,17.2520,188.3227,346.61,340.46,69.14,250.0675,11.9445,279.8723,0.00,100.00,182.67,-11.86,182.67,11.86,12.52
57.25,240.20,27.3449,14.6199,189.9607,8.77,100.00,69.32,18.49,346.31,344.12,16.20,26.6414,17.5050,189.3192,26.4899,17.5921,189.6680,346.89,341.51,69.32,26.9012,17.3770,188.7822,346.89,341.51,69.32,250.0675,11.9445,279.8723,0.00,100.00,182.67,-11.86,182.67,11.86,12.52
57.30,240.14,27.2410,14.7451,190.3876,8.70,100.00,67.36,17.76,347.12,346.89,15.52,26.5317,17.6585,189.8980,26.3739,17.7247,190.2486,350.21,342.24,67.36,26.8011,17.5628,189.3591,350.21,342.24,67.36,250.0675,11.9445,279.8723,0.00,100.00,182.67,-11.86,182.67,11.86,12.52
57.36,240.07,27.1420,14.8821,190.8206,8.86,100.00,65.05,17.35,346.39,344.21,14.15,26.5400,17.7949,190.2015,26.3657,17.8763,190.5408,347.84,342.65,65.05,26.8349,17.6752,189.6810,347.84,342.65,65.05,250.0675,11.9445,279.8723,0.00,100.00,182.67,-11.86,182.67,11.86,12.52
57.40,240.01,27.0393,14.9734,191.2443,9.47,100.00,65.08,16.32,348.86,345.16,12.87,26.4667,17.9085,190.7080,26.2952,17.9822,191.0506,349.08,343.68,65.08,26.7572,17.8004,190.1825,349.08,343.68,65.08,250.0675,11.9445,279.8723,0.00,100.00,182.67,-11.86,182.67,11.86,12.52
57.45,239.94,26.9639,15.0583,191.6279,8.24,100.00,67.11,16.51,351.02,345.81,13.25,26.3471,17.9936,191.1445,26.1886,18.0625,191.4943,349.83,343.49,67.11,26.6176,17.8933,190.6070,349.83,343.49,67.11,250.0675,11.9445,279.8723,0.00,100.00,182.67,-11.86,182.67,11.86,12.52
57.50,239.86,26.9016,15.1724,192.0217,8.45,100.00,66.80,14.89,350.91,345.34,11.40,26.3841,18.1243,191.5233,26.2244,18.1994,191.8713,348.91,345.11,66.80,26.6565,18.0135,190.9888,348.91,345.11,66.80,250.0675,11.9445,279.8723,0.00,100.00,182.67,-11.86,182.67,11.86,12.52
57.55,239.77,26.8389,15.2697,192.4138,8.43,100.00,64.74,13.55,350.81,344.84,9.47,26.4262,18.2355,191.9001,26.2553,18.3145,192.2417,348.32,346.45,64.74,26.7161,18.1178,191.3763,348.32,346.45,64.74,250.0675,11.9445,279.8723,0.00,100.00,182.67,-11.86,182.67,11.86,12.52
57.60,239.69,26.7767,15.3623,192.7980,7.43,100.00,64.77,13.31,353.45,348.32,9.98,26.2935,18.3450,192.4814,26.1267,18.3980,192.8301,352.33,346.69,64.77,26.5770,18.2681,191.9467,352.33,346.69,64.77,250.0675,11.9445,279.8723,0.00,100.00,182.67,-11.86,182.67,11.86,12.52
57.66,239.58,26.7269,15.4548,193.2313,8.20,100.00,67.09,13.97,355.79,348.89,10.89,26.1818,18.4314,192.9625,26.0296,18.4788,193.3186,353.19,346.03,67.09,26.4426,18.3636,192.4152,353.19,346.03,67.09,250.0675,11.9445,279.8723,0.00,100.00,182.67,-11.86,182.67,11.86,12.52
57.71,239.46,26.6947,15.5405,193.6690,7.91,100.00,69.40,14.44,358.14,349.36,11.56,26.1038,18.5123,193.4474,25.9667,18.5552,193.8101,353.86,345.56,69.40,26.3414,18.4516,192.8888,353.86,345.56,69.40,250.0675,11.9445,279.8723,0.00,100.00,182.67,-11.86,182.67,11.86,12.52
57.76,239.31,26.6800,15.6082,194.1228,9.12,100.00,71.55,12.94,0.21,347.91,9.44,26.1907,18.5936,193.8428,26.0660,18.6503,194.2081,351.76,347.06,71.55,26.4096,18.5106,193.2794,351.76,347.06,71.55,250.0675,11.9445,279.8723,0.00,100.00,182.67,-11.86,182.67,11.86,12.52
57.81,239.17,26.6814,15.6931,194.5189,8.10,100.00,71.31,10.86,1.01,352.88,8.96,26.2179,18.6956,194.5045,26.0981,18.7215,194.8749,356.40,349.14,71.31,26.4291,18.6599,193.9333,356.40,349.14,71.31,250.0675,11.9445,279.8723,0.00,100.00,182.67,-11.86,182.67,11.86,12.52
57.87,239.02,26.6884,15.7117,194.9123,7.23,100.00,69.10,8.84,0.97,352.62,6.54,26.3511,18.7308,194.8795,26.2173,18.7617,195.2447,355.64,351.16,69.10,26.5839,18.6865,194.3174,355.64,351.16,69.10,250.0675,11.9445,279.8723,0.00,100.00,182.67,-11.86,182.67,11.86,12.52
57.92,238.87,26.6955,15.7690,195.3334,7.76,100.00,66.88,6.85,1.03,353.19,4.43,26.4692,18.7986,195.3279,26.3224,18.8294,195.6881,355.62,353.15,66.88,26.7222,18.7536,194.7746,355.62,353.15,66.88,250.0675,11.9445,279.8723,0.00,100.00,182.67,-11.86,182.67,11.86,12.52
57.98,238.71,26.7030,15.8355,195.7501,7.66,100.00,64.45,7.13,0.94,352.04,3.97,26.4998,18.8661,195.6829,26.3372,18.9032,196.0356,354.68,352.87,64.45,26.7771,18.8112,195.1422,354.68,352.87,64.45,250.0675,11.9445,279.8723,0.00,100.00,182.67,-11.86,182.67,11.86,12.52
58.04,238.56,26.7098,15.8786,196.1657,6.75,100.00,64.04,8.78,3.23,352.73,5.98,26.4010,18.9009,196.1501,26.2364,18.9252,196.5029,356.61,351.22,64.04,26.6814,18.8668,195.6093,356.61,351.22,64.04,250.0675,11.9445,279.8723,0.00,100.00,182.67,-11.86,182.67,11.86,12.52
58.10,238.37,26.7360,15.9153,196.6296,7.75,100.00,63.84,3.88,5.90,355.24,1.59,26.6698,18.9509,196.7350,26.5057,18.9732,197.0883,356.81,356.12,63.84,26.9494,18.9177,196.1938,356.81,356.12,63.84,250.0675,11.9445,279.8723,0.00,100.00,182.67,-11.86,182.67,11.86,12.52
58.16,238.18,26.7822,15.9532,197.0772,7.54,100.00,63.82,3.16,8.34,356.37,1.34,26.7425,18.9865,197.2431,26.5787,19.0022,197.5968,357.77,356.84,63.82,27.0216,18.9634,196.7011,357.77,356.84,63.82,250.0675,11.9445,279.8723,0.00,100.00,182.67,-11.86,182.67,11.86,12.52
58.22,237.96,26.8468,15.9533,197.5185,7.26,100.00,64.24,3.83,10.87,359.16,4.15,26.6968,18.9685,197.8586,26.5371,18.9570,198.2143,1.80,356.17,64.24,26.9696,18.9884,197.3132,1.80,356.17,64.24,250.0675,11.9445,279.8723,0.00,100.00,182.67,-11.86,182.67,11.86,12.52
58.28,237.73,26.9326,15.9643,197.9649,7.28,100.00,64.65,5.22,13.25,358.07,5.14,26.7332,18.9808,198.2672,26.5762,18.9701,198.6242,1.70,354.78,64.65,27.0018,18.9997,197.7197,1.70,354.78,64.65,250.0675,11.9445,279.8723,0.00,100.00,182.67,-11.86,182.67,11.86,12.52
58.35,237.48,27.0377,15.9761,198.4116,7.48,100.00,65.26,3.73,15.67,356.73,2.11,26.9854,19.0072,198.6107,26.8308,19.0154,198.9688,358.88,356.27,65.26,27.2503,18.9960,198.0612,358.88,356.27,65.26,250.0675,11.9445,279.8723,0.00,100.00,182.67,-11.86,182.67,11.86,12.52
58.41,237.21,27.1585,15.9829,198.8424,6.97,100.00,65.67,-0.01,18.16,359.25,359.31,27.2967,19.0048,199.1239,27.1452,19.0117,199.4834,358.98,0.01,65.67,27.5571,18.9939,198.5723,358.98,0.01,65.67,250.0675,11.9445,279.8723,0.00,100.00,182.67,-11.86,182.67,11.86,12.52
58.47,236.93,27.3034,15.9740,199.2842,7.75,100.00,68.25,-0.90,20.72,2.11,0.71,27.4380,18.9768,199.7262,27.3026,18.9628,200.0918,2.04,0.90,68.25,27.6735,18.9984,199.1638,2.04,0.90,68.25,250.0675,11.9445,279.8723,0.00,100.00,182.67,-11.86,182.67,11.86,12.52
58.53,236.65,27.4539,15.9492,199.6821,6.99,100.00,68.32,-2.84,20.73,3.69,359.53,27.6762,18.9382,200.1788,27.5408,18.9214,200.5443,2.40,2.84,68.32,27.9118,18.9632,199.6166,2.40,2.84,68.32,250.0675,11.9445,279.8723,0.00,100.00,182.67,-11.86,182.67,11.86,12.52
58.60,236.38,27.6034,15.9548,200.0771,6.48,100.00,66.17,-1.74,20.75,1.61,359.13,27.8065,18.9612,200.4646,27.6580,18.9573,200.8253,0.54,1.74,66.17,28.0623,18.9666,199.9107,0.54,1.74,66.17,250.0675,11.9445,279.8723,0.00,100.00,182.67,-11.86,182.67,11.86,12.52
58.66,236.09,27.7602,15.9431,200.4909,6.97,100.00,64.10,-0.84,20.76,0.80,359.61,27.9247,18.9557,200.8474,27.7633,18.9538,201.2026,0.26,0.84,64.10,28.2002,18.9584,200.3031,0.26,0.84,64.10,250.0675,11.9445,279.8723,0.00,100.00,182.67,-11.86,182.67,11.86,12.52
58.72,235.82,27.9094,15.9222,200.8846,6.53,100.00,64.11,-1.39,20.76,2.18,0.29,28.0664,18.9246,201.3219,27.9049,18.9127,201.6769,1.71,1.39,64.11,28.3421,18.9425,200.7780,1.71,1.39,64.11,250.0675,11.9445,279.8723,0.00,100.00,182.67,-11.86,182.67,11.86,12.52
58.79,235.54,28.0576,15.8819,201.2756,6.53,100.00,64.23,-3.31,20.84,6.41,1.97,28.2109,18.8403,201.9498,28.0492,18.8002,202.3026,5.83,3.31,64.23,28.4869,18.9017,201.4092,5.83,3.31,64.23,250.0675,11.9445,279.8723,0.00,100.00,182.67,-11.86,182.67,11.86,12.52
58.85,235.28,28.2014,15.8641,201.6533,6.20,100.00,62.05,-3.48,20.83,5.81,1.35,28.3738,18.8305,202.2869,28.1987,18.7970,202.6339,4.84,3.48,62.05,28.6702,18.8813,201.7561,4.84,3.48,62.05,250.0675,11.9445,279.8723,0.00,100.00,182.67,-11.86,182.67,11.86,12.52
58.92,235.02,28.3486,15.8400,202.0403,6.49,100.00,62.57,-4.47,23.47,3.43,357.13,28.7048,18.8274,202.4629,28.5340,18.8271,202.8136,359.93,4.47,62.57,28.9946,18.8259,201.9260,359.93,4.47,62.57,250.0675,11.9445,279.8723,0.00,100.00,182.67,-11.86,182.67,11.86,12.52
58.98,234.74,28.5121,15.7933,202.4168,6.34,100.00,63.18,-3.56,26.07,2.78,357.78,28.8415,18.7881,202.8077,28.6745,18.7881,203.1602,359.90,3.56,63.18,29.1256,18.7865,202.2678,359.90,3.56,63.18,250.0675,11.9445,279.8723,0.00,100.00,182.67,-11.86,182.67,11.86,12.52
59.05,234.43,28.6978,15.7428,202.7963,6.43,100.00,63.75,-6.81,28.57,4.52,354.59,29.2339,18.7096,203.1712,29.0717,18.7208,203.5259,358.18,6.81,63.75,29.5104,18.6892,202.6278,358.18,6.81,63.75,250.0675,11.9445,279.8723,0.00,100.00,182.67,-11.86,182.67,11.86,12.52
59.12,234.12,28.9043,15.7256,203.1756,6.34,100.00,64.51,-5.13,31.13,7.04,1.39,29.2184,18.6772,203.8235,29.0574,18.6423,204.1772,5.03,5.13,64.51,29.4933,18.7295,203.2814,5.03,5.13,64.51,250.0675,11.9445,279.8723,0.00,100.00,182.67,-11.86,182.67,11.86,12.52
59.19,233.77,29.1355,15.6500,203.5583,6.71,100.00,65.44,-5.49,33.89,7.20,1.26,29.4907,18.5997,204.1933,29.3354,18.5661,204.5496,4.83,5.49,65.44,29.7569,18.6499,203.6466,4.83,5.49,65.44,250.0675,11.9445,279.8723,0.00,100.00,182.67,-11.86,182.67,11.86,12.52
59.25,233.41,29.3847,15.6237,203.9295,6.53,100.00,66.16,-4.91,36.64,4.10,357.27,29.8426,18.6051,204.2921,29.6943,18.6067,204.6530,359.64,4.91,66.16,30.0980,18.6004,203.7381,359.64,4.91,66.16,250.0675,11.9445,279.8723,0.00,100.00,182.67,-11.86,182.67,11.86,12.52
59.32,233.03,29.6592,15.5799,204.2984,7.09,100.00,67.06,-6.18,39.33,6.86,359.79,30.1217,18.5343,204.8348,29.9770,18.5129,205.1965,3.01,6.18,67.06,30.3714,18.5650,204.2790,3.01,6.18,67.06,250.0675,11.9445,279.8723,0.00,100.00,182.67,-11.86,182.67,11.86,12.52
59.39,232.66,29.9372,15.4899,204.6378,6.44,100.00,67.60,-7.70,41.96,8.76,0.47,30.4624,18.4193,205.2484,30.3199,18.3896,205.6104,4.20,7.70,67.60,30.7090,18.4622,204.6920,4.20,7.70,67.60,250.0675,11.9445,279.8723,0.00,100.00,182.67,-11.86,182.67,11.86,12.52
59.46,232.25,30.2516,15.4474,204.9874,6.99,100.00,68.29,-7.85,44.79,7.66,357.93,30.8613,18.3896,205.4369,30.7253,18.3805,205.8025,1.14,7.85,68.29,31.0977,18.4003,204.8746,1.14,7.85,68.29,250.0675,11.9445,279.8723,0.00,100.00,182.67,-11.86,182.67,11.86,12.52
59.52,231.83,30.5769,15.3908,205.3152,6.87,100.00,68.73,-6.88,47.61,5.81,355.93,31.2081,18.3497,205.5917,31.0772,18.3601,205.9591,358.29,6.88,68.73,31.4366,18.3304,205.0263,358.29,6.88,68.73,250.0675,11.9445,279.8723,0.00,100.00,182.67,-11.86,182.67,11.86,12.52
59.59,231.40,30.9224,15.3182,205.6306,7.42,100.00,69.05,-11.20,50.00,9.08,351.90,31.8259,18.2124,205.8247,31.7019,18.2419,206.1934,355.29,11.20,69.05,32.0433,18.1613,205.2569,355.29,11.20,69.05,250.0675,11.9445,279.8723,0.00,100.00,182.67,-11.86,182.67,11.86,12.52
59.66,231.00,31.2577,15.2693,205.9119,6.47,100.00,69.58,-7.79,53.03,5.93,352.60,32.0207,18.2089,205.9907,31.8992,18.2440,206.3598,354.59,7.79,69.58,32.2346,18.1505,205.4224,354.59,7.79,69.58,250.0675,11.9445,279.8723,0.00,100.00,182.67,-11.86,182.67,11.86,12.52
59.72,230.56,31.6244,15.2135,206.1879,7.20,100.00,67.40,-7.09,53.02,6.01,354.86,32.3206,18.1654,206.3649,32.1828,18.1877,206.7292,356.51,7.09,67.40,32.5595,18.1274,205.8048,356.51,7.09,67.40,250.0675,11.9445,279.8723,0.00,100.00,182.67,-11.86,182.67,11.86,12.52
59.79,230.16,31.9623,15.1466,206.4423,6.42,100.00,64.94,-7.70,52.91,7.39,357.72,32.6250,18.0918,206.7841,32.4693,18.0951,207.1418,359.31,7.70,64.94,32.8914,18.0832,206.2353,359.31,7.70,64.94,250.0675,11.9445,279.8723,0.00,100.00,182.67,-11.86,182.67,11.86,12.52
59.85,229.75,32.3032,15.1006,206.7000,6.79,100.00,62.71,-4.76,53.04,4.40,357.44,32.8519,18.0795,206.9355,32.6830,18.0907,207.2870,358.22,4.76,62.71,33.1389,18.0597,206.3975,358.22,4.76,62.71,250.0675,11.9445,279.8723,0.00,100.00,182.67,-11.86,182.67,11.86,12.52
59.92,229.37,32.6211,15.1002,206.9391,6.00,100.00,60.47,-4.75,53.03,4.60,358.58,33.1423,18.0792,207.2292,32.9591,18.0839,207.5737,359.19,4.75,60.47,33.4509,18.0698,206.7031,359.19,4.75,60.47,250.0675,11.9445,279.8723,0.00,100.00,182.67,-11.86,182.67,11.86,12.52
59.98,228.97,32.9569,15.0564,207.1919,6.33,100.00,60.88,-4.36,55.70,4.41,0.38,33.4294,18.0384,207.5301,33.2480,18.0324,207.8754,0.78,4.36,60.88,33.7355,18.0459,207.0024,0.78,4.36,60.88,250.0675,11.9445,279.8723,0.00,100.00,182.67,-11.86,182.67,11.86,12.52
60.05,228.56,33.3100,15.0068,207.4328,6.47,100.00,63.54,-5.78,58.36,5.59,357.68,33.9245,17.9735,207.6596,33.7608,17.9847,208.0136,358.19,5.78,63.54,34.2032,17.9534,207.1173,358.19,5.78,63.54,250.0675,11.9445,279.8723,0.00,100.00,182.67,-11.86,182.67,11.86,12.52
60.12,228.14,33.6753,14.9827,207.6579,6.45,100.00,66.20,-6.55,61.00,6.32,357.09,34.3470,17.9396,207.8472,34.2005,17.9542,208.2084,357.67,6.55,66.20,34.5995,17.9138,207.2924,357.67,6.55,66.20,250.0675,11.9445,279.8723,0.00,100.00,182.67,-11.86,182.67,11.86,12.52
60.18,227.72,34.0542,14.9331,207.8680,6.75,100.00,69.74,-5.78,63.72,5.57,357.74,34.6847,17.9002,208.0386,34.5601,17.9105,208.4081,358.33,5.78,69.74,34.9035,17.8815,207.4694,358.33,5.78,69.74,250.0675,11.9445,279.8723,0.00,100.00,182.67,-11.86,182.67,11.86,12.52
60.25,227.31,34.4221,14.8928,208.0497,6.15,100.00,70.73,-2.68,63.89,2.26,356.30,34.9314,17.8879,208.0744,34.8134,17.9105,208.4455,356.59,2.68,70.73,35.1401,17.8512,207.5023,356.59,2.68,70.73,250.0675,11.9445,279.8723,0.00,100.00,182.67,-11.86,182.67,11.86,12.52
60.31,226.90,34.7964,14.9016,208.2330,6.29,100.00,68.93,-1.98,63.95,1.55,355.03,35.3016,17.8970,208.1811,35.1722,17.9294,208.5478,355.18,1.98,68.93,35.5277,17.8454,207.6169,355.18,1.98,68.93,250.0675,11.9445,279.8723,0.00,100.00,182.67,-11.86,182.67,11.86,12.52
60.38,226.49,35.1698,14.8533,208.4156,6.45,100.00,69.07,-7.33,65.87,7.03,354.45,35.9444,17.7909,208.4349,35.8191,17.8244,208.8029,354.85,7.33,69.07,36.1642,17.7353,207.8685,354.85,7.33,69.07,250.0675,11.9445,279.8723,0.00,100.00,182.67,-11.86,182.67,11.86,12.52
60.45,226.08,35.5422,14.8023,208.5824,6.18,100.00,70.10,-4.40,68.47,4.30,356.65,36.1442,17.7799,208.6231,36.0227,17.8010,208.9932,356.78,4.40,70.10,36.3584,17.7449,208.0529,356.78,4.40,70.10,250.0675,11.9445,279.8723,0.00,100.00,182.67,-11.86,182.67,11.86,12.52
60.51,225.67,35.9235,14.7864,208.7329,6.38,100.00,68.59,-4.33,68.46,4.32,354.59,36.5653,17.7553,208.6728,36.4355,17.7912,209.0390,354.60,4.33,68.59,36.7922,17.6973,208.1095,354.60,4.33,68.59,250.0675,11.9445,279.8723,0.00,100.00,182.67,-11.86,182.67,11.86,12.52
60.58,225.28,36.2825,14.7746,208.8746,5.70,100.00,68.62,-4.05,68.49,4.04,355.46,36.8944,17.7504,208.8515,36.7639,17.7804,209.2180,355.47,4.05,68.62,37.1222,17.7016,208.2877,355.47,4.05,68.62,250.0675,11.9445,279.8723,0.00,100.00,182.67,-11.86,182.67,11.86,12.52
60.64,224.89,36.6503,14.7527,209.0195,6.17,100.00,68.87,-0.91,68.74,0.89,355.33,37.1116,17.7542,208.9280,36.9813,17.7857,209.2944,355.34,0.91,68.87,37.3394,17.7044,208.3642,355.34,0.91,68.87,250.0675,11.9445,279.8723,0.00,100.00,182.67,-11.86,182.67,11.86,12.52
60.71,224.52,36.9911,14.7457,209.1521,5.64,100.00,67.41,0.69,68.83,359.36,357.81,37.3300,17.7648,209.1524,37.1894,17.7797,209.5160,357.83,359.31,67.41,37.5737,17.7419,208.5936,357.83,359.31,67.41,250.0675,11.9445,279.8723,0.00,100.00,182.67,-11.86,182.67,11.86,12.52
60.77,224.15,37.3397,14.7502,209.2871,5.77,100.00,67.73,0.86,70.71,359.39,355.15,37.7264,17.7603,209.1444,37.5880,17.7931,209.5077,355.18,359.14,67.73,37.9667,17.7092,208.5860,355.18,359.14,67.73,250.0675,11.9445,279.8723,0.00,100.00,182.67,-11.86,182.67,11.86,12.52
60.84,223.77,37.6964,14.7653,209.4120,5.92,100.00,67.78,-1.48,72.23,2.24,350.41,38.2957,17.7238,209.0686,38.1611,17.7895,209.4289,350.26,1.48,67.78,38.5298,17.6204,208.5148,350.26,1.48,67.78,250.0675,11.9445,279.8723,0.00,100.00,182.67,-11.86,182.67,11.86,12.52
60.90,223.41,38.0415,14.7444,209.5226,5.45,100.00,66.47,0.54,72.53,0.25,352.51,38.5080,17.7341,209.2499,38.3623,17.7849,209.6082,352.53,359.46,66.47,38.7593,17.6548,208.6996,352.53,359.46,66.47,250.0675,11.9445,279.8723,0.00,100.00,182.67,-11.86,182.67,11.86,12.52
60.96,223.04,38.3922,14.7511,209.6330,5.86,100.00,66.74,2.82,72.82,357.85,353.59,38.7203,17.7604,209.3744,38.5744,17.8026,209.7338,353.85,357.18,66.74,38.9719,17.6956,208.8224,353.85,357.18,66.74,250.0675,11.9445,279.8723,0.00,100.00,182.67,-11.86,182.67,11.86,12.52
61.03,222.69,38.7277,14.7501,209.7367,5.31,100.00,67.80,1.86,73.86,358.92,352.64,39.1188,17.7483,209.4399,38.9804,17.7975,209.8014,352.79,358.14,67.80,39.3590,17.6721,208.8843,352.79,358.14,67.80,250.0675,11.9445,279.8723,0.00,100.00,182.67,-11.86,182.67,11.86,12.52
61.10,222.32,39.0893,14.7648,209.8414,5.69,100.00,67.87,-1.24,74.73,2.02,353.65,39.6182,17.7493,209.6327,39.4824,17.7935,209.9957,353.46,1.24,67.87,39.8544,17.6796,209.0745,353.46,1.24,67.87,250.0675,11.9445,279.8723,0.00,100.00,182.67,-11.86,182.67,11.86,12.52
61.16,221.93,39.4579,14.7679,209.9420,6.07,100.00,68.91,3.87,76.56,356.63,355.97,39.6765,17.7932,209.7691,39.5442,17.8180,210.1353,356.46,356.13,68.91,39.9073,17.7563,209.2056,356.46,356.13,68.91,250.0675,11.9445,279.8723,0.00,100.00,182.67,-11.86,182.67,11.86,12.52
61.22,221.57,39.8159,14.7834,210.0276,5.74,100.00,69.52,2.48,77.73,358.16,355.43,40.1157,17.8008,209.8398,39.9878,17.8302,210.2072,355.74,357.52,69.52,40.3396,17.7560,209.2740,355.74,357.52,69.52,250.0675,11.9445,279.8723,0.00,100.00,182.67,-11.86,182.67,11.86,12.52
61.29,221.19,40.1885,14.7720,210.1086,6.06,100.00,69.75,0.45,78.49,0.43,354.22,40.6154,17.7711,209.8785,40.4902,17.8105,210.2459,354.23,359.55,69.75,40.8353,17.7099,209.3127,354.23,359.55,69.75,250.0675,11.9445,279.8723,0.00,100.00,182.67,-11.86,182.67,11.86,12.52
61.35,220.81,40.5612,14.7780,210.1846,6.10,100.00,71.00,3.11,79.72,357.96,352.80,40.8692,17.7818,209.8491,40.7501,17.8285,210.2177,353.20,356.89,71.00,41.0795,17.7102,209.2810,353.20,356.89,71.00,250.0675,11.9445,279.8723,0.00,100.00,182.67,-11.86,182.67,11.86,12.52
61.41,220.43,40.9374,14.7770,210.2528,6.04,100.00,71.16,1.11,79.80,0.43,349.88,41.3988,17.7440,209.7899,41.2830,17.8124,210.1561,349.93,358.89,71.16,41.6041,17.6375,209.2254,349.93,358.89,71.16,250.0675,11.9445,279.8723,0.00,100.00,182.67,-11.86,182.67,11.86,12.52
61.47,220.04,41.3250,14.8186,210.3225,6.48,100.00,71.59,1.75,80.34,0.11,347.97,41.7820,17.7681,209.7553,41.6686,17.8488,210.1197,348.10,358.25,71.59,41.9837,17.6426,209.1933,348.10,358.25,71.59,250.0675,11.9445,279.8723,0.00,100.00,182.67,-11.86,182.67,11.86,12.52
61.54,219.66,41.7053,14.8343,210.3872,6.06,100.00,72.55,3.66,81.57,357.80,350.58,42.0115,17.8215,209.9260,41.9018,17.8828,210.2954,351.04,356.34,72.55,42.2075,17.7273,209.3560,351.04,356.34,72.55,250.0675,11.9445,279.8723,0.00,100.00,182.67,-11.86,182.67,11.86,12.52
61.60,219.26,42.1091,14.8345,210.4471,6.41,100.00,73.47,4.58,82.56,356.64,352.05,42.3370,17.8377,210.0488,42.2327,17.8881,210.4213,352.68,355.43,73.47,42.5246,17.7610,209.4734,352.68,355.43,73.47,250.0675,11.9445,279.8723,0.00,100.00,182.67,-11.86,182.67,11.86,12.52
61.66,218.85,42.5195,14.8436,210.5007,6.64,100.00,73.80,4.12,82.94,356.90,353.30,42.7497,17.8546,210.1676,42.6482,17.8968,210.5419,353.88,355.88,73.80,42.9330,17.7905,209.5892,353.88,355.88,73.80,250.0675,11.9445,279.8723,0.00,100.00,182.67,-11.86,182.67,11.86,12.52
61.73,218.45,42.9273,14.8519,210.5511,6.53,100.00,74.04,1.56,83.06,359.44,353.61,43.2870,17.8536,210.2496,43.1889,17.8961,210.6248,353.78,358.44,74.04,43.4651,17.7877,209.6698,353.78,358.44,74.04,250.0675,11.9445,279.8723,0.00,100.00,182.67,-11.86,182.67,11.86,12.52
61.79,218.04,43.3456,14.8463,210.6021,6.86,100.00,74.09,2.50,83.00,358.51,353.37,43.6588,17.8513,210.2825,43.5604,17.8946,210.6575,353.68,357.50,74.09,43.8374,17.7847,209.7029,353.68,357.50,74.09,250.0675,11.9445,279.8723,0.00,100.00,182.67,-11.86,182.67,11.86,12.52
61.85,217.63,43.7590,14.8768,210.6528,6.79,100.00,73.87,3.48,82.97,356.99,356.82,43.9699,17.9039,210.5031,43.8702,17.9226,210.8798,357.34,356.52,73.87,44.1505,17.8762,209.9210,357.34,356.52,73.87,250.0675,11.9445,279.8723,0.00,100.00,182.67,-11.86,182.67,11.86,12.52
61.91,217.22,44.1782,14.8791,210.7046,6.88,100.00,73.41,0.03,82.59,1.03,353.48,44.6235,17.8699,210.4100,44.5224,17.9147,210.7841,353.40,359.97,73.41,44.8061,17.7998,209.8321,353.40,359.97,73.41,250.0675,11.9445,279.8723,0.00,100.00,182.67,-11.86,182.67,11.86,12.52
61.97,216.80,44.6025,14.8834,210.7598,7.02,100.00,73.57,4.02,83.03,357.27,351.96,44.8600,17.8839,210.3591,44.7568,17.9353,210.7318,352.52,355.98,73.57,45.0459,17.8054,209.7834,352.52,355.98,73.57,250.0675,11.9445,279.8723,0.00,100.00,182.67,-11.86,182.67,11.86,12.52
62.04,216.38,45.0295,14.9236,210.8119,6.82,100.00,72.81,1.08,82.44,0.91,348.37,45.5037,17.8721,210.2541,45.3989,17.9509,210.6216,348.38,358.92,72.81,45.6921,17.7495,209.6870,348.38,358.92,72.81,250.0675,11.9445,279.8723,0.00,100.00,182.67,-11.86,182.67,11.86,12.52
62.09,215.93,45.4790,14.9213,210.8716,7.61,100.00,72.90,3.03,82.92,358.19,352.85,45.7793,17.9244,210.5235,45.6726,17.9705,210.8959,353.28,356.97,72.90,45.9706,17.8536,209.9485,353.28,356.97,72.90,250.0675,11.9445,279.8723,0.00,100.00,182.67,-11.86,182.67,11.86,12.52
62.16,215.51,45.9074,14.9431,210.9247,6.84,100.00,72.94,4.54,83.27,356.56,353.55,46.1164,17.9567,210.6008,46.0091,17.9963,210.9738,354.27,355.46,72.94,46.3085,17.8967,210.0249,354.27,355.46,72.94,250.0675,11.9445,279.8723,0.00,100.00,182.67,-11.86,182.67,11.86,12.52
62.22,215.06,46.3671,14.9437,210.9790,7.40,100.00,72.58,1.42,82.97,0.12,351.51,46.7758,17.9267,210.5735,46.6685,17.9837,210.9442,351.63,358.58,72.58,46.9681,17.8382,210.0013,351.63,358.58,72.58,250.0675,11.9445,279.8723,0.00,100.00,182.67,-11.86,182.67,11.86,12.52
62.28,214.60,46.8285,14.9151,211.0359,7.67,100.00,72.23,-1.20,82.77,2.67,352.23,47.3659,17.8847,210.6856,47.2587,17.9397,211.0567,351.87,1.20,72.23,47.5579,17.7983,210.1130,351.87,1.20,72.23,250.0675,11.9445,279.8723,0.00,100.00,182.67,-11.86,182.67,11.86,12.52
62.34,214.15,47.2816,14.8749,211.0934,7.49,100.00,72.07,-3.48,82.78,4.21,356.45,47.8714,17.8527,210.9728,47.7629,17.8811,211.3464,355.73,3.48,72.07,48.0655,17.8068,210.3962,355.73,3.48,72.07,250.0675,11.9445,279.8723,0.00,100.00,182.67,-11.86,182.67,11.86,12.52
62.40,213.70,47.7429,14.8215,211.1518,7.64,100.00,71.96,-3.35,82.74,3.75,358.19,48.2977,17.8083,211.1195,48.1875,17.8245,211.4934,357.52,3.35,71.96,48.4945,17.7814,210.5427,357.52,3.35,71.96,250.0675,11.9445,279.8723,0.00,100.00,182.67,-11.86,182.67,11.86,12.52
62.46,213.23,48.2105,14.8227,211.2114,7.75,100.00,71.79,-0.37,82.69,0.02,1.83,48.5472,17.8392,211.3447,48.4348,17.8269,211.7181,1.79,0.37,71.79,48.7473,17.8582,210.7687,1.79,0.37,71.79,250.0675,11.9445,279.8723,0.00,100.00,182.67,-11.86,182.67,11.86,12.52
62.53,212.77,48.6809,14.7806,211.2717,7.34,100.00,71.67,-3.77,82.73,4.43,356.99,49.2787,17.7579,211.1809,49.1674,17.7831,211.5540,356.19,3.77,71.67,49.4770,17.7169,210.6054,356.19,3.77,71.67,250.0675,11.9445,279.8723,0.00,100.00,182.67,-11.86,182.67,11.86,12.52
62.59,212.27,49.1872,14.7230,211.3363,8.36,100.00,71.47,-6.21,82.65,7.17,355.74,49.9336,17.6648,211.1993,49.8236,17.7013,211.5718,354.43,6.21,71.47,50.1299,17.6048,210.6248,354.43,6.21,71.47,250.0675,11.9445,279.8723,0.00,100.00,182.67,-11.86,182.67,11.86,12.52
62.66,211.79,49.6704,14.6717,211.3986,7.62,100.00,71.38,-6.83,82.68,7.54,357.06,50.4274,17.6133,211.3327,50.3160,17.6415,211.7055,355.64,6.83,71.38,50.6259,17.5661,210.7578,355.64,6.83,71.38,250.0675,11.9445,279.8723,0.00,100.00,182.67,-11.86,182.67,11.86,12.52
62.72,211.28,50.1813,14.6070,211.4642,8.25,100.00,71.51,-3.44,82.87,3.69,359.10,50.7270,17.5957,211.4775,50.6135,17.6060,211.8506,358.39,3.44,71.51,50.9288,17.5780,210.9021,358.39,3.44,71.51,250.0675,11.9445,279.8723,0.00,100.00,182.67,-11.86,182.67,11.86,12.52
62.78,210.78,50.6907,14.5498,211.5279,8.18,100.00,71.28,-7.01,82.79,7.73,357.15,51.4567,17.4891,211.4663,51.3447,17.5171,211.8390,355.66,7.01,71.28,51.6560,17.4421,210.8916,355.66,7.01,71.28,250.0675,11.9445,279.8723,0.00,100.00,182.67,-11.86,182.67,11.86,12.52
62.84,210.27,51.2040,14.4386,211.5928,8.34,100.00,71.00,-10.59,82.61,11.61,356.04,52.1722,17.3169,211.5014,52.0626,17.3564,211.8737,353.80,10.59,71.00,52.3675,17.2503,210.9273,353.80,10.59,71.00,250.0675,11.9445,279.8723,0.00,100.00,182.67,-11.86,182.67,11.86,12.52
62.91,209.76,51.7196,14.3091,211.6597,8.40,100.00,70.98,-11.42,82.66,11.85,359.00,52.6816,17.1902,211.7235,52.5683,17.2107,212.0962,356.64,11.42,70.98,52.8826,17.1532,211.1487,356.64,11.42,70.98,250.0675,11.9445,279.8723,0.00,100.00,182.67,-11.86,182.67,11.86,12.52
62.97,209.24,52.2436,14.1743,211.7272,8.47,100.00,71.02,-11.93,82.72,12.18,0.00,53.2152,17.0504,211.8443,53.1009,17.0647,212.2170,357.55,11.93,71.02,53.4176,17.0228,211.2694,357.55,11.93,71.02,250.0675,11.9445,279.8723,0.00,100.00,182.67,-11.86,182.67,11.86,12.52
63.04,208.72,52.7776,14.1227,211.7955,8.48,100.00,71.09,-10.90,82.71,10.25,4.32,53.6222,17.0223,212.1256,53.5025,17.0058,212.4965,2.18,10.90,71.09,53.8332,17.0432,211.5535,2.18,10.90,71.09,250.0675,11.9445,279.8723,0.00,100.00,182.67,-11.86,182.67,11.86,12.52
63.10,208.18,53.3162,13.9913,211.8644,8.88,100.00,71.19,-13.43,82.94,13.16,2.71,54.3189,16.8473,212.1253,54.2024,16.8450,212.4976,0.00,13.43,71.19,54.5248,16.8450,211.5510,0.00,13.43,71.19,250.0675,11.9445,279.8723,0.00,100.00,182.67,-11.86,182.67,11.86,12.52
63.16,207.66,53.8480,13.8438,211.9302,8.71,100.00,71.23,-14.81,83.07,14.73,1.90,54.9340,16.6722,212.1559,54.8195,16.6770,212.5288,358.87,14.81,71.23,55.1364,16.6580,211.5805,358.87,14.81,71.23,250.0675,11.9445,279.8723,0.00,100.00,182.67,-11.86,182.67,11.86,12.52
63.23,207.12,54.3899,13.6867,211.9962,9.06,100.00,71.29,-15.19,83.14,15.08,2.09,55.4920,16.5080,212.2326,55.3777,16.5120,212.6056,358.99,15.19,71.29,55.6942,16.4950,211.6572,358.99,15.19,71.29,250.0675,11.9445,279.8723,0.00,100.00,182.67,-11.86,182.67,11.86,12.52
63.29,206.59,54.9273,13.5402,212.0608,8.66,100.00,71.35,-14.98,83.19,14.86,2.16,56.0183,16.3657,212.2987,55.9043,16.3690,212.6718,359.10,14.98,71.35,56.2202,16.3539,211.7231,359.10,14.98,71.35,250.0675,11.9445,279.8723,0.00,100.00,182.67,-11.86,182.67,11.86,12.52
63.35,206.04,55.4891,13.4136,212.1279,9.21,100.00,71.40,-15.62,83.28,15.52,2.11,56.6131,16.2261,212.3652,56.4997,16.2305,212.7385,358.91,15.62,71.40,56.8137,16.2123,211.7893,358.91,15.62,71.40,250.0675,11.9445,279.8723,0.00,100.00,182.67,-11.86,182.67,11.86,12.52
63.42,205.50,56.0388,13.2470,212.1926,9.06,100.00,71.38,-16.01,83.28,15.92,2.05,57.1829,16.0515,212.4293,57.0697,16.0568,212.8026,358.77,16.01,71.38,57.3834,16.0361,211.8533,358.77,16.01,71.38,250.0675,11.9445,279.8723,0.00,100.00,182.67,-11.86,182.67,11.86,12.52
63.48,204.94,56.6007,13.0785,212.2589,9.59,100.00,71.34,-16.81,83.29,16.69,2.28,57.7807,15.8667,212.5117,57.6672,15.8714,212.8850,358.83,16.81,71.34,57.9815,15.8518,211.9359,358.83,16.81,71.34,250.0675,11.9445,279.8723,0.00,100.00,182.67,-11.86,182.67,11.86,12.52
63.54,204.41,57.1460,12.9097,212.3230,8.94,100.00,71.35,-15.95,83.24,15.86,2.12,58.2864,15.7154,212.5633,58.1728,15.7202,212.9365,358.84,15.95,71.35,58.4873,15.7008,211.9874,358.84,15.95,71.35,250.0675,11.9445,279.8723,0.00,100.00,182.67,-11.86,182.67,11.86,12.52
63.60,203.84,57.7239,12.7479,212.3915,9.99,100.00,71.33,-16.08,83.23,15.80,3.08,58.8546,15.5528,212.6818,58.7392,15.5513,213.0545,359.80,16.08,71.33,59.0584,15.5479,212.1068,359.80,16.08,71.33,250.0675,11.9445,279.8723,0.00,100.00,182.67,-11.86,182.67,11.86,12.52
63.67,203.31,58.2594,12.5842,212.4551,8.84,100.00,71.33,-16.62,83.26,16.38,2.87,59.4201,15.3776,212.7375,59.3053,15.3782,213.1103,359.47,16.62,71.33,59.6229,15.3694,212.1622,359.47,16.62,71.33,250.0675,11.9445,279.8723,0.00,100.00,182.67,-11.86,182.67,11.86,12.52
63.73,202.77,58.8127,12.4183,212.5204,9.32,100.00,71.33,-16.12,83.24,15.87,2.92,59.9481,15.2221,212.8028,59.8331,15.2217,213.1755,359.63,16.12,71.33,60.1514,15.2155,212.2276,359.63,16.12,71.33,250.0675,11.9445,279.8723,0.00,100.00,182.67,-11.86,182.67,11.86,12.52
63.79,202.23,59.3612,12.2589,212.5855,9.22,100.00,71.33,-16.04,83.23,15.78,2.93,60.4922,15.0645,212.8678,60.3771,15.0640,213.2406,359.65,16.04,71.33,60.6956,15.0582,212.2926,359.65,16.04,71.33,250.0675,11.9445,279.8723,0.00,100.00,182.67,-11.86,182.67,11.86,12.52
63.86,201.68,59.9154,12.1318,212.6513,8.71,100.00,71.30,-15.76,83.21,15.42,3.34,61.0257,14.9435,212.9534,60.9096,14.9400,213.3258,0.13,15.76,71.30,61.2308,14.9421,212.3788,0.13,15.76,71.30,250.0675,11.9445,279.8723,0.00,100.00,182.67,-11.86,182.67,11.86,12.52
63.92,201.31,60.2936,12.0209,212.6963,6.22,100.00,71.26,-15.63,83.19,15.13,4.10,61.3844,14.8359,213.0365,61.2666,14.8272,213.4083,0.92,15.63,71.26,61.5919,14.8427,212.4628,0.92,15.63,71.26,250.0675,11.9445,279.8723,0.00,100.00,182.67,-11.86,182.67,11.86,12.52
63.99,201.14,60.4660,11.9675,212.7168,2.85,100.00,71.25,-15.40,83.16,14.78,4.63,61.5356,14.7874,213.0836,61.4168,14.7747,213.4550,1.52,15.40,71.25,61.7447,14.8003,212.5106,1.52,15.40,71.25,250.0675,11.9445,279.8723,0.00,100.00,182.67,-11.86,182.67,11.86,12.52
64.05,200.97,60.6449,11.9155,212.7382,3.01,100.00,71.26,-15.65,83.18,15.02,4.71,61.7259,14.7304,213.1098,61.6071,14.7176,213.4812,1.54,15.65,71.26,61.9352,14.7435,212.5369,1.54,15.65,71.26,250.0675,11.9445,279.8723,0.00,100.00,182.67,-11.86,182.67,11.86,12.52
64.11,200.79,60.8249,11.8608,212.7598,2.99,100.00,71.21,-15.65,83.17,15.02,4.70,61.9060,14.6756,213.1314,61.7868,14.6629,213.5027,1.53,15.65,71.21,62.1157,14.6886,212.5587,1.53,15.65,71.21,250.0675,11.9445,279.8723,0.00,100.00,182.67,-11.86,182.67,11.86,12.52
64.17,200.61,61.0134,11.8091,212.7823,3.25,100.00,71.16,-15.40,83.15,14.75,4.77,62.0805,14.6290,213.1560,61.9609,14.6156,213.5271,1.64,15.40,71.16,62.2909,14.6432,212.5835,1.64,15.40,71.16,250.0675,11.9445,279.8723,0.00,100.00,182.67,-11.86,182.67,11.86,12.52
64.24,200.42,61.1993,11.7867,212.8047,2.91,100.00,71.11,-15.23,83.15,14.65,4.41,62.2640,14.6100,213.1595,62.1447,14.5988,213.5307,1.30,15.23,71.11,62.4739,14.6207,212.5867,1.30,15.23,71.11,250.0675,11.9445,279.8723,0.00,100.00,182.67,-11.86,182.67,11.86,12.52
64.30,200.22,61.4043,11.7340,212.8293,3.53,100.00,71.05,-14.57,83.09,13.97,4.44,62.4353,14.5698,213.1826,62.3155,14.5577,213.5537,1.46,14.57,71.05,62.6462,14.5824,212.6103,1.46,14.57,71.05,250.0675,11.9445,279.8723,0.00,100.00,182.67,-11.86,182.67,11.86,12.52
64.36,200.03,61.6013,11.6791,212.8532,3.22,100.00,71.04,-14.13,83.05,13.51,4.48,62.6090,14.5234,213.2066,62.4889,14.5103,213.5776,1.60,14.13,71.04,62.8202,14.5375,212.6345,1.60,14.13,71.04,250.0675,11.9445,279.8723,0.00,100.00,182.67,-11.86,182.67,11.86,12.52
64.42,199.82,61.8159,11.6231,212.8793,3.58,100.00,71.05,-14.34,83.08,13.73,4.45,62.8347,14.4634,213.2319,62.7149,14.4509,213.6029,1.53,14.34,71.05,63.0457,14.4767,212.6596,1.53,14.34,71.05,250.0675,11.9445,279.8723,0.00,100.00,182.67,-11.86,182.67,11.86,12.52
64.49,199.61,62.0306,11.5634,212.9054,3.52,100.00,71.02,-14.34,83.09,13.72,4.45,63.0495,14.4038,213.2579,62.9295,14.3913,213.6289,1.52,14.34,71.02,63.2607,14.4169,212.6857,1.52,14.34,71.02,250.0675,11.9445,279.8723,0.00,100.00,182.67,-11.86,182.67,11.86,12.52
64.55,199.38,62.2558,11.4980,212.9327,3.64,100.00,71.01,-14.58,83.14,14.05,4.08,63.2937,14.3337,213.2670,63.1743,14.3241,213.6382,1.07,14.58,71.01,63.5041,14.3423,212.6944,1.07,14.58,71.01,250.0675,11.9445,279.8723,0.00,100.00,182.67,-11.86,182.67,11.86,12.52
64.61,199.15,62.4911,11.4699,212.9610,3.81,100.00,71.03,-14.15,83.13,13.70,3.64,63.5150,14.3135,213.2701,63.3963,14.3064,213.6417,0.71,14.15,71.03,63.7243,14.3184,212.6971,0.71,14.15,71.03,250.0675,11.9445,279.8723,0.00,100.00,182.67,-11.86,182.67,11.86,12.52
64.68,198.93,62.7241,11.4078,212.9891,3.86,100.00,71.03,-13.79,83.12,13.33,3.63,63.7296,14.2582,213.2960,63.6108,14.2506,213.6676,0.79,13.79,71.03,63.9390,14.2640,212.7230,0.79,13.79,71.03,250.0675,11.9445,279.8723,0.00,100.00,182.67,-11.86,182.67,11.86,12.52
64.74,198.69,62.9646,11.3471,213.0181,3.97,100.00,71.03,-13.20,83.08,12.65,4.05,63.9332,14.2082,213.3434,63.8136,14.1970,213.7146,1.35,13.20,71.03,64.1437,14.2199,212.7709,1.35,13.20,71.03,250.0675,11.9445,279.8723,0.00,100.00,182.67,-11.86,182.67,11.86,12.52
64.80,198.46,63.1961,11.2904,213.0462,3.76,100.00,71.02,-12.65,83.04,12.12,3.85,64.1398,14.1613,213.3583,64.0204,14.1508,213.7296,1.26,12.65,71.02,64.3502,14.1722,212.7858,1.26,12.65,71.02,250.0675,11.9445,279.8723,0.00,100.00,182.67,-11.86,182.67,11.86,12.52
64.86,198.24,63.4220,11.2440,213.0738,3.85,100.00,70.96,-12.01,82.99,11.39,4.22,64.3264,14.1258,213.4017,64.2061,14.1119,213.7725,1.77,12.01,70.96,64.5382,14.1422,212.8298,1.77,12.01,70.96,250.0675,11.9445,279.8723,0.00,100.00,182.67,-11.86,182.67,11.86,12.52
64.93,198.03,63.6409,11.1936,213.1007,3.57,100.00,70.94,-11.85,83.01,11.43,3.26,64.5541,14.0779,213.3785,64.4349,14.0704,213.7499,0.81,11.85,70.94,64.7643,14.0843,212.8058,0.81,11.85,70.94,250.0675,11.9445,279.8723,0.00,100.00,182.67,-11.86,182.67,11.86,12.52
64.99,197.79,63.8771,11.1359,213.1297,3.75,100.00,70.89,-11.82,83.02,11.44,3.05,64.7922,14.0206,213.3966,64.6730,14.0146,213.7680,0.60,11.82,70.89,65.0024,14.0249,212.8239,0.60,11.82,70.89,250.0675,11.9445,279.8723,0.00,100.00,182.67,-11.86,182.67,11.86,12.52
65.06,197.55,64.1264,11.1187,213.1602,4.06,100.00,70.86,-11.47,83.02,11.08,3.05,65.0235,14.0093,213.4246,64.9041,14.0029,213.7960,0.66,11.47,70.86,65.2341,14.0142,212.8521,0.66,11.47,70.86,250.0675,11.9445,279.8723,0.00,100.00,182.67,-11.86,182.67,11.86,12.52
65.12,197.31,64.3693,11.0722,213.1899,4.05,100.00,70.82,-10.56,82.99,10.06,3.51,65.2117,13.9775,213.4726,65.0913,13.9668,213.8435,1.32,10.56,70.82,65.4238,13.9895,212.9007,1.32,10.56,70.82,250.0675,11.9445,279.8723,0.00,100.00,182.67,-11.86,182.67,11.86,12.52
65.18,197.07,64.6160,11.0171,213.2202,3.85,100.00,70.78,-10.59,83.01,10.14,3.23,65.4648,13.9219,213.4883,65.3445,13.9133,213.8593,1.02,10.59,70.78,65.6767,13.9307,212.9162,1.02,10.59,70.78,250.0675,11.9445,279.8723,0.00,100.00,182.67,-11.86,182.67,11.86,12.52
65.24,196.80,64.8882,10.9670,213.2536,4.54,100.00,70.79,-10.06,83.00,9.52,3.59,65.7031,13.8800,213.5368,65.5824,13.8682,213.9076,1.50,10.06,70.79,65.9157,13.8940,212.9651,1.50,10.06,70.79,250.0675,11.9445,279.8723,0.00,100.00,182.67,-11.86,182.67,11.86,12.52
65.31,196.55,65.1465,10.9157,213.2854,4.04,100.00,70.80,-9.51,82.98,9.01,3.37,65.9371,13.8368,213.5545,65.8166,13.8257,213.9254,1.40,9.51,70.80,66.1493,13.8499,212.9827,1.40,9.51,70.80,250.0675,11.9445,279.8723,0.00,100.00,182.67,-11.86,182.67,11.86,12.52
65.37,196.27,65.4302,10.8988,213.3203,4.41,100.00,70.75,-8.54,82.95,8.08,3.04,66.1758,13.8337,213.5665,66.0554,13.8237,213.9374,1.27,8.54,70.75,66.3881,13.8456,212.9946,1.27,8.54,70.75,250.0675,11.9445,279.8723,0.00,100.00,182.67,-11.86,182.67,11.86,12.52
65.44,195.99,65.7172,10.8574,213.3558,4.80,100.00,70.70,-7.67,82.93,7.25,2.74,66.4225,13.8039,213.5816,66.3020,13.7948,213.9525,1.15,7.67,70.70,66.6349,13.8147,213.0098,1.15,7.67,70.70,250.0675,11.9445,279.8723,0.00,100.00,182.67,-11.86,182.67,11.86,12.52
65.50,195.72,65.9923,10.8171,213.3899,4.39,100.00,70.65,-7.15,82.92,6.73,2.72,66.6707,13.7702,213.6115,66.5499,13.7606,213.9823,1.23,7.15,70.65,66.8837,13.7820,213.0399,1.23,7.15,70.65,250.0675,11.9445,279.8723,0.00,100.00,182.67,-11.86,182.67,11.86,12.52
65.56,195.43,66.2871,10.7796,213.4266,4.81,100.00,70.62,-6.71,82.93,6.26,2.76,66.9416,13.7381,213.6473,66.8206,13.7277,214.0180,1.37,6.71,70.62,67.1550,13.7514,213.0759,1.37,6.71,70.62,250.0675,11.9445,279.8723,0.00,100.00,182.67,-11.86,182.67,11.86,12.52
65.62,195.14,66.5806,10.7423,213.4629,4.75,100.00,70.65,-6.50,82.97,6.12,2.43,67.2303,13.7032,213.6651,67.1098,13.6948,214.0361,1.07,6.50,70.65,67.4430,13.7134,213.0934,1.07,6.50,70.65,250.0675,11.9445,279.8723,0.00,100.00,182.67,-11.86,182.67,11.86,12.52
65.69,194.86,66.8669,10.7083,213.4982,4.68,100.00,70.65,-5.90,82.95,5.67,1.71,67.4980,13.6758,213.6598,67.3779,13.6716,214.0310,0.46,5.90,70.65,67.7100,13.6796,213.0878,0.46,5.90,70.65,250.0675,11.9445,279.8723,0.00,100.00,182.67,-11.86,182.67,11.86,12.52
65.75,194.59,67.1411,10.6768,213.5322,4.42,100.00,70.59,-5.24,82.94,5.16,0.92,67.7513,13.6506,213.6497,67.6312,13.6511,214.0209,359.80,5.24,70.59,67.9633,13.6476,213.0776,359.80,5.24,70.59,250.0675,11.9445,279.8723,0.00,100.00,182.67,-11.86,182.67,11.86,12.52
65.81,194.32,67.4099,10.6480,213.5654,4.32,100.00,70.53,-4.77,82.93,4.70,0.80,67.9973,13.6269,213.6736,67.8768,13.6276,214.0446,359.77,4.77,70.53,68.2098,13.6236,213.1017,359.77,4.77,70.53,250.0675,11.9445,279.8723,0.00,100.00,182.67,-11.86,182.67,11.86,12.52
65.88,194.07,67.6700,10.6554,213.5977,4.02,100.00,70.48,-3.69,82.91,3.49,1.29,68.1915,13.6458,213.7237,68.0703,13.6417,214.0945,0.51,3.69,70.48,68.4051,13.6505,213.1523,0.51,3.69,70.48,250.0675,11.9445,279.8723,0.00,100.00,182.67,-11.86,182.67,11.86,12.52
65.94,193.80,67.9456,10.6356,213.6319,4.49,100.00,70.46,-3.23,82.94,3.23,0.33,68.4598,13.6290,213.7060,68.3389,13.6310,214.0770,359.62,3.23,70.46,68.6730,13.6244,213.1344,359.62,3.23,70.46,250.0675,11.9445,279.8723,0.00,100.00,182.67,-11.86,182.67,11.86,12.52
66.00,193.54,68.2134,10.6148,213.6651,4.27,100.00,70.45,-2.89,82.98,3.09,359.43,68.7260,13.6092,213.6907,68.6053,13.6171,214.0616,358.77,2.89,70.45,68.9389,13.5957,213.1191,358.77,2.89,70.45,250.0675,11.9445,279.8723,0.00,100.00,182.67,-11.86,182.67,11.86,12.52
66.07,193.26,68.4932,10.5919,213.6995,4.31,100.00,70.43,-2.49,83.01,2.71,359.28,68.9874,13.5895,213.7146,68.8665,13.5979,214.0855,358.70,2.49,70.43,69.2005,13.5753,213.1432,358.70,2.49,70.43,250.0675,11.9445,279.8723,0.00,100.00,182.67,-11.86,182.67,11.86,12.52
66.14,192.97,68.7892,10.6071,213.7358,4.48,100.00,70.48,-1.29,83.06,1.46,359.38,69.2175,13.6149,213.7481,69.0968,13.6209,214.1190,359.08,1.29,70.48,69.4305,13.6049,213.1765,359.08,1.29,70.48,250.0675,11.9445,279.8723,0.00,100.00,182.67,-11.86,182.67,11.86,12.52
66.20,192.67,69.0968,10.5905,213.7732,4.82,100.00,70.50,-1.58,83.07,1.93,358.63,69.5542,13.5939,213.7488,69.4338,13.6056,214.1197,358.24,1.58,70.50,69.7667,13.5749,213.1772,358.24,1.58,70.50,250.0675,11.9445,279.8723,0.00,100.00,182.67,-11.86,182.67,11.86,12.52
66.26,192.37,69.4000,10.5762,213.8100,4.87,100.00,70.53,-1.31,83.10,1.68,358.50,69.8453,13.5814,213.7775,69.7251,13.5935,214.1484,358.17,1.31,70.53,70.0575,13.5617,213.2058,358.17,1.31,70.53,250.0675,11.9445,279.8723,0.00,100.00,182.67,-11.86,182.67,11.86,12.52
66.32,192.09,69.6863,10.5693,213.8447,4.66,100.00,70.56,-0.50,83.13,0.90,358.23,70.0928,13.5797,213.7926,69.9726,13.5927,214.1635,358.07,0.50,70.56,70.3050,13.5591,213.2209,358.07,0.50,70.56,250.0675,11.9445,279.8723,0.00,100.00,182.67,-11.86,182.67,11.86,12.52
66.39,191.82,69.9592,10.5597,213.8776,4.22,100.00,70.55,0.25,83.15,0.30,357.51,70.3388,13.5725,213.7842,70.2184,13.5895,214.1549,357.51,359.75,70.55,70.5513,13.5460,213.2129,357.51,359.75,70.55,250.0675,11.9445,279.8723,0.00,100.00,182.67,-11.86,182.67,11.86,12.52
66.45,191.54,70.2532,10.5569,213.9129,4.78,100.00,70.54,0.74,83.18,359.83,357.40,70.6087,13.5725,213.8106,70.4882,13.5896,214.1813,357.50,359.26,70.54,70.8215,13.5460,213.2395,357.50,359.26,70.54,250.0675,11.9445,279.8723,0.00,100.00,182.67,-11.86,182.67,11.86,12.52
66.51,191.26,70.5386,10.5933,213.9470,4.65,100.00,70.54,1.59,83.23,358.94,357.47,70.8470,13.6139,213.8423,70.7262,13.6294,214.2130,357.76,358.41,70.54,71.0601,13.5904,213.2712,357.76,358.41,70.54,250.0675,11.9445,279.8723,0.00,100.00,182.67,-11.86,182.67,11.86,12.52
66.58,190.97,70.8308,10.5906,213.9817,4.47,100.00,70.52,2.02,83.27,358.49,357.52,71.1153,13.6135,213.8767,70.9943,13.6281,214.2473,357.91,357.98,70.52,71.3287,13.5917,213.3056,357.91,357.98,70.52,250.0675,11.9445,279.8723,0.00,100.00,182.67,-11.86,182.67,11.86,12.52
66.64,190.66,71.1461,10.5888,214.0189,4.91,100.00,70.50,1.90,83.27,358.70,357.14,71.4441,13.6098,213.8955,71.3229,13.6271,214.2659,357.50,358.10,70.50,71.6577,13.5835,213.3247,357.50,358.10,70.50,250.0675,11.9445,279.8723,0.00,100.00,182.67,-11.86,182.67,11.86,12.52
66.71,190.37,71.4460,10.5893,214.0542,4.76,100.00,70.47,1.89,83.27,358.72,357.10,71.7455,13.6100,213.9288,71.6241,13.6276,214.2992,357.46,358.11,70.47,71.9594,13.5833,213.3581,357.46,358.11,70.47,250.0675,11.9445,279.8723,0.00,100.00,182.67,-11.86,182.67,11.86,12.52
66.77,190.09,71.7305,10.5911,214.0878,4.40,100.00,70.52,2.77,83.31,357.97,356.45,71.9943,13.6133,213.9235,71.8729,13.6342,214.2936,356.99,357.23,70.52,72.2084,13.5817,213.3530,356.99,357.23,70.52,250.0675,11.9445,279.8723,0.00,100.00,182.67,-11.86,182.67,11.86,12.52
66.84,189.80,72.0288,10.6368,214.1228,4.87,100.00,70.53,3.47,83.33,357.36,355.96,72.2640,13.6595,213.9289,72.1424,13.6830,214.2988,356.64,356.53,70.53,72.4784,13.6245,213.3588,356.64,356.53,70.53,250.0675,11.9445,279.8723,0.00,100.00,182.67,-11.86,182.67,11.86,12.52
66.90,189.51,72.3199,10.6457,214.1568,4.59,100.00,70.52,3.98,83.35,356.91,355.61,72.5336,13.6686,213.9420,72.4116,13.6937,214.3118,356.40,356.02,70.52,72.7485,13.6312,213.3723,356.40,356.02,70.52,250.0675,11.9445,279.8723,0.00,100.00,182.67,-11.86,182.67,11.86,12.52
66.96,189.21,72.6241,10.6570,214.1922,4.84,100.00,70.50,4.21,83.35,356.78,355.19,72.8333,13.6786,213.9550,72.7109,13.7063,214.3244,356.03,355.79,70.50,73.0487,13.6372,213.3857,356.03,355.79,70.50,250.0675,11.9445,279.8723,0.00,100.00,182.67,-11.86,182.67,11.86,12.52
67.03,188.91,72.9314,10.6686,214.2281,4.78,100.00,70.54,4.81,83.38,356.33,354.46,73.1215,13.6880,213.9495,72.9989,13.7199,214.3185,355.41,355.19,70.54,73.3374,13.6401,213.3809,355.41,355.19,70.54,250.0675,11.9445,279.8723,0.00,100.00,182.67,-11.86,182.67,11.86,12.52
67.09,188.60,73.2517,10.6849,214.2653,5.02,100.00,70.60,5.84,83.45,355.45,353.68,73.4008,13.7020,213.9409,73.2778,13.7378,214.3094,354.85,354.16,70.60,73.6172,13.6485,213.3730,354.85,354.16,70.60,250.0675,11.9445,279.8723,0.00,100.00,182.67,-11.86,182.67,11.86,12.52
67.16,188.28,73.5757,10.7411,214.3025,5.22,100.00,70.58,5.85,83.41,355.58,353.08,73.7353,13.7542,213.9476,73.6118,13.7942,214.3156,354.23,354.15,70.58,73.9524,13.6942,213.3807,354.23,354.15,70.58,250.0675,11.9445,279.8723,0.00,100.00,182.67,-11.86,182.67,11.86,12.52
67.22,187.96,73.9009,10.7581,214.3401,5.06,100.00,70.59,6.18,83.43,355.25,353.05,74.0435,13.7716,213.9818,73.9200,13.8114,214.3497,354.28,353.82,70.59,74.2608,13.7122,213.4148,354.28,353.82,70.59,250.0675,11.9445,279.8723,0.00,100.00,182.67,-11.86,182.67,11.86,12.52
67.28,187.63,74.2399,10.7821,214.3791,5.41,100.00,70.61,6.58,83.46,354.83,353.08,74.3601,13.7965,214.0199,74.2365,13.8355,214.3879,354.40,353.42,70.61,74.5775,13.7385,213.4528,354.40,353.42,70.61,250.0675,11.9445,279.8723,0.00,100.00,182.67,-11.86,182.67,11.86,12.52
67.35,187.30,74.5760,10.8044,214.4177,5.28,100.00,70.55,6.46,83.38,355.04,352.71,74.7103,13.8161,214.0405,74.5861,13.8578,214.4080,353.99,353.54,70.55,74.9284,13.7537,213.4742,353.99,353.54,70.55,250.0675,11.9445,279.8723,0.00,100.00,182.67,-11.86,182.67,11.86,12.52
67.41,186.96,74.9238,10.8293,214.4580,5.41,100.00,70.56,7.08,83.42,354.40,352.71,75.0244,13.8417,214.0771,74.9001,13.8825,214.4446,354.14,352.92,70.56,75.2430,13.7811,213.5108,354.14,352.92,70.56,250.0675,11.9445,279.8723,0.00,100.00,182.67,-11.86,182.67,11.86,12.52
67.48,186.63,75.2645,10.8943,214.4973,5.55,100.00,70.57,7.19,83.43,354.29,352.71,75.3592,13.9068,214.1158,75.2348,13.9474,214.4833,354.16,352.81,70.57,75.5777,13.8465,213.5493,354.16,352.81,70.57,250.0675,11.9445,279.8723,0.00,100.00,182.67,-11.86,182.67,11.86,12.52
67.54,186.32,75.5852,10.9085,214.5343,4.75,100.00,70.51,6.92,83.39,354.58,352.67,75.6955,13.9205,214.1523,75.5709,13.9618,214.5197,354.06,353.08,70.51,75.9144,13.8590,213.5862,354.06,353.08,70.51,250.0675,11.9445,279.8723,0.00,100.00,182.67,-11.86,182.67,11.86,12.52
67.61,185.97,75.9395,10.9369,214.5753,5.69,100.00,70.50,7.31,83.41,354.25,352.35,76.0345,13.9470,214.1749,75.9094,13.9899,214.5420,353.83,352.69,70.50,76.2542,13.8832,213.6094,353.83,352.69,70.50,250.0675,11.9445,279.8723,0.00,100.00,182.67,-11.86,182.67,11.86,12.52
67.67,185.65,76.2724,10.9616,214.6138,5.12,100.00,70.52,7.72,83.45,353.84,352.33,76.3460,13.9718,214.2095,76.2208,14.0142,214.5766,353.89,352.28,70.52,76.5658,13.9088,213.6439,353.89,352.28,70.52,250.0675,11.9445,279.8723,0.00,100.00,182.67,-11.86,182.67,11.86,12.52
67.74,185.30,76.6263,11.0293,214.6544,5.72,100.00,70.53,8.05,83.44,353.67,351.58,76.6959,14.0340,214.2104,76.5701,14.0811,214.5767,353.20,351.95,70.53,76.9167,13.9639,213.6461,353.20,351.95,70.53,250.0675,11.9445,279.8723,0.00,100.00,182.67,-11.86,182.67,11.86,12.52
67.80,184.96,76.9733,11.0645,214.6943,5.64,100.00,70.41,8.09,83.41,353.65,351.54,77.0427,14.0688,214.2482,76.9161,14.1161,214.6142,353.18,351.91,70.41,77.2647,13.9985,213.6843,353.18,351.91,70.41,250.0675,11.9445,279.8723,0.00,100.00,182.67,-11.86,182.67,11.86,12.52
67.86,184.62,77.3198,11.0929,214.7343,5.40,100.00,70.27,7.92,83.33,353.93,351.12,77.4071,14.0938,214.2686,77.2794,14.1441,214.6338,352.72,352.08,70.27,77.6307,14.0186,213.7060,352.72,352.08,70.27,250.0675,11.9445,279.8723,0.00,100.00,182.67,-11.86,182.67,11.86,12.52
67.93,184.26,77.6871,11.1245,214.7773,5.77,100.00,70.23,8.46,83.35,353.56,350.38,77.7603,14.1193,214.2711,77.6315,14.1739,214.6353,352.09,351.54,70.23,77.9855,14.0377,213.7100,352.09,351.54,70.23,250.0675,11.9445,279.8723,0.00,100.00,182.67,-11.86,182.67,11.86,12.52
67.99,183.92,78.0414,11.1561,214.8185,5.48,100.00,70.17,8.58,83.37,353.48,350.22,78.1115,14.1494,214.3036,77.9821,14.2048,214.6674,351.96,351.42,70.17,78.3376,14.0665,213.7431,351.96,351.42,70.17,250.0675,11.9445,279.8723,0.00,100.00,182.67,-11.86,182.67,11.86,12.52
68.06,183.58,78.3909,11.2261,214.8592,5.67,100.00,70.19,8.73,83.38,353.42,349.80,78.4606,14.2156,214.3224,78.3310,14.2737,214.6857,351.57,351.27,70.19,78.6871,14.1287,213.7626,351.57,351.27,70.19,250.0675,11.9445,279.8723,0.00,100.00,182.67,-11.86,182.67,11.86,12.52
68.12,183.24,78.7353,11.2519,214.8991,5.17,100.00,70.16,8.55,83.32,353.71,349.38,78.8235,14.2373,214.3423,78.6935,14.2985,214.7050,351.08,351.45,70.16,79.0505,14.1453,213.7836,351.08,351.45,70.16,250.0675,11.9445,279.8723,0.00,100.00,182.67,-11.86,182.67,11.86,12.52
68.19,182.88,79.1082,11.2837,214.9428,5.86,100.00,70.12,8.40,83.29,353.80,349.61,79.2000,14.2713,214.3987,79.0701,14.3312,214.7616,351.29,351.60,70.12,79.4270,14.1814,213.8396,351.29,351.60,70.12,250.0675,11.9445,279.8723,0.00,100.00,182.67,-11.86,182.67,11.86,12.52
68.25,182.52,79.4709,11.3183,214.9855,5.61,100.00,70.17,8.89,83.37,353.20,350.08,79.5271,14.3104,214.4618,79.3974,14.3663,214.8254,351.89,351.11,70.17,79.7538,14.2269,213.9016,351.89,351.11,70.17,250.0675,11.9445,279.8723,0.00,100.00,182.67,-11.86,182.67,11.86,12.52
68.32,182.15,79.8458,11.3887,215.0291,5.89,100.00,70.03,8.45,83.24,353.73,349.75,79.9335,14.3776,214.4915,79.8030,14.4364,214.8545,351.45,351.55,70.03,80.1613,14.2893,213.9326,351.45,351.55,70.03,250.0675,11.9445,279.8723,0.00,100.00,182.67,-11.86,182.67,11.86,12.52
68.38,181.78,80.2260,11.4281,215.0742,6.08,100.00,70.07,9.03,83.35,353.13,349.78,80.2811,14.4175,214.5347,80.1505,14.4751,214.8978,351.63,350.97,70.07,80.5093,14.3314,213.9755,351.63,350.97,70.07,250.0675,11.9445,279.8723,0.00,100.00,182.67,-11.86,182.67,11.86,12.52
68.44,181.42,80.6006,11.4644,215.1178,6.03,100.00,69.95,8.33,83.19,353.96,349.33,80.7035,14.4492,214.5606,80.5724,14.5110,214.9228,351.00,351.67,69.95,80.9323,14.3561,214.0027,351.00,351.67,69.95,250.0675,11.9445,279.8723,0.00,100.00,182.67,-11.86,182.67,11.86,12.52
68.51,181.06,80.9639,11.4948,215.1612,5.67,100.00,70.03,8.80,83.29,353.48,349.32,81.0410,14.4796,214.5999,80.9100,14.5408,214.9622,351.09,351.20,70.03,81.2697,14.3878,214.0418,351.09,351.20,70.03,250.0675,11.9445,279.8723,0.00,100.00,182.67,-11.86,182.67,11.86,12.52
68.57,180.71,81.3277,11.5308,215.2040,5.77,100.00,70.00,8.59,83.24,353.71,349.26,81.4174,14.5150,214.6413,81.2864,14.5769,215.0035,350.98,351.41,70.00,81.6463,14.4220,214.0835,350.98,351.41,70.00,250.0675,11.9445,279.8723,0.00,100.00,182.67,-11.86,182.67,11.86,12.52
68.63,180.37,81.6763,11.5651,215.2453,5.73,100.00,69.94,8.23,83.17,354.09,349.21,81.7867,14.5485,214.6824,81.6556,14.6114,215.0444,350.84,351.77,69.94,82.0157,14.4539,214.1248,350.84,351.77,69.94,250.0675,11.9445,279.8723,0.00,100.00,182.67,-11.86,182.67,11.86,12.52
68.70,180.05,82.0039,11.6240,215.2845,5.06,100.00,69.93,8.19,83.16,354.13,349.21,82.1166,14.6075,214.7219,81.9855,14.6704,215.0839,350.83,351.81,69.93,82.3455,14.5127,214.1644,350.83,351.81,69.93,250.0675,11.9445,279.8723,0.00,100.00,182.67,-11.86,182.67,11.86,12.52
68.76,179.70,82.3630,11.6569,215.3276,5.82,100.00,69.94,8.46,83.18,353.84,349.25,82.4604,14.6410,214.7656,82.3292,14.7032,215.1276,350.95,351.54,69.94,82.6896,14.5475,214.2079,350.95,351.54,69.94,250.0675,11.9445,279.8723,0.00,100.00,182.67,-11.86,182.67,11.86,12.52
68.83,179.36,82.7070,11.6882,215.3688,5.45,100.00,69.94,8.64,83.17,353.74,348.92,82.8014,14.6690,214.7892,82.6698,14.7332,215.1508,350.65,351.36,69.94,83.0312,14.5725,214.2324,350.65,351.36,69.94,250.0675,11.9445,279.8723,0.00,100.00,182.67,-11.86,182.67,11.86,12.52
68.89,179.01,83.0645,11.7257,215.4116,6.05,100.00,69.88,8.20,83.02,354.55,347.39,83.2133,14.6892,214.7593,83.0810,14.7646,215.1184,348.96,351.80,69.88,83.4442,14.5751,214.2062,348.96,351.80,69.88,250.0675,11.9445,279.8723,0.00,100.00,182.67,-11.86,182.67,11.86,12.52
68.95,178.68,83.4057,11.7481,215.4533,5.35,100.00,69.77,7.80,82.93,355.05,347.02,83.5842,14.7065,214.7855,83.4514,14.7850,215.1438,348.49,352.20,69.77,83.8157,14.5873,214.2337,348.49,352.20,69.77,250.0675,11.9445,279.8723,0.00,100.00,182.67,-11.86,182.67,11.86,12.52
69.01,178.31,83.7792,11.7799,215.4996,6.06,100.00,69.81,8.32,83.09,354.29,348.05,83.9093,14.7511,214.8790,83.7767,14.8217,215.2390,349.68,351.68,69.81,84.1405,14.6444,214.3246,349.68,351.68,69.81,250.0675,11.9445,279.8723,0.00,100.00,182.67,-11.86,182.67,11.86,12.52
69.07,177.96,84.1458,11.8184,215.5440,6.09,100.00,69.73,8.45,83.12,354.12,348.28,84.2651,14.7923,214.9341,84.1320,14.8610,215.2943,349.96,351.55,69.73,84.4972,14.6885,214.3795,349.96,351.55,69.73,250.0675,11.9445,279.8723,0.00,100.00,182.67,-11.86,182.67,11.86,12.52
69.14,177.61,84.4955,11.8820,215.5862,5.64,100.00,69.56,8.13,83.05,354.46,348.29,84.6329,14.8557,214.9791,84.4991,14.9248,215.3390,349.91,351.87,69.56,84.8661,14.7513,214.4251,349.91,351.87,69.56,250.0675,11.9445,279.8723,0.00,100.00,182.67,-11.86,182.67,11.86,12.52
69.20,177.27,84.8501,11.9087,215.6294,5.59,100.00,69.39,7.68,82.97,354.87,348.59,85.0075,14.8850,215.0405,84.8731,14.9527,215.4004,350.11,352.32,69.39,85.2414,14.7826,214.4864,350.11,352.32,69.39,250.0675,11.9445,279.8723,0.00,100.00,182.67,-11.86,182.67,11.86,12.52
69.26,176.91,85.2142,11.9365,215.6743,5.97,100.00,69.22,7.29,82.87,355.28,348.62,85.3937,14.9124,215.0895,85.2587,14.9805,215.4491,350.05,352.71,69.22,85.6287,14.8092,214.5361,350.05,352.71,69.22,250.0675,11.9445,279.8723,0.00,100.00,182.67,-11.86,182.67,11.86,12.52
69.32,176.56,85.5701,11.9706,215.7188,6.11,100.00,69.27,7.71,82.96,354.74,349.03,85.7179,14.9516,215.1515,85.5830,15.0162,215.5118,350.58,352.29,69.27,85.9527,14.8541,214.5969,350.58,352.29,69.27,250.0675,11.9445,279.8723,0.00,100.00,182.67,-11.86,182.67,11.86,12.52
69.38,176.23,85.9158,11.9931,215.7615,5.51,100.00,69.22,7.29,82.88,355.26,348.70,86.0933,14.9699,215.1806,85.9583,15.0375,215.5404,350.14,352.71,69.22,86.3281,14.8675,214.6270,350.14,352.71,69.22,250.0675,11.9445,279.8723,0.00,100.00,182.67,-11.86,182.67,11.86,12.52
69.44,175.86,86.2933,12.0237,215.8087,6.35,100.00,69.24,7.26,82.90,355.28,348.74,86.4715,15.0008,215.2300,86.3367,15.0681,215.5899,350.17,352.74,69.24,86.7060,14.8988,214.6762,350.17,352.74,69.24,250.0675,11.9445,279.8723,0.00,100.00,182.67,-11.86,182.67,11.86,12.52
69.51,175.52,86.6425,12.0493,215.8522,5.79,100.00,69.16,6.76,82.81,355.75,348.93,86.8443,15.0275,215.2866,86.7095,15.0943,215.6465,350.25,353.24,69.16,87.0788,14.9261,214.7326,350.25,353.24,69.16,250.0675,11.9445,279.8723,0.00,100.00,182.67,-11.86,182.67,11.86,12.52
69.57,175.18,86.9878,12.0743,215.8958,5.72,100.00,69.19,6.96,82.85,355.52,349.01,87.1768,15.0538,215.3328,87.0421,15.1197,215.6930,350.38,353.04,69.19,87.4113,14.9539,214.7785,350.38,353.04,69.19,250.0675,11.9445,279.8723,0.00,100.00,182.67,-11.86,182.67,11.86,12.52
69.63,174.84,87.3392,12.1014,215.9398,5.78,100.00,69.22,6.87,82.90,355.53,349.36,87.5257,15.0844,215.3945,87.3914,15.1480,215.7552,350.72,353.13,69.22,87.7595,14.9879,214.8393,350.72,353.13,69.22,250.0675,11.9445,279.8723,0.00,100.00,182.67,-11.86,182.67,11.86,12.52
69.69,174.49,87.6989,12.1213,215.9846,5.83,100.00,69.16,6.60,82.84,356.07,348.34,87.9213,15.0926,215.3911,87.7866,15.1637,215.7503,349.60,353.40,69.16,88.1559,14.9844,214.8384,349.60,353.40,69.16,250.0675,11.9445,279.8723,0.00,100.00,182.67,-11.86,182.67,11.86,12.52
69.75,174.12,88.0691,12.1489,216.0312,6.33,100.00,69.19,6.73,82.94,355.91,348.50,88.2808,15.1223,215.4442,88.1462,15.1920,215.8036,349.80,353.27,69.19,88.5152,15.0162,214.8910,349.80,353.27,69.19,250.0675,11.9445,279.8723,0.00,100.00,182.67,-11.86,182.67,11.86,12.52
69.81,173.78,88.4260,12.1772,216.0754,6.08,100.00,69.27,6.82,83.06,355.63,349.23,88.6173,15.1586,215.5237,88.4833,15.2232,215.8843,350.58,353.18,69.27,88.8507,15.0607,214.9686,350.58,353.18,69.27,250.0675,11.9445,279.8723,0.00,100.00,182.67,-11.86,182.67,11.86,12.52
69.87,173.42,88.7895,12.2066,216.1196,6.17,100.00,69.25,6.53,83.03,355.91,349.35,88.9945,15.1886,215.5757,88.8607,15.2528,215.9365,350.63,353.47,69.25,89.2276,15.0910,215.0205,350.63,353.47,69.25,250.0675,11.9445,279.8723,0.00,100.00,182.67,-11.86,182.67,11.86,12.52
69.93,173.06,89.1595,12.2332,216.1649,6.28,100.00,69.11,6.04,82.98,356.35,349.67,89.3854,15.2172,215.6404,89.2513,15.2799,216.0013,350.85,353.96,69.11,89.6190,15.1217,215.0849,350.85,353.96,69.11,250.0675,11.9445,279.8723,0.00,100.00,182.67,-11.86,182.67,11.86,12.52
69.99,172.70,89.5349,12.2550,216.2111,6.18,100.00,69.00,5.82,82.97,356.48,350.08,89.7651,15.2425,215.7086,89.6306,15.3027,216.0698,351.22,354.18,69.00,89.9992,15.1509,215.1527,351.22,354.18,69.00,250.0675,11.9445,279.8723,0.00,100.00,182.67,-11.86,182.67,11.86,12.52
70.05,172.31,89.9270,12.2818,216.2594,6.78,100.00,68.98,5.80,82.99,356.50,350.12,90.1576,15.2696,215.7592,90.0231,15.3296,216.1205,351.26,354.20,68.98,90.3919,15.1784,215.2033,351.26,354.20,68.98,250.0675,11.9445,279.8723,0.00,100.00,182.67,-11.86,182.67,11.86,12.52
70.11,171.94,90.3056,12.3027,216.3060,6.29,100.00,68.92,5.45,82.95,356.86,350.13,90.5552,15.2894,215.8088,90.4206,15.3498,216.1700,351.19,354.55,68.92,90.7896,15.1974,215.2532,351.19,354.55,68.92,250.0675,11.9445,279.8723,0.00,100.00,182.67,-11.86,182.67,11.86,12.52
70.17,171.55,90.7050,12.3225,216.3553,6.56,100.00,68.91,5.25,82.95,356.99,350.47,90.9587,15.3119,215.8764,90.8243,15.3703,216.2380,351.49,354.75,68.91,91.1928,15.2229,215.3201,351.49,354.75,68.91,250.0675,11.9445,279.8723,0.00,100.00,182.67,-11.86,182.67,11.86,12.52
70.23,171.17,91.0995,12.3472,216.4041,6.85,100.00,68.91,5.23,82.95,357.00,350.51,91.3535,15.3369,215.9272,91.2190,15.3951,216.2888,351.52,354.77,68.91,91.5875,15.2483,215.3708,351.52,354.77,68.91,250.0675,11.9445,279.8723,0.00,100.00,182.67,-11.86,182.67,11.86,12.52
70.29,170.81,91.4651,12.3681,216.4493,6.30,100.00,68.83,4.89,82.89,357.35,350.51,91.7377,15.3565,215.9751,91.6030,15.4152,216.3365,351.44,355.11,68.83,91.9721,15.2670,215.4190,351.44,355.11,68.83,250.0675,11.9445,279.8723,0.00,100.00,182.67,-11.86,182.67,11.86,12.52
70.35,170.46,91.8250,12.3852,216.4942,6.02,100.00,68.77,4.70,82.87,357.47,350.84,92.1018,15.3761,216.0379,91.9671,15.4328,216.3996,351.74,355.30,68.77,92.3365,15.2895,215.4814,351.74,355.30,68.77,250.0675,11.9445,279.8723,0.00,100.00,182.67,-11.86,182.67,11.86,12.52
70.41,170.11,92.1871,12.4042,216.5395,6.18,100.00,68.71,4.74,82.91,357.24,351.64,92.4463,15.4023,216.1223,92.3113,15.4534,216.4847,352.57,355.26,68.71,92.6813,15.3245,215.5647,352.57,355.26,68.71,250.0675,11.9445,279.8723,0.00,100.00,182.67,-11.86,182.67,11.86,12.52
70.47,169.76,92.5468,12.4252,216.5842,6.05,100.00,68.70,4.94,82.99,356.90,352.19,92.7840,15.4287,216.1931,92.6488,15.4756,216.5561,353.20,355.06,68.70,93.0191,15.3576,215.6347,353.20,355.06,68.70,250.0675,11.9445,279.8723,0.00,100.00,182.67,-11.86,182.67,11.86,12.52
70.53,169.40,92.9174,12.4414,216.6298,6.12,100.00,68.63,4.34,82.93,357.51,352.22,93.1864,15.4430,216.2447,93.0513,15.4906,216.6075,353.08,355.66,68.63,93.4216,15.3705,215.6864,353.08,355.66,68.63,250.0675,11.9445,279.8723,0.00,100.00,182.67,-11.86,182.67,11.86,12.52
70.58,169.03,93.3001,12.4619,216.6772,6.69,100.00,68.67,4.53,83.00,357.31,352.27,93.5577,15.4646,216.2929,93.4228,15.5115,216.6559,353.18,355.47,68.67,93.7927,15.3931,215.7345,353.18,355.47,68.67,250.0675,11.9445,279.8723,0.00,100.00,182.67,-11.86,182.67,11.86,12.52
70.64,168.67,93.6666,12.4786,216.7222,6.18,100.00,68.64,4.45,83.04,357.31,352.62,93.9218,15.4837,216.3559,93.7867,15.5283,216.7191,353.52,355.55,68.64,94.1567,15.4159,215.7969,353.52,355.55,68.64,250.0675,11.9445,279.8723,0.00,100.00,182.67,-11.86,182.67,11.86,12.52
70.70,168.29,94.0523,12.5022,216.7692,6.64,100.00,68.59,4.31,83.05,357.35,353.04,94.3067,15.5100,216.4249,94.1715,15.5519,216.7884,353.93,355.69,68.59,94.5419,15.4464,215.8656,353.93,355.69,68.59,250.0675,11.9445,279.8723,0.00,100.00,182.67,-11.86,182.67,11.86,12.52
70.76,167.92,94.4353,12.5196,216.8159,6.49,100.00,68.56,3.96,83.02,357.70,353.09,94.7079,15.5264,216.4765,94.5728,15.5685,216.8400,353.88,356.04,68.56,94.9431,15.4623,215.9172,353.88,356.04,68.56,250.0675,11.9445,279.8723,0.00,100.00,182.67,-11.86,182.67,11.86,12.52
70.82,167.54,94.8295,12.5405,216.8642,6.97,100.00,68.57,4.08,83.05,357.47,353.48,95.0877,15.5506,216.5435,94.9527,15.5898,216.9074,354.32,355.92,68.57,95.3228,15.4911,215.9836,354.32,355.92,68.57,250.0675,11.9445,279.8723,0.00,100.00,182.67,-11.86,182.67,11.86,12.52
70.88,167.17,95.2123,12.5609,216.9109,6.75,100.00,68.49,3.66,83.01,357.81,353.87,95.4856,15.5719,216.6126,95.3504,15.6091,216.9767,354.61,356.34,68.49,95.7210,15.5154,216.0526,354.61,356.34,68.49,250.0675,11.9445,279.8723,0.00,100.00,182.67,-11.86,182.67,11.86,12.52
70.94,166.79,95.6006,12.5796,216.9585,6.63,100.00,68.49,3.89,83.06,357.54,353.99,95.8589,15.5925,216.6648,95.7235,15.6284,217.0289,354.81,356.11,68.49,96.0944,15.5380,216.1046,354.81,356.11,68.49,250.0675,11.9445,279.8723,0.00,100.00,182.67,-11.86,182.67,11.86,12.52
70.99,166.39,96.0072,12.6012,217.0080,7.02,100.00,68.50,3.81,83.07,357.52,354.37,96.2620,15.6161,216.7335,96.1268,15.6496,217.0979,355.17,356.19,68.50,96.4973,15.5656,216.1729,355.17,356.19,68.50,250.0675,11.9445,279.8723,0.00,100.00,182.67,-11.86,182.67,11.86,12.52
71.05,166.17,96.2398,12.5787,217.0362,4.09,100.00,68.47,3.54,83.05,357.80,354.40,96.5091,15.5927,216.7653,96.3739,15.6264,217.1297,355.13,356.46,68.47,96.7444,15.5417,216.2047,355.13,356.46,68.47,250.0675,11.9445,279.8723,0.00,100.00,182.67,-11.86,182.67,11.86,12.52
71.11,166.11,96.3044,12.5852,217.0441,1.14,100.00,68.47,3.44,83.04,357.90,354.41,96.5790,15.5989,216.7745,96.4438,15.6326,217.1389,355.12,356.56,68.47,96.8142,15.5477,216.2139,355.12,356.56,68.47,250.0675,11.9445,279.8723,0.00,100.00,182.67,-11.86,182.67,11.86,12.52
71.17,166.04,96.3740,12.5904,217.0526,1.20,100.00,68.46,3.26,83.04,357.99,354.76,96.6509,15.6054,216.8017,96.5158,15.6370,217.1663,355.43,356.74,68.46,96.8859,15.5575,216.2408,355.43,356.74,68.46,250.0675,11.9445,279.8723,0.00,100.00,182.67,-11.86,182.67,11.86,12.52
71.23,165.96,96.4499,12.5956,217.0619,1.31,100.00,68.42,3.25,83.05,358.00,354.80,96.7270,15.6108,216.8130,96.5917,15.6421,217.1775,355.47,356.75,68.42,96.9625,15.5633,216.2522,355.47,356.75,68.42,250.0675,11.9445,279.8723,0.00,100.00,182.67,-11.86,182.67,11.86,12.52
71.28,165.89,96.5308,12.6034,217.0717,1.43,100.00,68.39,3.25,83.07,358.01,354.80,96.8079,15.6186,216.8227,96.6724,15.6499,217.1872,355.47,356.75,68.39,97.0437,15.5711,216.2620,355.47,356.75,68.39,250.0675,11.9445,279.8723,0.00,100.00,182.67,-11.86,182.67,11.86,12.52
71.34,165.80,96.6146,12.6139,217.0819,1.53,100.00,68.41,3.25,83.09,358.01,354.80,96.8917,15.6291,216.8327,96.7563,15.6604,217.1973,355.47,356.75,68.41,97.1273,15.5816,216.2720,355.47,356.75,68.41,250.0675,11.9445,279.8723,0.00,100.00,182.67,-11.86,182.67,11.86,12.52
71.40,165.72,96.7009,12.6219,217.0924,1.52,100.00,68.45,3.55,83.14,357.67,354.88,96.9599,15.6388,216.8453,96.8246,15.6691,217.2100,355.64,356.45,68.45,97.1952,15.5932,216.2843,355.64,356.45,68.45,250.0675,11.9445,279.8723,0.00,100.00,182.67,-11.86,182.67,11.86,12.52
71.45,165.63,96.7948,12.6310,217.1037,1.66,100.00,68.43,3.58,83.16,357.64,354.89,97.0518,15.6481,216.8568,96.9164,15.6782,217.2214,355.66,356.42,68.43,97.2875,15.6026,216.2959,355.66,356.42,68.43,250.0675,11.9445,279.8723,0.00,100.00,182.67,-11.86,182.67,11.86,12.52
71.51,165.55,96.8803,12.6027,217.1140,1.55,100.00,68.39,3.78,83.19,357.36,355.21,97.1204,15.6224,216.8819,96.9848,15.6499,217.2467,356.05,356.22,68.39,97.3564,15.5811,216.3208,356.05,356.22,68.39,250.0675,11.9445,279.8723,0.00,100.00,182.67,-11.86,182.67,11.86,12.52
71.57,165.47,96.9594,12.6170,217.1234,1.49,100.00,68.42,4.19,83.23,356.89,355.40,97.1735,15.6392,216.8978,97.0379,15.6647,217.2627,356.34,355.81,68.42,97.4093,15.6011,216.3364,356.34,355.81,68.42,250.0675,11.9445,279.8723,0.00,100.00,182.67,-11.86,182.67,11.86,12.52
71.62,165.39,97.0371,12.6278,217.1326,1.41,100.00,68.40,3.95,83.20,357.13,355.39,97.2640,15.6492,216.9086,97.1284,15.6751,217.2734,356.28,356.05,68.40,97.4999,15.6104,216.3473,356.28,356.05,68.40,250.0675,11.9445,279.8723,0.00,100.00,182.67,-11.86,182.67,11.86,12.52
71.68,165.31,97.1225,12.6386,217.1428,1.54,100.00,68.36,3.95,83.19,357.13,355.40,97.3494,15.6600,216.9188,97.2136,15.6859,217.2836,356.28,356.05,68.36,97.5857,15.6212,216.3577,356.28,356.05,68.36,250.0675,11.9445,279.8723,0.00,100.00,182.67,-11.86,182.67,11.86,12.52
71.74,165.22,97.2127,12.6498,217.1535,1.63,100.00,68.33,3.96,83.20,357.13,355.40,97.4396,15.6712,216.9295,97.3036,15.6971,217.2942,356.29,356.04,68.33,97.6762,15.6324,216.3685,356.29,356.04,68.33,250.0675,11.9445,279.8723,0.00,100.00,182.67,-11.86,182.67,11.86,12.52
71.79,165.13,97.3074,12.6264,217.1648,1.77,100.00,68.29,3.39,83.15,357.74,355.33,97.5667,15.6451,216.9413,97.4306,15.6724,217.3059,356.06,356.61,68.29,97.8034,15.6039,216.3805,356.06,356.61,68.29,250.0675,11.9445,279.8723,0.00,100.00,182.67,-11.86,182.67,11.86,12.52
71.85,165.05,97.3936,12.6358,217.1752,1.55,100.00,68.27,3.14,83.13,358.00,355.30,97.6672,15.6533,216.9519,97.5311,15.6812,217.3164,355.97,356.86,68.27,97.9039,15.6110,216.3912,355.97,356.86,68.27,250.0675,11.9445,279.8723,0.00,100.00,182.67,-11.86,182.67,11.86,12.52
71.90,164.97,97.4734,12.6452,217.1848,1.44,100.00,68.25,3.14,83.13,358.00,355.30,97.7470,15.6628,216.9615,97.6107,15.6907,217.3259,355.97,356.86,68.25,97.9840,15.6205,216.4009,355.97,356.86,68.25,250.0675,11.9445,279.8723,0.00,100.00,182.67,-11.86,182.67,11.86,12.52
71.96,164.89,97.5577,12.6570,217.1949,1.56,100.00,68.19,2.76,83.09,358.41,355.25,97.8528,15.6725,216.9718,97.7163,15.7013,217.3362,355.82,357.24,68.19,98.0901,15.6285,216.4115,355.82,357.24,68.19,250.0675,11.9445,279.8723,0.00,100.00,182.67,-11.86,182.67,11.86,12.52
72.01,164.80,97.6444,12.6335,217.2055,1.66,100.00,68.15,2.72,83.09,358.45,355.24,97.9419,15.6487,216.9824,97.8052,15.6777,217.3466,355.80,357.28,68.15,98.1796,15.6046,216.4222,355.80,357.28,68.15,250.0675,11.9445,279.8723,0.00,100.00,182.67,-11.86,182.67,11.86,12.52
72.07,164.72,97.7352,12.6416,217.2165,1.62,100.00,68.12,2.73,83.10,358.45,355.24,98.0327,15.6569,216.9933,97.8957,15.6859,217.3575,355.80,357.27,68.12,98.2706,15.6128,216.4333,355.80,357.27,68.12,250.0675,11.9445,279.8723,0.00,100.00,182.67,-11.86,182.67,11.86,12.52
72.12,164.62,97.8342,12.6536,217.2284,1.83,100.00,68.15,3.00,83.14,358.16,355.28,98.1161,15.6704,217.0050,97.9793,15.6986,217.3693,355.91,357.00,68.15,98.3539,15.6275,216.4448,355.91,357.00,68.15,250.0675,11.9445,279.8723,0.00,100.00,182.67,-11.86,182.67,11.86,12.52
72.18,164.52,97.9344,12.6631,217.2405,1.79,100.00,68.17,3.03,83.16,358.13,355.28,98.2146,15.6800,217.0170,98.0778,15.7082,217.3813,355.93,356.97,68.17,98.4522,15.6372,216.4567,355.93,356.97,68.17,250.0675,11.9445,279.8723,0.00,100.00,182.67,-11.86,182.67,11.86,12.52
72.24,164.42,98.0426,12.6774,217.2535,2.04,100.00,68.19,3.03,83.17,358.13,355.28,98.3228,15.6943,217.0299,98.1861,15.7225,217.3942,355.92,356.97,68.19,98.5602,15.6515,216.4695,355.92,356.97,68.19,250.0675,11.9445,279.8723,0.00,100.00,182.67,-11.86,182.67,11.86,12.52
72.29,164.32,98.1388,12.6515,217.2650,1.77,100.00,68.21,3.32,83.20,357.82,355.32,98.4022,15.6699,217.0412,98.2656,15.6974,217.4056,356.04,356.68,68.21,98.6396,15.6285,216.4808,356.04,356.68,68.21,250.0675,11.9445,279.8723,0.00,100.00,182.67,-11.86,182.67,11.86,12.52
72.35,164.23,98.2319,12.6605,217.2761,1.63,100.00,68.25,3.97,83.26,357.03,355.76,98.4511,15.6837,217.0703,98.3146,15.7070,217.4350,356.67,356.03,68.25,98.6883,15.6491,216.5093,356.67,356.03,68.25,250.0675,11.9445,279.8723,0.00,100.00,182.67,-11.86,182.67,11.86,12.52
72.40,164.14,98.3316,12.6753,217.2879,1.85,100.00,68.26,4.11,83.28,356.86,355.86,98.5412,15.6994,217.0860,98.4048,15.7218,217.4508,356.81,355.89,68.26,98.7783,15.6663,216.5248,356.81,355.89,68.26,250.0675,11.9445,279.8723,0.00,100.00,182.67,-11.86,182.67,11.86,12.52
72.46,164.04,98.4309,12.6892,217.2996,1.83,100.00,68.22,3.81,83.25,357.17,355.84,98.6569,15.7122,217.0986,98.5203,15.7352,217.4633,356.71,356.19,68.22,98.8943,15.6780,216.5376,356.71,356.19,68.22,250.0675,11.9445,279.8723,0.00,100.00,182.67,-11.86,182.67,11.86,12.52
72.51,163.94,98.5353,12.6707,217.3119,2.01,100.00,68.19,3.66,83.24,357.26,356.12,98.7641,15.6945,217.1261,98.6274,15.7158,217.4909,356.96,356.34,68.19,99.0016,15.6629,216.5650,356.96,356.34,68.19,250.0675,11.9445,279.8723,0.00,100.00,182.67,-11.86,182.67,11.86,12.52
72.57,163.84,98.6400,12.6869,217.3243,1.99,100.00,68.18,3.60,83.24,357.29,356.22,98.8698,15.7110,217.1440,98.7331,15.7316,217.5088,357.05,356.40,68.18,99.1073,15.6803,216.5829,357.05,356.40,68.18,250.0675,11.9445,279.8723,0.00,100.00,182.67,-11.86,182.67,11.86,12.52
72.62,163.73,98.7500,12.6986,217.3374,1.99,100.00,68.15,3.25,83.20,357.65,356.22,98.9988,15.7213,217.1596,98.8620,15.7425,217.5244,356.96,356.75,68.15,99.2365,15.6896,216.5986,356.96,356.75,68.15,250.0675,11.9445,279.8723,0.00,100.00,182.67,-11.86,182.67,11.86,12.52
72.68,163.62,98.8698,12.7066,217.3516,2.10,100.00,68.09,2.86,83.17,358.07,356.18,99.1411,15.7274,217.1746,99.0041,15.7495,217.5392,356.81,357.14,68.09,99.3792,15.6940,216.6139,356.81,357.14,68.09,250.0675,11.9445,279.8723,0.00,100.00,182.67,-11.86,182.67,11.86,12.52
72.74,163.49,98.9979,12.7170,217.3670,2.30,100.00,68.06,2.81,83.16,358.12,356.18,99.2717,15.7376,217.1900,99.1345,15.7599,217.5546,356.80,357.19,68.06,99.5101,15.7041,216.6295,356.80,357.19,68.06,250.0675,11.9445,279.8723,0.00,100.00,182.67,-11.86,182.67,11.86,12.52
72.79,163.37,99.1279,12.6983,217.3826,2.46,100.00,68.08,3.19,83.19,357.63,356.52,99.3739,15.7221,217.2206,99.2367,15.7413,217.5853,357.26,356.81,68.08,99.6121,15.6935,216.6597,357.26,356.81,68.08,250.0675,11.9445,279.8723,0.00,100.00,182.67,-11.86,182.67,11.86,12.52
72.84,163.24,99.2559,12.7145,217.3979,2.40,100.00,68.09,3.36,83.20,357.41,356.68,99.4896,15.7397,217.2424,99.3525,15.7575,217.6073,357.46,356.64,68.09,99.7277,15.7133,216.6814,357.46,356.64,68.09,250.0675,11.9445,279.8723,0.00,100.00,182.67,-11.86,182.67,11.86,12.52
72.90,163.11,99.3894,12.7319,217.4138,2.53,100.00,68.10,3.36,83.21,357.42,356.68,99.6231,15.7570,217.2583,99.4861,15.7748,217.6232,357.46,356.64,68.10,99.8612,15.7307,216.6973,357.46,356.64,68.10,250.0675,11.9445,279.8723,0.00,100.00,182.67,-11.86,182.67,11.86,12.52
72.95,162.98,99.5260,12.7455,217.4301,2.47,100.00,68.10,3.36,83.21,357.42,356.68,99.7597,15.7706,217.2746,99.6227,15.7884,217.6394,357.46,356.64,68.10,99.9977,15.7443,216.7135,357.46,356.64,68.10,250.0675,11.9445,279.8723,0.00,100.00,182.67,-11.86,182.67,11.86,12.52
73.01,162.84,99.6728,12.7263,217.4475,2.75,100.00,68.09,3.02,83.20,357.69,356.95,99.9195,15.7511,217.3082,99.7826,15.7676,217.6732,357.66,356.98,68.09,100.1573,15.7268,216.7470,357.66,356.98,68.09,250.0675,11.9445,279.8723,0.00,100.00,182.67,-11.86,182.67,11.86,12.52
73.06,162.70,99.8197,12.7402,217.4650,2.69,100.00,68.09,2.90,83.20,357.80,357.05,100.0710,15.7649,217.3316,99.9341,15.7809,217.6965,357.73,357.10,68.09,100.3089,15.7413,216.7703,357.73,357.10,68.09,250.0675,11.9445,279.8723,0.00,100.00,182.67,-11.86,182.67,11.86,12.52
73.12,162.55,99.9739,12.7543,217.4834,2.84,100.00,68.07,2.52,83.17,358.19,357.05,100.2457,15.7774,217.3527,100.1088,15.7939,217.7176,357.63,357.48,68.07,100.4837,15.7526,216.7914,357.63,357.48,68.07,250.0675,11.9445,279.8723,0.00,100.00,182.67,-11.86,182.67,11.86,12.52
73.17,162.39,100.1314,12.7667,217.5023,2.86,100.00,68.06,2.48,83.17,358.23,357.05,100.4055,15.7896,217.3718,100.2686,15.8062,217.7368,357.62,357.52,68.06,100.6435,15.7647,216.8106,357.62,357.52,68.06,250.0675,11.9445,279.8723,0.00,100.00,182.67,-11.86,182.67,11.86,12.52
73.23,162.23,100.2958,12.7457,217.5220,3.02,100.00,68.04,2.60,83.18,358.02,357.37,100.5570,15.7704,217.4067,100.4199,15.7846,217.7717,357.98,357.40,68.04,100.7951,15.7494,216.8455,357.98,357.40,68.04,250.0675,11.9445,279.8723,0.00,100.00,182.67,-11.86,182.67,11.86,12.52
73.28,162.07,100.4634,12.7653,217.5420,3.24,100.00,68.02,2.97,83.20,357.58,357.55,100.7004,15.7922,217.4334,100.5632,15.8045,217.7984,358.27,357.03,68.02,100.9387,15.7744,216.8721,358.27,357.03,68.02,250.0675,11.9445,279.8723,0.00,100.00,182.67,-11.86,182.67,11.86,12.52
73.34,161.91,100.6266,12.7834,217.5615,3.07,100.00,68.03,2.92,83.20,357.53,357.94,100.8583,15.8113,217.4727,100.7212,15.8210,217.8378,358.66,357.08,68.03,101.0964,15.7976,216.9111,358.66,357.08,68.03,250.0675,11.9445,279.8723,0.00,100.00,182.67,-11.86,182.67,11.86,12.52
73.39,161.75,100.7986,12.7648,217.5820,3.18,100.00,68.03,2.92,83.21,357.52,357.98,101.0297,15.7929,217.4953,100.8926,15.8023,217.8605,358.70,357.08,68.03,101.2678,15.7796,216.9338,358.70,357.08,68.03,250.0675,11.9445,279.8723,0.00,100.00,182.67,-11.86,182.67,11.86,12.52
73.44,161.57,100.9779,12.7817,217.6033,3.35,100.00,68.03,2.59,83.20,357.86,357.99,101.2268,15.8084,217.5193,101.0898,15.8182,217.8844,358.62,357.41,68.03,101.4649,15.7942,216.9577,358.62,357.41,68.03,250.0675,11.9445,279.8723,0.00,100.00,182.67,-11.86,182.67,11.86,12.52
73.50,161.40,101.1598,12.7994,217.6250,3.45,100.00,68.03,2.55,83.20,357.90,357.99,101.4107,15.8260,217.5412,101.2737,15.8359,217.9064,358.61,357.45,68.03,101.6488,15.8116,216.9797,358.61,357.45,68.03,250.0675,11.9445,279.8723,0.00,100.00,182.67,-11.86,182.67,11.86,12.52
73.55,161.22,101.3430,12.8125,217.6468,3.29,100.00,68.02,2.05,83.19,358.34,358.30,101.6148,15.8377,217.5820,101.4779,15.8463,217.9472,358.79,357.95,68.02,101.8528,15.8252,217.0204,358.79,357.95,68.02,250.0675,11.9445,279.8723,0.00,100.00,182.67,-11.86,182.67,11.86,12.52
73.61,161.04,101.5285,12.7938,217.6690,3.48,100.00,68.02,2.23,83.20,358.13,358.39,101.7889,15.8202,217.6074,101.6519,15.8278,217.9727,358.93,357.77,68.02,102.0268,15.8092,217.0458,358.93,357.77,68.02,250.0675,11.9445,279.8723,0.00,100.00,182.67,-11.86,182.67,11.86,12.52
73.66,160.87,101.6995,12.8118,217.6894,3.25,100.00,68.02,1.98,83.19,358.38,358.39,101.9733,15.8369,217.6293,101.8363,15.8450,217.9945,358.86,358.02,68.02,102.2112,15.8252,217.0677,358.86,358.02,68.02,250.0675,11.9445,279.8723,0.00,100.00,182.67,-11.86,182.67,11.86,12.52
73.72,160.71,101.8724,12.8223,217.7100,3.07,100.00,68.02,1.98,83.19,358.39,358.39,102.1461,15.8474,217.6500,102.0092,15.8555,218.0152,358.86,358.02,68.02,102.3841,15.8357,217.0883,358.86,358.02,68.02,250.0675,11.9445,279.8723,0.00,100.00,182.67,-11.86,182.67,11.86,12.52
73.77,160.52,102.0614,12.8329,217.7326,3.37,100.00,67.98,1.60,83.18,358.79,358.34,102.3566,15.8561,217.6729,102.2194,15.8651,218.0380,358.72,358.40,67.98,102.5949,15.8427,217.1114,358.72,358.40,67.98,250.0675,11.9445,279.8723,0.00,100.00,182.67,-11.86,182.67,11.86,12.52
73.83,160.34,102.2547,12.8106,217.7557,3.58,100.00,67.94,1.56,83.18,358.83,358.34,102.5522,15.8335,217.6960,102.4148,15.8426,218.0611,358.70,358.44,67.94,102.7909,15.8200,217.1348,358.70,358.44,67.94,250.0675,11.9445,279.8723,0.00,100.00,182.67,-11.86,182.67,11.86,12.52
73.88,160.15,102.4463,12.8240,217.7786,3.50,100.00,67.91,1.84,83.19,358.54,358.37,102.7281,15.8484,217.7190,102.5905,15.8568,218.0839,358.82,358.16,67.91,102.9671,15.8362,217.1578,358.82,358.16,67.91,250.0675,11.9445,279.8723,0.00,100.00,182.67,-11.86,182.67,11.86,12.52
73.94,159.96,102.6441,12.8390,217.8023,3.64,100.00,67.88,2.22,83.20,358.13,358.42,102.9041,15.8654,217.7426,102.7663,15.8727,218.1075,358.97,357.78,67.88,103.1434,15.8549,217.1815,358.97,357.78,67.88,250.0675,11.9445,279.8723,0.00,100.00,182.67,-11.86,182.67,11.86,12.52
73.99,159.77,102.8449,12.8534,217.8262,3.65,100.00,67.88,1.98,83.19,358.39,358.39,103.1187,15.8786,217.7666,102.9809,15.8865,218.1314,358.88,358.02,67.88,103.3580,15.8670,217.2055,358.88,358.02,67.88,250.0675,11.9445,279.8723,0.00,100.00,182.67,-11.86,182.67,11.86,12.52
74.05,159.56,103.0532,12.8349,217.8511,3.95,100.00,67.88,1.99,83.20,358.21,358.99,103.3142,15.8616,217.8215,103.1765,15.8654,218.1865,359.50,358.01,67.88,103.5533,15.8566,217.2603,359.50,358.01,67.88,250.0675,11.9445,279.8723,0.00,100.00,182.67,-11.86,182.67,11.86,12.52
74.10,159.37,103.2568,12.8516,217.8754,3.85,100.00,67.85,1.54,83.20,358.53,359.56,103.5307,15.8773,217.8775,103.3929,15.8778,218.2425,359.96,358.46,67.85,103.7700,15.8772,217.3163,359.96,358.46,67.85,250.0675,11.9445,279.8723,0.00,100.00,182.67,-11.86,182.67,11.86,12.52
74.16,159.17,103.4656,12.8634,217.9002,3.75,100.00,67.82,1.46,83.20,358.58,359.66,103.7417,15.8889,217.9080,103.6038,15.8888,218.2729,0.05,358.54,67.82,103.9813,15.8896,217.3470,0.05,358.54,67.82,250.0675,11.9445,279.8723,0.00,100.00,182.67,-11.86,182.67,11.86,12.52
74.21,158.95,103.6896,12.8434,217.9269,4.11,100.00,67.82,1.32,83.20,358.64,359.98,103.9666,15.8688,217.9518,103.8287,15.8667,218.3167,0.34,358.68,67.82,104.2061,15.8726,217.3907,0.34,358.68,67.82,250.0675,11.9445,279.8723,0.00,100.00,182.67,-11.86,182.67,11.86,12.52
74.27,158.73,103.9137,12.8578,217.9537,4.12,100.00,67.81,1.27,83.20,358.66,0.10,104.1911,15.8831,217.9847,104.0531,15.8802,218.3497,0.45,358.73,67.81,104.4306,15.8881,217.4236,0.45,358.73,67.81,250.0675,11.9445,279.8723,0.00,100.00,182.67,-11.86,182.67,11.86,12.52
74.32,158.51,104.1413,12.8734,217.9809,4.34,100.00,67.82,0.60,83.19,359.36,0.06,104.4558,15.8950,218.0146,104.3178,15.8935,218.3795,0.23,359.40,67.82,104.6953,15.8975,217.4535,0.23,359.40,67.82,250.0675,11.9445,279.8723,0.00,100.00,182.67,-11.86,182.67,11.86,12.52
74.38,158.29,104.3653,12.8801,218.0076,3.96,100.00,67.82,0.13,83.20,359.86,0.01,104.7063,15.8989,218.0419,104.5683,15.8985,218.4068,0.05,359.87,67.82,104.9458,15.8994,217.4808,0.05,359.87,67.82,250.0675,11.9445,279.8723,0.00,100.00,182.67,-11.86,182.67,11.86,12.52
74.43,158.06,104.6114,12.8522,218.0369,4.47,100.00,67.79,0.05,83.20,359.95,0.00,104.9570,15.8704,218.0713,104.8188,15.8703,218.4362,0.02,359.95,67.79,105.1969,15.8706,217.5104,0.02,359.95,67.79,250.0675,11.9445,279.8723,0.00,100.00,182.67,-11.86,182.67,11.86,12.52
74.49,157.83,104.8447,12.8617,218.0648,4.30,100.00,67.75,0.05,83.20,359.95,0.00,105.1903,15.8799,218.0992,105.0519,15.8797,218.4639,0.02,359.95,67.75,105.4305,15.8801,217.5383,0.02,359.95,67.75,250.0675,11.9445,279.8723,0.00,100.00,182.67,-11.86,182.67,11.86,12.52
74.54,157.62,105.0659,12.8700,218.0912,3.97,100.00,67.75,0.53,83.19,359.33,0.43,105.3766,15.8918,218.1441,105.2382,15.8878,218.5088,0.59,359.47,67.75,105.6168,15.8982,217.5833,0.59,359.47,67.75,250.0675,11.9445,279.8723,0.00,100.00,182.67,-11.86,182.67,11.86,12.52
74.60,157.39,105.2980,12.8857,218.1189,4.47,100.00,67.75,0.31,83.20,359.55,0.48,105.6196,15.9062,218.1758,105.4812,15.9022,218.5405,0.59,359.69,67.75,105.8598,15.9125,217.6150,0.59,359.69,67.75,250.0675,11.9445,279.8723,0.00,100.00,182.67,-11.86,182.67,11.86,12.52
74.65,157.18,105.5185,12.8621,218.1452,4.15,100.00,67.76,-0.26,83.20,0.16,0.42,105.8723,15.8790,218.2027,105.7339,15.8764,218.5675,0.37,0.26,67.76,106.1124,15.8828,217.6419,0.37,0.26,67.76,250.0675,11.9445,279.8723,0.00,100.00,182.67,-11.86,182.67,11.86,12.52
74.71,156.96,105.7492,12.8673,218.1727,4.14,100.00,67.76,-0.46,83.20,0.16,1.14,106.0986,15.8838,218.2675,105.9602,15.8765,218.6322,1.05,0.46,67.76,106.3388,15.8949,217.7068,1.05,0.46,67.76,250.0675,11.9445,279.8723,0.00,100.00,182.67,-11.86,182.67,11.86,12.52
74.76,156.72,105.9947,12.8728,218.2019,4.40,100.00,67.73,-0.63,83.21,0.20,1.64,106.3432,15.8884,218.3232,106.2046,15.8779,218.6877,1.53,0.63,67.73,106.5837,15.9045,217.7628,1.53,0.63,67.73,250.0675,11.9445,279.8723,0.00,100.00,182.67,-11.86,182.67,11.86,12.52
74.82,156.49,106.2331,12.8777,218.2303,4.31,100.00,67.70,-1.12,83.22,0.60,2.05,106.5997,15.8902,218.3755,106.4609,15.8776,218.7399,1.82,1.12,67.70,106.8407,15.9093,217.8154,1.82,1.12,67.70,250.0675,11.9445,279.8723,0.00,100.00,182.67,-11.86,182.67,11.86,12.52
74.87,156.27,106.4614,12.8483,218.2574,4.26,100.00,67.68,-1.47,83.23,0.95,2.09,106.8463,15.8582,218.4068,106.7072,15.8460,218.7711,1.76,1.47,67.68,107.0876,15.8767,217.8468,1.76,1.47,67.68,250.0675,11.9445,279.8723,0.00,100.00,182.67,-11.86,182.67,11.86,12.52
74.93,156.05,106.6890,12.8505,218.2845,4.08,100.00,67.64,-1.60,83.24,1.08,2.10,107.0804,15.8595,218.4353,106.9411,15.8475,218.7995,1.74,1.60,67.64,107.3221,15.8777,217.8755,1.74,1.60,67.64,250.0675,11.9445,279.8723,0.00,100.00,182.67,-11.86,182.67,11.86,12.52
74.98,155.82,106.9285,12.8556,218.3129,4.45,100.00,67.65,-1.98,83.25,1.48,2.07,107.3410,15.8618,218.4642,107.2017,15.8506,218.8285,1.59,1.98,67.65,107.5827,15.8784,217.9043,1.59,1.98,67.65,250.0675,11.9445,279.8723,0.00,100.00,182.67,-11.86,182.67,11.86,12.52
75.04,155.60,107.1528,12.8612,218.3394,4.24,100.00,67.65,-2.02,83.25,1.52,2.06,107.5676,15.8670,218.4908,107.4283,15.8560,218.8551,1.58,2.02,67.65,107.8093,15.8835,217.9309,1.58,2.02,67.65,250.0675,11.9445,279.8723,0.00,100.00,182.67,-11.86,182.67,11.86,12.52
75.10,155.40,107.3662,12.8506,218.3647,3.50,100.00,67.63,-2.72,83.28,2.27,1.98,107.8206,15.8507,218.5159,107.6811,15.8415,218.8801,1.29,2.72,67.63,108.0625,15.8640,217.9560,1.29,2.72,67.63,250.0675,11.9445,279.8723,0.00,100.00,182.67,-11.86,182.67,11.86,12.52
75.15,155.15,107.6178,12.8149,218.3943,4.67,100.00,67.59,-2.69,83.27,2.15,2.28,108.0642,15.8155,218.5608,107.9244,15.8040,218.9248,1.61,2.69,67.59,108.3066,15.8321,218.0012,1.61,2.69,67.59,250.0675,11.9445,279.8723,0.00,100.00,182.67,-11.86,182.67,11.86,12.52
75.21,154.93,107.8467,12.8115,218.4213,4.00,100.00,67.55,-2.62,83.25,1.84,3.15,108.2712,15.8124,218.6314,108.1309,15.7947,218.9950,2.54,2.62,67.55,108.5143,15.8389,218.0725,2.54,2.62,67.55,250.0675,11.9445,279.8723,0.00,100.00,182.67,-11.86,182.67,11.86,12.52
75.26,154.69,108.0926,12.8140,218.4504,4.58,100.00,67.54,-3.24,83.28,2.45,3.25,108.5486,15.8097,218.6696,108.4081,15.7924,219.0331,2.47,3.24,67.54,108.7921,15.8353,218.1107,2.47,3.24,67.54,250.0675,11.9445,279.8723,0.00,100.00,182.67,-11.86,182.67,11.86,12.52
75.32,154.47,108.3276,12.8040,218.4781,4.03,100.00,67.55,-3.70,83.30,2.93,3.23,108.8088,15.7956,218.6991,108.6683,15.7792,219.0627,2.32,3.70,67.55,109.0522,15.8196,218.1402,2.32,3.70,67.55,250.0675,11.9445,279.8723,0.00,100.00,182.67,-11.86,182.67,11.86,12.52
75.38,154.22,108.5875,12.7954,218.5087,4.74,100.00,67.58,-4.45,83.34,3.73,3.15,109.1106,15.7800,218.7296,108.9702,15.7655,219.0933,2.02,4.45,67.58,109.3539,15.8006,218.1705,2.02,4.45,67.58,250.0675,11.9445,279.8723,0.00,100.00,182.67,-11.86,182.67,11.86,12.52
75.43,153.98,108.8365,12.7862,218.5378,4.47,100.00,67.52,-4.32,83.32,3.59,3.17,109.3524,15.7721,218.7589,109.2116,15.7573,219.1225,2.07,4.32,67.52,109.5962,15.7933,218.2001,2.07,4.32,67.52,250.0675,11.9445,279.8723,0.00,100.00,182.67,-11.86,182.67,11.86,12.52
75.49,153.74,109.0819,12.7726,218.5665,4.19,100.00,67.48,-4.32,83.32,3.59,3.17,109.5977,15.7585,218.7877,109.4567,15.7437,219.1511,2.07,4.32,67.48,109.8420,15.7797,218.2290,2.07,4.32,67.48,250.0675,11.9445,279.8723,0.00,100.00,182.67,-11.86,182.67,11.86,12.52
75.55,153.50,109.3318,12.7314,218.5958,4.70,100.00,67.42,-4.54,83.34,3.82,3.14,109.8597,15.7152,218.8168,109.7183,15.7010,219.1801,1.97,4.54,67.42,110.1045,15.7353,218.2583,1.97,4.54,67.42,250.0675,11.9445,279.8723,0.00,100.00,182.67,-11.86,182.67,11.86,12.52
75.61,153.29,109.5540,12.7199,218.6218,3.88,100.00,67.36,-4.59,83.34,3.87,3.13,110.0846,15.7031,218.8427,109.9427,15.6891,219.2059,1.95,4.59,67.36,110.3300,15.7230,218.2846,1.95,4.59,67.36,250.0675,11.9445,279.8723,0.00,100.00,182.67,-11.86,182.67,11.86,12.52
75.66,153.06,109.7826,12.7102,218.6485,4.14,100.00,67.34,-4.97,83.36,4.28,3.09,110.3347,15.6895,218.8692,110.1927,15.6766,219.2323,1.79,4.97,67.34,110.5804,15.7076,218.3111,1.79,4.97,67.34,250.0675,11.9445,279.8723,0.00,100.00,182.67,-11.86,182.67,11.86,12.52
75.72,152.85,110.0077,12.6944,218.6747,3.88,100.00,67.30,-5.37,83.37,4.72,3.03,110.5827,15.6694,218.8952,110.4405,15.6576,219.2583,1.61,5.37,67.30,110.8287,15.6856,218.3372,1.61,5.37,67.30,250.0675,11.9445,279.8723,0.00,100.00,182.67,-11.86,182.67,11.86,12.52
75.78,152.62,110.2492,12.6795,218.7027,4.30,100.00,67.27,-5.59,83.36,4.85,3.37,110.8288,15.6522,218.9417,110.6862,15.6384,219.3045,1.90,5.59,67.27,111.0754,15.6713,218.3840,1.90,5.59,67.27,250.0675,11.9445,279.8723,0.00,100.00,182.67,-11.86,182.67,11.86,12.52
75.83,152.39,110.4877,12.6653,218.7304,4.20,100.00,67.25,-6.22,83.38,5.30,4.09,111.0858,15.6308,219.0095,110.9426,15.6131,219.3719,2.46,6.22,67.25,111.3333,15.6558,218.4524,2.46,6.22,67.25,250.0675,11.9445,279.8723,0.00,100.00,182.67,-11.86,182.67,11.86,12.52
75.89,152.15,110.7330,12.6151,218.7589,4.58,100.00,67.24,-6.44,83.37,5.41,4.50,111.3343,15.5778,219.0600,111.1907,15.5576,219.4223,2.82,6.44,67.24,111.5822,15.6066,218.5034,2.82,6.44,67.24,250.0675,11.9445,279.8723,0.00,100.00,182.67,-11.86,182.67,11.86,12.52
75.95,151.92,110.9736,12.5955,218.7869,4.26,100.00,67.24,-6.86,83.38,5.81,4.64,111.5944,15.5532,219.0975,111.4507,15.5328,219.4596,2.85,6.86,67.24,111.8426,15.5821,218.5409,2.85,6.86,67.24,250.0675,11.9445,279.8723,0.00,100.00,182.67,-11.86,182.67,11.86,12.52
76.01,151.67,111.2276,12.5711,218.8163,4.31,100.00,67.18,-6.64,83.34,5.56,4.71,111.8349,15.5314,219.1295,111.6908,15.5101,219.4915,2.98,6.64,67.18,112.0836,15.5618,218.5733,2.98,6.64,67.18,250.0675,11.9445,279.8723,0.00,100.00,182.67,-11.86,182.67,11.86,12.52
76.06,151.41,111.4985,12.5471,218.8479,4.72,100.00,67.16,-7.05,83.34,5.88,5.02,112.1205,15.5024,219.1793,111.9761,15.4796,219.5410,3.19,7.05,67.16,112.3699,15.5348,218.6235,3.19,7.05,67.16,250.0675,11.9445,279.8723,0.00,100.00,182.67,-11.86,182.67,11.86,12.52
76.12,151.15,111.7668,12.5224,218.8793,4.78,100.00,67.15,-7.77,83.39,6.64,5.00,112.4278,15.4688,219.2138,112.2831,15.4475,219.5755,2.95,7.77,67.15,112.6774,15.4986,218.6579,2.95,7.77,67.15,250.0675,11.9445,279.8723,0.00,100.00,182.67,-11.86,182.67,11.86,12.52
76.18,150.90,112.0335,12.4922,218.9102,4.61,100.00,67.11,-7.89,83.37,6.77,5.00,112.7012,15.4370,219.2455,112.5563,15.4160,219.6071,2.91,7.89,67.11,112.9512,15.4663,218.6897,2.91,7.89,67.11,250.0675,11.9445,279.8723,0.00,100.00,182.67,-11.86,182.67,11.86,12.52
76.24,150.63,112.3138,12.4593,218.9428,4.81,100.00,67.07,-8.09,83.36,6.87,5.34,112.9842,15.4014,219.2966,112.8388,15.3784,219.6579,3.21,8.09,67.07,113.2351,15.4337,218.7415,3.21,8.09,67.07,250.0675,11.9445,279.8723,0.00,100.00,182.67,-11.86,182.67,11.86,12.52
76.30,150.35,112.6016,12.4247,218.9763,5.03,100.00,67.08,-9.07,83.44,7.91,5.30,113.3258,15.3535,219.3330,113.1804,15.3327,219.6944,2.87,9.07,67.08,113.5767,15.3821,218.7776,2.87,9.07,67.08,250.0675,11.9445,279.8723,0.00,100.00,182.67,-11.86,182.67,11.86,12.52
76.35,150.08,112.8885,12.3857,219.0093,5.02,100.00,67.06,-9.61,83.47,8.48,5.25,113.6422,15.3071,219.3662,113.4967,15.2877,219.7277,2.65,9.61,67.06,113.8932,15.3333,218.8108,2.65,9.61,67.06,250.0675,11.9445,279.8723,0.00,100.00,182.67,-11.86,182.67,11.86,12.52
76.41,149.81,113.1676,12.3158,219.0412,5.14,100.00,67.02,-9.30,83.43,8.06,5.58,113.8975,15.2414,219.4135,113.7514,15.2190,219.7746,3.09,9.30,67.02,114.1493,15.2721,218.8587,3.09,9.30,67.02,250.0675,11.9445,279.8723,0.00,100.00,182.67,-11.86,182.67,11.86,12.52
76.47,149.55,113.4306,12.2825,219.0715,4.60,100.00,67.03,-9.47,83.45,8.21,5.68,114.1674,15.2056,219.4499,114.0212,15.1828,219.8109,3.14,9.47,67.03,114.4192,15.2369,218.8952,3.14,9.47,67.03,250.0675,11.9445,279.8723,0.00,100.00,182.67,-11.86,182.67,11.86,12.52
76.53,149.29,113.7063,12.2443,219.1031,4.78,100.00,67.02,-10.13,83.48,8.92,5.62,114.4797,15.1578,219.4822,114.3335,15.1367,219.8433,2.88,10.13,67.02,114.7315,15.1862,218.9272,2.88,10.13,67.02,250.0675,11.9445,279.8723,0.00,100.00,182.67,-11.86,182.67,11.86,12.52
76.59,149.02,113.9895,12.2011,219.1355,4.92,100.00,66.98,-10.25,83.45,9.05,5.61,114.7693,15.1128,219.5148,114.6229,15.0921,219.8759,2.83,10.25,66.98,115.0215,15.1407,218.9600,2.83,10.25,66.98,250.0675,11.9445,279.8723,0.00,100.00,182.67,-11.86,182.67,11.86,12.52
76.64,148.74,114.2774,12.1561,219.1686,4.96,100.00,66.96,-10.25,83.43,9.05,5.60,115.0571,15.0678,219.5480,114.9106,15.0471,219.9090,2.83,10.25,66.96,115.3095,15.0956,218.9933,2.83,10.25,66.96,250.0675,11.9445,279.8723,0.00,100.00,182.67,-11.86,182.67,11.86,12.52
76.70,148.46,114.5730,12.1106,219.2026,5.14,100.00,66.90,-10.62,83.45,9.45,5.56,115.3732,15.0168,219.5817,115.2263,14.9972,219.9426,2.66,10.62,66.90,115.6261,15.0427,219.0271,2.66,10.62,66.90,250.0675,11.9445,279.8723,0.00,100.00,182.67,-11.86,182.67,11.86,12.52
76.76,148.17,114.8707,12.0643,219.2368,5.22,100.00,66.85,-11.15,83.47,9.91,5.85,115.6925,14.9621,219.6333,115.5450,14.9416,219.9939,2.79,11.15,66.85,115.9464,14.9893,219.0792,2.79,11.15,66.85,250.0675,11.9445,279.8723,0.00,100.00,182.67,-11.86,182.67,11.86,12.52
76.82,147.88,115.1704,12.0127,219.2711,5.19,100.00,66.83,-11.25,83.46,10.00,5.90,115.9960,14.9091,219.6708,115.8483,14.8884,220.0313,2.81,11.25,66.83,116.2501,14.9365,219.1168,2.81,11.25,66.83,250.0675,11.9445,279.8723,0.00,100.00,182.67,-11.86,182.67,11.86,12.52
76.88,147.60,115.4663,11.9611,219.3051,5.11,100.00,66.83,-11.25,83.46,10.00,5.90,116.2919,14.8574,219.7047,116.1442,14.8367,220.0652,2.81,11.25,66.83,116.5460,14.8848,219.1508,2.81,11.25,66.83,250.0675,11.9445,279.8723,0.00,100.00,182.67,-11.86,182.67,11.86,12.52
76.94,147.32,115.7550,11.9104,219.3382,4.96,100.00,66.85,-11.72,83.50,10.39,6.22,116.5986,14.7989,219.7563,116.4507,14.7769,220.1166,3.01,11.72,66.85,116.8530,14.8282,219.2026,3.01,11.72,66.85,250.0675,11.9445,279.8723,0.00,100.00,182.67,-11.86,182.67,11.86,12.52
77.00,147.05,116.0365,11.8575,219.3702,4.73,100.00,66.88,-12.26,83.55,10.85,6.59,116.9008,14.7368,219.8092,116.7526,14.7133,220.1693,3.22,12.26,66.88,117.1556,14.7682,219.2558,3.22,12.26,66.88,250.0675,11.9445,279.8723,0.00,100.00,182.67,-11.86,182.67,11.86,12.52
77.06,146.79,116.3158,11.8010,219.4018,4.70,100.00,66.84,-12.69,83.60,11.29,6.63,117.2019,14.6731,219.8446,117.0534,14.6502,220.2047,3.12,12.69,66.84,117.4572,14.7033,219.2914,3.12,12.69,66.84,250.0675,11.9445,279.8723,0.00,100.00,182.67,-11.86,182.67,11.86,12.52
77.12,146.51,116.6004,11.7457,219.4337,4.98,100.00,66.74,-12.75,83.58,11.34,6.63,117.4889,14.6170,219.8772,117.3398,14.5943,220.2370,3.09,12.75,66.74,117.7451,14.6468,219.3243,3.09,12.75,66.74,250.0675,11.9445,279.8723,0.00,100.00,182.67,-11.86,182.67,11.86,12.52
77.18,146.25,116.8785,11.6868,219.4650,4.71,100.00,66.73,-13.11,83.59,11.73,6.59,117.7868,14.5518,219.9086,117.6377,14.5301,220.2684,2.94,13.11,66.73,118.0430,14.5800,219.3556,2.94,13.11,66.73,250.0675,11.9445,279.8723,0.00,100.00,182.67,-11.86,182.67,11.86,12.52
77.24,145.97,117.1718,11.6203,219.4979,4.81,100.00,66.67,-13.06,83.54,11.78,6.24,118.0850,14.4864,219.9243,117.9360,14.4670,220.2843,2.58,13.06,66.67,118.3410,14.5109,219.3711,2.58,13.06,66.67,250.0675,11.9445,279.8723,0.00,100.00,182.67,-11.86,182.67,11.86,12.52
77.30,145.67,117.4814,11.5574,219.5330,5.38,100.00,66.55,-12.89,83.45,11.51,6.53,118.3781,14.4264,219.9744,118.2279,14.4047,220.3338,2.93,12.89,66.55,118.6359,14.4546,219.4221,2.93,12.89,66.55,250.0675,11.9445,279.8723,0.00,100.00,182.67,-11.86,182.67,11.86,12.52
77.36,145.39,117.7774,11.4922,219.5670,4.90,100.00,66.46,-13.15,83.44,11.78,6.55,118.6872,14.3567,220.0111,118.5365,14.3354,220.3703,2.86,13.15,66.46,118.9458,14.3840,219.4592,2.86,13.15,66.46,250.0675,11.9445,279.8723,0.00,100.00,182.67,-11.86,182.67,11.86,12.52
77.42,145.08,118.0943,11.4291,219.6035,5.67,100.00,66.44,-13.65,83.44,12.21,6.84,119.0238,14.2845,220.0651,118.8727,14.2622,220.4240,3.01,13.65,66.44,119.2831,14.3132,219.5136,3.01,13.65,66.44,250.0675,11.9445,279.8723,0.00,100.00,182.67,-11.86,182.67,11.86,12.52
77.48,144.80,118.3908,11.3648,219.6375,5.13,100.00,66.41,-13.74,83.42,12.30,6.89,119.3237,14.2185,220.1024,119.1723,14.1961,220.4612,3.03,13.74,66.41,119.5834,14.2474,219.5511,3.03,13.74,66.41,250.0675,11.9445,279.8723,0.00,100.00,182.67,-11.86,182.67,11.86,12.52
77.54,144.50,118.7034,11.2957,219.6736,5.44,100.00,66.38,-13.95,83.42,12.62,6.53,119.6550,14.1459,220.1218,119.5039,14.1264,220.4810,2.59,13.95,66.38,119.9141,14.1702,219.5700,2.59,13.95,66.38,250.0675,11.9445,279.8723,0.00,100.00,182.67,-11.86,182.67,11.86,12.52
77.60,144.21,119.0058,11.2322,219.7085,5.45,100.00,66.38,-13.98,83.42,12.66,6.49,119.9595,14.0820,220.1548,119.8085,14.0628,220.5140,2.54,13.98,66.38,120.2185,14.1058,219.6029,2.54,13.98,66.38,250.0675,11.9445,279.8723,0.00,100.00,182.67,-11.86,182.67,11.86,12.52
77.66,143.94,119.2896,11.1696,219.7412,4.91,100.00,66.38,-13.83,83.39,12.41,6.82,120.2285,14.0218,220.2036,120.0769,14.0001,220.5624,2.93,13.83,66.38,120.4883,14.0497,219.6523,2.93,13.83,66.38,250.0675,11.9445,279.8723,0.00,100.00,182.67,-11.86,182.67,11.86,12.52
77.72,143.67,119.5777,11.1029,219.7745,4.82,100.00,66.38,-13.82,83.39,12.38,6.85,120.5150,13.9553,220.2386,120.3634,13.9333,220.5974,2.97,13.82,66.38,120.7749,13.9836,219.6874,2.97,13.82,66.38,250.0675,11.9445,279.8723,0.00,100.00,182.67,-11.86,182.67,11.86,12.52
77.78,143.39,119.8678,11.0388,219.8081,5.10,100.00,66.39,-14.14,83.45,12.93,6.15,120.8378,13.8857,220.2378,120.6873,13.8692,220.5974,2.13,14.14,66.39,121.0958,13.9052,219.6853,2.13,14.14,66.39,250.0675,11.9445,279.8723,0.00,100.00,182.67,-11.86,182.67,11.86,12.52
77.84,143.12,120.1471,10.9723,219.8402,4.77,100.00,66.37,-14.51,83.47,13.38,5.95,121.1408,13.8122,220.2618,120.9907,13.7978,220.6216,1.80,14.51,66.37,121.3984,13.8282,219.7090,1.80,14.51,66.37,250.0675,11.9445,279.8723,0.00,100.00,182.67,-11.86,182.67,11.86,12.52
77.90,142.84,120.4407,10.9038,219.8738,5.11,100.00,66.24,-14.73,83.45,13.52,6.24,121.4390,13.7397,220.3113,121.2876,13.7239,220.6705,2.01,14.73,66.24,121.6985,13.7578,219.7595,2.01,14.73,66.24,250.0675,11.9445,279.8723,0.00,100.00,182.67,-11.86,182.67,11.86,12.52
77.96,142.56,120.7331,10.8314,219.9073,5.08,100.00,66.11,-15.08,83.47,13.88,6.26,121.7489,13.6606,220.3477,121.5968,13.6456,220.7066,1.89,15.08,66.11,122.0094,13.6774,219.7962,1.89,15.08,66.11,250.0675,11.9445,279.8723,0.00,100.00,182.67,-11.86,182.67,11.86,12.52
78.02,142.28,121.0318,10.7586,219.9415,5.24,100.00,66.01,-14.99,83.42,13.67,6.63,122.0342,13.5896,220.4009,121.8809,13.5719,220.7592,2.29,14.99,66.01,122.2966,13.6105,219.8505,2.29,14.99,66.01,250.0675,11.9445,279.8723,0.00,100.00,182.67,-11.86,182.67,11.86,12.52
78.07,142.00,121.3195,10.6926,219.9747,5.14,100.00,65.94,-14.68,83.37,13.29,6.75,122.3023,13.5296,220.4390,122.1483,13.5106,220.7970,2.51,14.68,65.94,122.5658,13.5529,219.8893,2.51,14.68,65.94,250.0675,11.9445,279.8723,0.00,100.00,182.67,-11.86,182.67,11.86,12.52
78.13,141.74,121.5937,10.5921,220.0066,4.95,100.00,65.93,-14.65,83.39,13.43,6.19,122.5877,13.4298,220.4424,122.4345,13.4146,220.8009,1.93,14.65,65.93,122.8498,13.4471,219.8918,1.93,14.65,65.93,250.0675,11.9445,279.8723,0.00,100.00,182.67,-11.86,182.67,11.86,12.52
78.19,141.47,121.8801,10.5241,220.0397,4.99,100.00,65.90,-14.80,83.39,13.79,5.56,122.8959,13.3585,220.4450,122.7436,13.3480,220.8040,1.21,14.80,65.90,123.1568,13.3684,219.8936,1.21,14.80,65.90,250.0675,11.9445,279.8723,0.00,100.00,182.67,-11.86,182.67,11.86,12.52
78.25,141.19,122.1712,10.4856,220.0735,4.83,100.00,65.86,-14.80,83.33,13.60,6.19,123.1727,13.3203,220.5114,123.0192,13.3054,220.8697,1.88,14.80,65.86,123.4355,13.3370,219.9610,1.88,14.80,65.86,250.0675,11.9445,279.8723,0.00,100.00,182.67,-11.86,182.67,11.86,12.52
78.31,140.90,122.4771,10.3786,220.1093,5.56,100.00,65.83,-14.56,83.28,13.32,6.28,123.4637,13.2179,220.5509,123.3098,13.2019,220.9091,2.05,14.56,65.83,123.7271,13.2365,220.0010,2.05,14.56,65.83,250.0675,11.9445,279.8723,0.00,100.00,182.67,-11.86,182.67,11.86,12.52
78.37,140.62,122.7752,10.3134,220.1444,5.37,100.00,65.81,-14.47,83.25,13.22,6.31,123.7565,13.1543,220.5874,123.6024,13.1379,220.9455,2.11,14.47,65.81,124.0202,13.1735,220.0376,2.11,14.47,65.81,250.0675,11.9445,279.8723,0.00,100.00,182.67,-11.86,182.67,11.86,12.52
78.43,140.35,123.0590,10.2467,220.1780,4.98,100.00,65.82,-14.60,83.28,13.46,5.95,124.0550,13.0852,220.6033,123.9015,13.0716,220.9617,1.69,14.60,65.82,124.3177,13.1000,220.0529,1.69,14.60,65.82,250.0675,11.9445,279.8723,0.00,100.00,182.67,-11.86,182.67,11.86,12.52
78.49,140.08,123.3426,10.1805,220.2114,5.01,100.00,65.77,-14.61,83.28,13.48,5.91,124.3403,13.0187,220.6348,124.1866,13.0055,220.9932,1.63,14.61,65.77,124.6033,13.0330,220.0845,1.63,14.61,65.77,250.0675,11.9445,279.8723,0.00,100.00,182.67,-11.86,182.67,11.86,12.52
78.55,139.80,123.6293,10.1141,220.2451,4.93,100.00,65.70,-13.86,83.18,12.57,6.32,124.5781,12.9664,220.6860,124.4232,12.9489,221.0437,2.29,13.86,65.70,124.8431,12.9877,220.1369,2.29,13.86,65.70,250.0675,11.9445,279.8723,0.00,100.00,182.67,-11.86,182.67,11.86,12.52
78.61,139.52,123.9295,10.0487,220.2811,5.24,100.00,65.66,-13.87,83.18,12.66,6.03,124.8851,12.9009,220.7074,124.7304,12.8855,221.0652,1.98,13.87,65.66,125.1498,12.9189,220.1580,1.98,13.87,65.66,250.0675,11.9445,279.8723,0.00,100.00,182.67,-11.86,182.67,11.86,12.52
78.67,139.25,124.2166,9.9806,220.3154,4.91,100.00,65.62,-13.89,83.21,12.93,5.25,125.1911,12.8320,220.7025,125.0372,12.8221,221.0609,1.14,13.89,65.62,125.4543,12.8415,220.1523,1.14,13.89,65.62,250.0675,11.9445,279.8723,0.00,100.00,182.67,-11.86,182.67,11.86,12.52
78.73,138.97,124.5019,9.9182,220.3493,4.99,100.00,65.54,-13.60,83.19,12.66,5.13,125.4638,12.7750,220.7287,125.3096,12.7654,221.0870,1.09,13.60,65.54,125.7277,12.7839,220.1787,1.09,13.60,65.54,250.0675,11.9445,279.8723,0.00,100.00,182.67,-11.86,182.67,11.86,12.52
78.79,138.70,124.7851,9.8556,220.3832,4.83,100.00,65.48,-13.23,83.18,12.26,5.15,125.7273,12.7190,220.7614,125.5726,12.7087,221.1194,1.21,13.23,65.48,125.9919,12.7293,220.2118,1.21,13.23,65.48,250.0675,11.9445,279.8723,0.00,100.00,182.67,-11.86,182.67,11.86,12.52
78.85,138.42,125.0813,9.7892,220.4185,5.14,100.00,65.52,-13.61,83.25,12.80,4.73,126.0533,12.6452,220.7772,125.8996,12.6385,221.1357,0.65,13.61,65.52,126.3164,12.6495,220.2268,0.65,13.61,65.52,250.0675,11.9445,279.8723,0.00,100.00,182.67,-11.86,182.67,11.86,12.52
78.90,138.14,125.3773,9.7264,220.4536,5.15,100.00,65.50,-13.06,83.17,12.00,5.44,126.3040,12.5931,220.8455,126.1490,12.5804,221.2032,1.57,13.06,65.50,126.5692,12.6071,220.2962,1.57,13.06,65.50,250.0675,11.9445,279.8723,0.00,100.00,182.67,-11.86,182.67,11.86,12.52
78.96,137.86,125.6771,9.6696,220.4895,5.44,100.00,65.48,-12.94,83.14,11.82,5.59,126.5941,12.5384,220.8886,126.4387,12.5244,221.2462,1.77,12.94,65.48,126.8598,12.5545,220.3396,1.77,12.94,65.48,250.0675,11.9445,279.8723,0.00,100.00,182.67,-11.86,182.67,11.86,12.52
79.02,137.58,125.9689,9.6089,220.5245,5.02,100.00,65.47,-12.47,83.10,11.41,5.33,126.8669,12.4858,220.9082,126.7117,12.4727,221.2659,1.65,12.47,65.47,127.1324,12.5008,220.3592,1.65,12.47,65.47,250.0675,11.9445,279.8723,0.00,100.00,182.67,-11.86,182.67,11.86,12.52
79.08,137.28,126.2828,9.5485,220.5625,5.51,100.00,65.42,-12.42,83.10,11.37,5.30,127.1788,12.4262,220.9445,127.0234,12.4133,221.3021,1.63,12.42,65.42,127.4447,12.4410,220.3956,1.63,12.42,65.42,250.0675,11.9445,279.8723,0.00,100.00,182.67,-11.86,182.67,11.86,12.52
79.14,136.98,126.5947,9.4927,220.6003,5.59,100.00,65.36,-11.76,83.06,10.89,4.62,127.4714,12.3811,220.9447,127.3163,12.3717,221.3026,1.11,11.76,65.36,127.7368,12.3907,220.3954,1.11,11.76,65.36,250.0675,11.9445,279.8723,0.00,100.00,182.67,-11.86,182.67,11.86,12.52
79.20,136.69,126.9047,9.4356,220.6380,5.37,100.00,65.35,-11.32,83.02,10.46,4.51,127.7604,12.3311,220.9749,127.6053,12.3215,221.3327,1.15,11.32,65.35,128.0259,12.3412,220.4257,1.15,11.32,65.35,250.0675,11.9445,279.8723,0.00,100.00,182.67,-11.86,182.67,11.86,12.52
79.25,136.39,127.2178,9.3486,220.6763,5.68,100.00,65.35,-11.11,82.99,10.14,4.81,128.0553,12.2479,221.0271,127.8998,12.2357,221.3847,1.53,11.11,65.35,128.3214,12.2619,220.4783,1.53,11.11,65.35,250.0675,11.9445,279.8723,0.00,100.00,182.67,-11.86,182.67,11.86,12.52
79.31,136.11,127.5157,9.2968,220.7130,5.13,100.00,65.23,-11.02,82.98,10.00,4.94,128.3451,12.1977,221.0699,128.1887,12.1846,221.4270,1.68,11.02,65.23,128.6125,12.2133,220.5218,1.68,11.02,65.23,250.0675,11.9445,279.8723,0.00,100.00,182.67,-11.86,182.67,11.86,12.52
79.37,135.83,127.8144,9.2476,220.7497,5.24,100.00,65.11,-10.41,82.95,9.55,4.32,128.6255,12.1576,221.0722,128.4689,12.1477,221.4294,1.21,10.41,65.11,128.8932,12.1684,220.5241,1.21,10.41,65.11,250.0675,11.9445,279.8723,0.00,100.00,182.67,-11.86,182.67,11.86,12.52
79.43,135.55,128.0994,9.2027,220.7850,4.91,100.00,64.96,-9.66,82.89,8.78,4.27,128.8716,12.1240,221.1009,128.7141,12.1130,221.4577,1.38,9.66,64.96,129.1408,12.1367,220.5536,1.38,9.66,64.96,250.0675,11.9445,279.8723,0.00,100.00,182.67,-11.86,182.67,11.86,12.52
79.49,135.27,128.3946,9.1603,220.8218,5.17,100.00,64.86,-9.53,82.90,8.64,4.28,129.1595,12.0836,221.1367,129.0014,12.0725,221.4932,1.40,9.53,64.86,129.4298,12.0967,220.5899,1.40,9.53,64.86,250.0675,11.9445,279.8723,0.00,100.00,182.67,-11.86,182.67,11.86,12.52
79.54,134.99,128.6896,9.1249,220.8585,5.34,100.00,64.87,-9.00,82.87,7.94,4.71,129.4161,12.0560,221.1920,129.2575,12.0408,221.5481,2.03,9.00,64.87,129.6870,12.0758,220.6457,2.03,9.00,64.87,250.0675,11.9445,279.8723,0.00,100.00,182.67,-11.86,182.67,11.86,12.52
79.60,134.72,128.9797,9.0894,220.8948,5.11,100.00,64.89,-8.75,82.89,7.76,4.46,129.6985,12.0239,221.2139,129.5403,12.0099,221.5703,1.86,8.75,64.89,129.9689,12.0419,220.6673,1.86,8.75,64.89,250.0675,11.9445,279.8723,0.00,100.00,182.67,-11.86,182.67,11.86,12.52
79.66,134.43,129.2827,9.0521,220.9326,5.30,100.00,64.83,-8.38,82.89,7.37,4.45,129.9819,11.9917,221.2488,129.8233,11.9770,221.6050,1.96,8.38,64.83,130.2529,12.0108,220.7026,1.96,8.38,64.83,250.0675,11.9445,279.8723,0.00,100.00,182.67,-11.86,182.67,11.86,12.52
79.72,134.13,129.5933,9.0194,220.9713,5.59,100.00,64.77,-7.68,82.87,6.60,4.54,130.2527,11.9682,221.2875,130.0938,11.9515,221.6434,2.27,7.68,64.77,130.5244,11.9908,220.7417,2.27,7.68,64.77,250.0675,11.9445,279.8723,0.00,100.00,182.67,-11.86,182.67,11.86,12.52
79.78,133.84,129.8993,8.9885,221.0096,5.25,100.00,64.80,-7.36,82.87,6.14,4.95,130.5319,11.9412,221.3442,130.3728,11.9209,221.6998,2.81,7.36,64.80,130.8038,11.9695,220.7988,2.81,7.36,64.80,250.0675,11.9445,279.8723,0.00,100.00,182.67,-11.86,182.67,11.86,12.52
79.83,133.55,130.2123,8.9240,221.0487,5.58,100.00,64.79,-7.31,82.87,6.05,5.02,130.8402,11.8773,221.3866,130.6811,11.8564,221.7422,2.90,7.31,64.79,131.1122,11.9066,220.8413,2.90,7.31,64.79,250.0675,11.9445,279.8723,0.00,100.00,182.67,-11.86,182.67,11.86,12.52
79.89,133.26,130.5103,8.8983,221.0860,5.29,100.00,64.70,-6.83,82.83,5.64,4.75,131.1185,11.8575,221.4075,130.9590,11.8376,221.7630,2.77,6.83,64.70,131.3911,11.8855,220.8624,2.77,6.83,64.70,250.0675,11.9445,279.8723,0.00,100.00,182.67,-11.86,182.67,11.86,12.52
79.95,132.98,130.8099,8.8765,221.1237,5.38,100.00,64.64,-6.27,82.82,5.16,4.40,131.3962,11.8424,221.4236,131.2366,11.8239,221.7791,2.57,6.27,64.64,131.6689,11.8685,220.8785,2.57,6.27,64.64,250.0675,11.9445,279.8723,0.00,100.00,182.67,-11.86,182.67,11.86,12.52
80.00,132.69,131.1105,8.8525,221.1615,5.23,100.00,64.58,-6.01,82.84,5.02,3.98,131.6924,11.8215,221.4386,131.5326,11.8055,221.7941,2.21,6.01,64.58,131.9652,11.8438,220.8934,2.21,6.01,64.58,250.0675,11.9445,279.8723,0.00,100.00,182.67,-11.86,182.67,11.86,12.52
80.06,132.39,131.4260,8.8337,221.2011,5.67,100.00,64.52,-5.47,82.83,4.34,4.32,131.9705,11.8085,221.4918,131.8103,11.7889,221.8470,2.74,5.47,64.52,132.2442,11.8366,220.9473,2.74,5.47,64.52,250.0675,11.9445,279.8723,0.00,100.00,182.67,-11.86,182.67,11.86,12.52
80.11,132.10,131.7357,8.8229,221.2401,5.76,100.00,64.53,-5.04,82.83,3.84,4.44,132.2538,11.8020,221.5338,132.0937,11.7807,221.8890,3.01,5.04,64.53,132.5273,11.8331,220.9894,3.01,5.04,64.53,250.0675,11.9445,279.8723,0.00,100.00,182.67,-11.86,182.67,11.86,12.52
80.17,131.81,132.0393,8.7735,221.2783,5.47,100.00,64.57,-4.96,82.86,3.75,4.47,132.5529,11.7535,221.5724,132.3930,11.7318,221.9276,3.06,4.96,64.57,132.8260,11.7851,221.0278,3.06,4.96,64.57,250.0675,11.9445,279.8723,0.00,100.00,182.67,-11.86,182.67,11.86,12.52
80.23,131.50,132.3616,8.7610,221.3186,5.88,100.00,64.59,-4.63,82.89,3.63,3.79,132.8734,11.7446,221.5762,132.7141,11.7271,221.9319,2.46,4.63,64.59,133.1458,11.7699,221.0309,2.46,4.63,64.59,250.0675,11.9445,279.8723,0.00,100.00,182.67,-11.86,182.67,11.86,12.52
80.28,131.20,132.6803,8.7499,221.3583,5.72,100.00,64.61,-4.10,82.91,3.21,3.34,133.1737,11.7388,221.5897,133.0147,11.7234,221.9456,2.16,4.10,64.61,133.4456,11.7610,221.0440,2.16,4.10,64.61,250.0675,11.9445,279.8723,0.00,100.00,182.67,-11.86,182.67,11.86,12.52
80.34,130.89,133.0092,8.7408,221.3992,5.71,100.00,64.62,-3.33,82.89,2.17,4.06,133.4436,11.7362,221.6619,133.2846,11.7140,222.0175,3.18,3.33,64.62,133.7155,11.7694,221.1168,3.18,3.33,64.62,250.0675,11.9445,279.8723,0.00,100.00,182.67,-11.86,182.67,11.86,12.52
80.40,130.56,133.3545,8.7364,221.4423,6.11,100.00,64.63,-3.00,82.88,1.64,4.61,133.7578,11.7338,221.7301,133.5988,11.7071,222.0854,3.87,3.00,64.63,134.0295,11.7744,221.1854,3.87,3.00,64.63,250.0675,11.9445,279.8723,0.00,100.00,182.67,-11.86,182.67,11.86,12.52
80.45,130.24,133.6981,8.7001,221.4853,6.39,100.00,64.53,-2.83,82.90,1.51,4.43,134.0960,11.6993,221.7625,133.9365,11.6735,222.1176,3.72,2.83,64.53,134.3686,11.7383,221.2180,3.72,2.83,64.53,250.0675,11.9445,279.8723,0.00,100.00,182.67,-11.86,182.67,11.86,12.52
80.51,129.92,134.0312,8.6979,221.5267,5.89,100.00,64.41,-2.44,82.89,1.11,4.39,134.4084,11.7001,221.7993,134.2483,11.6738,222.1541,3.81,2.44,64.41,134.6819,11.7402,221.2555,3.81,2.44,64.41,250.0675,11.9445,279.8723,0.00,100.00,182.67,-11.86,182.67,11.86,12.52
80.57,129.58,134.3845,8.6997,221.5708,6.28,100.00,64.27,-2.20,82.89,0.72,4.77,134.7388,11.7031,221.8607,134.5779,11.6736,222.2149,4.29,2.20,64.27,135.0134,11.7484,221.3178,4.29,2.20,64.27,250.0675,11.9445,279.8723,0.00,100.00,182.67,-11.86,182.67,11.86,12.52
80.62,129.25,134.7408,8.7066,221.6152,6.66,100.00,64.18,-2.32,82.94,0.93,4.46,135.1086,11.7098,221.8902,134.9472,11.6827,222.2444,3.92,2.32,64.18,135.3842,11.7511,221.3475,3.92,2.32,64.18,250.0675,11.9445,279.8723,0.00,100.00,182.67,-11.86,182.67,11.86,12.52
80.67,128.92,135.0837,8.7130,221.6576,6.38,100.00,64.07,-2.04,82.96,0.63,4.44,135.4361,11.7184,221.9294,135.2741,11.6909,222.2832,4.00,2.04,64.07,135.7125,11.7605,221.3872,4.00,2.04,64.07,250.0675,11.9445,279.8723,0.00,100.00,182.67,-11.86,182.67,11.86,12.52
80.73,128.59,135.4328,8.6819,221.7007,6.27,100.00,63.94,-1.74,82.96,0.30,4.47,135.7675,11.6893,221.9719,135.6048,11.6610,222.3254,4.13,1.74,63.94,136.0449,11.7329,221.4303,4.13,1.74,63.94,250.0675,11.9445,279.8723,0.00,100.00,182.67,-11.86,182.67,11.86,12.52
80.78,128.24,135.8001,8.6936,221.7460,6.82,100.00,63.80,-1.14,82.95,359.76,4.18,136.1085,11.7055,221.9988,135.9452,11.6779,222.3520,4.03,1.14,63.80,136.3868,11.7481,221.4576,4.03,1.14,63.80,250.0675,11.9445,279.8723,0.00,100.00,182.67,-11.86,182.67,11.86,12.52
80.84,127.90,136.1587,8.7052,221.7904,6.50,100.00,63.66,-0.71,82.93,359.29,4.16,136.4429,11.7198,222.0392,136.2789,11.6913,222.3921,4.16,0.71,63.66,136.7222,11.7639,221.4986,4.16,0.71,63.66,250.0675,11.9445,279.8723,0.00,100.00,182.67,-11.86,182.67,11.86,12.52
80.90,127.55,136.5310,8.7171,221.8366,6.62,100.00,63.59,-0.46,82.92,358.89,4.54,136.7916,11.7322,222.1028,136.6274,11.7005,222.4553,4.66,0.46,63.59,137.0713,11.7817,221.5629,4.66,0.46,63.59,250.0675,11.9445,279.8723,0.00,100.00,182.67,-11.86,182.67,11.86,12.52
80.95,127.19,136.9150,8.6982,221.8843,6.95,100.00,63.53,-0.16,82.93,358.75,4.05,137.1714,11.7160,222.1236,137.0069,11.6872,222.4762,4.23,0.16,63.53,137.4516,11.7610,221.5836,4.23,0.16,63.53,250.0675,11.9445,279.8723,0.00,100.00,182.67,-11.86,182.67,11.86,12.52
81.01,126.83,137.2972,8.7215,221.9316,7.35,100.00,63.50,0.28,82.93,358.33,3.87,137.5332,11.7419,222.1591,137.3687,11.7134,222.5117,4.20,359.72,63.50,137.8134,11.7867,221.6190,4.20,359.72,63.50,250.0675,11.9445,279.8723,0.00,100.00,182.67,-11.86,182.67,11.86,12.52
81.06,126.49,137.6504,8.7411,221.9754,6.42,100.00,63.45,0.53,82.90,357.94,4.22,137.8636,11.7619,222.2188,137.6990,11.7303,222.5711,4.67,359.47,63.45,138.1439,11.8117,221.6792,4.67,359.47,63.45,250.0675,11.9445,279.8723,0.00,100.00,182.67,-11.86,182.67,11.86,12.52
81.12,126.14,138.0163,8.7638,222.0210,6.68,100.00,63.35,0.89,82.87,357.51,4.34,138.2060,11.7859,222.2678,138.0412,11.7526,222.6198,4.92,359.11,63.35,138.4868,11.8384,221.7287,4.92,359.11,63.35,250.0675,11.9445,279.8723,0.00,100.00,182.67,-11.86,182.67,11.86,12.52
81.17,125.80,138.3853,8.7536,222.0671,6.85,100.00,63.34,0.57,82.93,357.96,4.01,138.6010,11.7751,222.2993,138.4358,11.7449,222.6514,4.46,359.43,63.34,138.8824,11.8226,221.7600,4.46,359.43,63.34,250.0675,11.9445,279.8723,0.00,100.00,182.67,-11.86,182.67,11.86,12.52
81.23,125.45,138.7524,8.7743,222.1126,6.77,100.00,63.35,0.43,82.97,358.16,3.86,138.9796,11.7955,222.3382,138.8143,11.7667,222.6904,4.25,359.57,63.35,139.2610,11.8408,221.7989,4.25,359.57,63.35,250.0675,11.9445,279.8723,0.00,100.00,182.67,-11.86,182.67,11.86,12.52
81.28,125.09,139.1268,8.7985,222.1587,6.96,100.00,63.34,0.72,82.99,357.86,3.87,139.3380,11.8210,222.3828,139.1728,11.7914,222.7350,4.36,359.28,63.34,139.6193,11.8675,221.8435,4.36,359.28,63.34,250.0675,11.9445,279.8723,0.00,100.00,182.67,-11.86,182.67,11.86,12.52
81.33,124.74,139.5023,8.7887,222.2049,7.03,100.00,63.38,0.75,83.03,357.82,3.87,139.7117,11.8113,222.4286,139.5468,11.7817,222.7809,4.38,359.25,63.38,139.9927,11.8580,221.8891,4.38,359.25,63.38,250.0675,11.9445,279.8723,0.00,100.00,182.67,-11.86,182.67,11.86,12.52
81.39,124.40,139.8678,8.8147,222.2496,6.86,100.00,63.35,1.10,83.00,357.44,3.91,140.0567,11.8387,222.4732,139.8918,11.8080,222.8254,4.55,358.90,63.35,140.3376,11.8872,221.9338,4.55,358.90,63.35,250.0675,11.9445,279.8723,0.00,100.00,182.67,-11.86,182.67,11.86,12.52
81.44,124.06,140.2259,8.8454,222.2936,6.85,100.00,63.27,1.48,82.97,357.01,3.96,140.3919,11.8708,222.5172,140.2267,11.8388,222.8692,4.74,358.52,63.27,140.6731,11.9214,221.9782,4.74,358.52,63.27,250.0675,11.9445,279.8723,0.00,100.00,182.67,-11.86,182.67,11.86,12.52
81.50,123.72,140.5814,8.8709,222.3374,6.51,100.00,63.25,1.25,83.01,357.26,3.93,140.7610,11.8955,222.5610,140.5956,11.8642,222.9129,4.63,358.75,63.25,141.0426,11.9449,222.0220,4.63,358.75,63.25,250.0675,11.9445,279.8723,0.00,100.00,182.67,-11.86,182.67,11.86,12.52
81.55,123.37,140.9577,8.8663,222.3836,7.18,100.00,63.26,1.34,83.01,357.05,4.24,141.1246,11.8904,222.6220,140.9594,11.8567,222.9738,4.99,358.66,63.26,141.4058,11.9437,222.0832,4.99,358.66,63.26,250.0675,11.9445,279.8723,0.00,100.00,182.67,-11.86,182.67,11.86,12.52
81.60,123.03,141.3109,8.8935,222.4269,6.52,100.00,63.26,1.38,83.02,357.23,3.65,141.4906,11.9191,222.6351,141.3252,11.8897,222.9873,4.37,358.62,63.26,141.7722,11.9658,222.0960,4.37,358.62,63.26,250.0675,11.9445,279.8723,0.00,100.00,182.67,-11.86,182.67,11.86,12.52
81.66,122.70,141.6697,8.9236,222.4708,6.91,100.00,63.27,1.23,83.04,357.57,3.13,141.8707,11.9495,222.6541,141.7050,11.9241,223.0064,3.77,358.77,63.27,142.1526,11.9898,222.1146,3.77,358.77,63.27,250.0675,11.9445,279.8723,0.00,100.00,182.67,-11.86,182.67,11.86,12.52
81.71,122.37,142.0183,8.9148,222.5133,6.48,100.00,63.29,1.46,83.06,357.34,3.07,142.2078,11.9418,222.6921,142.0424,11.9163,223.0445,3.79,358.54,63.29,142.4894,11.9823,222.1524,3.79,358.54,63.29,250.0675,11.9445,279.8723,0.00,100.00,182.67,-11.86,182.67,11.86,12.52
81.76,122.03,142.3822,8.9449,222.5576,6.77,100.00,63.20,1.51,83.09,357.29,3.06,142.5693,11.9721,222.7352,142.4034,11.9466,223.0874,3.79,358.49,63.20,142.8516,12.0127,222.1959,3.79,358.49,63.20,250.0675,11.9445,279.8723,0.00,100.00,182.67,-11.86,182.67,11.86,12.52
81.82,121.69,142.7399,8.9715,222.6009,6.48,100.00,63.11,1.25,83.11,357.58,3.00,142.9426,11.9977,222.7773,142.7759,11.9732,223.1292,3.64,358.75,63.11,143.2261,12.0367,222.2385,3.64,358.75,63.11,250.0675,11.9445,279.8723,0.00,100.00,182.67,-11.86,182.67,11.86,12.52
81.87,121.35,143.0996,8.9622,222.6444,6.86,100.00,62.99,1.24,83.11,357.58,3.00,143.3022,11.9885,222.8208,143.1349,11.9639,223.1723,3.65,358.76,62.99,143.5869,12.0275,222.2825,3.65,358.76,62.99,250.0675,11.9445,279.8723,0.00,100.00,182.67,-11.86,182.67,11.86,12.52
81.93,121.03,143.4448,8.9906,222.6861,6.47,100.00,62.86,1.64,83.09,356.99,3.42,143.6137,12.0178,222.8807,143.4459,11.9892,223.2317,4.25,358.36,62.86,143.8989,12.0632,222.3433,4.25,358.36,62.86,250.0675,11.9445,279.8723,0.00,100.00,182.67,-11.86,182.67,11.86,12.52
81.98,120.69,143.8008,9.0228,222.7293,6.88,100.00,62.89,1.43,83.13,357.47,2.73,143.9993,12.0501,222.8908,143.8313,12.0270,223.2421,3.43,358.57,62.89,144.2849,12.0869,222.3529,3.43,358.57,62.89,250.0675,11.9445,279.8723,0.00,100.00,182.67,-11.86,182.67,11.86,12.52
82.03,120.36,144.1507,9.0452,222.7714,6.35,100.00,62.90,1.39,83.14,357.56,2.61,144.3545,12.0724,222.9271,144.1865,12.0503,223.2785,3.29,358.61,62.90,144.6401,12.1077,222.3891,3.29,358.61,62.90,250.0675,11.9445,279.8723,0.00,100.00,182.67,-11.86,182.67,11.86,12.52
82.09,120.01,144.5276,9.0357,222.8168,6.99,100.00,62.79,1.39,83.15,357.55,2.61,144.7314,12.0630,222.9724,144.5628,12.0409,223.3235,3.29,358.61,62.79,145.0180,12.0983,222.4349,3.29,358.61,62.79,250.0675,11.9445,279.8723,0.00,100.00,182.67,-11.86,182.67,11.86,12.52
82.14,119.66,144.8999,9.0651,222.8615,7.20,100.00,62.72,1.20,83.17,357.63,2.90,145.1060,12.0913,223.0328,144.9370,12.0674,223.3835,3.54,358.80,62.72,145.3933,12.1292,222.4959,3.54,358.80,62.72,250.0675,11.9445,279.8723,0.00,100.00,182.67,-11.86,182.67,11.86,12.52
82.19,119.32,145.2621,9.0916,222.9048,6.84,100.00,62.63,1.18,83.19,357.64,2.93,145.4685,12.1177,223.0778,145.2989,12.0937,223.4283,3.57,358.82,62.63,145.7565,12.1560,222.5413,3.57,358.82,62.63,250.0675,11.9445,279.8723,0.00,100.00,182.67,-11.86,182.67,11.86,12.52
82.25,118.98,145.6255,9.0795,222.9482,6.63,100.00,62.54,1.03,83.20,357.90,2.64,145.8473,12.1053,223.1078,145.6769,12.0837,223.4581,3.22,358.97,62.54,146.1364,12.1397,222.5717,3.22,358.97,62.54,250.0675,11.9445,279.8723,0.00,100.00,182.67,-11.86,182.67,11.86,12.52
82.31,118.64,145.9937,9.0963,222.9920,6.50,100.00,62.56,0.66,83.22,358.36,2.48,146.2407,12.1204,223.1456,146.0703,12.1009,223.4960,2.90,359.34,62.56,146.5300,12.1514,222.6094,2.90,359.34,62.56,250.0675,11.9445,279.8723,0.00,100.00,182.67,-11.86,182.67,11.86,12.52
82.36,118.28,146.3794,9.1182,223.0379,7.35,100.00,62.56,0.74,83.23,358.42,2.09,146.6319,12.1428,223.1718,146.4614,12.1258,223.5223,2.52,359.26,62.56,146.9213,12.1697,222.6354,2.52,359.26,62.56,250.0675,11.9445,279.8723,0.00,100.00,182.67,-11.86,182.67,11.86,12.52
82.41,117.94,146.7414,9.1080,223.0809,6.79,100.00,62.44,1.26,83.22,357.86,2.09,146.9646,12.1351,223.2113,146.7935,12.1168,223.5615,2.72,358.74,62.44,147.2547,12.1642,222.6754,2.72,358.74,62.44,250.0675,11.9445,279.8723,0.00,100.00,182.67,-11.86,182.67,11.86,12.52
82.47,117.60,147.1013,9.1304,223.1237,6.63,100.00,62.34,1.19,83.22,357.94,2.06,147.3291,12.1572,223.2529,147.1574,12.1394,223.6027,2.66,358.81,62.34,147.6202,12.1857,222.7175,2.66,358.81,62.34,250.0675,11.9445,279.8723,0.00,100.00,182.67,-11.86,182.67,11.86,12.52
82.52,117.27,147.4615,9.1511,223.1665,6.79,100.00,62.27,0.68,83.24,358.37,2.35,147.7099,12.1755,223.3135,147.5376,12.1567,223.6630,2.78,359.32,62.27,148.0019,12.2052,222.7787,2.78,359.32,62.27,250.0675,11.9445,279.8723,0.00,100.00,182.67,-11.86,182.67,11.86,12.52
82.58,116.94,147.8063,9.1672,223.2074,6.20,100.00,62.17,0.40,83.24,358.50,2.76,148.0592,12.1901,223.3766,147.8864,12.1690,223.7257,3.11,359.60,62.17,148.3522,12.2233,222.8425,3.11,359.60,62.17,250.0675,11.9445,279.8723,0.00,100.00,182.67,-11.86,182.67,11.86,12.52
82.63,116.62,148.1601,9.1542,223.2493,6.69,100.00,62.17,0.49,83.24,358.49,2.55,148.4137,12.1776,223.4074,148.2409,12.1578,223.7566,2.92,359.51,62.17,148.7067,12.2087,222.8732,2.92,359.51,62.17,250.0675,11.9445,279.8723,0.00,100.00,182.67,-11.86,182.67,11.86,12.52
82.69,116.30,148.5008,9.1700,223.2896,6.22,100.00,62.19,0.07,83.27,359.14,2.03,148.7917,12.1911,223.4243,148.6187,12.1762,223.7737,2.20,359.93,62.19,149.0849,12.2145,222.8898,2.20,359.93,62.19,250.0675,11.9445,279.8723,0.00,100.00,182.67,-11.86,182.67,11.86,12.52
82.74,115.96,148.8584,9.1835,223.3318,6.58,100.00,62.09,-0.02,83.27,359.28,1.91,149.1573,12.2040,223.4615,148.9837,12.1901,223.8106,2.04,0.02,62.09,149.4515,12.2258,222.9274,2.04,0.02,62.09,250.0675,11.9445,279.8723,0.00,100.00,182.67,-11.86,182.67,11.86,12.52
82.80,115.64,149.2057,9.1968,223.3728,6.28,100.00,61.97,0.41,83.25,358.66,2.32,149.4694,12.2199,223.5199,149.2952,12.2019,223.8685,2.65,359.59,61.97,149.7644,12.2481,222.9866,2.65,359.59,61.97,250.0675,11.9445,279.8723,0.00,100.00,182.67,-11.86,182.67,11.86,12.52
82.85,115.32,149.5515,9.1798,223.4137,6.35,100.00,61.86,0.48,83.25,358.55,2.39,149.8089,12.2032,223.5638,149.6341,12.1846,223.9121,2.76,359.52,61.86,150.1049,12.2326,223.0312,2.76,359.52,61.86,250.0675,11.9445,279.8723,0.00,100.00,182.67,-11.86,182.67,11.86,12.52
82.91,115.00,149.8963,9.1951,223.4545,6.32,100.00,61.77,0.06,83.27,359.15,1.99,150.1880,12.2163,223.5875,150.0125,12.2016,223.9356,2.16,359.94,61.77,150.4851,12.2393,223.0552,2.16,359.94,61.77,250.0675,11.9445,279.8723,0.00,100.00,182.67,-11.86,182.67,11.86,12.52
82.96,114.67,150.2468,9.2105,223.4959,6.74,100.00,61.68,-0.35,83.28,359.63,1.86,150.5644,12.2292,223.6251,150.3882,12.2164,223.9730,1.87,0.35,61.68,150.8625,12.2490,223.0932,1.87,0.35,61.68,250.0675,11.9445,279.8723,0.00,100.00,182.67,-11.86,182.67,11.86,12.52
83.01,114.37,150.5740,9.2187,223.5344,5.93,100.00,61.58,-0.60,83.29,359.78,2.19,150.8972,12.2360,223.6812,150.7204,12.2215,224.0287,2.11,0.60,61.58,151.1963,12.2584,223.1500,2.11,0.60,61.58,250.0675,11.9445,279.8723,0.00,100.00,182.67,-11.86,182.67,11.86,12.52
83.07,114.05,150.9137,9.1900,223.5744,6.04,100.00,61.48,-0.63,83.29,359.79,2.22,151.2376,12.2072,223.7232,151.0601,12.1925,224.0703,2.14,0.63,61.48,151.5376,12.2298,223.1925,2.14,0.63,61.48,250.0675,11.9445,279.8723,0.00,100.00,182.67,-11.86,182.67,11.86,12.52
83.13,113.73,151.2658,9.2007,223.6158,6.48,100.00,61.36,-0.33,83.28,359.73,1.57,151.5903,12.2192,223.7300,151.4122,12.2086,224.0770,1.55,0.33,61.36,151.8914,12.2357,223.1997,1.55,0.33,61.36,250.0675,11.9445,279.8723,0.00,100.00,182.67,-11.86,182.67,11.86,12.52
83.18,113.41,151.6092,9.2134,223.6563,6.42,100.00,61.27,-0.13,83.27,359.41,1.81,151.9154,12.2334,223.7815,151.7368,12.2204,224.1281,1.90,0.13,61.27,152.2173,12.2537,223.2517,1.90,0.13,61.27,250.0675,11.9445,279.8723,0.00,100.00,182.67,-11.86,182.67,11.86,12.52
83.23,113.09,151.9516,9.2236,223.6966,6.30,100.00,61.19,-0.71,83.29,0.04,1.79,152.2908,12.2401,223.8242,152.1116,12.2288,224.1705,1.64,0.71,61.19,152.5936,12.2574,223.2948,1.64,0.71,61.19,250.0675,11.9445,279.8723,0.00,100.00,182.67,-11.86,182.67,11.86,12.52
83.29,112.77,152.3043,9.1923,223.7381,6.36,100.00,61.11,-1.06,83.29,0.43,1.75,152.6644,12.2063,223.8661,152.4846,12.1962,224.2121,1.45,1.06,61.11,152.9680,12.2216,223.3371,1.45,1.06,61.11,250.0675,11.9445,279.8723,0.00,100.00,182.67,-11.86,182.67,11.86,12.52
83.35,112.43,152.6696,9.2027,223.7811,6.77,100.00,61.02,-0.91,83.28,0.26,1.77,153.0205,12.2177,223.9093,152.8401,12.2071,224.2551,1.54,0.91,61.02,153.3249,12.2340,223.3808,1.54,0.91,61.02,250.0675,11.9445,279.8723,0.00,100.00,182.67,-11.86,182.67,11.86,12.52
83.40,112.10,153.0283,9.2055,223.8233,6.36,100.00,61.03,-1.49,83.30,0.92,1.69,153.4140,12.2163,223.9514,153.2337,12.2077,224.2972,1.22,1.49,61.03,153.7185,12.2290,223.4229,1.22,1.49,61.03,250.0675,11.9445,279.8723,0.00,100.00,182.67,-11.86,182.67,11.86,12.52
83.46,111.76,153.3953,9.2096,223.8665,6.77,100.00,61.02,-1.31,83.29,0.71,1.72,153.7701,12.2218,223.9946,153.5898,12.2126,224.3404,1.32,1.31,61.02,154.0746,12.2356,223.4661,1.32,1.31,61.02,250.0675,11.9445,279.8723,0.00,100.00,182.67,-11.86,182.67,11.86,12.52
83.51,111.44,153.7410,9.1805,223.9071,6.27,100.00,60.98,-0.92,83.27,0.14,2.07,154.0838,12.1958,224.0504,153.9032,12.1829,224.3960,1.87,0.92,60.98,154.3886,12.2155,223.5223,1.87,0.92,60.98,250.0675,11.9445,279.8723,0.00,100.00,182.67,-11.86,182.67,11.86,12.52
83.57,111.12,154.0864,9.1834,223.9478,6.03,100.00,60.94,-0.74,83.26,359.89,2.23,154.4151,12.2000,224.0978,154.2343,12.1856,224.4432,2.11,0.74,60.94,154.7202,12.2223,223.5700,2.11,0.74,60.94,250.0675,11.9445,279.8723,0.00,100.00,182.67,-11.86,182.67,11.86,12.52
83.63,110.80,154.4356,9.1871,223.9891,6.20,100.00,60.87,-1.29,83.29,0.80,1.45,154.8165,12.1990,224.1034,154.6353,12.1918,224.4488,1.03,1.29,60.87,155.1224,12.2098,223.5757,1.03,1.29,60.87,250.0675,11.9445,279.8723,0.00,100.00,182.67,-11.86,182.67,11.86,12.52
83.68,110.49,154.7716,9.1904,224.0286,6.20,100.00,60.79,-1.40,83.30,0.99,1.28,155.1639,12.2012,224.1352,154.9822,12.1956,224.4804,0.80,1.40,60.79,155.4704,12.2095,223.6078,0.80,1.40,60.79,250.0675,11.9445,279.8723,0.00,100.00,182.67,-11.86,182.67,11.86,12.52
83.74,110.20,155.0876,9.1911,224.0657,5.64,100.00,60.69,-1.30,83.29,0.73,1.63,155.4639,12.2033,224.1892,155.2816,12.1947,224.5340,1.22,1.30,60.69,155.7714,12.2161,223.6624,1.22,1.30,60.69,250.0675,11.9445,279.8723,0.00,100.00,182.67,-11.86,182.67,11.86,12.52
83.79,109.89,155.4188,9.1577,224.1047,6.01,100.00,60.60,-1.78,83.30,1.25,1.62,155.8223,12.1662,224.2310,155.6394,12.1590,224.5755,1.02,1.78,60.60,156.1308,12.1767,223.7047,1.02,1.78,60.60,250.0675,11.9445,279.8723,0.00,100.00,182.67,-11.86,182.67,11.86,12.52
83.85,109.59,155.7508,9.1552,224.1437,5.95,100.00,60.60,-1.82,83.31,1.44,1.27,156.1664,12.1628,224.2529,155.9835,12.1583,224.5974,0.62,1.82,60.60,156.4747,12.1691,223.7265,0.62,1.82,60.60,250.0675,11.9445,279.8723,0.00,100.00,182.67,-11.86,182.67,11.86,12.52
83.91,109.29,156.0779,9.1482,224.1821,5.67,100.00,60.60,-2.00,83.31,1.52,1.55,156.4960,12.1549,224.3060,156.3131,12.1488,224.6505,0.84,2.00,60.60,156.8044,12.1635,223.7797,0.84,2.00,60.60,250.0675,11.9445,279.8723,0.00,100.00,182.67,-11.86,182.67,11.86,12.52
83.96,108.98,156.4077,9.1487,224.2207,6.18,100.00,60.60,-2.34,83.32,1.88,1.56,156.8447,12.1525,224.3478,156.6618,12.1473,224.6923,0.72,2.34,60.60,157.1531,12.1597,223.8214,0.72,2.34,60.60,250.0675,11.9445,279.8723,0.00,100.00,182.67,-11.86,182.67,11.86,12.52
84.02,108.70,156.7169,9.1468,224.2570,5.53,100.00,60.59,-2.11,83.30,1.62,1.61,157.1396,12.1527,224.3848,156.9567,12.1465,224.7293,0.86,2.11,60.59,157.4482,12.1615,223.8586,0.86,2.11,60.59,250.0675,11.9445,279.8723,0.00,100.00,182.67,-11.86,182.67,11.86,12.52
84.08,108.40,157.0458,9.1437,224.2956,5.72,100.00,60.47,-1.76,83.27,1.21,1.66,157.4471,12.1524,224.4238,157.2634,12.1449,224.7679,1.06,1.76,60.47,157.7567,12.1634,223.8982,1.06,1.76,60.47,250.0675,11.9445,279.8723,0.00,100.00,182.67,-11.86,182.67,11.86,12.52
84.13,108.08,157.3893,9.1081,224.3361,6.34,100.00,60.37,-2.20,83.28,1.71,1.60,157.8169,12.1133,224.4643,157.6326,12.1074,224.8081,0.81,2.20,60.37,158.1274,12.1215,223.9392,0.81,2.20,60.37,250.0675,11.9445,279.8723,0.00,100.00,182.67,-11.86,182.67,11.86,12.52
84.19,107.78,157.7188,9.1022,224.3749,5.81,100.00,60.25,-2.11,83.26,1.60,1.61,158.1408,12.1081,224.5032,157.9558,12.1019,224.8466,0.86,2.11,60.25,158.4524,12.1169,223.9787,0.86,2.11,60.25,250.0675,11.9445,279.8723,0.00,100.00,182.67,-11.86,182.67,11.86,12.52
84.25,107.47,158.0542,9.0951,224.4145,5.86,100.00,60.15,-2.20,83.27,1.86,1.23,158.4921,12.0995,224.5243,158.3066,12.0964,224.8674,0.40,2.20,60.15,158.8046,12.1034,224.0003,0.40,2.20,60.15,250.0675,11.9445,279.8723,0.00,100.00,182.67,-11.86,182.67,11.86,12.52
84.30,107.17,158.3843,9.0867,224.4534,5.82,100.00,60.03,-2.65,83.28,2.57,0.72,158.8624,12.0857,224.5406,158.6763,12.0877,224.8835,359.64,2.65,60.03,159.1757,12.0814,224.0172,359.64,2.65,60.03,250.0675,11.9445,279.8723,0.00,100.00,182.67,-11.86,182.67,11.86,12.52
84.36,106.86,158.7166,9.0812,224.4926,5.85,100.00,59.90,-2.01,83.26,1.72,1.08,159.1483,12.0868,224.5936,158.9613,12.0843,224.9359,0.30,2.01,59.90,159.4630,12.0896,224.0709,0.30,2.01,59.90,250.0675,11.9445,279.8723,0.00,100.00,182.67,-11.86,182.67,11.86,12.52
84.41,106.56,159.0539,9.0814,224.5325,6.15,100.00,59.78,-1.70,83.25,1.50,0.81,159.4756,12.0889,224.6180,159.2879,12.0876,224.9600,0.14,1.70,59.78,159.7913,12.0901,224.0959,0.14,1.70,59.78,250.0675,11.9445,279.8723,0.00,100.00,182.67,-11.86,182.67,11.86,12.52
84.47,106.25,159.3843,9.0380,224.5715,5.73,100.00,59.66,-1.85,83.25,1.96,0.12,159.8342,12.0421,224.6242,159.6460,12.0464,224.9659,359.33,1.85,59.66,160.1507,12.0347,224.1027,359.33,1.85,59.66,250.0675,11.9445,279.8723,0.00,100.00,182.67,-11.86,182.67,11.86,12.52
84.53,105.93,159.7397,9.0280,224.6136,6.18,100.00,59.65,-2.44,83.25,2.29,0.87,160.2020,12.0293,224.7071,160.0137,12.0297,225.0488,359.88,2.44,59.65,160.5188,12.0275,224.1857,359.88,2.44,59.65,250.0675,11.9445,279.8723,0.00,100.00,182.67,-11.86,182.67,11.86,12.52
84.59,105.60,160.0963,9.0186,224.6558,6.32,100.00,59.65,-2.57,83.25,2.36,1.03,160.5613,12.0192,224.7581,160.3729,12.0187,225.0998,0.00,2.57,59.65,160.8781,12.0187,224.2368,0.00,2.57,59.65,250.0675,11.9445,279.8723,0.00,100.00,182.67,-11.86,182.67,11.86,12.52
84.65,105.28,160.4510,9.0083,224.6978,6.22,100.00,59.65,-2.73,83.26,2.68,0.67,160.9350,12.0064,224.7835,160.7467,12.0091,225.1252,359.54,2.73,59.65,161.2516,12.0011,224.2620,359.54,2.73,59.65,250.0675,11.9445,279.8723,0.00,100.00,182.67,-11.86,182.67,11.86,12.52
84.70,104.95,160.8144,8.9989,224.7408,6.62,100.00,59.65,-3.06,83.26,3.10,0.55,161.3208,11.9934,224.8228,161.1326,11.9978,225.1645,359.27,3.06,59.65,161.6373,11.9850,224.3013,359.27,3.06,59.65,250.0675,11.9445,279.8723,0.00,100.00,182.67,-11.86,182.67,11.86,12.52
84.76,104.63,161.1684,8.9862,224.7826,6.09,100.00,59.65,-2.40,83.24,2.19,1.00,161.6246,11.9882,224.8826,161.4361,11.9875,225.2242,0.04,2.40,59.65,161.9415,11.9882,224.3612,0.04,2.40,59.65,250.0675,11.9445,279.8723,0.00,100.00,182.67,-11.86,182.67,11.86,12.52
84.82,104.28,161.5487,8.9758,224.8277,6.54,100.00,59.64,-2.26,83.23,1.99,1.10,161.9940,11.9793,224.9315,161.8055,11.9775,225.2730,0.21,2.26,59.64,162.3109,11.9811,224.4102,0.21,2.26,59.64,250.0675,11.9445,279.8723,0.00,100.00,182.67,-11.86,182.67,11.86,12.52
84.88,103.93,161.9339,8.9622,224.8734,6.73,100.00,59.53,-2.66,83.24,2.60,0.69,162.4136,11.9610,224.9595,162.2245,11.9634,225.3008,359.58,2.66,59.53,162.7314,11.9561,224.4388,359.58,2.66,59.53,250.0675,11.9445,279.8723,0.00,100.00,182.67,-11.86,182.67,11.86,12.52
84.93,103.58,162.3182,8.9152,224.9189,6.83,100.00,59.41,-2.58,83.23,2.68,0.33,162.8040,11.9134,224.9869,162.6143,11.9183,225.3278,359.22,2.58,59.41,163.1226,11.9047,224.4667,359.22,2.58,59.41,250.0675,11.9445,279.8723,0.00,100.00,182.67,-11.86,182.67,11.86,12.52
84.99,103.23,162.7035,8.8999,224.9646,6.74,100.00,59.26,-2.97,83.23,3.36,359.74,163.2285,11.8920,225.0061,163.0384,11.9024,225.3466,358.40,2.97,59.26,163.5480,11.8744,224.4866,358.40,2.97,59.26,250.0675,11.9445,279.8723,0.00,100.00,182.67,-11.86,182.67,11.86,12.52
85.05,102.89,163.0838,8.8872,225.0098,6.81,100.00,59.15,-2.33,83.23,2.51,0.09,163.5623,11.8869,225.0640,163.3712,11.8929,225.4041,359.05,2.33,59.15,163.8833,11.8764,224.5453,359.05,2.33,59.15,250.0675,11.9445,279.8723,0.00,100.00,182.67,-11.86,182.67,11.86,12.52
85.11,102.56,163.4480,8.8740,225.0530,6.06,100.00,59.01,-2.19,83.23,2.32,0.16,163.9165,11.8752,225.1100,163.7245,11.8803,225.4496,359.19,2.19,59.01,164.2388,11.8662,224.5921,359.19,2.19,59.01,250.0675,11.9445,279.8723,0.00,100.00,182.67,-11.86,182.67,11.86,12.52
85.16,102.19,163.8453,8.8636,225.1002,7.25,100.00,58.87,-2.57,83.23,2.94,359.75,164.3483,11.8595,225.1393,164.1557,11.8689,225.4784,358.56,2.57,58.87,164.6715,11.8437,224.6221,358.56,2.57,58.87,250.0675,11.9445,279.8723,0.00,100.00,182.67,-11.86,182.67,11.86,12.52
85.22,101.86,164.2119,8.8462,225.1437,6.37,100.00,58.73,-2.84,83.23,3.11,0.00,164.7224,11.8406,225.1974,164.5289,11.8489,225.5361,358.71,2.84,58.73,165.0469,11.8265,224.6810,358.71,2.84,58.73,250.0675,11.9445,279.8723,0.00,100.00,182.67,-11.86,182.67,11.86,12.52
85.28,101.51,164.6024,8.8295,225.1900,6.88,100.00,58.60,-2.86,83.22,3.13,0.03,165.1137,11.8237,225.2454,164.9195,11.8319,225.5836,358.72,2.86,58.60,165.4394,11.8097,224.7297,358.72,2.86,58.60,250.0675,11.9445,279.8723,0.00,100.00,182.67,-11.86,182.67,11.86,12.52
85.33,101.16,164.9920,8.8150,225.2363,6.87,100.00,58.49,-2.41,83.22,2.77,359.76,165.4859,11.8124,225.2751,165.2910,11.8213,225.6129,358.62,2.41,58.49,165.8126,11.7973,224.7601,358.62,2.41,58.49,250.0675,11.9445,279.8723,0.00,100.00,182.67,-11.86,182.67,11.86,12.52
85.39,100.81,165.3737,8.7982,225.2817,6.53,100.00,58.36,-2.50,83.22,2.73,0.05,165.8639,11.7961,225.3354,165.6682,11.8031,225.6728,358.90,2.50,58.36,166.1919,11.7839,224.8211,358.90,2.50,58.36,250.0675,11.9445,279.8723,0.00,100.00,182.67,-11.86,182.67,11.86,12.52
85.45,100.47,165.7590,8.7454,225.3275,6.61,100.00,58.25,-2.49,83.22,2.73,0.05,166.2492,11.7433,225.3812,166.0527,11.7504,225.7182,358.89,2.49,58.25,166.5782,11.7310,224.8676,358.89,2.49,58.25,250.0675,11.9445,279.8723,0.00,100.00,182.67,-11.86,182.67,11.86,12.52
85.51,100.12,166.1373,8.7306,225.3724,6.61,100.00,58.13,-2.62,83.22,3.03,359.72,166.6450,11.7258,225.4109,166.4481,11.7358,225.7475,358.46,2.62,58.13,166.9749,11.7090,224.8979,358.46,2.62,58.13,250.0675,11.9445,279.8723,0.00,100.00,182.67,-11.86,182.67,11.86,12.52
85.57,99.80,166.4978,8.7098,225.4153,6.13,100.00,58.02,-2.63,83.22,3.06,359.68,167.0075,11.7046,225.4521,166.8099,11.7149,225.7883,358.41,2.63,58.02,167.3383,11.6873,224.9397,358.41,2.63,58.02,250.0675,11.9445,279.8723,0.00,100.00,182.67,-11.86,182.67,11.86,12.52
85.63,99.46,166.8742,8.6896,225.4600,6.35,100.00,57.90,-2.63,83.22,3.06,359.68,167.3838,11.6845,225.4968,167.1855,11.6948,225.8326,358.41,2.63,57.90,167.7156,11.6671,224.9851,358.41,2.63,57.90,250.0675,11.9445,279.8723,0.00,100.00,182.67,-11.86,182.67,11.86,12.52
85.69,99.12,167.2583,8.6704,225.5057,6.84,100.00,57.78,-3.24,83.21,3.79,359.56,167.8066,11.6585,225.5405,167.6079,11.6717,225.8760,357.97,3.24,57.78,168.1391,11.6364,225.0294,357.97,3.24,57.78,250.0675,11.9445,279.8723,0.00,100.00,182.67,-11.86,182.67,11.86,12.52
85.74,98.78,167.6266,8.6497,225.5495,6.35,100.00,57.69,-2.58,83.22,3.21,359.27,168.1468,11.6430,225.5655,167.9475,11.6564,225.9006,357.96,2.58,57.69,168.4803,11.6208,225.0551,357.96,2.58,57.69,250.0675,11.9445,279.8723,0.00,100.00,182.67,-11.86,182.67,11.86,12.52
85.80,98.44,168.0127,8.6286,225.5954,6.65,100.00,57.58,-2.84,83.21,3.74,358.78,168.5633,11.6164,225.5890,168.3636,11.6344,225.9237,357.28,2.84,57.58,168.8972,11.5870,225.0792,357.28,2.84,57.58,250.0675,11.9445,279.8723,0.00,100.00,182.67,-11.86,182.67,11.86,12.52
85.86,98.09,168.4041,8.6025,225.6421,6.64,100.00,57.46,-3.08,83.20,3.90,359.02,168.9613,11.5890,225.6492,168.7610,11.6060,225.9835,357.42,3.08,57.46,169.2963,11.5611,225.1400,357.42,3.08,57.46,250.0675,11.9445,279.8723,0.00,100.00,182.67,-11.86,182.67,11.86,12.52
85.92,97.73,168.8067,8.5767,225.6900,7.16,100.00,57.43,-3.72,83.19,4.62,358.99,169.4016,11.5560,225.7002,169.2014,11.5752,226.0345,357.08,3.72,57.43,169.7362,11.5244,225.1911,357.08,3.72,57.43,250.0675,11.9445,279.8723,0.00,100.00,182.67,-11.86,182.67,11.86,12.52
85.98,97.38,169.1948,8.5446,225.7364,6.53,100.00,57.43,-3.76,83.19,4.48,359.37,169.7797,11.5257,225.7655,169.5793,11.5421,226.0998,357.49,3.76,57.43,170.1147,11.4983,225.2564,357.49,3.76,57.43,250.0675,11.9445,279.8723,0.00,100.00,182.67,-11.86,182.67,11.86,12.52
86.04,97.01,169.6115,8.5201,225.7862,7.44,100.00,57.34,-3.47,83.19,4.10,359.49,170.1761,11.5051,225.8194,169.9750,11.5197,226.1534,357.76,3.47,57.34,170.5122,11.4807,225.3109,357.76,3.47,57.34,250.0675,11.9445,279.8723,0.00,100.00,182.67,-11.86,182.67,11.86,12.52
86.10,96.65,170.0083,8.4906,225.8335,6.73,100.00,57.22,-3.80,83.19,4.66,359.09,170.6047,11.4696,225.8493,170.4033,11.4883,226.1829,357.14,3.80,57.22,170.9412,11.4385,225.3414,357.14,3.80,57.22,250.0675,11.9445,279.8723,0.00,100.00,182.67,-11.86,182.67,11.86,12.52
86.16,96.28,170.4311,8.4527,225.8841,7.12,100.00,57.21,-4.16,83.18,5.13,358.96,171.0525,11.4266,225.8961,170.8513,11.4475,226.2297,356.82,4.16,57.21,171.3887,11.3921,225.3882,356.82,4.16,57.21,250.0675,11.9445,279.8723,0.00,100.00,182.67,-11.86,182.67,11.86,12.52
86.21,95.89,170.8629,8.3786,225.9357,7.71,100.00,57.18,-4.70,83.17,5.77,358.87,171.5177,11.3453,225.9471,171.3167,11.3685,226.2807,356.46,4.70,57.18,171.8535,11.3069,225.4392,356.46,4.70,57.18,250.0675,11.9445,279.8723,0.00,100.00,182.67,-11.86,182.67,11.86,12.52
86.27,95.52,171.2786,8.3690,225.9854,6.89,100.00,57.04,-4.84,83.17,5.75,359.26,171.9301,11.3363,226.0168,171.7281,11.3571,226.3500,356.80,4.84,57.04,172.2673,11.3015,225.5096,356.80,4.84,57.04,250.0675,11.9445,279.8723,0.00,100.00,182.67,-11.86,182.67,11.86,12.52
86.34,95.12,171.7260,8.3090,226.0389,6.92,100.00,56.86,-5.72,83.16,6.78,359.18,172.4305,11.2641,226.0727,172.2282,11.2884,226.4054,356.27,5.72,56.86,172.7683,11.2236,225.5663,356.27,5.72,56.86,250.0675,11.9445,279.8723,0.00,100.00,182.67,-11.86,182.67,11.86,12.52
86.40,94.69,172.2146,8.2487,226.0975,8.48,100.00,56.68,-6.19,83.14,7.89,358.00,172.9833,11.1879,226.0767,172.7815,11.2227,226.4088,354.70,6.19,56.68,173.3201,11.1308,225.5713,354.70,6.19,56.68,250.0675,11.9445,279.8723,0.00,100.00,182.67,-11.86,182.67,11.86,12.52
86.46,94.30,172.6531,8.1822,226.1502,7.35,100.00,56.53,-6.37,83.15,7.87,358.48,173.4178,11.1225,226.1543,173.2148,11.1544,226.4859,355.12,6.37,56.53,173.7565,11.0698,225.6496,355.12,6.37,56.53,250.0675,11.9445,279.8723,0.00,100.00,182.67,-11.86,182.67,11.86,12.52
86.52,93.90,173.1148,8.1126,226.2057,7.50,100.00,56.37,-6.59,83.15,7.92,358.92,173.8792,11.0528,226.2332,173.6751,11.0822,226.5644,355.48,6.59,56.37,174.2197,11.0039,225.7294,355.48,6.59,56.37,250.0675,11.9445,279.8723,0.00,100.00,182.67,-11.86,182.67,11.86,12.52
86.58,93.47,173.5970,8.0327,226.2636,8.22,100.00,56.12,-7.94,83.14,9.30,359.20,174.4298,10.9541,226.3143,174.2253,10.9858,226.6451,355.08,7.94,56.12,174.7708,10.9008,225.8113,355.08,7.94,56.12,250.0675,11.9445,279.8723,0.00,100.00,182.67,-11.86,182.67,11.86,12.52
86.64,93.06,174.0609,7.9492,226.3194,7.65,100.00,55.96,-8.22,83.14,9.60,359.26,174.9084,10.8662,226.3751,174.7032,10.8986,226.7053,354.98,8.22,55.96,175.2504,10.8119,225.8728,354.98,8.22,55.96,250.0675,11.9445,279.8723,0.00,100.00,182.67,-11.86,182.67,11.86,12.52
86.71,92.64,174.5468,7.8586,226.3778,7.93,100.00,55.82,-8.24,83.15,9.64,359.27,175.3963,10.7750,226.4339,175.1903,10.8076,226.7636,354.94,8.24,55.82,175.7394,10.7203,225.9324,354.94,8.24,55.82,250.0675,11.9445,279.8723,0.00,100.00,182.67,-11.86,182.67,11.86,12.52
86.77,92.20,175.0439,7.7602,226.4375,8.05,100.00,55.64,-8.85,83.15,10.37,359.19,175.9308,10.6654,226.4941,175.7246,10.7008,226.8234,354.51,8.85,55.64,176.2743,10.6062,225.9934,354.51,8.85,55.64,250.0675,11.9445,279.8723,0.00,100.00,182.67,-11.86,182.67,11.86,12.52
86.83,91.77,175.5355,7.6615,226.4966,8.35,100.00,55.49,-9.05,83.14,10.81,358.79,176.4471,10.5594,226.5352,176.2409,10.5985,226.8641,353.93,9.05,55.49,176.7905,10.4941,226.0352,353.93,9.05,55.49,250.0675,11.9445,279.8723,0.00,100.00,182.67,-11.86,182.67,11.86,12.52
86.89,91.37,175.9948,7.5653,226.5518,7.62,100.00,55.33,-9.47,83.14,11.00,359.40,176.9119,10.4608,226.6231,176.7044,10.4970,226.9515,354.36,9.47,55.33,177.2573,10.4001,226.1239,354.36,9.47,55.33,250.0675,11.9445,279.8723,0.00,100.00,182.67,-11.86,182.67,11.86,12.52
86.96,90.96,176.4712,7.4973,226.6092,7.60,100.00,55.17,-9.77,83.13,11.71,358.69,177.4286,10.3804,226.6480,177.2217,10.4231,226.9760,353.38,9.77,55.17,177.7729,10.3094,226.1494,353.38,9.77,55.17,250.0675,11.9445,279.8723,0.00,100.00,182.67,-11.86,182.67,11.86,12.52
87.02,90.53,176.9657,7.3794,226.6687,7.79,100.00,55.02,-10.07,83.13,12.13,358.57,177.9447,10.2552,226.7037,177.7375,10.3000,227.0313,353.05,10.07,55.02,178.2893,10.1808,226.2058,353.05,10.07,55.02,250.0675,11.9445,279.8723,0.00,100.00,182.67,-11.86,182.67,11.86,12.52
87.08,90.08,177.4806,7.2676,226.7308,8.62,100.00,54.91,-10.04,83.15,11.93,358.93,178.4473,10.1473,226.7830,178.2390,10.1895,227.1102,353.44,10.04,54.91,178.7938,10.0770,226.2859,353.44,10.04,54.91,250.0675,11.9445,279.8723,0.00,100.00,182.67,-11.86,182.67,11.86,12.52
87.15,89.66,177.9693,7.1452,226.7896,7.98,100.00,54.75,-11.41,83.12,13.55,358.80,179.0169,9.9964,226.8452,178.8099,10.0440,227.1724,352.55,11.41,54.75,179.3613,9.9169,226.3479,352.55,11.41,54.75,250.0675,11.9445,279.8723,0.00,100.00,182.67,-11.86,182.67,11.86,12.52
87.21,89.22,178.4764,7.0154,226.8507,8.29,100.00,54.74,-11.62,83.14,13.60,359.15,179.5249,9.8660,226.9249,179.3175,9.9116,227.2522,352.83,11.62,54.74,179.8698,9.7894,226.4276,352.83,11.62,54.74,250.0675,11.9445,279.8723,0.00,100.00,182.67,-11.86,182.67,11.86,12.52
87.28,88.78,178.9892,6.9159,226.9124,8.07,100.00,54.55,-12.17,83.15,14.03,359.57,180.0560,9.7588,227.0109,179.8477,9.8035,227.3377,352.96,12.17,54.55,180.4023,9.6837,226.5142,352.96,12.17,54.55,250.0675,11.9445,279.8723,0.00,100.00,182.67,-11.86,182.67,11.86,12.52
87.34,88.33,179.5201,6.7799,226.9762,8.92,100.00,54.46,-12.03,83.15,14.03,359.29,180.5889,9.6225,227.0597,180.3804,9.6690,227.3862,352.68,12.03,54.46,180.9354,9.5445,226.5637,352.68,12.03,54.46,250.0675,11.9445,279.8723,0.00,100.00,182.67,-11.86,182.67,11.86,12.52
87.41,87.89,180.0293,6.6373,227.0374,7.74,100.00,54.31,-12.01,83.16,14.03,359.29,181.0982,9.4799,227.1209,180.8889,9.5266,227.4468,352.65,12.01,54.31,181.4459,9.4015,226.6257,352.65,12.01,54.31,250.0675,11.9445,279.8723,0.00,100.00,182.67,-11.86,182.67,11.86,12.52
87.47,87.40,180.6024,6.4934,227.1061,9.62,100.00,54.25,-11.51,83.18,13.67,358.93,181.6555,9.3424,227.1682,181.4458,9.3904,227.4937,352.49,11.51,54.25,182.0039,9.2623,226.6738,352.49,11.51,54.25,250.0675,11.9445,279.8723,0.00,100.00,182.67,-11.86,182.67,11.86,12.52
87.53,86.96,181.1240,6.3616,227.1685,8.51,100.00,54.17,-11.12,83.19,13.26,358.90,182.1572,9.2180,227.2261,181.9465,9.2651,227.5511,352.64,11.12,54.17,182.5070,9.1394,226.7325,352.64,11.12,54.17,250.0675,11.9445,279.8723,0.00,100.00,182.67,-11.86,182.67,11.86,12.52
87.60,86.51,181.6521,6.2644,227.2315,8.20,100.00,54.04,-11.06,83.19,13.22,358.89,182.6830,9.1216,227.2887,182.4716,9.1688,227.6131,352.63,11.06,54.04,183.0341,9.0429,226.7959,352.63,11.06,54.04,250.0675,11.9445,279.8723,0.00,100.00,182.67,-11.86,182.67,11.86,12.52
87.66,86.06,182.1894,6.1335,227.2957,8.93,100.00,54.04,-11.06,83.19,13.22,358.89,183.2204,8.9907,227.3528,183.0089,9.0379,227.6773,352.63,11.06,54.04,183.5714,8.9120,226.8601,352.63,11.06,54.04,250.0675,11.9445,279.8723,0.00,100.00,182.67,-11.86,182.67,11.86,12.52
87.72,85.63,182.6944,6.0112,227.3559,8.28,100.00,54.09,-10.67,83.21,12.54,359.31,183.6894,8.8808,227.4305,183.4770,8.9235,227.7550,353.33,10.67,54.09,184.0420,8.8092,226.9379,353.33,10.67,54.09,250.0675,11.9445,279.8723,0.00,100.00,182.67,-11.86,182.67,11.86,12.52
87.79,85.20,183.2043,5.8865,227.4167,7.98,100.00,53.91,-10.83,83.21,12.72,359.36,184.2080,8.7530,227.4950,183.9947,8.7961,227.8188,353.25,10.83,53.91,184.5619,8.6807,227.0033,353.25,10.83,53.91,250.0675,11.9445,279.8723,0.00,100.00,182.67,-11.86,182.67,11.86,12.52
87.85,84.75,183.7344,5.7625,227.4798,8.89,100.00,53.75,-10.81,83.22,12.72,359.36,184.7381,8.6290,227.5581,184.5240,8.6724,227.8813,353.22,10.81,53.75,185.0932,8.5564,227.0674,353.22,10.81,53.75,250.0675,11.9445,279.8723,0.00,100.00,182.67,-11.86,182.67,11.86,12.52
87.91,84.34,184.2248,5.6448,227.5381,8.10,100.00,53.52,-11.03,83.23,12.81,359.71,185.2305,8.5100,227.6351,185.0148,8.5518,227.9575,353.44,11.03,53.52,185.5879,8.4397,227.1457,353.44,11.03,53.52,250.0675,11.9445,279.8723,0.00,100.00,182.67,-11.86,182.67,11.86,12.52
87.98,83.93,184.7203,5.5586,227.5969,7.71,100.00,53.31,-10.98,83.23,12.50,0.22,185.7076,8.4292,227.7187,185.4899,8.4674,228.0403,353.99,10.98,53.31,186.0682,8.3647,227.2309,353.99,10.98,53.31,250.0675,11.9445,279.8723,0.00,100.00,182.67,-11.86,182.67,11.86,12.52
88.04,83.50,185.2367,5.4389,227.6582,8.69,100.00,53.13,-10.69,83.23,12.13,0.32,186.2047,8.3160,227.7833,185.9856,8.3526,228.1040,354.24,10.69,53.13,186.5676,8.2539,227.2969,354.24,10.69,53.13,250.0675,11.9445,279.8723,0.00,100.00,182.67,-11.86,182.67,11.86,12.52
88.11,83.10,185.7111,5.3295,227.7146,7.57,100.00,52.95,-10.34,83.22,11.71,0.39,186.6580,8.2136,227.8406,186.4374,8.2488,228.1604,354.46,10.34,52.95,187.0232,8.1539,227.3556,354.46,10.34,52.95,250.0675,11.9445,279.8723,0.00,100.00,182.67,-11.86,182.67,11.86,12.52
88.17,82.69,186.2022,5.2133,227.7730,7.66,100.00,52.93,-10.54,83.22,11.96,0.36,187.1617,8.0932,227.8989,186.9412,8.1293,228.2187,354.31,10.54,52.93,187.5265,8.0319,227.4138,354.31,10.54,52.93,250.0675,11.9445,279.8723,0.00,100.00,182.67,-11.86,182.67,11.86,12.52
88.24,82.28,186.6940,5.1420,227.8314,7.84,100.00,52.99,-9.99,83.22,11.28,0.44,187.6189,8.0332,227.9576,187.3979,8.0667,228.2774,354.73,9.99,52.99,187.9846,7.9763,227.4727,354.73,9.99,52.99,250.0675,11.9445,279.8723,0.00,100.00,182.67,-11.86,182.67,11.86,12.52
88.30,81.90,187.1593,5.0455,227.8867,7.69,100.00,52.79,-9.94,83.22,11.24,0.45,188.0821,7.9374,228.0130,187.8600,7.9710,228.3320,354.72,9.94,52.79,188.4496,7.8804,227.5293,354.72,9.94,52.79,250.0675,11.9445,279.8723,0.00,100.00,182.67,-11.86,182.67,11.86,12.52
88.36,81.53,187.6095,4.9511,227.9403,7.14,100.00,52.61,-9.55,83.21,10.56,0.88,188.4954,7.8536,228.0851,188.2713,7.8828,228.4031,355.41,9.55,52.61,188.8660,7.8038,227.6030,355.41,9.55,52.61,250.0675,11.9445,279.8723,0.00,100.00,182.67,-11.86,182.67,11.86,12.52
88.43,81.14,188.0762,4.8545,227.9958,7.41,100.00,52.37,-9.73,83.22,10.75,0.93,188.9713,7.7540,228.1443,188.7461,7.7837,228.4614,355.31,9.73,52.37,189.3436,7.7032,227.6637,355.31,9.73,52.37,250.0675,11.9445,279.8723,0.00,100.00,182.67,-11.86,182.67,11.86,12.52
88.49,80.76,188.5387,4.7585,228.0507,7.67,100.00,52.13,-10.02,83.23,11.12,0.90,189.4529,7.6519,228.1999,189.2268,7.6833,228.5162,355.06,10.02,52.13,189.8265,7.5984,227.7205,355.06,10.02,52.13,250.0675,11.9445,279.8723,0.00,100.00,182.67,-11.86,182.67,11.86,12.52
88.55,80.40,188.9775,4.6998,228.1028,6.78,100.00,52.16,-9.73,83.22,10.51,1.36,189.8580,7.6026,228.2727,189.6310,7.6292,228.5889,355.77,9.73,52.16,190.2330,7.5566,227.7937,355.77,9.73,52.16,250.0675,11.9445,279.8723,0.00,100.00,182.67,-11.86,182.67,11.86,12.52
88.62,80.02,189.4402,4.6029,228.1578,7.19,100.00,52.15,-9.90,83.22,10.48,1.76,190.3165,7.5057,228.3481,190.0891,7.5299,228.6642,356.13,9.90,52.15,190.6922,7.4634,227.8693,356.13,9.90,52.15,250.0675,11.9445,279.8723,0.00,100.00,182.67,-11.86,182.67,11.86,12.52
88.68,79.65,189.9026,4.5151,228.2127,7.54,100.00,51.95,-9.39,83.21,9.80,1.93,190.7436,7.4280,228.4079,190.5144,7.4492,228.7229,356.59,9.39,51.95,191.1220,7.3905,227.9308,356.59,9.39,51.95,250.0675,11.9445,279.8723,0.00,100.00,182.67,-11.86,182.67,11.86,12.52
88.75,79.29,190.3390,4.4323,228.2647,7.01,100.00,51.70,-9.54,83.21,9.99,1.92,191.1897,7.3423,228.4607,190.9594,7.3645,228.7748,356.44,9.54,51.70,191.5698,7.3033,227.9851,356.44,9.54,51.70,250.0675,11.9445,279.8723,0.00,100.00,182.67,-11.86,182.67,11.86,12.52
88.81,78.94,190.7786,4.3506,228.3170,7.06,100.00,51.73,-9.03,83.19,9.35,2.00,191.5966,7.2699,228.5137,191.3658,7.2895,228.8277,356.85,9.03,51.73,191.9774,7.2352,228.0384,356.85,9.03,51.73,250.0675,11.9445,279.8723,0.00,100.00,182.67,-11.86,182.67,11.86,12.52
88.87,78.58,191.2093,4.3098,228.3684,6.97,100.00,51.73,-9.20,83.20,9.56,1.98,192.0377,7.2262,228.5650,191.8070,7.2466,228.8790,356.72,9.20,51.73,192.4183,7.1901,228.0896,356.72,9.20,51.73,250.0675,11.9445,279.8723,0.00,100.00,182.67,-11.86,182.67,11.86,12.52
88.94,78.25,191.6216,4.2323,228.4176,6.47,100.00,51.75,-8.75,83.19,9.22,1.67,192.4349,7.1540,228.5962,192.2044,7.1751,228.9103,356.64,8.75,51.75,192.8154,7.1172,228.1208,356.64,8.75,51.75,250.0675,11.9445,279.8723,0.00,100.00,182.67,-11.86,182.67,11.86,12.52
89.00,77.91,192.0426,4.1598,228.4679,6.70,100.00,51.76,-8.54,83.17,8.55,2.37,192.8172,7.0899,228.6796,192.5857,7.1046,228.9932,357.59,8.54,51.76,193.1992,7.0631,228.2046,357.59,8.54,51.76,250.0675,11.9445,279.8723,0.00,100.00,182.67,-11.86,182.67,11.86,12.52
89.07,77.58,192.4477,4.0912,228.5164,6.38,100.00,51.46,-8.69,83.16,8.44,2.87,193.2136,7.0216,228.7534,192.9800,7.0334,229.0657,358.03,8.69,51.46,193.5987,6.9993,228.2808,358.03,8.69,51.46,250.0675,11.9445,279.8723,0.00,100.00,182.67,-11.86,182.67,11.86,12.52
89.13,77.25,192.8606,4.0222,228.5659,6.71,100.00,51.17,-8.71,83.17,8.42,2.96,193.6249,6.9527,228.8074,193.3897,6.9642,229.1185,358.07,8.71,51.17,194.0124,6.9308,228.3367,358.07,8.71,51.17,250.0675,11.9445,279.8723,0.00,100.00,182.67,-11.86,182.67,11.86,12.52
89.20,76.92,193.2637,3.9916,228.6143,6.34,100.00,50.82,-8.42,83.15,8.04,3.05,194.0079,6.9270,228.8582,193.7706,6.9371,229.1677,358.30,8.42,50.82,194.3987,6.9076,228.3901,358.30,8.42,50.82,250.0675,11.9445,279.8723,0.00,100.00,182.67,-11.86,182.67,11.86,12.52
89.26,76.59,193.6795,3.9261,228.6642,6.63,100.00,50.49,-8.11,83.15,7.65,3.10,194.4035,6.8666,228.9086,194.1642,6.8753,229.2166,358.50,8.11,50.49,194.7973,6.8494,228.4430,358.50,8.11,50.49,250.0675,11.9445,279.8723,0.00,100.00,182.67,-11.86,182.67,11.86,12.52
89.32,76.26,194.0976,3.8638,228.7144,6.68,100.00,50.52,-7.90,83.16,7.54,2.88,194.8174,6.8063,228.9462,194.5783,6.8159,229.2543,358.37,7.90,50.52,195.2109,6.7877,228.4804,358.37,7.90,50.52,250.0675,11.9445,279.8723,0.00,100.00,182.67,-11.86,182.67,11.86,12.52
89.39,75.93,194.5048,3.8010,228.7632,6.40,100.00,50.52,-7.74,83.15,7.20,3.11,195.2056,6.7473,229.0053,194.9662,6.7543,229.3132,358.75,7.74,50.52,195.5996,6.7328,228.5397,358.75,7.74,50.52,250.0675,11.9445,279.8723,0.00,100.00,182.67,-11.86,182.67,11.86,12.52
89.45,75.61,194.9089,3.7458,228.8118,6.49,100.00,50.24,-7.17,83.10,6.44,3.24,195.5699,6.7011,229.0565,195.3285,6.7050,229.3631,359.24,7.17,50.24,195.9669,6.6918,228.5934,359.24,7.17,50.24,250.0675,11.9445,279.8723,0.00,100.00,182.67,-11.86,182.67,11.86,12.52
89.52,75.29,195.3076,3.7278,228.8600,6.15,100.00,49.95,-7.27,83.11,6.30,3.66,195.9587,6.6834,229.1255,195.7156,6.6846,229.4306,359.63,7.27,49.95,196.3585,6.6782,228.6647,359.63,7.27,49.95,250.0675,11.9445,279.8723,0.00,100.00,182.67,-11.86,182.67,11.86,12.52
89.58,74.96,195.7229,3.6725,228.9102,6.58,100.00,49.96,-7.33,83.15,6.58,3.32,196.3909,6.6258,229.1596,196.1482,6.6300,229.4650,359.19,7.33,49.96,196.7901,6.6160,228.6983,359.19,7.33,49.96,250.0675,11.9445,279.8723,0.00,100.00,182.67,-11.86,182.67,11.86,12.52
89.64,74.64,196.1201,3.6234,228.9579,6.41,100.00,49.97,-6.81,83.11,5.96,3.33,196.7561,6.5840,229.2045,196.5132,6.5859,229.5097,359.54,6.81,49.97,197.1556,6.5780,228.7434,359.54,6.81,49.97,250.0675,11.9445,279.8723,0.00,100.00,182.67,-11.86,182.67,11.86,12.52
89.71,74.34,196.5011,3.5773,229.0040,5.93,100.00,49.61,-6.43,83.08,5.48,3.38,197.1120,6.5432,229.2502,196.8670,6.5434,229.5538,359.80,6.43,49.61,197.5146,6.5400,228.7918,359.80,6.43,49.61,250.0675,11.9445,279.8723,0.00,100.00,182.67,-11.86,182.67,11.86,12.52
89.77,74.03,196.8996,3.5378,229.0523,6.31,100.00,49.29,-5.79,83.03,4.39,3.86,197.4508,6.5137,229.3172,197.2035,6.5074,229.6190,0.78,5.79,49.29,197.8568,6.5209,228.8619,0.78,5.79,49.29,250.0675,11.9445,279.8723,0.00,100.00,182.67,-11.86,182.67,11.86,12.52
89.84,73.71,197.2947,3.5342,229.1005,6.10,100.00,48.97,-5.89,83.06,4.47,3.91,197.8501,6.5091,229.3684,197.6013,6.5031,229.6688,0.74,5.89,48.97,198.2587,6.5159,228.9153,0.74,5.89,48.97,250.0675,11.9445,279.8723,0.00,100.00,182.67,-11.86,182.67,11.86,12.52
89.90,73.39,197.7013,3.4966,229.1500,6.46,100.00,48.67,-5.91,83.08,4.21,4.32,198.2404,6.4726,229.4377,197.9897,6.4635,229.7365,1.20,5.91,48.67,198.6516,6.4843,228.9871,1.20,5.91,48.67,250.0675,11.9445,279.8723,0.00,100.00,182.67,-11.86,182.67,11.86,12.52
89.96,73.08,198.1018,3.4679,229.1986,6.54,100.00,48.68,-5.13,83.02,3.12,4.54,198.5827,6.4534,229.4911,198.3319,6.4390,229.7896,1.99,5.13,48.68,198.9942,6.4737,229.0411,1.99,5.13,48.68,250.0675,11.9445,279.8723,0.00,100.00,182.67,-11.86,182.67,11.86,12.52
90.03,72.77,198.4944,3.4392,229.2466,6.12,100.00,48.71,-4.73,83.04,2.83,4.24,198.9628,6.4284,229.5216,198.7122,6.4146,229.8203,1.91,4.73,48.71,199.3739,6.4478,229.0712,1.91,4.73,48.71,250.0675,11.9445,279.8723,0.00,100.00,182.67,-11.86,182.67,11.86,12.52
90.09,72.44,198.9094,3.4180,229.2972,6.71,100.00,48.41,-4.10,83.01,1.78,4.65,199.3202,6.4142,229.5872,199.0680,6.3944,229.8842,2.82,4.10,48.41,199.7336,6.4435,229.1395,2.82,4.10,48.41,250.0675,11.9445,279.8723,0.00,100.00,182.67,-11.86,182.67,11.86,12.52
90.15,72.12,199.3123,3.4119,229.3466,6.64,100.00,48.09,-3.19,82.91,0.22,5.25,199.6378,6.4163,229.6585,199.3842,6.3874,229.9535,4.18,3.19,48.09,200.0535,6.4602,229.2141,4.18,3.19,48.09,250.0675,11.9445,279.8723,0.00,100.00,182.67,-11.86,182.67,11.86,12.52
90.21,71.80,199.7104,3.4474,229.3962,6.43,100.00,47.71,-2.42,82.84,359.09,5.49,199.9748,6.4574,229.7134,199.7197,6.4229,230.0066,5.01,2.42,47.71,200.3927,6.5102,229.2721,5.01,2.42,47.71,250.0675,11.9445,279.8723,0.00,100.00,182.67,-11.86,182.67,11.86,12.52
90.28,71.48,200.1218,3.4582,229.4479,6.70,100.00,47.31,-1.35,82.74,357.60,5.69,200.3071,6.4740,229.7658,200.0508,6.4329,230.0570,6.02,1.35,47.31,200.7268,6.5377,229.3276,6.02,1.35,47.31,250.0675,11.9445,279.8723,0.00,100.00,182.67,-11.86,182.67,11.86,12.52
90.34,71.15,200.5312,3.4784,229.5000,6.68,100.00,46.90,-0.43,82.70,356.57,5.47,200.6637,6.4987,229.7998,200.4059,6.4550,230.0894,6.44,0.43,46.90,201.0856,6.5671,229.3645,6.44,0.43,46.90,250.0675,11.9445,279.8723,0.00,100.00,182.67,-11.86,182.67,11.86,12.52
90.40,70.83,200.9429,3.5067,229.5527,6.52,100.00,46.48,0.72,82.68,355.29,5.20,201.0098,6.5313,229.8303,200.7509,6.4841,230.1183,6.98,359.28,46.48,201.4333,6.6056,229.3975,6.98,359.28,46.48,250.0675,11.9445,279.8723,0.00,100.00,182.67,-11.86,182.67,11.86,12.52
90.46,70.49,201.3706,3.5583,229.6076,7.07,100.00,45.87,3.05,82.49,352.10,5.52,201.2676,6.5825,229.8798,201.0090,6.5211,230.1654,9.14,356.95,45.87,201.6904,6.6798,229.4509,9.14,356.95,45.87,250.0675,11.9445,279.8723,0.00,100.00,182.67,-11.86,182.67,11.86,12.52
90.52,70.16,201.7811,3.6332,229.6618,7.29,100.00,45.45,4.13,82.47,350.54,5.69,201.5956,6.6536,229.9318,201.3370,6.5853,230.2159,10.23,355.87,45.45,202.0182,6.7624,229.5056,10.23,355.87,45.45,250.0675,11.9445,279.8723,0.00,100.00,182.67,-11.86,182.67,11.86,12.52
90.58,69.85,202.1651,3.7134,229.7125,6.88,100.00,44.94,5.58,82.34,348.15,6.34,201.8501,6.7214,229.9995,201.5930,6.6402,230.2815,12.23,354.42,44.94,202.2702,6.8510,229.5766,12.23,354.42,44.94,250.0675,11.9445,279.8723,0.00,100.00,182.67,-11.86,182.67,11.86,12.52
90.64,69.54,202.5366,3.8072,229.7625,6.59,100.00,44.16,7.47,82.10,346.00,5.90,202.1116,6.8052,230.0097,201.8542,6.7179,230.2896,13.24,352.53,44.16,202.5319,6.9451,229.5902,13.24,352.53,44.16,250.0675,11.9445,279.8723,0.00,100.00,182.67,-11.86,182.67,11.86,12.52
90.70,69.24,202.9042,3.9143,229.8134,6.65,100.00,43.40,8.91,81.89,344.08,5.87,202.3791,6.8978,230.0432,202.1219,6.8031,230.3208,14.47,351.09,43.40,202.7988,7.0500,229.6273,14.47,351.09,43.40,250.0675,11.9445,279.8723,0.00,100.00,182.67,-11.86,182.67,11.86,12.52
90.75,68.95,203.2677,4.0078,229.8652,6.80,100.00,42.97,10.02,81.98,342.65,5.73,202.6702,6.9789,230.0784,202.4139,6.8791,230.3551,15.33,349.98,42.97,203.0882,7.1395,229.6641,15.33,349.98,42.97,250.0675,11.9445,279.8723,0.00,100.00,182.67,-11.86,182.67,11.86,12.52
90.81,68.66,203.6161,4.1407,229.9142,6.80,100.00,42.78,11.47,81.98,340.41,6.21,202.9013,7.0852,230.1361,202.6499,6.9746,230.4132,17.13,348.53,42.78,203.3116,7.2633,229.7212,17.13,348.53,42.78,250.0675,11.9445,279.8723,0.00,100.00,182.67,-11.86,182.67,11.86,12.52
90.86,68.38,203.9506,4.2897,229.9614,7.05,100.00,42.46,12.44,81.76,338.64,6.88,203.1419,7.2082,230.2025,202.8943,7.0879,230.4789,18.77,347.56,42.46,203.5461,7.4021,229.7886,18.77,347.56,42.46,250.0675,11.9445,279.8723,0.00,100.00,182.67,-11.86,182.67,11.86,12.52
90.91,68.13,204.2577,4.4037,230.0059,6.27,100.00,41.77,13.07,81.60,337.43,7.16,203.3860,7.3038,230.2504,203.1388,7.1770,230.5243,19.86,346.93,41.77,203.7891,7.5079,229.8405,19.86,346.93,41.77,250.0675,11.9445,279.8723,0.00,100.00,182.67,-11.86,182.67,11.86,12.52
90.96,67.88,204.5603,4.5589,230.0506,6.56,100.00,41.22,14.52,81.82,335.70,6.69,203.6057,7.4354,230.2617,203.3606,7.3041,230.5353,20.76,345.48,41.22,204.0054,7.6472,229.8523,20.76,345.48,41.22,250.0675,11.9445,279.8723,0.00,100.00,182.67,-11.86,182.67,11.86,12.52
91.02,67.64,204.8531,4.7183,230.0927,6.41,100.00,40.58,15.47,82.09,334.22,6.58,203.8266,7.5708,230.2922,203.5831,7.4335,230.5644,21.85,344.53,40.58,204.2235,7.7922,229.8853,21.85,344.53,40.58,250.0675,11.9445,279.8723,0.00,100.00,182.67,-11.86,182.67,11.86,12.52
91.07,67.40,205.1371,4.8540,230.1321,6.29,100.00,39.73,15.85,82.01,333.56,6.37,204.0790,7.6961,230.3147,203.8336,7.5563,230.5838,22.32,344.15,39.73,204.4787,7.9217,229.9127,22.32,344.15,39.73,250.0675,11.9445,279.8723,0.00,100.00,182.67,-11.86,182.67,11.86,12.52
91.12,67.18,205.4036,5.0145,230.1695,6.09,100.00,39.41,16.57,81.85,332.35,6.67,204.2843,7.8327,230.3560,204.0418,7.6873,230.6248,23.37,343.43,39.41,204.6792,8.0675,229.9546,23.37,343.43,39.41,250.0675,11.9445,279.8723,0.00,100.00,182.67,-11.86,182.67,11.86,12.52
91.17,67.06,205.5562,5.0847,230.1913,3.42,100.00,39.05,17.36,81.68,331.11,6.89,204.3751,7.8777,230.3773,204.1356,7.7269,230.6458,24.40,342.64,39.05,204.7652,8.1212,229.9763,24.40,342.64,39.05,250.0675,11.9445,279.8723,0.00,100.00,182.67,-11.86,182.67,11.86,12.52
91.22,67.02,205.5950,5.1191,230.1969,1.00,100.00,39.02,17.42,81.67,330.99,6.93,204.4082,7.9096,230.3839,204.1690,7.7582,230.6523,24.51,342.58,39.02,204.7978,8.1540,229.9830,24.51,342.58,39.02,250.0675,11.9445,279.8723,0.00,100.00,182.67,-11.86,182.67,11.86,12.52
91.27,66.99,205.6301,5.1246,230.2021,0.74,100.00,39.02,17.42,81.67,330.99,6.93,204.4433,7.9150,230.3890,204.2041,7.7637,230.6575,24.51,342.58,39.02,204.8329,8.1595,229.9881,24.51,342.58,39.02,250.0675,11.9445,279.8723,0.00,100.00,182.67,-11.86,182.67,11.86,12.52
91.32,66.97,205.6579,5.1602,230.2062,0.92,100.00,39.21,17.50,81.67,330.99,6.93,204.4711,7.9506,230.3931,204.2328,7.7997,230.6625,24.45,342.50,39.21,204.8594,8.1945,229.9906,24.45,342.50,39.21,250.0675,11.9445,279.8723,0.00,100.00,182.67,-11.86,182.67,11.86,12.52
91.37,66.95,205.6830,5.1566,230.2098,0.51,100.00,41.29,18.39,83.90,330.77,5.84,204.4968,7.9481,230.3848,204.2677,7.8019,230.6646,23.81,341.61,41.29,204.8712,8.1850,229.9653,23.81,341.61,41.29,250.0675,11.9445,279.8723,0.00,100.00,182.67,-11.86,182.67,11.86,12.52
91.42,66.93,205.7054,5.1875,230.2122,0.78,100.00,43.07,19.52,86.16,330.33,4.47,204.5070,7.9753,230.3605,204.2867,7.8338,230.6496,23.21,340.48,43.07,204.8682,8.2052,229.9258,23.21,340.48,43.07,250.0675,11.9445,279.8723,0.00,100.00,182.67,-11.86,182.67,11.86,12.52
91.47,66.92,205.7281,5.1803,230.2137,0.47,100.00,44.97,20.32,88.41,330.17,3.33,204.5283,7.9682,230.3484,204.3169,7.8314,230.6464,22.56,339.68,44.97,204.8761,8.1911,229.8995,22.56,339.68,44.97,250.0675,11.9445,279.8723,0.00,100.00,182.67,-11.86,182.67,11.86,12.52
91.52,66.90,205.7523,5.2096,230.2144,0.76,100.00,45.02,20.79,90.73,330.03,1.59,204.5496,7.9980,230.3064,204.3377,7.8642,230.6055,22.13,339.21,45.02,204.8979,8.2164,229.8557,22.13,339.21,45.02,250.0675,11.9445,279.8723,0.00,100.00,182.67,-11.86,182.67,11.86,12.52
91.56,66.88,205.7710,5.2089,230.2141,0.40,100.00,43.34,20.22,90.73,330.03,1.49,204.5678,7.9973,230.3009,204.3481,7.8598,230.5925,22.65,339.78,43.34,204.9280,8.2212,229.8623,22.65,339.78,43.34,250.0675,11.9445,279.8723,0.00,100.00,182.67,-11.86,182.67,11.86,12.52
91.61,66.88,205.7839,5.2048,230.2140,0.29,100.00,41.42,19.45,90.73,330.03,1.49,204.5807,7.9932,230.3007,204.3524,7.8510,230.5833,23.31,340.55,41.42,204.9539,8.2241,229.8769,23.31,340.55,41.42,250.0675,11.9445,279.8723,0.00,100.00,182.67,-11.86,182.67,11.86,12.52
91.66,66.86,205.7975,5.2283,230.2138,0.58,100.00,40.92,20.23,92.88,328.81,0.29,204.5360,7.9913,230.2852,204.3098,7.8443,230.5671,24.26,339.77,40.92,204.9056,8.2299,229.8625,24.26,339.77,40.92,250.0675,11.9445,279.8723,0.00,100.00,182.67,-11.86,182.67,11.86,12.52
91.71,66.86,205.8117,5.2085,230.2131,0.45,100.00,42.61,21.31,95.08,328.64,358.84,204.5392,7.9669,230.2579,204.3209,7.8251,230.5485,23.60,338.69,42.61,204.8968,8.1981,229.8210,23.60,338.69,42.61,250.0675,11.9445,279.8723,0.00,100.00,182.67,-11.86,182.67,11.86,12.52
91.76,66.85,205.8288,5.2330,230.2115,0.60,100.00,44.70,22.27,97.61,328.64,357.42,204.5513,7.9893,230.2379,204.3425,7.8533,230.5380,22.80,337.73,44.70,204.8945,8.2119,229.7852,22.80,337.73,44.70,250.0675,11.9445,279.8723,0.00,100.00,182.67,-11.86,182.67,11.86,12.52
91.81,66.84,205.8455,5.2297,230.2093,0.37,100.00,44.84,22.40,99.94,328.94,355.96,204.5733,7.9886,230.2092,204.3642,7.8548,230.5101,22.44,337.60,44.84,204.9170,8.2077,229.7552,22.44,337.60,44.84,250.0675,11.9445,279.8723,0.00,100.00,182.67,-11.86,182.67,11.86,12.52
91.86,66.82,205.8615,5.2580,230.2065,0.68,100.00,44.77,22.40,102.07,329.16,354.77,204.5899,8.0172,230.1901,204.3802,7.8838,230.4908,22.36,337.60,44.77,204.9347,8.2355,229.7366,22.36,337.60,44.77,250.0675,11.9445,279.8723,0.00,100.00,182.67,-11.86,182.67,11.86,12.52
91.90,66.82,205.8788,5.2497,230.2028,0.40,100.00,44.71,22.38,104.29,329.35,353.64,204.6050,8.0077,230.1750,204.3950,7.8742,230.4754,22.38,337.62,44.71,204.9502,8.2263,229.7219,22.38,337.62,44.71,250.0675,11.9445,279.8723,0.00,100.00,182.67,-11.86,182.67,11.86,12.52
91.95,66.81,205.8971,5.2504,230.1982,0.43,100.00,44.89,22.35,106.47,330.03,352.33,204.6393,8.0153,230.1428,204.4282,7.8850,230.4440,21.83,337.65,44.89,204.9861,8.2290,229.6886,21.83,337.65,44.89,250.0675,11.9445,279.8723,0.00,100.00,182.67,-11.86,182.67,11.86,12.52
92.00,66.80,205.9142,5.2752,230.1931,0.63,100.00,44.48,22.20,108.48,330.28,351.33,204.6537,8.0387,230.1274,204.4409,7.9073,230.4268,21.99,337.80,44.48,205.0034,8.2540,229.6761,21.99,337.80,44.48,250.0675,11.9445,279.8723,0.00,100.00,182.67,-11.86,182.67,11.86,12.52
92.04,66.79,205.9281,5.2725,230.1884,0.32,100.00,42.40,21.40,108.48,330.28,351.33,204.6677,8.0360,230.1228,204.4455,7.8992,230.4128,22.76,338.60,42.40,205.0313,8.2594,229.6868,22.76,338.60,42.40,250.0675,11.9445,279.8723,0.00,100.00,182.67,-11.86,182.67,11.86,12.52
92.09,66.79,205.9372,5.2716,230.1854,0.22,100.00,40.47,20.63,108.48,330.28,351.33,204.6768,8.0352,230.1198,204.4461,7.8934,230.4007,23.45,339.37,40.47,205.0530,8.2659,229.6986,23.45,339.37,40.47,250.0675,11.9445,279.8723,0.00,100.00,182.67,-11.86,182.67,11.86,12.52
92.13,66.79,205.9465,5.2673,230.1823,0.25,100.00,40.33,20.58,110.46,330.56,350.35,204.6831,8.0293,230.1065,204.4519,7.8872,230.3868,23.50,339.42,40.33,205.0602,8.2605,229.6864,23.50,339.42,40.33,250.0675,11.9445,279.8723,0.00,100.00,182.67,-11.86,182.67,11.86,12.52
92.17,66.78,205.9559,5.2610,230.1788,0.28,100.00,41.83,21.57,112.44,330.45,349.19,204.6679,8.0111,230.0909,204.4449,7.8717,230.3790,23.25,338.43,41.83,205.0327,8.2387,229.6581,23.25,338.43,41.83,250.0675,11.9445,279.8723,0.00,100.00,182.67,-11.86,182.67,11.86,12.52
92.21,66.78,205.9661,5.2587,230.1746,0.27,100.00,43.48,22.36,114.40,330.64,348.15,204.6670,8.0033,230.0760,204.4518,7.8678,230.3719,22.73,337.64,43.48,205.0200,8.2251,229.6306,22.73,337.64,43.48,250.0675,11.9445,279.8723,0.00,100.00,182.67,-11.86,182.67,11.86,12.52
92.26,66.77,205.9764,5.2890,230.1700,0.75,100.00,43.36,22.34,116.26,330.97,347.23,204.6722,8.0308,230.0619,204.4566,7.8948,230.3572,22.79,337.66,43.36,205.0257,8.2532,229.6172,22.79,337.66,43.36,250.0675,11.9445,279.8723,0.00,100.00,182.67,-11.86,182.67,11.86,12.52
92.30,66.77,205.9878,5.2871,230.1643,0.31,100.00,43.39,22.36,118.27,331.08,346.37,204.6692,8.0221,230.0583,204.4548,7.8844,230.3537,23.09,337.64,43.39,205.0208,8.2471,229.6134,23.09,337.64,43.39,250.0675,11.9445,279.8723,0.00,100.00,182.67,-11.86,182.67,11.86,12.52
92.34,66.77,205.9992,5.2845,230.1581,0.31,100.00,43.36,22.36,120.15,331.39,345.51,204.6729,8.0155,230.0471,204.4588,7.8772,230.3425,23.21,337.64,43.36,205.0241,8.2417,229.6025,23.21,337.64,43.36,250.0675,11.9445,279.8723,0.00,100.00,182.67,-11.86,182.67,11.86,12.52
92.38,66.77,206.0073,5.2888,230.1535,0.25,100.00,41.75,21.71,120.15,331.39,345.51,204.6809,8.0199,230.0425,204.4597,7.8773,230.3304,23.82,338.29,41.75,205.0428,8.2524,229.6098,23.82,338.29,41.75,250.0675,11.9445,279.8723,0.00,100.00,182.67,-11.86,182.67,11.86,12.52
92.42,66.76,206.0119,5.2859,230.1508,0.14,100.00,41.75,21.71,120.15,331.39,345.51,204.6856,8.0170,230.0397,204.4644,7.8744,230.3277,23.82,338.29,41.75,205.0474,8.2495,229.6071,23.82,338.29,41.75,250.0675,11.9445,279.8723,0.00,100.00,182.67,-11.86,182.67,11.86,12.52
92.47,66.76,206.0176,5.2781,230.1474,0.24,100.00,43.33,22.68,122.00,332.00,344.23,204.6861,8.0052,230.0046,204.4713,7.8688,230.3004,22.93,337.32,43.33,205.0382,8.2283,229.5591,22.93,337.32,43.33,250.0675,11.9445,279.8723,0.00,100.00,182.67,-11.86,182.67,11.86,12.52
92.51,66.76,206.0238,5.2723,230.1436,0.22,100.00,43.21,22.76,123.84,332.55,343.24,204.6875,7.9961,229.9835,204.4721,7.8602,230.2790,22.87,337.24,43.21,205.0408,8.2185,229.5386,22.87,337.24,43.21,250.0675,11.9445,279.8723,0.00,100.00,182.67,-11.86,182.67,11.86,12.52
92.55,66.76,206.0267,5.2716,230.1416,0.08,100.00,41.43,22.08,123.84,332.56,343.21,204.6903,7.9952,229.9798,204.4670,7.8547,230.2672,23.52,337.92,41.43,205.0553,8.2245,229.5480,23.52,337.92,41.43,250.0675,11.9445,279.8723,0.00,100.00,182.67,-11.86,182.67,11.86,12.52
92.59,66.76,206.0267,5.2698,230.1416,0.04,100.00,41.43,22.08,123.84,332.56,343.21,204.6903,7.9934,229.9798,204.4670,7.8529,230.2672,23.52,337.92,41.43,205.0553,8.2228,229.5480,23.52,337.92,41.43,250.0675,11.9445,279.8723,0.00,100.00,182.67,-11.86,182.67,11.86,12.52
92.63,66.76,206.0273,5.2595,230.1412,0.24,100.00,42.99,22.88,125.55,333.17,342.21,204.6869,7.9798,229.9574,204.4700,7.8448,230.2522,22.74,337.12,42.99,205.0422,8.2009,229.5135,22.74,337.12,42.99,250.0675,11.9445,279.8723,0.00,100.00,182.67,-11.86,182.67,11.86,12.52
92.68,66.76,206.0285,5.2756,230.1403,0.34,100.00,42.50,23.02,127.26,333.93,341.07,204.6844,7.9916,229.9245,204.4648,7.8576,230.2178,22.60,336.98,42.50,205.0439,8.2113,229.4832,22.60,336.98,42.50,250.0675,11.9445,279.8723,0.00,100.00,182.67,-11.86,182.67,11.86,12.52
92.73,66.76,206.0308,5.2601,230.1386,0.35,100.00,42.46,23.03,129.26,334.60,340.17,204.6811,7.9724,229.9107,204.4612,7.8384,230.2038,22.58,336.97,42.46,205.0410,8.1918,229.4697,22.58,336.97,42.46,250.0675,11.9445,279.8723,0.00,100.00,182.67,-11.86,182.67,11.86,12.52
92.77,66.76,206.0336,5.2750,230.1363,0.32,100.00,42.02,23.72,131.43,334.53,338.58,204.6319,7.9596,229.8947,204.4137,7.8220,230.1873,23.36,336.28,42.02,204.9890,8.1850,229.4543,23.36,336.28,42.02,250.0675,11.9445,279.8723,0.00,100.00,182.67,-11.86,182.67,11.86,12.52
92.82,66.76,206.0373,5.2568,230.1331,0.39,100.00,41.96,23.85,133.46,335.13,337.60,204.6213,7.9329,229.8814,204.4035,7.7948,230.1741,23.49,336.15,41.96,204.9776,8.1594,229.4410,23.49,336.15,41.96,250.0675,11.9445,279.8723,0.00,100.00,182.67,-11.86,182.67,11.86,12.52
92.87,66.77,206.0416,5.2435,230.1290,0.32,100.00,41.79,24.36,135.33,336.04,336.26,204.6100,7.9076,229.8401,204.3915,7.7711,230.1331,23.32,335.64,41.79,204.9673,8.1317,229.3994,23.32,335.64,41.79,250.0675,11.9445,279.8723,0.00,100.00,182.67,-11.86,182.67,11.86,12.52
92.92,66.76,206.0463,5.2631,230.1243,0.43,100.00,41.57,24.53,137.12,336.87,335.31,204.6045,7.9193,229.8148,204.3851,7.7831,230.1071,23.31,335.47,41.57,204.9632,8.1431,229.3749,23.31,335.47,41.57,250.0675,11.9445,279.8723,0.00,100.00,182.67,-11.86,182.67,11.86,12.52
92.96,66.77,206.0518,5.2476,230.1183,0.37,100.00,41.54,24.52,138.99,337.67,334.58,204.6033,7.8992,229.8005,204.3837,7.7629,230.0928,23.32,335.48,41.54,204.9621,8.1230,229.3608,23.32,335.48,41.54,250.0675,11.9445,279.8723,0.00,100.00,182.67,-11.86,182.67,11.86,12.52
93.01,66.77,206.0579,5.2636,230.1113,0.37,100.00,41.43,24.47,140.85,338.51,333.89,204.6023,7.9104,229.7854,204.3823,7.7737,230.0772,23.37,335.53,41.43,204.9619,8.1347,229.3466,23.37,335.53,41.43,250.0675,11.9445,279.8723,0.00,100.00,182.67,-11.86,182.67,11.86,12.52
93.06,66.77,206.0648,5.2449,230.1029,0.43,100.00,41.43,24.48,142.78,339.40,333.20,204.6017,7.8864,229.7688,204.3817,7.7498,230.0606,23.37,335.52,41.43,204.9612,8.1108,229.3299,23.37,335.52,41.43,250.0675,11.9445,279.8723,0.00,100.00,182.67,-11.86,182.67,11.86,12.52
93.12,66.77,206.0722,5.2587,230.0932,0.36,100.00,41.42,24.35,144.80,340.10,332.60,204.5966,7.8940,229.7645,204.3773,7.7558,230.0560,23.61,335.65,41.42,204.9552,8.1207,229.3260,23.61,335.65,41.42,250.0675,11.9445,279.8723,0.00,100.00,182.67,-11.86,182.67,11.86,12.52
93.17,66.78,206.0802,5.2384,230.0818,0.49,100.00,43.27,25.65,147.00,340.61,331.30,204.5614,7.8484,229.7485,204.3528,7.7132,230.0493,23.38,334.35,43.27,204.9034,8.0709,229.2950,23.38,334.35,43.27,250.0675,11.9445,279.8723,0.00,100.00,182.67,-11.86,182.67,11.86,12.52
93.22,66.78,206.0844,5.2515,230.0753,0.28,100.00,43.17,25.87,147.11,340.41,331.02,204.5502,7.8527,229.7434,204.3426,7.7162,230.0441,23.67,334.13,43.17,204.8907,8.0774,229.2898,23.67,334.13,43.17,250.0675,11.9445,279.8723,0.00,100.00,182.67,-11.86,182.67,11.86,12.52
93.27,66.78,206.0853,5.2307,230.0739,0.40,100.00,43.16,25.89,147.12,340.39,330.98,204.5494,7.8310,229.7421,204.3419,7.6943,230.0429,23.70,334.11,43.16,204.8898,8.0559,229.2885,23.70,334.11,43.16,250.0675,11.9445,279.8723,0.00,100.00,182.67,-11.86,182.67,11.86,12.52
93.33,66.78,206.0869,5.2339,230.0714,0.08,100.00,45.29,26.71,149.04,341.41,330.36,204.5426,7.8281,229.7323,204.3441,7.6979,230.0419,22.75,333.29,45.29,204.8693,8.0434,229.2642,22.75,333.29,45.29,250.0675,11.9445,279.8723,0.00,100.00,182.67,-11.86,182.67,11.86,12.52
93.38,66.78,206.0892,5.2368,230.0675,0.10,100.00,44.99,26.98,151.20,342.24,329.32,204.5140,7.8117,229.7233,204.3162,7.6792,230.0323,23.22,333.02,44.99,204.8396,8.0306,229.2561,23.22,333.02,44.99,250.0675,11.9445,279.8723,0.00,100.00,182.67,-11.86,182.67,11.86,12.52
93.43,66.78,206.0921,5.2469,230.0622,0.23,100.00,45.19,26.37,152.88,343.78,329.51,204.5464,7.8384,229.7082,204.3460,7.7088,230.0168,22.55,333.63,45.19,204.8761,8.0524,229.2416,22.55,333.63,45.19,250.0675,11.9445,279.8723,0.00,100.00,182.67,-11.86,182.67,11.86,12.52
93.49,66.79,206.0955,5.2224,230.0557,0.49,100.00,45.09,26.21,154.71,344.92,329.14,204.5473,7.8115,229.6950,204.3459,7.6821,230.0030,22.49,333.79,45.09,204.8786,8.0253,229.2294,22.49,333.79,45.09,250.0675,11.9445,279.8723,0.00,100.00,182.67,-11.86,182.67,11.86,12.52
93.54,66.79,206.0992,5.2286,230.0479,0.19,100.00,44.75,26.25,156.39,346.27,328.64,204.5459,7.8114,229.6646,204.3423,7.6827,229.9715,22.35,333.75,44.75,204.8807,8.0239,229.2009,22.35,333.75,44.75,250.0675,11.9445,279.8723,0.00,100.00,182.67,-11.86,182.67,11.86,12.52
93.60,66.79,206.1035,5.2342,230.0379,0.22,100.00,46.70,26.97,158.31,347.46,328.19,204.5406,7.8100,229.6471,204.3452,7.6874,229.9618,21.45,333.03,46.70,204.8629,8.0133,229.1707,21.45,333.03,46.70,250.0675,11.9445,279.8723,0.00,100.00,182.67,-11.86,182.67,11.86,12.52
93.66,66.80,206.1082,5.2312,230.0262,0.21,100.00,48.52,27.99,160.30,348.56,327.37,204.5166,7.7880,229.6267,204.3304,7.6704,229.9487,20.80,332.01,48.52,204.8248,7.9840,229.1380,20.80,332.01,48.52,250.0675,11.9445,279.8723,0.00,100.00,182.67,-11.86,182.67,11.86,12.52
93.73,66.81,206.1135,5.2119,230.0114,0.35,100.00,51.10,28.87,162.39,349.87,326.94,204.5084,7.7594,229.6063,204.3337,7.6497,229.9374,19.59,331.13,51.10,204.7992,7.9433,229.1025,19.59,331.13,51.10,250.0675,11.9445,279.8723,0.00,100.00,182.67,-11.86,182.67,11.86,12.52
93.80,66.82,206.1198,5.2303,229.9914,0.40,100.00,53.82,30.70,165.39,350.55,325.21,204.4325,7.7286,229.6149,204.2764,7.6212,229.9559,19.59,329.30,53.82,204.6945,7.9095,229.0945,19.59,329.30,53.82,250.0675,11.9445,279.8723,0.00,100.00,182.67,-11.86,182.67,11.86,12.52
93.87,66.83,206.1256,5.2246,229.9691,0.32,100.00,55.41,23.06,167.52,352.50,333.05,204.7831,7.9342,229.6759,204.6130,7.8382,230.0137,16.16,336.94,55.41,205.0685,8.0943,229.1611,16.16,336.94,55.41,250.0675,11.9445,279.8723,0.00,100.00,182.67,-11.86,182.67,11.86,12.52
93.94,66.85,206.1316,5.2317,229.9420,0.40,100.00,52.78,28.20,170.03,354.09,326.86,204.5160,7.7773,229.5682,204.3481,7.6697,229.9035,19.08,331.80,52.78,204.7967,7.9578,229.0575,19.08,331.80,52.78,250.0675,11.9445,279.8723,0.00,100.00,182.67,-11.86,182.67,11.86,12.52
94.02,66.86,206.1367,5.2439,229.9129,0.43,100.00,50.81,28.32,172.21,355.98,326.08,204.4859,7.7626,229.5117,204.3098,7.6505,229.8413,19.90,331.68,50.81,204.7788,7.9502,229.0105,19.90,331.68,50.81,250.0675,11.9445,279.8723,0.00,100.00,182.67,-11.86,182.67,11.86,12.52
94.09,66.89,206.1413,5.2262,229.8794,0.53,100.00,49.42,27.78,174.62,357.72,326.09,204.4829,7.7389,229.4719,204.3000,7.6233,229.7965,20.40,332.22,49.42,204.7863,7.9316,228.9789,20.40,332.22,49.42,250.0675,11.9445,279.8723,0.00,100.00,182.67,-11.86,182.67,11.86,12.52
94.16,66.91,206.1447,5.2394,229.8438,0.52,100.00,52.46,28.85,177.41,358.75,325.51,204.4449,7.7297,229.4708,204.2789,7.6187,229.8059,19.82,331.15,52.46,204.7224,7.9157,228.9603,19.82,331.15,52.46,250.0675,11.9445,279.8723,0.00,100.00,182.67,-11.86,182.67,11.86,12.52
94.24,66.94,206.1465,5.2509,229.8042,0.54,100.00,56.26,28.12,179.81,0.45,327.54,204.5222,7.7909,229.4292,204.3668,7.6954,229.7740,16.92,331.88,56.26,204.7841,7.9522,228.9023,16.92,331.88,56.26,250.0675,11.9445,279.8723,0.00,100.00,182.67,-11.86,182.67,11.86,12.52
94.32,66.97,206.1466,5.2565,229.7602,0.57,100.00,54.50,29.39,182.37,2.10,325.60,204.4191,7.7282,229.3907,204.2621,7.6234,229.7321,18.84,330.61,54.50,204.6827,7.9048,228.8696,18.84,330.61,54.50,250.0675,11.9445,279.8723,0.00,100.00,182.67,-11.86,182.67,11.86,12.52
94.39,67.01,206.1446,5.2740,229.7119,0.67,100.00,54.26,26.95,185.13,3.54,328.30,204.5139,7.8115,229.3489,204.3478,7.7103,229.6871,17.70,333.05,54.26,204.7923,7.9814,228.8333,17.70,333.05,54.26,250.0675,11.9445,279.8723,0.00,100.00,182.67,-11.86,182.67,11.86,12.52
94.47,67.05,206.1400,5.2406,229.6613,0.76,100.00,51.56,27.68,187.86,4.97,326.35,204.4003,7.7091,229.3305,204.2299,7.5926,229.6616,20.54,332.32,51.56,204.6844,7.9033,228.8267,20.54,332.32,51.56,250.0675,11.9445,279.8723,0.00,100.00,182.67,-11.86,182.67,11.86,12.52
94.55,67.10,206.1324,5.2509,229.6056,0.74,100.00,49.81,26.88,190.84,6.26,326.32,204.3660,7.7052,229.3113,204.1898,7.5796,229.6359,21.97,333.12,49.81,204.6591,7.9133,228.8183,21.97,333.12,49.81,250.0675,11.9445,279.8723,0.00,100.00,182.67,-11.86,182.67,11.86,12.52
94.63,67.15,206.1215,5.2485,229.5490,0.70,100.00,47.65,26.45,193.15,8.38,326.71,204.3403,7.6893,229.2325,204.1535,7.5599,229.5496,22.54,333.55,47.65,204.6494,7.9031,228.7520,22.54,333.55,47.65,250.0675,11.9445,279.8723,0.00,100.00,182.67,-11.86,182.67,11.86,12.52
94.71,67.20,206.1066,5.2478,229.4853,0.82,100.00,45.85,26.24,195.70,10.56,327.00,204.3002,7.6680,229.1548,204.1057,7.5347,229.4655,23.19,333.76,45.85,204.6210,7.8879,228.6847,23.19,333.76,45.85,250.0675,11.9445,279.8723,0.00,100.00,182.67,-11.86,182.67,11.86,12.52
94.80,67.26,206.0886,5.2730,229.4213,0.82,100.00,44.78,24.71,198.82,11.70,328.48,204.3109,7.7177,229.1152,204.1082,7.5821,229.4197,23.23,335.29,44.78,204.6443,7.9404,228.6554,23.23,335.29,44.78,250.0675,11.9445,279.8723,0.00,100.00,182.67,-11.86,182.67,11.86,12.52
94.89,67.31,206.0711,5.2480,229.3700,0.68,100.00,40.08,22.76,198.74,11.84,328.90,204.3092,7.7019,229.0471,204.0844,7.5557,229.3305,24.65,337.24,40.08,204.6759,7.9404,228.6219,24.65,337.24,40.08,250.0675,11.9445,279.8723,0.00,100.00,182.67,-11.86,182.67,11.86,12.52
94.98,67.34,206.0594,5.2607,229.3358,0.43,100.00,35.98,20.95,198.74,11.84,328.90,204.2976,7.7145,229.0128,204.0560,7.5574,229.2758,26.18,339.05,35.98,204.6895,7.9695,228.6209,26.18,339.05,35.98,250.0675,11.9445,279.8723,0.00,100.00,182.67,-11.86,182.67,11.86,12.52
95.06,67.38,206.0463,5.2551,229.2969,0.47,100.00,35.71,19.96,202.18,13.10,330.32,204.3040,7.7260,228.9983,204.0582,7.5698,229.2579,25.81,340.04,35.71,204.7025,7.9791,228.6118,25.81,340.04,35.71,250.0675,11.9445,279.8723,0.00,100.00,182.67,-11.86,182.67,11.86,12.52
95.16,67.42,206.0292,5.2765,229.2549,0.55,100.00,35.72,19.88,205.39,14.77,331.15,204.2743,7.7399,228.9680,204.0283,7.5839,229.2276,25.76,340.12,35.72,204.6732,7.9927,228.5817,25.76,340.12,35.72,250.0675,11.9445,279.8723,0.00,100.00,182.67,-11.86,182.67,11.86,12.52
95.25,67.45,206.0177,5.2492,229.2307,0.42,100.00,32.37,18.17,205.47,14.62,330.85,204.2536,7.7078,228.9601,203.9954,7.5415,229.2007,27.20,341.83,32.37,204.6703,7.9758,228.6042,27.20,341.83,32.37,250.0675,11.9445,279.8723,0.00,100.00,182.67,-11.86,182.67,11.86,12.52
95.34,67.46,206.0145,5.2580,229.2240,0.12,100.00,29.62,16.80,205.47,14.62,330.85,204.2504,7.7167,228.9534,203.9820,7.5441,229.1779,28.03,343.20,29.62,204.6823,7.9939,228.6235,28.03,343.20,29.62,250.0675,11.9445,279.8723,0.00,100.00,182.67,-11.86,182.67,11.86,12.52
95.44,67.47,206.0090,5.2795,229.2125,0.26,100.00,30.19,17.40,208.75,16.68,331.88,204.2284,7.7257,228.9370,203.9620,7.5557,229.1657,27.70,342.60,30.19,204.6574,7.9992,228.6004,27.70,342.60,30.19,250.0675,11.9445,279.8723,0.00,100.00,182.67,-11.86,182.67,11.86,12.52
95.53,67.49,206.0002,5.2632,229.1965,0.26,100.00,31.58,18.63,212.06,18.87,332.25,204.1703,7.6741,228.9339,203.9122,7.5044,229.1721,27.91,341.37,31.58,204.5868,7.9478,228.5820,27.91,341.37,31.58,250.0675,11.9445,279.8723,0.00,100.00,182.67,-11.86,182.67,11.86,12.52
95.63,67.51,205.9879,5.2840,229.1768,0.32,100.00,33.66,18.52,216.14,19.70,333.72,204.1720,7.7107,228.9668,203.9195,7.5454,229.2141,27.09,341.48,33.66,204.5803,7.9773,228.6002,27.09,341.48,33.66,250.0675,11.9445,279.8723,0.00,100.00,182.67,-11.86,182.67,11.86,12.52
95.73,67.54,205.9708,5.2974,229.1534,0.32,100.00,37.80,19.28,220.34,20.36,336.19,204.2039,7.7617,228.9647,203.9626,7.6114,229.2318,24.67,340.72,37.80,204.5962,8.0053,228.5660,24.67,340.72,37.80,250.0675,11.9445,279.8723,0.00,100.00,182.67,-11.86,182.67,11.86,12.52
95.83,67.57,205.9480,5.3002,229.1266,0.35,100.00,41.68,20.82,224.26,21.85,337.17,204.1563,7.7491,228.9751,203.9331,7.6057,229.2611,23.77,339.18,41.68,204.5214,7.9824,228.5455,23.77,339.18,41.68,250.0675,11.9445,279.8723,0.00,100.00,182.67,-11.86,182.67,11.86,12.52
95.93,67.61,205.9193,5.2915,229.0971,0.40,100.00,42.37,20.20,228.63,22.53,339.35,204.1577,7.7637,228.9724,203.9340,7.6246,229.2602,22.93,339.80,42.37,204.5238,7.9901,228.5401,22.93,339.80,42.37,250.0675,11.9445,279.8723,0.00,100.00,182.67,-11.86,182.67,11.86,12.52
96.03,67.66,205.8823,5.2827,229.0646,0.50,100.00,42.91,20.87,232.81,24.26,341.62,204.1125,7.7481,228.9245,203.8901,7.6140,229.2157,22.19,339.13,42.91,204.4767,7.9669,228.4867,22.19,339.13,42.91,250.0675,11.9445,279.8723,0.00,100.00,182.67,-11.86,182.67,11.86,12.52
96.14,67.71,205.8410,5.2928,229.0332,0.50,100.00,42.42,21.27,236.91,25.73,344.44,204.0745,7.7582,228.8565,203.8474,7.6294,229.1465,21.37,338.73,42.42,204.4458,7.9690,228.4207,21.37,338.73,42.42,250.0675,11.9445,279.8723,0.00,100.00,182.67,-11.86,182.67,11.86,12.52
96.24,67.77,205.7905,5.2629,229.0003,0.65,100.00,42.71,20.49,241.65,26.06,346.18,204.0358,7.7401,228.8806,203.8091,7.6105,229.1704,21.37,339.51,42.71,204.4067,7.9519,228.4449,21.37,339.51,42.71,250.0675,11.9445,279.8723,0.00,100.00,182.67,-11.86,182.67,11.86,12.52
96.35,67.84,205.7326,5.2246,228.9691,0.72,100.00,42.25,20.62,246.05,27.59,347.39,203.9330,7.6714,228.8983,203.7079,7.5354,229.1865,22.47,339.38,42.25,204.3013,7.8931,228.4655,22.47,339.38,42.25,250.0675,11.9445,279.8723,0.00,100.00,182.67,-11.86,182.67,11.86,12.52
96.45,67.91,205.6672,5.1730,228.9400,0.82,100.00,41.76,20.67,250.64,28.79,349.32,203.8434,7.6024,228.8994,203.6177,7.4633,229.1856,23.01,339.33,41.76,204.2124,7.8290,228.4697,23.01,339.33,41.76,250.0675,11.9445,279.8723,0.00,100.00,182.67,-11.86,182.67,11.86,12.52
96.56,67.98,205.5932,5.1480,228.9140,0.76,100.00,41.39,20.67,255.53,29.22,352.42,203.7827,7.5872,228.8653,203.5530,7.4518,229.1500,22.38,339.33,41.39,204.1579,7.8080,228.4378,22.38,339.33,41.39,250.0675,11.9445,279.8723,0.00,100.00,182.67,-11.86,182.67,11.86,12.52
96.66,68.05,205.5111,5.0946,228.8928,0.97,100.00,41.60,19.89,260.57,28.57,355.09,203.7462,7.5675,228.8687,203.5133,7.4366,229.1530,21.48,340.11,41.60,204.1265,7.7810,228.4421,21.48,340.11,41.60,250.0675,11.9445,279.8723,0.00,100.00,182.67,-11.86,182.67,11.86,12.52
96.77,68.13,205.4243,5.0236,228.8784,1.04,100.00,41.31,19.93,265.30,28.78,357.64,203.6612,7.4978,228.8651,203.4265,7.3678,229.1483,21.33,340.07,41.31,204.0443,7.7098,228.4403,21.33,340.07,41.31,250.0675,11.9445,279.8723,0.00,100.00,182.67,-11.86,182.67,11.86,12.52
96.88,68.20,205.3270,4.9805,228.8702,1.01,100.00,41.34,19.98,270.23,28.91,0.03,203.5617,7.4531,228.8827,203.3272,7.3231,229.1661,21.34,340.02,41.34,203.9444,7.6651,228.4575,21.34,340.02,41.34,250.0675,11.9445,279.8723,0.00,100.00,182.67,-11.86,182.67,11.86,12.52
96.99,68.28,205.2259,4.9006,228.8706,1.21,100.00,41.34,19.74,275.03,28.33,2.48,203.4829,7.3888,228.9002,203.2465,7.2613,229.1832,20.88,340.26,41.34,203.8685,7.5968,228.4757,20.88,340.26,41.34,250.0675,11.9445,279.8723,0.00,100.00,182.67,-11.86,182.67,11.86,12.52
97.09,68.35,205.1176,4.8161,228.8802,1.32,100.00,41.49,19.55,279.89,28.24,4.36,203.3729,7.3021,228.9589,203.1382,7.1724,229.2422,21.22,340.45,41.49,203.7561,7.5135,228.5339,21.22,340.45,41.49,250.0675,11.9445,279.8723,0.00,100.00,182.67,-11.86,182.67,11.86,12.52
97.19,68.41,205.0075,4.7434,228.8994,1.30,100.00,41.92,18.59,284.31,25.68,6.59,203.3589,7.2944,228.9701,203.1184,7.1762,229.2536,19.17,341.41,41.92,203.7513,7.4874,228.5447,19.17,341.41,41.92,250.0675,11.9445,279.8723,0.00,100.00,182.67,-11.86,182.67,11.86,12.52
97.29,68.48,204.8929,4.6711,228.9286,1.37,100.00,42.39,17.53,288.66,24.04,7.75,203.3079,7.2606,229.0418,203.0660,7.1463,229.3258,18.37,342.47,42.39,203.7029,7.4469,228.6158,18.37,342.47,42.39,250.0675,11.9445,279.8723,0.00,100.00,182.67,-11.86,182.67,11.86,12.52
97.39,68.53,204.7769,4.6247,228.9678,1.29,100.00,42.30,17.70,292.97,23.22,9.79,203.2034,7.2209,229.0853,202.9604,7.1086,229.3690,18.08,342.30,42.30,203.5999,7.4043,228.6595,18.08,342.30,42.30,250.0675,11.9445,279.8723,0.00,100.00,182.67,-11.86,182.67,11.86,12.52
97.49,68.58,204.6582,4.5225,229.0181,1.66,100.00,42.68,16.85,297.01,21.12,10.89,203.1600,7.1623,229.1496,202.9143,7.0571,229.4338,16.83,343.15,42.68,203.5610,7.3342,228.7232,16.83,343.15,42.68,250.0675,11.9445,279.8723,0.00,100.00,182.67,-11.86,182.67,11.86,12.52
97.59,68.62,204.5402,4.4471,229.0782,1.55,100.00,42.71,16.60,301.41,21.49,11.84,203.0191,7.0685,229.2897,202.7768,6.9550,229.5736,18.15,343.40,42.71,203.4147,7.2535,228.8637,18.15,343.40,42.71,250.0675,11.9445,279.8723,0.00,100.00,182.67,-11.86,182.67,11.86,12.52
97.69,68.65,204.4465,4.4187,229.1355,1.21,100.00,39.26,14.57,301.20,20.49,11.10,202.9815,7.0715,229.3512,202.7202,6.9558,229.6169,18.25,345.43,39.26,203.4058,7.2589,228.9549,18.25,345.43,39.26,250.0675,11.9445,279.8723,0.00,100.00,182.67,-11.86,182.67,11.86,12.52
97.78,68.66,204.3739,4.3969,229.1794,0.92,100.00,35.74,12.48,301.06,19.83,10.27,202.9548,7.0729,229.4143,202.6761,6.9540,229.6600,18.55,347.52,35.74,203.4054,7.2645,229.0504,18.55,347.52,35.74,250.0675,11.9445,279.8723,0.00,100.00,182.67,-11.86,182.67,11.86,12.52
97.88,68.69,204.2952,4.3529,229.2268,1.07,100.00,35.69,12.46,305.04,19.06,11.59,202.8893,7.0342,229.4804,202.6103,6.9154,229.7258,18.52,347.54,35.69,203.3404,7.2255,229.1169,18.52,347.54,35.69,250.0675,11.9445,279.8723,0.00,100.00,182.67,-11.86,182.67,11.86,12.52
97.98,68.70,204.2165,4.2972,229.2820,1.11,100.00,35.95,12.44,309.07,18.66,12.78,202.8112,6.9751,229.5720,202.5342,6.8540,229.8185,18.88,347.56,35.95,203.2592,7.1701,229.2066,18.88,347.56,35.95,250.0675,11.9445,279.8723,0.00,100.00,182.67,-11.86,182.67,11.86,12.52
98.07,68.72,204.1340,4.2181,229.3490,1.41,100.00,36.63,12.55,313.15,17.60,13.94,202.7517,6.9059,229.6578,202.4770,6.7866,229.9079,18.60,347.45,36.63,203.1963,7.0979,229.2868,18.60,347.45,36.63,250.0675,11.9445,279.8723,0.00,100.00,182.67,-11.86,182.67,11.86,12.52
98.17,68.72,204.0578,4.1767,229.4204,1.17,100.00,37.51,12.84,316.96,16.66,15.06,202.6904,6.8701,229.7458,202.4194,6.7523,230.0006,18.40,347.16,37.51,203.1294,7.0601,229.3672,18.40,347.16,37.51,250.0675,11.9445,279.8723,0.00,100.00,182.67,-11.86,182.67,11.86,12.52
98.26,68.72,203.9816,4.1398,229.5020,1.28,100.00,39.03,11.83,320.73,15.36,14.64,202.6931,6.8645,229.8839,202.4257,6.7512,230.1444,17.59,348.17,39.03,203.1272,7.0470,229.4960,17.59,348.17,39.03,250.0675,11.9445,279.8723,0.00,100.00,182.67,-11.86,182.67,11.86,12.52
98.35,68.71,203.9109,4.0703,229.5885,1.40,100.00,39.79,12.02,324.41,14.39,15.53,202.6411,6.8016,229.9859,202.3770,6.6895,230.2502,17.42,347.98,39.79,203.0703,6.9823,229.5917,17.42,347.98,39.79,250.0675,11.9445,279.8723,0.00,100.00,182.67,-11.86,182.67,11.86,12.52
98.44,68.69,203.8412,4.0374,229.6858,1.37,100.00,40.75,12.21,328.29,13.83,16.48,202.5761,6.7657,230.1173,202.3174,6.6519,230.3863,17.70,347.79,40.75,202.9971,6.9491,229.7157,17.70,347.79,40.75,250.0675,11.9445,279.8723,0.00,100.00,182.67,-11.86,182.67,11.86,12.52
98.53,68.66,203.7781,4.0147,229.7879,1.36,100.00,41.50,11.62,331.55,11.77,16.11,202.6028,6.7837,230.2139,202.3433,6.6790,230.4858,16.22,348.38,41.50,203.0252,6.9525,229.8074,16.22,348.38,41.50,250.0675,11.9445,279.8723,0.00,100.00,182.67,-11.86,182.67,11.86,12.52
98.63,68.63,203.7189,3.9543,229.8971,1.50,100.00,41.93,11.71,335.07,10.72,16.75,202.5645,6.7306,230.3327,202.3069,6.6268,230.6067,16.08,348.29,41.93,202.9842,6.8981,229.9229,16.08,348.29,41.93,250.0675,11.9445,279.8723,0.00,100.00,182.67,-11.86,182.67,11.86,12.52
98.72,68.58,203.6634,3.9332,230.0166,1.47,100.00,42.25,11.74,338.90,10.46,17.73,202.5002,6.6985,230.4962,202.2461,6.5894,230.7714,16.93,348.26,42.25,202.9144,6.8745,230.0843,16.93,348.26,42.25,250.0675,11.9445,279.8723,0.00,100.00,182.67,-11.86,182.67,11.86,12.52
98.81,68.53,203.6146,3.8864,230.1431,1.61,100.00,42.74,11.34,342.36,9.18,17.66,202.5047,6.6716,230.6342,202.2512,6.5657,230.9112,16.38,348.66,42.74,202.9182,6.8422,230.2193,16.38,348.66,42.74,250.0675,11.9445,279.8723,0.00,100.00,182.67,-11.86,182.67,11.86,12.52
98.90,68.46,203.5728,3.8753,230.2747,1.54,100.00,42.79,11.32,345.79,8.07,18.14,202.4846,6.6679,230.7722,202.2313,6.5622,231.0494,16.35,348.68,42.79,202.8979,6.8382,230.3570,16.35,348.68,42.79,250.0675,11.9445,279.8723,0.00,100.00,182.67,-11.86,182.67,11.86,12.52
98.99,68.39,203.5373,3.8296,230.4146,1.69,100.00,42.85,11.34,349.23,6.94,18.59,202.4693,6.6291,230.9171,202.2163,6.5235,231.1946,16.33,348.66,42.85,202.8822,6.7993,230.5014,16.33,348.66,42.85,250.0675,11.9445,279.8723,0.00,100.00,182.67,-11.86,182.67,11.86,12.52
99.08,68.30,203.5093,3.8281,230.5617,1.67,100.00,43.36,9.62,352.66,5.84,16.76,202.5711,6.6693,231.0885,202.3154,6.5718,231.3666,14.95,350.38,43.36,202.9883,6.8261,230.6719,14.95,350.38,43.36,250.0675,11.9445,279.8723,0.00,100.00,182.67,-11.86,182.67,11.86,12.52
99.16,68.21,203.4894,3.7951,230.7162,1.82,100.00,43.06,11.10,356.17,4.96,19.22,202.4650,6.6062,231.2439,202.2131,6.4993,231.5219,16.53,348.90,43.06,202.8762,6.7785,230.8274,16.53,348.90,43.06,250.0675,11.9445,279.8723,0.00,100.00,182.67,-11.86,182.67,11.86,12.52
99.25,68.11,203.4789,3.7655,230.8730,1.78,100.00,42.85,11.61,359.36,3.44,19.86,202.4544,6.5801,231.3813,202.2022,6.4731,231.6591,16.58,348.39,42.85,202.8659,6.7527,230.9653,16.58,348.39,42.85,250.0675,11.9445,279.8723,0.00,100.00,182.67,-11.86,182.67,11.86,12.52
99.34,68.00,203.4773,3.7761,231.0146,1.61,100.00,39.52,10.30,359.61,4.13,20.23,202.4367,6.5777,231.5605,202.1704,6.4611,231.8208,17.97,349.70,39.52,202.8692,6.7647,231.1730,17.97,349.70,39.52,250.0675,11.9445,279.8723,0.00,100.00,182.67,-11.86,182.67,11.86,12.52
99.43,67.92,203.4765,3.7547,231.1353,1.41,100.00,36.19,9.21,359.61,4.13,20.23,202.4359,6.5563,231.6812,202.1550,6.4355,231.9235,18.54,350.79,36.19,202.8902,6.7494,231.3227,18.54,350.79,36.19,250.0675,11.9445,279.8723,0.00,100.00,182.67,-11.86,182.67,11.86,12.52
99.51,67.85,203.4758,3.7722,231.2358,1.19,100.00,32.92,8.11,359.61,4.13,20.23,202.4352,6.5738,231.7817,202.1408,6.4494,232.0055,19.03,351.89,32.92,202.9094,6.7722,231.4530,19.03,351.89,32.92,250.0675,11.9445,279.8723,0.00,100.00,182.67,-11.86,182.67,11.86,12.52
99.60,67.79,203.4753,3.7507,231.3170,0.95,100.00,30.01,7.36,359.52,3.88,20.26,202.4325,6.5542,231.8492,202.1270,6.4276,232.0562,19.30,352.64,30.01,202.9230,6.7554,231.5475,19.30,352.64,30.01,250.0675,11.9445,279.8723,0.00,100.00,182.67,-11.86,182.67,11.86,12.52
99.69,67.73,203.4745,3.7604,231.4080,1.01,100.00,30.55,7.40,2.84,2.61,20.08,202.4702,6.5785,231.9370,202.1657,6.4545,232.1471,18.89,352.60,30.55,202.9593,6.7756,231.6303,18.89,352.60,30.55,250.0675,11.9445,279.8723,0.00,100.00,182.67,-11.86,182.67,11.86,12.52
99.78,67.65,203.4795,3.7415,231.5085,1.13,100.00,32.29,7.22,6.30,1.46,18.84,202.5638,6.5901,232.0345,202.2626,6.4750,232.2540,17.50,352.78,32.29,203.0485,6.7734,231.7125,17.50,352.78,32.29,250.0675,11.9445,279.8723,0.00,100.00,182.67,-11.86,182.67,11.86,12.52
99.87,67.59,203.4883,3.7263,231.5883,0.93,100.00,30.41,6.56,6.30,1.47,18.71,202.5791,6.5770,232.1142,202.2704,6.4609,232.3225,17.62,353.44,30.41,203.0749,6.7616,231.8103,17.62,353.44,30.41,250.0675,11.9445,279.8723,0.00,100.00,182.67,-11.86,182.67,11.86,12.52
99.96,67.54,203.4948,3.7452,231.6470,0.70,100.00,28.59,5.99,6.30,1.47,18.71,202.5856,6.5960,232.1729,202.2703,6.4784,232.3703,17.82,354.01,28.59,203.0909,6.7827,231.8866,17.82,354.01,28.59,250.0675,11.9445,279.8723,0.00,100.00,182.67,-11.86,182.67,11.86,12.52
100.05,67.49,203.5022,3.7365,231.7144,0.79,100.00,30.22,6.50,9.65,0.33,18.76,202.6132,6.5943,232.2370,202.3038,6.4780,232.4443,17.64,353.50,30.22,203.1100,6.7791,231.9350,17.64,353.50,30.22,250.0675,11.9445,279.8723,0.00,100.00,182.67,-11.86,182.67,11.86,12.52
100.14,67.43,203.5145,3.7597,231.7870,0.86,100.00,31.61,8.09,12.76,358.79,20.68,202.5454,6.5924,232.3037,202.2462,6.4672,232.5206,19.14,351.91,31.61,203.0266,6.7918,231.9861,19.14,351.91,31.61,250.0675,11.9445,279.8723,0.00,100.00,182.67,-11.86,182.67,11.86,12.52
100.22,67.35,203.5333,3.7615,231.8701,1.01,100.00,33.54,8.81,16.10,357.49,20.68,202.5785,6.6000,232.3809,202.2872,6.4765,232.6091,18.94,351.19,33.54,203.0481,6.7973,232.0451,18.94,351.19,33.54,250.0675,11.9445,279.8723,0.00,100.00,182.67,-11.86,182.67,11.86,12.52
100.31,67.28,203.5577,3.7586,231.9544,1.01,100.00,35.37,9.13,19.38,356.63,20.68,202.6195,6.6003,232.4784,202.3359,6.4770,232.7164,18.92,350.87,35.37,203.0776,6.7971,232.1269,18.92,350.87,35.37,250.0675,11.9445,279.8723,0.00,100.00,182.67,-11.86,182.67,11.86,12.52
100.39,67.19,203.5906,3.7721,232.0479,1.22,100.00,37.44,9.37,22.76,355.68,19.88,202.7025,6.6307,232.5671,202.4262,6.5126,232.8159,18.12,350.63,37.44,203.1499,6.8195,232.1979,18.12,350.63,37.44,250.0675,11.9445,279.8723,0.00,100.00,182.67,-11.86,182.67,11.86,12.52
100.47,67.09,203.6296,3.7891,232.1408,1.27,100.00,38.85,9.70,25.93,354.78,20.02,202.7458,6.6472,232.6706,202.4767,6.5280,232.9266,18.33,350.30,38.85,203.1827,6.8380,232.2898,18.33,350.30,38.85,250.0675,11.9445,279.8723,0.00,100.00,182.67,-11.86,182.67,11.86,12.52
100.54,66.99,203.6759,3.8290,232.2361,1.66,100.00,40.38,10.39,28.88,353.45,19.47,202.8118,6.6979,232.7388,202.5492,6.5827,233.0032,17.77,349.61,40.38,203.2390,6.8829,232.3444,17.77,349.61,40.38,250.0675,11.9445,279.8723,0.00,100.00,182.67,-11.86,182.67,11.86,12.52
100.60,66.90,203.7218,3.8352,232.3194,1.44,100.00,42.89,11.64,31.35,352.21,19.64,202.8410,6.7010,232.8106,202.5916,6.5869,233.0882,17.69,348.36,42.89,203.2480,6.8845,232.3949,17.69,348.36,42.89,250.0675,11.9445,279.8723,0.00,100.00,182.67,-11.86,182.67,11.86,12.52
100.67,66.82,203.7643,3.8433,232.3890,1.32,100.00,42.72,12.15,31.21,351.82,20.29,202.8456,6.6974,232.8792,202.5975,6.5801,233.1565,18.25,347.85,42.72,203.2505,6.8863,232.4638,18.25,347.85,42.72,250.0675,11.9445,279.8723,0.00,100.00,182.67,-11.86,182.67,11.86,12.52
100.73,66.75,203.7991,3.8450,232.4466,1.04,100.00,40.79,11.39,31.27,351.99,20.58,202.8733,6.6939,232.9533,202.6168,6.5716,233.2206,18.97,348.61,40.79,203.2908,6.8903,232.5542,18.97,348.61,40.79,250.0675,11.9445,279.8723,0.00,100.00,182.67,-11.86,182.67,11.86,12.52
100.79,66.68,203.8381,3.8625,232.5107,1.24,100.00,41.41,11.58,33.73,351.11,20.26,202.9233,6.7163,233.0103,202.6698,6.5946,233.2808,18.89,348.42,41.41,203.3365,6.9117,232.6062,18.89,348.42,41.41,250.0675,11.9445,279.8723,0.00,100.00,182.67,-11.86,182.67,11.86,12.52
100.86,66.60,203.8807,3.9066,232.5745,1.32,100.00,43.85,12.27,36.17,350.47,20.66,202.9539,6.7519,233.0995,202.7139,6.6286,233.3814,19.20,347.73,43.85,203.3466,6.9500,232.6768,19.20,347.73,43.85,250.0675,11.9445,279.8723,0.00,100.00,182.67,-11.86,182.67,11.86,12.52
100.92,66.51,203.9331,3.9292,232.6462,1.47,100.00,46.46,13.14,38.73,349.54,20.26,203.0163,6.7793,233.1629,202.7894,6.6599,233.4569,18.68,346.86,46.46,203.3893,6.9718,232.7201,18.68,346.86,46.46,250.0675,11.9445,279.8723,0.00,100.00,182.67,-11.86,182.67,11.86,12.52
100.98,66.42,203.9876,3.9562,232.7142,1.52,100.00,46.68,13.67,40.98,348.32,20.30,203.0507,6.8012,233.2222,202.8267,6.6799,233.5177,19.05,346.33,46.68,203.4191,6.9971,232.7772,19.05,346.33,46.68,250.0675,11.9445,279.8723,0.00,100.00,182.67,-11.86,182.67,11.86,12.52
101.04,66.33,204.0454,3.9842,232.7807,1.54,100.00,46.83,14.07,43.18,347.20,20.15,203.0957,6.8268,233.2784,202.8738,6.7041,233.5750,19.30,345.93,46.83,203.4609,7.0248,232.8316,19.30,345.93,46.83,250.0675,11.9445,279.8723,0.00,100.00,182.67,-11.86,182.67,11.86,12.52
101.10,66.23,204.1089,4.0201,232.8483,1.67,100.00,47.19,13.23,45.81,347.23,19.18,203.2149,6.8795,233.3530,202.9924,6.7590,233.6499,18.87,346.77,47.19,203.5812,7.0739,232.9055,18.87,346.77,47.19,250.0675,11.9445,279.8723,0.00,100.00,182.67,-11.86,182.67,11.86,12.52
101.16,66.13,204.1780,4.0587,232.9155,1.80,100.00,47.21,13.44,48.05,346.27,19.26,203.2667,6.9116,233.4257,203.0461,6.7876,233.7227,19.45,346.56,47.21,203.6299,7.1116,232.9781,19.45,346.56,47.21,250.0675,11.9445,279.8723,0.00,100.00,182.67,-11.86,182.67,11.86,12.52
101.22,66.03,204.2507,4.0968,232.9808,1.75,100.00,49.44,14.23,50.29,345.49,18.81,203.3425,6.9521,233.4830,203.1339,6.8314,233.7897,19.02,345.77,49.44,203.6877,7.1473,233.0194,19.02,345.77,49.44,250.0675,11.9445,279.8723,0.00,100.00,182.67,-11.86,182.67,11.86,12.52
101.28,65.93,204.3221,4.1217,233.0401,1.65,100.00,49.01,15.42,49.86,344.29,19.44,203.3467,6.9581,233.5230,203.1395,6.8342,233.8294,19.67,344.58,49.01,203.6895,7.1588,233.0599,19.67,344.58,49.01,250.0675,11.9445,279.8723,0.00,100.00,182.67,-11.86,182.67,11.86,12.52
101.33,65.85,204.3845,4.1514,233.0927,1.55,100.00,48.92,15.68,49.76,344.03,19.58,203.3946,6.9836,233.5714,203.1877,6.8590,233.8777,19.81,344.32,48.92,203.7369,7.1853,233.1084,19.81,344.32,48.92,250.0675,11.9445,279.8723,0.00,100.00,182.67,-11.86,182.67,11.86,12.52
101.39,65.78,204.4389,4.1418,233.1388,1.25,100.00,48.92,15.68,49.76,344.03,19.58,203.4490,6.9740,233.6174,203.2421,6.8494,233.9238,19.81,344.32,48.92,203.7913,7.1758,233.1545,19.81,344.32,48.92,250.0675,11.9445,279.8723,0.00,100.00,182.67,-11.86,182.67,11.86,12.52
101.45,65.71,204.4888,4.1695,233.1810,1.31,100.00,48.68,16.30,49.52,343.40,20.51,203.4470,6.9806,233.6731,203.2425,6.8508,233.9789,20.75,343.70,48.68,203.7853,7.1908,233.2110,20.75,343.70,48.68,250.0675,11.9445,279.8723,0.00,100.00,182.67,-11.86,182.67,11.86,12.52
101.50,65.64,204.5374,4.2063,233.2224,1.32,100.00,50.88,16.85,51.73,342.85,19.81,203.5125,7.0248,233.7084,203.3189,6.8996,234.0231,20.06,343.15,50.88,203.8345,7.2279,233.2316,20.06,343.15,50.88,250.0675,11.9445,279.8723,0.00,100.00,182.67,-11.86,182.67,11.86,12.52
101.56,65.57,204.5907,4.2440,233.2644,1.38,100.00,50.46,16.69,53.93,342.11,19.50,203.5634,7.0609,233.7545,203.3686,6.9327,234.0672,20.53,343.31,50.46,203.8871,7.2687,233.2809,20.53,343.31,50.46,250.0675,11.9445,279.8723,0.00,100.00,182.67,-11.86,182.67,11.86,12.52
101.61,65.51,204.6398,4.2374,233.3003,1.11,100.00,47.92,15.75,53.93,342.11,19.54,203.6116,7.0536,233.7920,203.4037,6.9201,234.0939,21.28,344.25,47.92,203.9551,7.2694,233.3363,21.28,344.25,47.92,250.0675,11.9445,279.8723,0.00,100.00,182.67,-11.86,182.67,11.86,12.52
101.67,65.46,204.6825,4.2635,233.3314,1.07,100.00,45.23,14.72,53.93,342.11,19.54,203.6543,7.0797,233.8231,203.4328,6.9410,234.1128,21.99,345.28,45.23,204.0183,7.3032,233.3875,21.99,345.28,45.23,250.0675,11.9445,279.8723,0.00,100.00,182.67,-11.86,182.67,11.86,12.52
101.72,65.40,204.7271,4.3049,233.3639,1.30,100.00,44.88,14.31,56.22,341.64,18.73,203.7190,7.1298,233.8476,203.4949,6.9911,234.1353,21.94,345.69,44.88,204.0871,7.3531,233.4153,21.94,345.69,44.88,250.0675,11.9445,279.8723,0.00,100.00,182.67,-11.86,182.67,11.86,12.52
101.78,65.34,204.7729,4.3372,233.3945,1.11,100.00,44.19,13.95,58.34,340.98,18.37,203.7636,7.1611,233.8815,203.5369,7.0192,234.1655,22.41,346.05,44.19,204.1357,7.3891,233.4551,22.41,346.05,44.19,250.0675,11.9445,279.8723,0.00,100.00,182.67,-11.86,182.67,11.86,12.52
101.84,65.29,204.8172,4.3592,233.4218,0.97,100.00,41.45,12.83,58.34,340.98,18.40,203.8072,7.1826,233.9104,203.5672,7.0358,234.1806,23.07,347.17,41.45,204.1992,7.4179,233.5064,23.07,347.17,41.45,250.0675,11.9445,279.8723,0.00,100.00,182.67,-11.86,182.67,11.86,12.52
101.89,65.25,204.8553,4.3471,233.4453,0.83,100.00,39.32,11.93,58.34,340.98,18.40,203.8453,7.1705,233.9339,203.5953,7.0202,234.1929,23.53,348.07,39.32,204.2523,7.4108,233.5481,23.53,348.07,39.32,250.0675,11.9445,279.8723,0.00,100.00,182.67,-11.86,182.67,11.86,12.52
101.95,65.20,204.8942,4.3779,233.4693,0.96,100.00,39.32,11.72,60.68,340.50,17.57,203.9010,7.2087,233.9486,203.6502,7.0591,234.2073,23.39,348.28,39.32,204.3091,7.4479,233.5634,23.39,348.28,39.32,250.0675,11.9445,279.8723,0.00,100.00,182.67,-11.86,182.67,11.86,12.52
102.01,65.15,204.9373,4.4060,233.4935,0.96,100.00,39.28,11.61,63.00,339.77,17.12,203.9403,7.2352,233.9749,203.6901,7.0835,234.2330,23.73,348.39,39.28,204.3475,7.4777,233.5907,23.73,348.39,39.28,250.0675,11.9445,279.8723,0.00,100.00,182.67,-11.86,182.67,11.86,12.52
102.07,65.11,204.9754,4.4233,233.5128,0.78,100.00,37.07,10.63,62.99,339.77,17.16,203.9775,7.2519,233.9959,203.7173,7.0967,234.2417,24.19,349.37,37.07,204.3996,7.4994,233.6315,24.19,349.37,37.07,250.0675,11.9445,279.8723,0.00,100.00,182.67,-11.86,182.67,11.86,12.52
102.13,65.07,205.0063,4.4351,233.5286,0.60,100.00,35.26,9.82,62.99,339.77,17.16,204.0084,7.2637,234.0117,203.7403,7.1059,234.2471,24.51,350.18,35.26,204.4423,7.5147,233.6640,24.51,350.18,35.26,250.0675,11.9445,279.8723,0.00,100.00,182.67,-11.86,182.67,11.86,12.52
102.19,65.03,205.0406,4.4621,233.5461,0.83,100.00,35.46,10.87,65.16,338.05,16.48,203.9959,7.2789,233.9982,203.7319,7.1184,234.2365,25.09,349.13,35.46,204.4233,7.5348,233.6460,25.09,349.13,35.46,250.0675,11.9445,279.8723,0.00,100.00,182.67,-11.86,182.67,11.86,12.52
102.25,65.00,205.0751,4.4855,233.5620,0.75,100.00,35.31,12.03,67.34,336.79,14.61,204.0183,7.3089,233.9384,203.7542,7.1523,234.1790,24.59,347.97,35.31,204.4460,7.5593,233.5826,24.59,347.97,35.31,250.0675,11.9445,279.8723,0.00,100.00,182.67,-11.86,182.67,11.86,12.52
102.31,64.96,205.1141,4.5079,233.5783,0.78,100.00,35.67,12.28,69.76,335.86,14.03,204.0390,7.3244,233.9543,203.7781,7.1653,234.1968,25.03,347.72,35.67,204.4617,7.5787,233.5953,25.03,347.72,35.67,250.0675,11.9445,279.8723,0.00,100.00,182.67,-11.86,182.67,11.86,12.52
102.36,64.91,205.1572,4.5422,233.5941,1.00,100.00,36.65,12.49,72.37,335.30,13.31,204.0816,7.3580,233.9740,203.8254,7.1986,234.2213,25.11,347.51,36.65,204.4972,7.6129,233.6072,25.11,347.51,36.65,250.0675,11.9445,279.8723,0.00,100.00,182.67,-11.86,182.67,11.86,12.52
102.42,64.87,205.2005,4.5738,233.6079,0.95,100.00,37.38,12.79,74.83,334.79,12.31,204.1268,7.3919,233.9762,203.8739,7.2335,234.2276,24.98,347.21,37.38,204.5375,7.6453,233.6030,24.98,347.21,37.38,250.0675,11.9445,279.8723,0.00,100.00,182.67,-11.86,182.67,11.86,12.52
102.48,64.82,205.2473,4.6103,233.6206,1.08,100.00,38.32,12.90,77.36,334.38,11.60,204.1759,7.4284,233.9953,203.9275,7.2698,234.2509,25.03,347.10,38.32,204.5799,7.6822,233.6151,25.03,347.10,38.32,250.0675,11.9445,279.8723,0.00,100.00,182.67,-11.86,182.67,11.86,12.52
102.54,64.78,205.2953,4.6442,233.6313,1.05,100.00,39.08,13.13,79.77,333.77,10.93,204.2143,7.4580,234.0108,203.9705,7.2982,234.2701,25.26,346.87,39.08,204.6114,7.7138,233.6247,25.26,346.87,39.08,250.0675,11.9445,279.8723,0.00,100.00,182.67,-11.86,182.67,11.86,12.52
102.60,64.73,205.3466,4.6772,233.6406,1.04,100.00,41.21,14.08,82.27,333.34,9.86,204.2653,7.4924,234.0084,204.0316,7.3361,234.2789,24.80,345.92,41.21,204.6472,7.7430,233.6040,24.80,345.92,41.21,250.0675,11.9445,279.8723,0.00,100.00,182.67,-11.86,182.67,11.86,12.52
102.65,64.70,205.3925,4.6721,233.6468,0.83,100.00,41.22,14.07,82.27,333.33,9.90,204.3105,7.4868,234.0168,204.0769,7.3303,234.2872,24.84,345.94,41.22,204.6922,7.7378,233.6124,24.84,345.94,41.22,250.0675,11.9445,279.8723,0.00,100.00,182.67,-11.86,182.67,11.86,12.52
102.71,64.66,205.4293,4.6982,233.6518,0.81,100.00,41.22,14.07,82.27,333.33,9.90,204.3473,7.5128,234.0218,204.1137,7.3563,234.2922,24.84,345.94,41.22,204.7290,7.7639,233.6174,24.84,345.94,41.22,250.0675,11.9445,279.8723,0.00,100.00,182.67,-11.86,182.67,11.86,12.52
102.76,64.63,205.4684,4.7348,233.6571,0.98,100.00,43.41,14.82,84.87,333.63,8.24,204.4207,7.5670,233.9904,204.1948,7.4193,234.2722,23.48,345.18,43.41,204.7910,7.8045,233.5678,23.48,345.18,43.41,250.0675,11.9445,279.8723,0.00,100.00,182.67,-11.86,182.67,11.86,12.52
102.82,64.59,205.5090,4.7661,233.6607,0.92,100.00,43.63,14.85,87.28,333.25,7.34,204.4569,7.5972,233.9897,204.2326,7.4487,234.2722,23.62,345.15,43.63,204.8249,7.8359,233.5657,23.62,345.15,43.63,250.0675,11.9445,279.8723,0.00,100.00,182.67,-11.86,182.67,11.86,12.52
102.87,64.57,205.5438,4.7915,233.6624,0.77,100.00,41.76,14.05,87.28,333.25,7.34,204.4916,7.6225,233.9913,204.2583,7.4706,234.2645,24.08,345.95,41.76,204.8732,7.8664,233.5825,24.08,345.95,41.76,250.0675,11.9445,279.8723,0.00,100.00,182.67,-11.86,182.67,11.86,12.52
102.93,64.55,205.5717,4.7824,233.6637,0.55,100.00,39.79,13.19,87.28,333.25,7.34,204.5196,7.6135,233.9926,204.2769,7.4580,234.2555,24.55,346.81,39.79,204.9152,7.8625,233.6006,24.55,346.81,39.79,250.0675,11.9445,279.8723,0.00,100.00,182.67,-11.86,182.67,11.86,12.52
102.98,64.52,205.6006,4.8078,233.6651,0.69,100.00,39.63,13.34,89.65,332.97,6.02,204.5460,7.6408,233.9679,204.3025,7.4861,234.2305,24.44,346.66,39.63,204.9428,7.8886,233.5763,24.44,346.66,39.63,250.0675,11.9445,279.8723,0.00,100.00,182.67,-11.86,182.67,11.86,12.52
103.04,64.50,205.6332,4.8339,233.6653,0.74,100.00,39.80,13.42,92.14,332.76,4.88,204.5775,7.6680,233.9546,204.3348,7.5136,234.2181,24.40,346.58,39.80,204.9731,7.9154,233.5615,24.40,346.58,39.80,250.0675,11.9445,279.8723,0.00,100.00,182.67,-11.86,182.67,11.86,12.52
103.09,64.47,205.6682,4.8627,233.6639,0.83,100.00,40.02,13.53,94.64,332.33,3.92,204.5992,7.6920,233.9505,204.3586,7.5361,234.2150,24.66,346.47,40.02,204.9917,7.9419,233.5558,24.66,346.47,40.02,250.0675,11.9445,279.8723,0.00,100.00,182.67,-11.86,182.67,11.86,12.52
103.15,64.45,205.7045,4.8585,233.6610,0.68,100.00,41.77,15.10,97.08,331.45,2.44,204.5940,7.6744,233.9211,204.3642,7.5201,234.1961,24.64,344.90,41.77,204.9698,7.9226,233.5096,24.64,344.90,41.77,250.0675,11.9445,279.8723,0.00,100.00,182.67,-11.86,182.67,11.86,12.52
103.20,64.43,205.7336,4.8841,233.6573,0.72,100.00,41.63,15.39,97.06,331.11,2.30,204.6058,7.6936,233.9117,204.3766,7.5382,234.1865,24.85,344.61,41.63,204.9807,7.9434,233.5004,24.85,344.61,41.63,250.0675,11.9445,279.8723,0.00,100.00,182.67,-11.86,182.67,11.86,12.52
103.25,64.42,205.7564,4.8768,233.6545,0.47,100.00,41.61,15.43,97.06,331.08,2.28,204.6267,7.6856,233.9082,204.3975,7.5301,234.1830,24.87,344.57,41.61,205.0016,7.9356,233.4969,24.87,344.57,41.61,250.0675,11.9445,279.8723,0.00,100.00,182.67,-11.86,182.67,11.86,12.52
103.31,64.40,205.7801,4.9043,233.6516,0.68,100.00,43.56,16.27,99.39,330.48,1.58,204.6264,7.7020,233.9195,204.4087,7.5465,234.2035,25.02,343.73,43.56,204.9837,7.9525,233.4932,25.02,343.73,43.56,250.0675,11.9445,279.8723,0.00,100.00,182.67,-11.86,182.67,11.86,12.52
103.36,64.38,205.8064,4.9358,233.6472,0.78,100.00,45.42,17.50,101.84,330.41,359.92,204.6436,7.7329,233.8797,204.4351,7.5832,234.1735,24.24,342.50,45.42,204.9871,7.9748,233.4374,24.24,342.50,45.42,250.0675,11.9445,279.8723,0.00,100.00,182.67,-11.86,182.67,11.86,12.52
103.41,64.37,205.8265,4.9299,233.6430,0.43,100.00,45.40,17.54,101.84,330.41,359.87,204.6630,7.7269,233.8730,204.4544,7.5773,234.1668,24.22,342.46,45.40,205.0067,7.9685,233.4306,24.22,342.46,45.40,250.0675,11.9445,279.8723,0.00,100.00,182.67,-11.86,182.67,11.86,12.52
103.46,64.36,205.8404,4.9604,233.6401,0.70,100.00,45.74,16.81,101.84,331.39,0.12,204.7266,7.7774,233.8730,204.5160,7.6315,234.1672,23.49,343.19,45.74,205.0735,8.0131,233.4299,23.49,343.19,45.74,250.0675,11.9445,279.8723,0.00,100.00,182.67,-11.86,182.67,11.86,12.52
103.51,64.36,205.8491,4.9460,233.6383,0.33,100.00,45.80,16.68,101.84,331.56,0.17,204.7441,7.7664,233.8717,204.5332,7.6211,234.1660,23.36,343.32,45.80,205.0916,8.0010,233.4285,23.36,343.32,45.80,250.0675,11.9445,279.8723,0.00,100.00,182.67,-11.86,182.67,11.86,12.52
103.56,64.35,205.8527,4.9666,233.6375,0.42,100.00,45.81,16.66,101.84,331.60,0.18,204.7497,7.7877,233.8710,204.5387,7.6426,234.1653,23.34,343.34,45.81,205.0973,8.0221,233.4278,23.34,343.34,45.81,250.0675,11.9445,279.8723,0.00,100.00,182.67,-11.86,182.67,11.86,12.52
103.61,64.36,205.8527,4.9474,233.6375,0.38,100.00,45.81,16.66,101.84,331.60,0.18,204.7497,7.7686,233.8710,204.5387,7.6234,234.1653,23.34,343.34,45.81,205.0973,8.0029,233.4278,23.34,343.34,45.81,250.0675,11.9445,279.8723,0.00,100.00,182.67,-11.86,182.67,11.86,12.52
103.66,64.35,205.8527,4.9658,233.6375,0.37,100.00,43.77,15.80,101.84,331.60,0.18,204.7497,7.7870,233.8710,204.5286,7.6376,234.1557,23.91,344.20,43.77,205.1125,8.0276,233.4436,23.91,344.20,43.77,250.0675,11.9445,279.8723,0.00,100.00,182.67,-11.86,182.67,11.86,12.52
103.71,64.35,205.8527,4.9507,233.6375,0.31,100.00,41.78,14.94,101.84,331.60,0.18,204.7497,7.7718,233.8710,204.5191,7.6186,234.1458,24.43,345.06,41.78,205.1270,8.0182,233.4597,24.43,345.06,41.78,250.0675,11.9445,279.8723,0.00,100.00,182.67,-11.86,182.67,11.86,12.52
103.76,64.35,205.8527,4.9651,233.6375,0.28,100.00,39.67,14.00,101.84,331.60,0.18,204.7497,7.7862,233.8710,204.5092,7.6290,234.1349,24.96,346.00,39.67,205.1418,8.0384,233.4776,24.96,346.00,39.67,250.0675,11.9445,279.8723,0.00,100.00,182.67,-11.86,182.67,11.86,12.52
103.81,64.35,205.8527,4.9483,233.6375,0.34,100.00,37.67,13.09,101.84,331.60,0.18,204.7497,7.7695,233.8710,204.5001,7.6086,234.1240,25.43,346.91,37.67,205.1555,8.0268,233.4951,25.43,346.91,37.67,250.0675,11.9445,279.8723,0.00,100.00,182.67,-11.86,182.67,11.86,12.52
103.86,64.35,205.8528,4.9576,233.6375,0.17,100.00,35.48,12.06,101.84,331.60,0.18,204.7497,7.7787,233.8710,204.4904,7.6142,234.1116,25.91,347.94,35.48,205.1699,8.0415,233.5152,25.91,347.94,35.48,250.0675,11.9445,279.8723,0.00,100.00,182.67,-11.86,182.67,11.86,12.52
103.92,64.35,205.8549,4.9721,233.6370,0.27,100.00,35.30,12.14,104.33,331.41,358.92,204.7379,7.7888,233.8562,204.4785,7.6232,234.0961,26.10,347.86,35.30,205.1579,8.0533,233.5016,26.10,347.86,35.30,250.0675,11.9445,279.8723,0.00,100.00,182.67,-11.86,182.67,11.86,12.52
103.97,64.35,205.8591,4.9486,233.6360,0.44,100.00,35.46,12.49,106.78,331.12,357.63,204.7203,7.7577,233.8415,204.4630,7.5908,234.0827,26.35,347.51,35.46,205.1372,8.0242,233.4847,26.35,347.51,35.46,250.0675,11.9445,279.8723,0.00,100.00,182.67,-11.86,182.67,11.86,12.52
104.03,64.35,205.8655,4.9628,233.6340,0.29,100.00,35.79,12.74,109.29,331.11,356.37,204.7161,7.7685,233.8264,204.4607,7.6017,234.0697,26.38,347.26,35.79,205.1302,8.0351,233.4663,26.38,347.26,35.79,250.0675,11.9445,279.8723,0.00,100.00,182.67,-11.86,182.67,11.86,12.52
104.08,64.34,205.8737,4.9816,233.6312,0.40,100.00,37.77,13.69,111.73,331.27,355.19,204.7199,7.7864,233.8113,204.4733,7.6231,234.0657,25.93,346.31,37.77,205.1209,8.0478,233.4331,25.93,346.31,37.77,250.0675,11.9445,279.8723,0.00,100.00,182.67,-11.86,182.67,11.86,12.52
104.13,64.34,205.8834,4.9657,233.6273,0.37,100.00,39.72,14.54,114.19,330.61,354.39,204.6935,7.7537,233.8308,204.4588,7.5885,234.0950,26.38,345.46,39.72,205.0766,8.0186,233.4367,26.38,345.46,39.72,250.0675,11.9445,279.8723,0.00,100.00,182.67,-11.86,182.67,11.86,12.52
104.18,64.33,205.8944,4.9776,233.6224,0.31,100.00,40.27,14.75,116.63,329.97,353.55,204.6689,7.7483,233.8495,204.4398,7.5786,234.1158,27.17,345.25,40.27,205.0434,8.0203,233.4520,27.17,345.25,40.27,250.0675,11.9445,279.8723,0.00,100.00,182.67,-11.86,182.67,11.86,12.52
104.24,64.33,205.9079,4.9985,233.6156,0.49,100.00,40.80,15.48,119.13,330.30,351.84,204.6690,7.7659,233.8078,204.4426,7.5988,234.0780,26.85,344.52,40.80,205.0393,8.0341,233.4038,26.85,344.52,40.80,250.0675,11.9445,279.8723,0.00,100.00,182.67,-11.86,182.67,11.86,12.52
104.29,64.32,205.9224,4.9857,233.6075,0.41,100.00,41.27,15.76,121.52,330.63,350.61,204.6769,7.7510,233.7858,204.4528,7.5851,234.0587,26.70,344.24,41.27,205.0437,8.0175,233.3776,26.70,344.24,41.27,250.0675,11.9445,279.8723,0.00,100.00,182.67,-11.86,182.67,11.86,12.52
104.34,64.32,205.9379,5.0098,233.5980,0.59,100.00,41.54,16.39,123.79,331.24,348.98,204.6844,7.7739,233.7345,204.4612,7.6113,234.0101,26.24,343.61,41.54,205.0499,8.0355,233.3219,26.24,343.61,41.54,250.0675,11.9445,279.8723,0.00,100.00,182.67,-11.86,182.67,11.86,12.52
104.39,64.32,205.9547,4.9999,233.5868,0.45,100.00,41.79,16.59,126.05,331.70,347.81,204.6947,7.7618,233.7074,204.4726,7.6002,233.9844,26.10,343.41,41.79,205.0584,8.0219,233.2923,26.10,343.41,41.79,250.0675,11.9445,279.8723,0.00,100.00,182.67,-11.86,182.67,11.86,12.52
104.44,64.31,205.9664,5.0249,233.5783,0.57,100.00,40.17,15.82,126.05,331.70,347.81,204.7064,7.7868,233.6988,204.4766,7.6218,233.9675,26.55,344.18,40.17,205.0816,8.0519,233.2974,26.55,344.18,40.17,250.0675,11.9445,279.8723,0.00,100.00,182.67,-11.86,182.67,11.86,12.52
104.49,64.31,205.9738,5.0121,233.5729,0.31,100.00,40.17,15.82,126.05,331.70,347.81,204.7138,7.7740,233.6934,204.4840,7.6090,233.9621,26.55,344.18,40.17,205.0890,8.0391,233.2920,26.55,344.18,40.17,250.0675,11.9445,279.8723,0.00,100.00,182.67,-11.86,182.67,11.86,12.52
104.54,64.31,205.9768,5.0337,233.5706,0.45,100.00,40.17,15.82,126.05,331.70,347.81,204.7168,7.7956,233.6912,204.4870,7.6305,233.9598,26.55,344.18,40.17,205.0920,8.0606,233.2898,26.55,344.18,40.17,250.0675,11.9445,279.8723,0.00,100.00,182.67,-11.86,182.67,11.86,12.52
104.59,64.31,205.9768,5.0160,233.5706,0.35,100.00,40.17,15.82,126.05,331.70,347.81,204.7168,7.7779,233.6912,204.4870,7.6129,233.9598,26.55,344.18,40.17,205.0920,8.0430,233.2898,26.55,344.18,40.17,250.0675,11.9445,279.8723,0.00,100.00,182.67,-11.86,182.67,11.86,12.52
104.64,64.31,205.9783,5.0277,233.5695,0.23,100.00,42.02,16.73,128.34,331.83,346.77,204.7004,7.7813,233.6908,204.4805,7.6184,233.9689,26.35,343.27,42.02,205.0607,8.0435,233.2741,26.35,343.27,42.02,250.0675,11.9445,279.8723,0.00,100.00,182.67,-11.86,182.67,11.86,12.52
104.69,64.31,205.9813,5.0080,233.5671,0.39,100.00,42.13,17.14,130.78,331.65,345.41,204.6640,7.7429,233.6903,204.4476,7.5768,233.9692,26.97,342.86,42.13,205.0190,8.0101,233.2723,26.97,342.86,42.13,250.0675,11.9445,279.8723,0.00,100.00,182.67,-11.86,182.67,11.86,12.52
104.74,64.31,205.9857,5.0296,233.5633,0.47,100.00,42.13,17.98,132.95,332.39,343.60,204.6460,7.7554,233.6370,204.4301,7.5921,233.9179,26.65,342.02,42.13,205.0001,8.0188,233.2157,26.65,342.02,42.13,250.0675,11.9445,279.8723,0.00,100.00,182.67,-11.86,182.67,11.86,12.52
104.79,64.31,205.9910,5.0140,233.5583,0.35,100.00,42.29,18.21,135.01,332.99,342.52,204.6419,7.7355,233.6160,204.4268,7.5731,233.8980,26.55,341.79,42.29,204.9946,7.9976,233.1928,26.55,341.79,42.29,250.0675,11.9445,279.8723,0.00,100.00,182.67,-11.86,182.67,11.86,12.52
104.84,64.31,205.9926,5.0371,233.5567,0.49,100.00,40.75,17.47,135.01,332.99,342.52,204.6435,7.7586,233.6143,204.4212,7.5926,233.8886,27.02,342.53,40.75,205.0071,8.0259,233.2038,27.02,342.53,40.75,250.0675,11.9445,279.8723,0.00,100.00,182.67,-11.86,182.67,11.86,12.52
104.89,64.31,205.9926,5.0178,233.5567,0.38,100.00,38.97,16.59,135.01,332.99,342.52,204.6435,7.7393,233.6143,204.4130,7.5693,233.8793,27.54,343.41,38.97,205.0194,8.0124,233.2190,27.54,343.41,38.97,250.0675,11.9445,279.8723,0.00,100.00,182.67,-11.86,182.67,11.86,12.52
104.94,64.31,205.9926,5.0352,233.5567,0.35,100.00,37.23,15.71,135.01,332.99,342.52,204.6434,7.7567,233.6143,204.4052,7.5830,233.8698,28.03,344.29,37.23,205.0311,8.0353,233.2344,28.03,344.29,37.23,250.0675,11.9445,279.8723,0.00,100.00,182.67,-11.86,182.67,11.86,12.52
104.99,64.31,205.9926,5.0159,233.5567,0.38,100.00,35.46,14.80,135.01,332.99,342.52,204.6435,7.7374,233.6143,204.3975,7.5601,233.8598,28.49,345.20,35.46,205.0426,8.0213,233.2506,28.49,345.20,35.46,250.0675,11.9445,279.8723,0.00,100.00,182.67,-11.86,182.67,11.86,12.52
105.04,64.31,205.9940,5.0338,233.5553,0.37,100.00,35.64,14.93,137.17,333.63,341.51,204.6368,7.7515,233.6021,204.3916,7.5746,233.8487,28.43,345.07,35.64,205.0347,8.0347,233.2365,28.43,345.07,35.64,250.0675,11.9445,279.8723,0.00,100.00,182.67,-11.86,182.67,11.86,12.52
105.09,64.31,205.9965,5.0112,233.5527,0.45,100.00,36.00,15.11,139.19,334.25,340.62,204.6319,7.7254,233.5909,204.3883,7.5492,233.8395,28.34,344.89,36.00,205.0276,8.0076,233.2221,28.34,344.89,36.00,250.0675,11.9445,279.8723,0.00,100.00,182.67,-11.86,182.67,11.86,12.52
105.14,64.31,206.0004,5.0247,233.5482,0.29,100.00,36.18,15.91,141.56,334.40,338.92,204.5854,7.7131,233.5743,204.3462,7.5343,233.8253,28.96,344.09,36.18,204.9741,7.9999,233.2017,28.96,344.09,36.18,250.0675,11.9445,279.8723,0.00,100.00,182.67,-11.86,182.67,11.86,12.52
105.19,64.31,206.0052,5.0060,233.5420,0.41,100.00,36.77,16.30,143.83,334.77,337.83,204.5651,7.6809,233.5713,204.3301,7.5010,233.8255,29.21,343.70,36.77,204.9473,7.9695,233.1933,29.21,343.70,36.77,250.0675,11.9445,279.8723,0.00,100.00,182.67,-11.86,182.67,11.86,12.52
105.24,64.31,206.0110,5.0175,233.5342,0.29,100.00,37.02,17.05,146.12,335.01,336.23,204.5226,7.6660,233.5570,204.2925,7.4835,233.8137,29.82,342.95,37.02,204.8974,7.9589,233.1750,29.82,342.95,37.02,250.0675,11.9445,279.8723,0.00,100.00,182.67,-11.86,182.67,11.86,12.52
105.29,64.31,206.0179,5.0281,233.5239,0.30,100.00,37.49,17.49,148.29,335.78,335.15,204.5111,7.6662,233.5372,204.2839,7.4842,233.7970,29.82,342.51,37.49,204.8813,7.9585,233.1503,29.82,342.51,37.49,250.0675,11.9445,279.8723,0.00,100.00,182.67,-11.86,182.67,11.86,12.52
105.35,64.32,206.0257,5.0110,233.5112,0.45,100.00,38.16,17.85,150.41,336.69,334.29,204.5098,7.6438,233.5167,204.2855,7.4634,233.7801,29.62,342.15,38.16,204.8755,7.9339,233.1239,29.62,342.15,38.16,250.0675,11.9445,279.8723,0.00,100.00,182.67,-11.86,182.67,11.86,12.52
105.40,64.32,206.0338,5.0210,233.4971,0.34,100.00,40.03,18.85,152.40,337.59,333.52,204.5089,7.6487,233.4955,204.2932,7.4728,233.7689,29.03,341.15,40.03,204.8618,7.9320,233.0865,29.03,341.15,40.03,250.0675,11.9445,279.8723,0.00,100.00,182.67,-11.86,182.67,11.86,12.52
105.46,64.33,206.0388,5.0350,233.4874,0.33,100.00,40.03,18.85,152.40,337.59,333.52,204.5140,7.6628,233.4858,204.2983,7.4869,233.7592,29.03,341.15,40.03,204.8669,7.9461,233.0768,29.03,341.15,40.03,250.0675,11.9445,279.8723,0.00,100.00,182.67,-11.86,182.67,11.86,12.52
105.51,64.33,206.0407,5.0108,233.4838,0.45,100.00,38.51,18.04,152.40,337.59,333.52,204.5158,7.6385,233.4823,204.2932,7.4590,233.7476,29.51,341.96,38.51,204.8792,7.9274,233.0864,29.51,341.96,38.51,250.0675,11.9445,279.8723,0.00,100.00,182.67,-11.86,182.67,11.86,12.52
105.57,64.33,206.0436,5.0159,233.4782,0.15,100.00,38.96,18.28,154.50,338.58,332.73,204.5090,7.6380,233.4695,204.2884,7.4595,233.7373,29.37,341.72,38.96,204.8693,7.9252,233.0697,29.37,341.72,38.96,250.0675,11.9445,279.8723,0.00,100.00,182.67,-11.86,182.67,11.86,12.52
105.62,64.33,206.0475,5.0249,233.4700,0.24,100.00,41.02,19.37,156.62,339.62,331.98,204.5027,7.6410,233.4546,204.2916,7.4676,233.7331,28.70,340.63,41.02,204.8488,7.9207,233.0372,28.70,340.63,41.02,250.0675,11.9445,279.8723,0.00,100.00,182.67,-11.86,182.67,11.86,12.52
105.68,64.33,206.0484,5.0336,233.4681,0.16,100.00,41.02,19.37,156.62,339.62,331.98,204.5036,7.6497,233.4526,204.2924,7.4763,233.7311,28.70,340.63,41.02,204.8497,7.9294,233.0353,28.70,340.63,41.02,250.0675,11.9445,279.8723,0.00,100.00,182.67,-11.86,182.67,11.86,12.52
105.73,64.34,206.0484,5.0084,233.4681,0.47,100.00,41.02,19.37,156.62,339.62,331.98,204.5036,7.6244,233.4526,204.2924,7.4510,233.7311,28.70,340.63,41.02,204.8496,7.9041,233.0353,28.70,340.63,41.02,250.0675,11.9445,279.8723,0.00,100.00,182.67,-11.86,182.67,11.86,12.52
105.79,64.34,206.0493,5.0096,233.4659,0.05,100.00,43.04,20.43,158.84,340.32,331.09,204.4811,7.6116,233.4582,204.2809,7.4412,233.7465,28.41,339.57,43.04,204.8105,7.8871,233.0248,28.41,339.57,43.04,250.0675,11.9445,279.8723,0.00,100.00,182.67,-11.86,182.67,11.86,12.52
105.84,64.34,206.0511,5.0119,233.4612,0.10,100.00,43.15,20.70,160.68,341.86,330.44,204.4804,7.6122,233.4232,204.2795,7.4449,233.7128,27.91,339.30,43.15,204.8110,7.8829,232.9877,27.91,339.30,43.15,250.0675,11.9445,279.8723,0.00,100.00,182.67,-11.86,182.67,11.86,12.52
105.90,64.34,206.0536,5.0164,233.4540,0.16,100.00,43.53,20.68,162.84,342.83,329.91,204.4736,7.6111,233.4221,204.2746,7.4438,233.7130,27.92,339.32,43.53,204.8013,7.8818,232.9845,27.92,339.32,43.53,250.0675,11.9445,279.8723,0.00,100.00,182.67,-11.86,182.67,11.86,12.52
105.95,64.35,206.0565,5.0194,233.4445,0.18,100.00,45.65,21.61,164.80,343.94,329.45,204.4701,7.6101,233.4094,204.2809,7.4486,233.7099,27.11,338.39,45.65,204.7831,7.8723,232.9561,27.11,338.39,45.65,250.0675,11.9445,279.8723,0.00,100.00,182.67,-11.86,182.67,11.86,12.52
106.01,64.36,206.0599,4.9877,233.4322,0.60,100.00,47.82,22.62,166.81,345.09,328.91,204.4624,7.5716,233.3926,204.2837,7.4159,233.7025,26.30,337.38,47.82,204.7594,7.8249,232.9238,26.30,337.38,47.82,250.0675,11.9445,279.8723,0.00,100.00,182.67,-11.86,182.67,11.86,12.52
106.07,64.36,206.0635,4.9904,233.4168,0.28,100.00,47.82,22.61,169.00,346.01,328.25,204.4453,7.5616,233.3878,204.2679,7.4040,233.6974,26.64,337.39,47.82,204.7404,7.8180,232.9193,26.64,337.39,47.82,250.0675,11.9445,279.8723,0.00,100.00,182.67,-11.86,182.67,11.86,12.52
106.13,64.38,206.0671,4.9910,233.3984,0.31,100.00,47.75,22.58,171.03,347.20,327.77,204.4364,7.5543,233.3675,204.2588,7.3963,233.6768,26.70,337.42,47.75,204.7317,7.8112,232.8995,26.70,337.42,47.75,250.0675,11.9445,279.8723,0.00,100.00,182.67,-11.86,182.67,11.86,12.52
106.19,64.39,206.0706,4.9901,233.3762,0.37,100.00,47.17,22.68,173.15,348.40,326.90,204.4087,7.5332,233.3427,204.2301,7.3725,233.6501,27.20,337.32,47.17,204.7054,7.7943,232.8779,27.20,337.32,47.17,250.0675,11.9445,279.8723,0.00,100.00,182.67,-11.86,182.67,11.86,12.52
106.25,64.41,206.0736,4.9902,233.3507,0.43,100.00,46.72,22.69,174.91,350.15,326.62,204.4064,7.5292,233.2883,204.2242,7.3703,233.5945,26.90,337.31,46.72,204.7085,7.7877,232.8257,26.90,337.31,46.72,250.0675,11.9445,279.8723,0.00,100.00,182.67,-11.86,182.67,11.86,12.52
106.31,64.43,206.0762,4.9817,233.3225,0.47,100.00,46.09,22.47,177.02,351.28,326.07,204.3864,7.5059,233.2680,204.2025,7.3437,233.5714,27.43,337.53,46.09,204.6911,7.7695,232.8098,27.43,337.53,46.09,250.0675,11.9445,279.8723,0.00,100.00,182.67,-11.86,182.67,11.86,12.52
106.39,64.45,206.0779,4.9838,233.2887,0.43,100.00,45.29,21.47,179.42,352.30,326.06,204.3872,7.5078,233.2598,204.1990,7.3414,233.5582,27.94,338.53,45.29,204.6986,7.7775,232.8097,27.94,338.53,45.29,250.0675,11.9445,279.8723,0.00,100.00,182.67,-11.86,182.67,11.86,12.52
106.47,64.45,206.0784,5.2399,233.2417,3.39,100.00,50.37,18.48,181.55,354.78,332.45,204.6737,7.9330,233.1747,204.4843,7.8010,233.4892,21.43,341.52,50.37,204.9888,8.1475,232.6983,21.43,341.52,50.37,250.0675,11.9445,279.8723,0.00,100.00,182.67,-11.86,182.67,11.86,12.52
106.54,64.52,206.0770,4.9966,233.1903,3.22,100.00,51.22,24.37,184.40,356.01,325.59,204.3573,7.5008,233.1463,204.1975,7.3526,233.4698,25.38,335.63,51.22,204.6255,7.7431,232.6548,25.38,335.63,51.22,250.0675,11.9445,279.8723,0.00,100.00,182.67,-11.86,182.67,11.86,12.52
106.62,64.56,206.0726,5.0003,233.1337,0.72,100.00,54.55,25.20,186.74,358.09,326.38,204.3761,7.5197,233.0660,204.2285,7.3856,233.4013,23.10,334.80,54.55,204.6259,7.7405,232.5550,23.10,334.80,54.55,250.0675,11.9445,279.8723,0.00,100.00,182.67,-11.86,182.67,11.86,12.52
106.70,64.61,206.0652,5.0024,233.0705,0.82,100.00,56.92,26.51,188.90,359.29,325.71,204.3301,7.4958,233.0192,204.1972,7.3661,233.3623,22.61,333.49,56.92,204.5573,7.7102,232.4952,22.61,333.49,56.92,250.0675,11.9445,279.8723,0.00,100.00,182.67,-11.86,182.67,11.86,12.52
106.78,64.67,206.0547,5.0054,233.0041,0.86,100.00,57.32,24.82,190.88,0.67,327.92,204.4030,7.5543,232.9348,204.2635,7.4315,233.2778,21.03,335.18,57.32,204.6407,7.7572,232.4108,21.03,335.18,57.32,250.0675,11.9445,279.8723,0.00,100.00,182.67,-11.86,182.67,11.86,12.52
106.86,64.71,206.0447,5.0051,232.9517,0.68,100.00,53.84,25.41,190.86,0.70,325.64,204.2945,7.4879,232.9003,204.1463,7.3491,233.2335,23.96,334.59,53.84,204.5449,7.7159,232.3929,23.96,334.59,53.84,250.0675,11.9445,279.8723,0.00,100.00,182.67,-11.86,182.67,11.86,12.52
106.94,64.74,206.0375,5.0062,232.9141,0.47,100.00,51.50,22.82,190.73,0.90,327.95,204.3855,7.5546,232.8303,204.2161,7.4171,233.1537,23.15,337.18,51.50,204.6690,7.7795,232.3392,23.15,337.18,51.50,250.0675,11.9445,279.8723,0.00,100.00,182.67,-11.86,182.67,11.86,12.52
107.02,64.78,206.0290,4.9963,232.8697,0.56,100.00,48.98,23.37,191.80,1.38,325.66,204.2731,7.4751,232.8177,204.1009,7.3225,233.1328,25.94,336.63,48.98,204.5602,7.7239,232.3404,25.94,336.63,48.98,250.0675,11.9445,279.8723,0.00,100.00,182.67,-11.86,182.67,11.86,12.52
107.10,64.83,206.0184,5.0008,232.8188,0.65,100.00,48.69,20.08,192.65,2.22,330.41,204.4598,7.6062,232.7063,204.2668,7.4707,233.0170,22.30,339.92,48.69,204.7798,7.8270,232.2361,22.30,339.92,48.69,250.0675,11.9445,279.8723,0.00,100.00,182.67,-11.86,182.67,11.86,12.52
107.18,64.88,206.0063,4.9898,232.7646,0.69,100.00,46.68,20.80,194.12,2.49,327.51,204.3161,7.5138,232.7153,204.1253,7.3595,233.0186,25.66,339.20,46.68,204.6319,7.7643,232.2574,25.66,339.20,46.68,250.0675,11.9445,279.8723,0.00,100.00,182.67,-11.86,182.67,11.86,12.52
107.27,64.93,205.9910,4.9763,232.7038,0.75,100.00,45.85,21.04,195.05,3.70,327.31,204.2782,7.4846,232.6335,204.0842,7.3294,232.9343,25.86,338.96,45.85,204.5987,7.7365,232.1796,25.86,338.96,45.85,250.0675,11.9445,279.8723,0.00,100.00,182.67,-11.86,182.67,11.86,12.52
107.35,65.00,205.9725,4.9651,232.6350,0.86,100.00,45.08,20.79,196.16,4.25,327.02,204.2397,7.4600,232.5787,204.0437,7.3008,232.8761,26.51,339.21,45.08,204.5633,7.7181,232.1306,26.51,339.21,45.08,250.0675,11.9445,279.8723,0.00,100.00,182.67,-11.86,182.67,11.86,12.52
107.44,65.06,205.9515,4.9844,232.5623,0.91,100.00,46.02,21.73,196.83,5.43,327.21,204.2114,7.4733,232.4744,204.0192,7.3198,232.7773,25.72,338.27,46.02,204.5291,7.7229,232.0173,25.72,338.27,46.02,250.0675,11.9445,279.8723,0.00,100.00,182.67,-11.86,182.67,11.86,12.52
107.52,65.14,205.9260,4.9678,232.4782,1.05,100.00,47.07,21.64,197.63,5.75,327.96,204.2118,7.4745,232.3892,204.0218,7.3259,232.6958,24.85,338.36,47.07,204.5264,7.7165,231.9259,24.85,338.36,47.07,250.0675,11.9445,279.8723,0.00,100.00,182.67,-11.86,182.67,11.86,12.52
107.60,65.23,205.8965,4.9491,232.3854,1.17,100.00,47.73,22.30,198.03,6.68,328.27,204.1817,7.4541,232.2645,203.9936,7.3107,232.5748,24.07,337.70,47.73,204.4933,7.6880,231.7951,24.07,337.70,47.73,250.0675,11.9445,279.8723,0.00,100.00,182.67,-11.86,182.67,11.86,12.52
107.69,65.30,205.8719,4.9322,232.3096,0.97,100.00,47.70,22.36,198.08,6.59,328.01,204.1473,7.4309,232.1983,203.9603,7.2860,232.5084,24.36,337.64,47.70,204.4574,7.6674,231.7291,24.36,337.64,47.70,250.0675,11.9445,279.8723,0.00,100.00,182.67,-11.86,182.67,11.86,12.52
107.78,65.36,205.8526,4.9465,232.2505,0.73,100.00,46.77,22.01,198.21,6.39,327.55,204.1117,7.4347,232.1593,203.9222,7.2843,232.4653,25.24,337.99,46.77,204.4254,7.6796,231.6969,25.24,337.99,46.77,250.0675,11.9445,279.8723,0.00,100.00,182.67,-11.86,182.67,11.86,12.52
107.86,65.43,205.8292,4.9292,232.1797,0.90,100.00,46.32,21.60,198.69,6.31,327.44,204.0844,7.4153,232.1081,203.8934,7.2617,232.4117,25.71,338.40,46.32,204.4002,7.6650,231.6498,25.71,338.40,46.32,250.0675,11.9445,279.8723,0.00,100.00,182.67,-11.86,182.67,11.86,12.52
107.95,65.50,205.8030,4.9065,232.1023,0.96,100.00,45.55,21.25,199.20,6.16,326.80,204.0336,7.3758,232.0635,203.8419,7.2156,232.3631,26.79,338.75,45.55,204.3504,7.6357,231.6115,26.79,338.75,45.55,250.0675,11.9445,279.8723,0.00,100.00,182.67,-11.86,182.67,11.86,12.52
108.03,65.59,205.7722,4.9238,232.0136,1.14,100.00,44.76,21.33,199.30,6.86,326.93,203.9977,7.3889,231.9475,203.8018,7.2292,232.2447,26.73,338.67,44.76,204.3209,7.6481,231.4996,26.73,338.67,44.76,250.0675,11.9445,279.8723,0.00,100.00,182.67,-11.86,182.67,11.86,12.52
108.12,65.68,205.7399,4.8994,231.9216,1.15,100.00,44.63,21.30,199.66,7.13,326.98,203.9632,7.3630,231.8547,203.7668,7.2031,232.1514,26.75,338.70,44.63,204.2874,7.6224,231.4077,26.75,338.70,44.63,250.0675,11.9445,279.8723,0.00,100.00,182.67,-11.86,182.67,11.86,12.52
108.21,65.78,205.7031,4.8763,231.8184,1.32,100.00,44.06,21.55,199.56,7.62,326.86,203.9150,7.3309,231.7306,203.7163,7.1708,232.0257,26.83,338.45,44.06,204.2423,7.5906,231.2861,26.83,338.45,44.06,250.0675,11.9445,279.8723,0.00,100.00,182.67,-11.86,182.67,11.86,12.52
108.29,65.89,205.6649,4.8481,231.7110,1.35,100.00,43.69,21.37,199.71,7.72,326.88,203.8760,7.3021,231.6235,203.6756,7.1411,231.9169,26.96,338.63,43.69,204.2059,7.5634,231.1818,26.96,338.63,43.69,250.0675,11.9445,279.8723,0.00,100.00,182.67,-11.86,182.67,11.86,12.52
108.38,66.00,205.6226,4.8548,231.5929,1.46,100.00,43.32,21.46,199.87,8.00,326.67,203.8209,7.2993,231.5033,203.6198,7.1368,231.7954,27.25,338.54,43.32,204.1517,7.5629,231.0636,27.25,338.54,43.32,250.0675,11.9445,279.8723,0.00,100.00,182.67,-11.86,182.67,11.86,12.52
108.47,66.13,205.5779,4.8209,231.4691,1.52,100.00,43.34,20.89,200.07,8.22,328.04,203.8276,7.3014,231.3510,203.6209,7.1452,231.6426,26.00,339.11,43.34,204.1673,7.5548,230.9121,26.00,339.11,43.34,250.0675,11.9445,279.8723,0.00,100.00,182.67,-11.86,182.67,11.86,12.52
108.56,66.26,205.5285,4.8235,231.3338,1.65,100.00,43.22,20.70,200.55,8.09,327.62,203.7623,7.2939,231.2436,203.5570,7.1339,231.5342,26.64,339.30,43.22,204.0999,7.5533,230.8066,26.64,339.30,43.22,250.0675,11.9445,279.8723,0.00,100.00,182.67,-11.86,182.67,11.86,12.52
108.64,66.40,205.4765,4.7911,231.1950,1.74,100.00,43.69,20.54,200.72,8.42,328.85,203.7544,7.2910,231.0726,203.5463,7.1384,231.3652,25.30,339.46,43.69,204.0965,7.5387,230.6322,25.30,339.46,43.69,250.0675,11.9445,279.8723,0.00,100.00,182.67,-11.86,182.67,11.86,12.52
108.73,66.52,205.4308,4.7592,231.0743,1.53,100.00,43.70,20.52,200.71,8.44,328.96,203.7132,7.2620,230.9487,203.5047,7.1101,231.2413,25.19,339.48,43.70,204.0558,7.5087,230.5083,25.19,339.48,43.70,250.0675,11.9445,279.8723,0.00,100.00,182.67,-11.86,182.67,11.86,12.52
108.82,66.63,205.3916,4.7598,230.9707,1.24,100.00,43.48,20.62,200.35,9.04,329.95,203.7064,7.2812,230.7902,203.4928,7.1361,231.0826,24.02,339.38,43.48,204.0570,7.5171,230.3501,24.02,339.38,43.48,250.0675,11.9445,279.8723,0.00,100.00,182.67,-11.86,182.67,11.86,12.52
108.91,66.72,205.3587,4.7313,230.8821,1.13,100.00,43.33,20.57,200.34,9.06,329.99,203.6746,7.2534,230.6998,203.4603,7.1082,230.9916,24.03,339.43,43.33,204.0264,7.4894,230.2608,24.03,339.43,43.33,250.0675,11.9445,279.8723,0.00,100.00,182.67,-11.86,182.67,11.86,12.52
109.00,66.78,205.3331,4.7387,230.8129,0.83,100.00,43.33,20.57,200.34,9.06,329.99,203.6490,7.2607,230.6305,203.4346,7.1156,230.9224,24.03,339.43,43.33,204.0008,7.4968,230.1916,24.03,339.43,43.33,250.0675,11.9445,279.8723,0.00,100.00,182.67,-11.86,182.67,11.86,12.52
109.08,66.84,205.3109,4.7173,230.7531,0.78,100.00,43.56,20.66,200.55,9.18,330.02,203.6257,7.2386,230.5713,203.4124,7.0940,230.8642,23.95,339.34,43.56,203.9759,7.4738,230.1306,23.95,339.34,43.56,250.0675,11.9445,279.8723,0.00,100.00,182.67,-11.86,182.67,11.86,12.52
109.17,66.89,205.2928,4.6947,230.7050,0.63,100.00,43.79,20.76,200.75,9.29,330.05,203.6066,7.2154,230.5238,203.3943,7.0714,230.8177,23.87,339.24,43.79,203.9552,7.4498,230.0814,23.87,339.24,43.79,250.0675,11.9445,279.8723,0.00,100.00,182.67,-11.86,182.67,11.86,12.52
109.26,66.92,205.2809,4.7147,230.6736,0.45,100.00,43.89,20.54,200.91,9.02,329.98,203.5953,7.2369,230.5095,203.3838,7.0916,230.8034,24.06,339.46,43.89,203.9427,7.4733,230.0672,24.06,339.46,43.89,250.0675,11.9445,279.8723,0.00,100.00,182.67,-11.86,182.67,11.86,12.52
109.35,66.94,205.2756,4.6964,230.6597,0.26,100.00,43.89,20.54,200.91,9.02,329.98,203.5899,7.2187,230.4956,203.3784,7.0733,230.7894,24.06,339.46,43.89,203.9374,7.4550,230.0533,24.06,339.46,43.89,250.0675,11.9445,279.8723,0.00,100.00,182.67,-11.86,182.67,11.86,12.52
109.43,66.94,205.2756,4.7190,230.6597,0.26,100.00,43.89,20.54,200.91,9.02,329.98,203.5900,7.2412,230.4956,203.3785,7.0959,230.7894,24.06,339.46,43.89,203.9374,7.4776,230.0533,24.06,339.46,43.89,250.0675,11.9445,279.8723,0.00,100.00,182.67,-11.86,182.67,11.86,12.52
109.52,66.94,205.2756,4.7039,230.6597,0.17,100.00,43.89,20.54,200.91,9.02,329.98,203.5900,7.2261,230.4956,203.3785,7.0807,230.7895,24.06,339.46,43.89,203.9374,7.4625,230.0533,24.06,339.46,43.89,250.0675,11.9445,279.8723,0.00,100.00,182.67,-11.86,182.67,11.86,12.52
109.61,66.94,205.2756,4.6905,230.6597,0.15,100.00,43.89,20.54,200.91,9.02,329.98,203.5900,7.2127,230.4956,203.3785,7.0674,230.7894,24.06,339.46,43.89,203.9374,7.4491,230.0533,24.06,339.46,43.89,250.0675,11.9445,279.8723,0.00,100.00,182.67,-11.86,182.67,11.86,12.52
109.70,66.94,205.2756,4.7048,230.6597,0.16,100.00,43.66,20.44,200.91,9.02,329.98,203.5900,7.2270,230.4956,203.3774,7.0811,230.7884,24.13,339.56,43.66,203.9390,7.4642,230.0550,24.13,339.56,43.66,250.0675,11.9445,279.8723,0.00,100.00,182.67,-11.86,182.67,11.86,12.52
109.80,66.94,205.2756,4.7132,230.6597,0.09,100.00,43.43,20.35,200.91,9.02,329.98,203.5899,7.2354,230.4956,203.3763,7.0889,230.7873,24.22,339.65,43.43,203.9406,7.4735,230.0568,24.22,339.65,43.43,250.0675,11.9445,279.8723,0.00,100.00,182.67,-11.86,182.67,11.86,12.52
109.89,66.94,205.2756,4.6957,230.6597,0.19,100.00,42.96,20.15,200.91,9.02,329.98,203.5899,7.2179,230.4956,203.3741,7.0702,230.7851,24.38,339.85,42.96,203.9438,7.4578,230.0604,24.38,339.85,42.96,250.0675,11.9445,279.8723,0.00,100.00,182.67,-11.86,182.67,11.86,12.52
109.98,66.93,205.2798,4.7169,230.6705,0.27,100.00,42.74,20.05,201.13,9.15,330.01,203.5929,7.2383,230.5071,203.3761,7.0901,230.7956,24.45,339.95,42.74,203.9483,7.4790,230.0735,24.45,339.95,42.74,250.0675,11.9445,279.8723,0.00,100.00,182.67,-11.86,182.67,11.86,12.52
110.07,66.91,205.2881,4.6983,230.6922,0.32,100.00,42.42,20.14,201.22,9.51,330.15,203.6009,7.2185,230.5137,203.3822,7.0710,230.8012,24.35,339.86,42.42,203.9591,7.4581,230.0819,24.35,339.86,42.42,250.0675,11.9445,279.8723,0.00,100.00,182.67,-11.86,182.67,11.86,12.52
110.16,66.88,205.2957,4.7250,230.7117,0.39,100.00,42.27,20.10,201.49,9.70,330.21,203.6070,7.2442,230.5323,203.3876,7.0965,230.8192,24.37,339.90,42.27,203.9662,7.4840,230.1015,24.37,339.90,42.27,250.0675,11.9445,279.8723,0.00,100.00,182.67,-11.86,182.67,11.86,12.52
110.25,66.87,205.3018,4.7104,230.7274,0.25,100.00,42.57,20.23,201.76,9.85,330.25,203.6117,7.2287,230.5488,203.3937,7.0817,230.8371,24.27,339.77,42.57,203.9689,7.4674,230.1157,24.27,339.77,42.57,250.0675,11.9445,279.8723,0.00,100.00,182.67,-11.86,182.67,11.86,12.52
110.34,66.85,205.3073,4.7292,230.7409,0.26,100.00,42.79,20.32,201.96,9.96,330.29,203.6161,7.2468,230.5630,203.3991,7.1004,230.8522,24.19,339.68,42.79,203.9718,7.4847,230.1281,24.19,339.68,42.79,250.0675,11.9445,279.8723,0.00,100.00,182.67,-11.86,182.67,11.86,12.52
110.43,66.84,205.3116,4.7133,230.7517,0.22,100.00,43.01,20.41,202.16,10.08,330.32,203.6194,7.2303,230.5743,203.4034,7.0844,230.8646,24.12,339.59,43.01,203.9736,7.4673,230.1378,24.12,339.59,43.01,250.0675,11.9445,279.8723,0.00,100.00,182.67,-11.86,182.67,11.86,12.52
110.52,66.84,205.3116,4.7293,230.7517,0.18,100.00,43.01,20.41,202.16,10.08,330.32,203.6194,7.2462,230.5743,203.4034,7.1004,230.8647,24.12,339.59,43.01,203.9736,7.4833,230.1378,24.12,339.59,43.01,250.0675,11.9445,279.8723,0.00,100.00,182.67,-11.86,182.67,11.86,12.52
110.61,66.85,205.3116,4.7099,230.7517,0.21,100.00,43.01,20.41,202.16,10.08,330.32,203.6194,7.2268,230.5743,203.4034,7.0810,230.8647,24.12,339.59,43.01,203.9736,7.4639,230.1378,24.12,339.59,43.01,250.0675,11.9445,279.8723,0.00,100.00,182.67,-11.86,182.67,11.86,12.52
110.71,66.84,205.3116,4.7217,230.7517,0.13,100.00,43.01,20.41,202.16,10.08,330.32,203.6194,7.2386,230.5743,203.4034,7.0928,230.8647,24.12,339.59,43.01,203.9736,7.4757,230.1378,24.12,339.59,43.01,250.0675,11.9445,279.8723,0.00,100.00,182.67,-11.86,182.67,11.86,12.52
110.80,66.84,205.3116,4.7259,230.7517,0.04,100.00,42.89,20.36,202.16,10.08,330.32,203.6194,7.2428,230.5743,203.4028,7.0967,230.8641,24.16,339.64,42.89,203.9744,7.4803,230.1387,24.16,339.64,42.89,250.0675,11.9445,279.8723,0.00,100.00,182.67,-11.86,182.67,11.86,12.52
110.89,66.85,205.3116,4.7092,230.7517,0.19,100.00,42.78,20.31,202.16,10.08,330.32,203.6194,7.2262,230.5743,203.4023,7.0797,230.8636,24.19,339.69,42.78,203.9751,7.4641,230.1396,24.19,339.69,42.78,250.0675,11.9445,279.8723,0.00,100.00,182.67,-11.86,182.67,11.86,12.52
110.98,66.84,205.3116,4.7223,230.7518,0.14,100.00,42.67,20.27,202.16,10.08,330.32,203.6194,7.2392,230.5744,203.4018,7.0925,230.8631,24.23,339.73,42.67,203.9759,7.4775,230.1405,24.23,339.73,42.67,250.0675,11.9445,279.8723,0.00,100.00,182.67,-11.86,182.67,11.86,12.52
111.08,66.85,205.3103,4.7374,230.7487,0.17,100.00,42.63,20.25,202.22,10.11,330.33,203.6178,7.2542,230.5715,203.4000,7.1074,230.8600,24.25,339.75,42.63,203.9746,7.4927,230.1379,24.25,339.75,42.63,250.0675,11.9445,279.8723,0.00,100.00,182.67,-11.86,182.67,11.86,12.52
111.17,66.85,205.3079,4.7104,230.7426,0.29,100.00,42.69,20.27,202.28,10.14,330.34,203.6150,7.2270,230.5656,203.3976,7.0803,230.8544,24.23,339.73,42.69,203.9715,7.4653,230.1316,24.23,339.73,42.69,250.0675,11.9445,279.8723,0.00,100.00,182.67,-11.86,182.67,11.86,12.52
111.26,66.85,205.3079,4.7265,230.7426,0.18,100.00,42.69,20.27,202.28,10.14,330.34,203.6150,7.2430,230.5656,203.3976,7.0963,230.8544,24.23,339.73,42.69,203.9715,7.4813,230.1316,24.23,339.73,42.69,250.0675,11.9445,279.8723,0.00,100.00,182.67,-11.86,182.67,11.86,12.52
111.36,66.85,205.3079,4.7365,230.7427,0.11,100.00,42.69,20.27,202.28,10.14,330.34,203.6150,7.2530,230.5656,203.3976,7.1064,230.8544,24.23,339.73,42.69,203.9715,7.4913,230.1316,24.23,339.73,42.69,250.0675,11.9445,279.8723,0.00,100.00,182.67,-11.86,182.67,11.86,12.52
111.45,66.86,205.3066,4.7151,230.7394,0.24,100.00,42.73,20.29,202.32,10.16,330.35,203.6135,7.2315,230.5625,203.3962,7.0850,230.8515,24.21,339.71,42.73,203.9697,7.4697,230.1281,24.21,339.71,42.73,250.0675,11.9445,279.8723,0.00,100.00,182.67,-11.86,182.67,11.86,12.52
111.54,66.86,205.3041,4.7300,230.7333,0.18,100.00,42.77,20.31,202.35,10.18,330.36,203.6108,7.2463,230.5565,203.3937,7.0999,230.8457,24.20,339.69,42.77,203.9666,7.4843,230.1218,24.20,339.69,42.77,250.0675,11.9445,279.8723,0.00,100.00,182.67,-11.86,182.67,11.86,12.52
111.63,66.87,205.3004,4.7081,230.7243,0.26,100.00,42.82,20.33,202.39,10.21,330.36,203.6069,7.2243,230.5476,203.3900,7.0779,230.8370,24.18,339.67,42.82,203.9624,7.4621,230.1126,24.18,339.67,42.82,250.0675,11.9445,279.8723,0.00,100.00,182.67,-11.86,182.67,11.86,12.52
111.72,66.88,205.2954,4.7259,230.7123,0.25,100.00,42.86,20.35,202.43,10.23,330.37,203.6017,7.2420,230.5357,203.3850,7.0957,230.8253,24.17,339.65,42.86,203.9570,7.4796,230.1004,24.17,339.65,42.86,250.0675,11.9445,279.8723,0.00,100.00,182.67,-11.86,182.67,11.86,12.52
111.81,66.90,205.2894,4.7014,230.6978,0.32,100.00,42.89,20.36,202.46,10.24,330.37,203.5956,7.2174,230.5213,203.3791,7.0712,230.8110,24.16,339.64,42.89,203.9507,7.4549,230.0858,24.16,339.64,42.89,250.0675,11.9445,279.8723,0.00,100.00,182.67,-11.86,182.67,11.86,12.52
111.90,66.92,205.2820,4.7130,230.6798,0.25,100.00,42.92,20.37,202.48,10.26,330.38,203.5880,7.2288,230.5033,203.3716,7.0827,230.7932,24.15,339.63,42.92,203.9429,7.4663,230.0676,24.15,339.63,42.92,250.0675,11.9445,279.8723,0.00,100.00,182.67,-11.86,182.67,11.86,12.52
111.99,66.94,205.2734,4.7229,230.6590,0.27,100.00,42.93,20.38,202.50,10.27,330.38,203.5793,7.2387,230.4826,203.3630,7.0927,230.7726,24.14,339.62,42.93,203.9341,7.4761,230.0467,24.14,339.62,42.93,250.0675,11.9445,279.8723,0.00,100.00,182.67,-11.86,182.67,11.86,12.52
112.09,66.96,205.2635,4.6998,230.6351,0.38,100.00,42.90,20.36,202.51,10.27,330.38,203.5694,7.2156,230.4588,203.3529,7.0694,230.7486,24.15,339.64,42.90,203.9243,7.4531,230.0231,24.15,339.64,42.90,250.0675,11.9445,279.8723,0.00,100.00,182.67,-11.86,182.67,11.86,12.52
112.17,66.97,205.2612,4.7174,230.6298,0.21,100.00,42.85,20.34,202.51,10.27,330.38,203.5671,7.2331,230.4534,203.3504,7.0869,230.7430,24.17,339.66,42.85,203.9224,7.4708,230.0181,24.17,339.66,42.85,250.0675,11.9445,279.8723,0.00,100.00,182.67,-11.86,182.67,11.86,12.52
112.27,66.97,205.2612,4.6940,230.6298,0.25,100.00,42.85,20.34,202.51,10.27,330.38,203.5671,7.2097,230.4534,203.3504,7.0635,230.7430,24.17,339.66,42.85,203.9224,7.4474,230.0181,24.17,339.66,42.85,250.0675,11.9445,279.8723,0.00,100.00,182.67,-11.86,182.67,11.86,12.52
112.36,66.97,205.2600,4.7118,230.6269,0.20,100.00,42.96,20.14,202.67,10.02,330.27,203.5652,7.2282,230.4678,203.3494,7.0805,230.7574,24.38,339.86,42.96,203.9192,7.4680,230.0327,24.38,339.86,42.96,250.0675,11.9445,279.8723,0.00,100.00,182.67,-11.86,182.67,11.86,12.52
112.45,66.98,205.2578,4.6904,230.6214,0.24,100.00,42.92,20.13,202.67,10.02,330.27,203.5629,7.2068,230.4624,203.3469,7.0591,230.7517,24.39,339.87,42.92,203.9171,7.4468,230.0275,24.39,339.87,42.92,250.0675,11.9445,279.8723,0.00,100.00,182.67,-11.86,182.67,11.86,12.52
112.54,66.98,205.2578,4.7116,230.6214,0.24,100.00,42.88,20.11,202.67,10.02,330.27,203.5629,7.2280,230.4624,203.3467,7.0801,230.7515,24.40,339.89,42.88,203.9174,7.4681,230.0278,24.40,339.89,42.88,250.0675,11.9445,279.8723,0.00,100.00,182.67,-11.86,182.67,11.86,12.52
112.63,66.98,205.2578,4.6887,230.6214,0.25,100.00,42.88,20.11,202.67,10.02,330.27,203.5629,7.2051,230.4624,203.3467,7.0573,230.7516,24.40,339.89,42.88,203.9174,7.4452,230.0278,24.40,339.89,42.88,250.0675,11.9445,279.8723,0.00,100.00,182.67,-11.86,182.67,11.86,12.52
112.72,66.98,205.2566,4.7013,230.6185,0.14,100.00,42.81,20.08,202.61,9.99,330.26,203.5620,7.2179,230.4594,203.3456,7.0699,230.7482,24.43,339.92,42.81,203.9170,7.4582,230.0252,24.43,339.92,42.81,250.0675,11.9445,279.8723,0.00,100.00,182.67,-11.86,182.67,11.86,12.52
112.81,66.99,205.2542,4.7149,230.6129,0.16,100.00,42.75,20.05,202.55,9.95,330.25,203.5600,7.2317,230.4535,203.3432,7.0835,230.7421,24.45,339.95,42.75,203.9154,7.4723,230.0199,24.45,339.95,42.75,250.0675,11.9445,279.8723,0.00,100.00,182.67,-11.86,182.67,11.86,12.52
112.91,66.99,205.2542,4.6958,230.6129,0.21,100.00,42.75,20.05,202.55,9.95,330.25,203.5600,7.2126,230.4535,203.3432,7.0644,230.7421,24.45,339.95,42.75,203.9154,7.4531,230.0199,24.45,339.95,42.75,250.0675,11.9445,279.8723,0.00,100.00,182.67,-11.86,182.67,11.86,12.52
113.00,66.99,205.2542,4.7094,230.6129,0.15,100.00,42.75,20.05,202.55,9.95,330.25,203.5600,7.2262,230.4535,203.3432,7.0780,230.7421,24.45,339.95,42.75,203.9154,7.4668,230.0199,24.45,339.95,42.75,250.0675,11.9445,279.8723,0.00,100.00,182.67,-11.86,182.67,11.86,12.52
113.09,66.99,205.2542,4.6918,230.6129,0.20,100.00,42.75,20.05,202.55,9.95,330.25,203.5600,7.2086,230.4535,203.3432,7.0604,230.7421,24.45,339.95,42.75,203.9154,7.4491,230.0199,24.45,339.95,42.75,250.0675,11.9445,279.8723,0.00,100.00,182.67,-11.86,182.67,11.86,12.52
113.18,66.99,205.2542,4.7029,230.6129,0.12,100.00,42.75,20.05,202.55,9.95,330.25,203.5600,7.2197,230.4535,203.3432,7.0715,230.7420,24.45,339.95,42.75,203.9154,7.4602,230.0199,24.45,339.95,42.75,250.0675,11.9445,279.8723,0.00,100.00,182.67,-11.86,182.67,11.86,12.52
113.27,66.99,205.2542,4.6849,230.6129,0.20,100.00,42.75,20.05,202.55,9.95,330.25,203.5600,7.2017,230.4535,203.3432,7.0535,230.7420,24.45,339.95,42.75,203.9154,7.4423,230.0199,24.45,339.95,42.75,250.0675,11.9445,279.8723,0.00,100.00,182.67,-11.86,182.67,11.86,12.52
113.36,66.99,205.2542,4.6970,230.6129,0.13,100.00,42.75,20.05,202.55,9.95,330.25,203.5600,7.2138,230.4535,203.3432,7.0656,230.7421,24.45,339.95,42.75,203.9154,7.4544,230.0199,24.45,339.95,42.75,250.0675,11.9445,279.8723,0.00,100.00,182.67,-11.86,182.67,11.86,12.52
113.45,66.99,205.2530,4.7147,230.6100,0.20,100.00,42.74,20.05,202.55,9.95,330.25,203.5588,7.2316,230.4506,203.3420,7.0834,230.7392,24.45,339.95,42.74,203.9142,7.4722,230.0170,24.45,339.95,42.74,250.0675,11.9445,279.8723,0.00,100.00,182.67,-11.86,182.67,11.86,12.52
113.55,67.00,205.2508,4.6918,230.6046,0.26,100.00,42.74,20.05,202.55,9.95,330.25,203.5566,7.2086,230.4452,203.3398,7.0604,230.7337,24.45,339.95,42.74,203.9120,7.4492,230.0116,24.45,339.95,42.74,250.0675,11.9445,279.8723,0.00,100.00,182.67,-11.86,182.67,11.86,12.52
113.64,67.00,205.2473,4.7100,230.5961,0.23,100.00,42.74,20.05,202.54,9.95,330.25,203.5531,7.2269,230.4367,203.3363,7.0786,230.7252,24.45,339.95,42.74,203.9086,7.4675,230.0032,24.45,339.95,42.74,250.0675,11.9445,279.8723,0.00,100.00,182.67,-11.86,182.67,11.86,12.52
113.73,67.02,205.2428,4.6870,230.5854,0.28,100.00,42.73,20.05,202.54,9.95,330.25,203.5487,7.2039,230.4260,203.3318,7.0556,230.7145,24.45,339.95,42.73,203.9042,7.4445,229.9925,24.45,339.95,42.73,250.0675,11.9445,279.8723,0.00,100.00,182.67,-11.86,182.67,11.86,12.52
113.82,67.03,205.2371,4.7014,230.5715,0.23,100.00,42.73,20.05,202.53,9.94,330.25,203.5429,7.2183,230.4121,203.3261,7.0700,230.7005,24.45,339.95,42.73,203.8985,7.4589,229.9786,24.45,339.95,42.73,250.0675,11.9445,279.8723,0.00,100.00,182.67,-11.86,182.67,11.86,12.52
113.91,67.05,205.2303,4.6760,230.5552,0.33,100.00,42.73,20.05,202.53,9.94,330.25,203.5361,7.1928,230.3958,203.3193,7.0446,230.6842,24.45,339.95,42.73,203.8917,7.4335,229.9623,24.45,339.95,42.73,250.0675,11.9445,279.8723,0.00,100.00,182.67,-11.86,182.67,11.86,12.52
114.00,67.07,205.2221,4.6907,230.5356,0.29,100.00,42.73,20.05,202.53,9.94,330.25,203.5280,7.2076,230.3761,203.3111,7.0594,230.6646,24.46,339.96,42.73,203.8836,7.4483,229.9427,24.46,339.96,42.73,250.0675,11.9445,279.8723,0.00,100.00,182.67,-11.86,182.67,11.86,12.52
114.09,67.09,205.2132,4.6675,230.5140,0.36,100.00,42.73,20.04,202.53,9.94,330.25,203.5190,7.1844,230.3546,203.3022,7.0362,230.6430,24.46,339.96,42.73,203.8746,7.4251,229.9211,24.46,339.96,42.73,250.0675,11.9445,279.8723,0.00,100.00,182.67,-11.86,182.67,11.86,12.52
114.18,67.11,205.2030,4.6812,230.4893,0.33,100.00,42.74,20.02,202.55,9.91,330.23,203.5087,7.1981,230.3319,203.2919,7.0497,230.6203,24.48,339.98,42.74,203.8641,7.4390,229.8985,24.48,339.98,42.74,250.0675,11.9445,279.8723,0.00,100.00,182.67,-11.86,182.67,11.86,12.52
114.27,67.14,205.1917,4.6858,230.4624,0.31,100.00,42.74,20.02,202.55,9.91,330.23,203.4975,7.2027,230.3049,203.2807,7.0543,230.5933,24.48,339.98,42.74,203.8529,7.4437,229.8715,24.48,339.98,42.74,250.0675,11.9445,279.8723,0.00,100.00,182.67,-11.86,182.67,11.86,12.52
114.36,67.17,205.1787,4.6637,230.4310,0.45,100.00,43.02,19.43,202.75,9.55,331.00,203.5209,7.2050,230.2776,203.3024,7.0595,230.5662,23.86,340.57,43.02,203.8792,7.4411,229.8439,23.86,340.57,43.02,250.0675,11.9445,279.8723,0.00,100.00,182.67,-11.86,182.67,11.86,12.52
114.46,67.21,205.1650,4.6730,230.3983,0.40,100.00,43.04,19.39,202.76,9.53,331.04,203.5094,7.2157,230.2452,203.2908,7.0704,230.5338,23.83,340.61,43.04,203.8679,7.4515,229.8114,23.83,340.61,43.04,250.0675,11.9445,279.8723,0.00,100.00,182.67,-11.86,182.67,11.86,12.52
114.55,67.22,205.1589,4.6541,230.3836,0.28,100.00,43.04,19.39,202.76,9.53,331.04,203.5033,7.1969,230.2305,203.2846,7.0516,230.5191,23.83,340.61,43.04,203.8617,7.4326,229.7968,23.83,340.61,43.04,250.0675,11.9445,279.8723,0.00,100.00,182.67,-11.86,182.67,11.86,12.52
114.64,67.22,205.1589,4.6669,230.3836,0.14,100.00,43.04,19.39,202.76,9.53,331.04,203.5033,7.2097,230.2305,203.2846,7.0644,230.5191,23.83,340.61,43.04,203.8617,7.4454,229.7968,23.83,340.61,43.04,250.0675,11.9445,279.8723,0.00,100.00,182.67,-11.86,182.67,11.86,12.52
114.73,67.22,205.1589,4.6500,230.3836,0.19,100.00,43.04,19.39,202.76,9.53,331.04,203.5033,7.1928,230.2305,203.2846,7.0475,230.5191,23.83,340.61,43.04,203.8617,7.4286,229.7968,23.83,340.61,43.04,250.0675,11.9445,279.8723,0.00,100.00,182.67,-11.86,182.67,11.86,12.52
114.82,67.22,205.1589,4.6628,230.3836,0.14,100.00,42.98,19.36,202.76,9.53,331.04,203.5033,7.2056,230.2305,203.2844,7.0601,230.5188,23.85,340.64,42.98,203.8622,7.4416,229.7972,23.85,340.64,42.98,250.0675,11.9445,279.8723,0.00,100.00,182.67,-11.86,182.67,11.86,12.52
114.91,67.23,205.1589,4.6431,230.3836,0.22,100.00,42.92,19.34,202.76,9.53,331.04,203.5033,7.1859,230.2305,203.2841,7.0403,230.5186,23.87,340.66,42.92,203.8625,7.4221,229.7977,23.87,340.66,42.92,250.0675,11.9445,279.8723,0.00,100.00,182.67,-11.86,182.67,11.86,12.52
115.00,67.22,205.1589,4.6582,230.3836,0.16,100.00,42.92,19.34,202.76,9.53,331.04,203.5033,7.2009,230.2305,203.2841,7.0553,230.5186,23.87,340.66,42.92,203.8625,7.4371,229.7977,23.87,340.66,42.92,250.0675,11.9445,279.8723,0.00,100.00,182.67,-11.86,182.67,11.86,12.52
115.09,67.22,205.1589,4.6737,230.3836,0.17,100.00,42.92,19.34,202.76,9.53,331.04,203.5033,7.2164,230.2305,203.2841,7.0708,230.5186,23.87,340.66,42.92,203.8625,7.4526,229.7977,23.87,340.66,42.92,250.0675,11.9445,279.8723,0.00,100.00,182.67,-11.86,182.67,11.86,12.52
115.19,67.22,205.1589,4.6524,230.3836,0.23,100.00,42.87,19.32,202.76,9.53,331.04,203.5033,7.1952,230.2305,203.2839,7.0495,230.5183,23.88,340.68,42.87,203.8629,7.4315,229.7981,23.88,340.68,42.87,250.0675,11.9445,279.8723,0.00,100.00,182.67,-11.86,182.67,11.86,12.52
115.28,67.22,205.1588,4.6690,230.3836,0.18,100.00,42.82,19.30,202.76,9.53,331.04,203.5032,7.2117,230.2305,203.2835,7.0659,230.5181,23.90,340.70,42.82,203.8631,7.4483,229.7984,23.90,340.70,42.82,250.0675,11.9445,279.8723,0.00,100.00,182.67,-11.86,182.67,11.86,12.52
115.37,67.22,205.1587,4.6506,230.3836,0.20,100.00,42.78,19.28,202.76,9.53,331.04,203.5031,7.1934,230.2305,203.2833,7.0475,230.5178,23.91,340.72,42.78,203.8634,7.4301,229.7988,23.91,340.72,42.78,250.0675,11.9445,279.8723,0.00,100.00,182.67,-11.86,182.67,11.86,12.52
115.46,67.22,205.1587,4.6668,230.3836,0.18,100.00,42.73,19.26,202.76,9.53,331.04,203.5031,7.2096,230.2305,203.2831,7.0636,230.5176,23.93,340.74,42.73,203.8637,7.4465,229.7991,23.93,340.74,42.73,250.0675,11.9445,279.8723,0.00,100.00,182.67,-11.86,182.67,11.86,12.52
115.55,67.22,205.1587,4.6466,230.3836,0.22,100.00,42.69,19.24,202.76,9.53,331.04,203.5031,7.1893,230.2305,203.2829,7.0432,230.5174,23.94,340.76,42.69,203.8640,7.4264,229.7995,23.94,340.76,42.69,250.0675,11.9445,279.8723,0.00,100.00,182.67,-11.86,182.67,11.86,12.52
115.64,67.22,205.1587,4.6624,230.3836,0.17,100.00,42.65,19.23,202.76,9.53,331.04,203.5031,7.2052,230.2305,203.2827,7.0589,230.5172,23.96,340.77,42.65,203.8643,7.4423,229.7998,23.96,340.77,42.65,250.0675,11.9445,279.8723,0.00,100.00,182.67,-11.86,182.67,11.86,12.52
115.73,67.23,205.1587,4.6398,230.3836,0.24,100.00,42.61,19.21,202.76,9.53,331.04,203.5031,7.1825,230.2305,203.2825,7.0362,230.5170,23.97,340.79,42.61,203.8645,7.4198,229.8000,23.97,340.79,42.61,250.0675,11.9445,279.8723,0.00,100.00,182.67,-11.86,182.67,11.86,12.52
115.82,67.22,205.1587,4.6550,230.3835,0.17,100.00,42.57,19.20,202.76,9.53,331.04,203.5031,7.1978,230.2305,203.2823,7.0514,230.5169,23.98,340.80,42.57,203.8648,7.4352,229.8003,23.98,340.80,42.57,250.0675,11.9445,279.8723,0.00,100.00,182.67,-11.86,182.67,11.86,12.52
115.92,67.22,205.1587,4.6699,230.3836,0.16,100.00,42.57,19.20,202.76,9.53,331.04,203.5031,7.2127,230.2305,203.2823,7.0663,230.5169,23.98,340.80,42.57,203.8648,7.4501,229.8003,23.98,340.80,42.57,250.0675,11.9445,279.8723,0.00,100.00,182.67,-11.86,182.67,11.86,12.52
116.01,67.22,205.1587,4.6517,230.3836,0.20,100.00,42.57,19.20,202.76,9.53,331.04,203.5031,7.1945,230.2305,203.2823,7.0481,230.5169,23.98,340.80,42.57,203.8648,7.4319,229.8003,23.98,340.80,42.57,250.0675,11.9445,279.8723,0.00,100.00,182.67,-11.86,182.67,11.86,12.52
116.10,67.22,205.1587,4.6673,230.3836,0.17,100.00,42.57,19.20,202.76,9.53,331.04,203.5031,7.2101,230.2305,203.2823,7.0637,230.5169,23.98,340.80,42.57,203.8648,7.4475,229.8003,23.98,340.80,42.57,250.0675,11.9445,279.8723,0.00,100.00,182.67,-11.86,182.67,11.86,12.52
116.19,67.22,205.1587,4.6497,230.3836,0.20,100.00,42.57,19.20,202.76,9.53,331.04,203.5031,7.1925,230.2305,203.2823,7.0460,230.5169,23.98,340.80,42.57,203.8648,7.4299,229.8003,23.98,340.80,42.57,250.0675,11.9445,279.8723,0.00,100.00,182.67,-11.86,182.67,11.86,12.52
116.28,67.22,205.1587,4.6632,230.3836,0.15,100.00,42.57,19.20,202.76,9.53,331.04,203.5031,7.2060,230.2305,203.2824,7.0596,230.5169,23.98,340.80,42.57,203.8648,7.4434,229.8003,23.98,340.80,42.57,250.0675,11.9445,279.8723,0.00,100.00,182.67,-11.86,182.67,11.86,12.52
116.37,67.23,205.1587,4.6438,230.3836,0.21,100.00,42.57,19.20,202.76,9.53,331.04,203.5031,7.1866,230.2305,203.2823,7.0402,230.5169,23.98,340.80,42.57,203.8648,7.4240,229.8003,23.98,340.80,42.57,250.0675,11.9445,279.8723,0.00,100.00,182.67,-11.86,182.67,11.86,12.52
116.46,67.22,205.1587,4.6565,230.3836,0.14,100.00,42.57,19.20,202.76,9.53,331.04,203.5031,7.1993,230.2305,203.2823,7.0529,230.5169,23.98,340.80,42.57,203.8648,7.4367,229.8003,23.98,340.80,42.57,250.0675,11.9445,279.8723,0.00,100.00,182.67,-11.86,182.67,11.86,12.52
116.55,67.23,205.1587,4.6414,230.3836,0.17,100.00,42.57,19.20,202.76,9.53,331.04,203.5031,7.1841,230.2305,203.2823,7.0377,230.5169,23.98,340.80,42.57,203.8648,7.4216,229.8003,23.98,340.80,42.57,250.0675,11.9445,279.8723,0.00,100.00,182.67,-11.86,182.67,11.86,12.52
116.64,67.22,205.1587,4.6552,230.3836,0.15,100.00,42.57,19.20,202.76,9.53,331.04,203.5031,7.1979,230.2305,203.2823,7.0515,230.5169,23.98,340.80,42.57,203.8648,7.4354,229.8003,23.98,340.80,42.57,250.0675,11.9445,279.8723,0.00,100.00,182.67,-11.86,182.67,11.86,12.52
116.74,67.22,205.1587,4.6701,230.3835,0.16,100.00,42.57,19.20,202.76,9.53,331.04,203.5031,7.2129,230.2305,203.2823,7.0665,230.5169,23.98,340.80,42.57,203.8648,7.4503,229.8003,23.98,340.80,42.57,250.0675,11.9445,279.8723,0.00,100.00,182.67,-11.86,182.67,11.86,12.52
116.83,67.22,205.1587,4.6481,230.3836,0.24,100.00,42.57,19.20,202.76,9.53,331.04,203.5031,7.1908,230.2305,203.2823,7.0444,230.5169,23.98,340.80,42.57,203.8648,7.4283,229.8003,23.98,340.80,42.57,250.0675,11.9445,279.8723,0.00,100.00,182.67,-11.86,182.67,11.86,12.52
116.92,67.22,205.1587,4.6650,230.3836,0.19,100.00,42.57,19.20,202.76,9.53,331.04,203.5031,7.2078,230.2305,203.2823,7.0614,230.5169,23.98,340.80,42.57,203.8648,7.4452,229.8003,23.98,340.80,42.57,250.0675,11.9445,279.8723,0.00,100.00,182.67,-11.86,182.67,11.86,12.52
117.01,67.23,205.1587,4.6432,230.3836,0.24,100.00,42.57,19.20,202.76,9.53,331.04,203.5031,7.1860,230.2305,203.2824,7.0396,230.5169,23.98,340.80,42.57,203.8648,7.4234,229.8003,23.98,340.80,42.57,250.0675,11.9445,279.8723,0.00,100.00,182.67,-11.86,182.67,11.86,12.52
117.10,67.22,205.1587,4.6600,230.3836,0.19,100.00,42.57,19.20,202.76,9.53,331.04,203.5031,7.2028,230.2305,203.2823,7.0564,230.5169,23.98,340.80,42.57,203.8648,7.4402,229.8003,23.98,340.80,42.57,250.0675,11.9445,279.8723,0.00,100.00,182.67,-11.86,182.67,11.86,12.52
117.19,67.23,205.1587,4.6422,230.3836,0.20,100.00,42.57,19.20,202.76,9.53,331.04,203.5031,7.1849,230.2305,203.2823,7.0385,230.5169,23.98,340.80,42.57,203.8648,7.4224,229.8003,23.98,340.80,42.57,250.0675,11.9445,279.8723,0.00,100.00,182.67,-11.86,182.67,11.86,12.52
117.28,67.22,205.1587,4.6583,230.3836,0.18,100.00,42.57,19.20,202.76,9.53,331.04,203.5031,7.2010,230.2305,203.2824,7.0546,230.5169,23.98,340.80,42.57,203.8648,7.4385,229.8003,23.98,340.80,42.57,250.0675,11.9445,279.8723,0.00,100.00,182.67,-11.86,182.67,11.86,12.52
117.38,67.22,205.1587,4.6718,230.3835,0.15,100.00,42.57,19.20,202.76,9.53,331.04,203.5031,7.2145,230.2305,203.2823,7.0681,230.5169,23.98,340.80,42.57,203.8648,7.4520,229.8003,23.98,340.80,42.57,250.0675,11.9445,279.8723,0.00,100.00,182.67,-11.86,182.67,11.86,12.52
117.47,67.22,205.1587,4.6492,230.3836,0.24,100.00,42.57,19.20,202.76,9.53,331.04,203.5031,7.1920,230.2305,203.2823,7.0456,230.5169,23.98,340.80,42.57,203.8648,7.4294,229.8003,23.98,340.80,42.57,250.0675,11.9445,279.8723,0.00,100.00,182.67,-11.86,182.67,11.86,12.52
117.56,67.22,205.1587,4.6652,230.3836,0.18,100.00,42.57,19.20,202.76,9.53,331.04,203.5031,7.2080,230.2305,203.2823,7.0616,230.5169,23.98,340.80,42.57,203.8648,7.4454,229.8003,23.98,340.80,42.57,250.0675,11.9445,279.8723,0.00,100.00,182.67,-11.86,182.67,11.86,12.52
117.65,67.23,205.1587,4.6430,230.3836,0.24,100.00,42.57,19.20,202.76,9.53,331.04,203.5031,7.1858,230.2305,203.2823,7.0394,230.5169,23.98,340.80,42.57,203.8648,7.4232,229.8003,23.98,340.80,42.57,250.0675,11.9445,279.8723,0.00,100.00,182.67,-11.86,182.67,11.86,12.52
117.74,67.22,205.1587,4.6602,230.3836,0.19,100.00,42.57,19.20,202.76,9.53,331.04,203.5031,7.2030,230.2305,203.2823,7.0566,230.5169,23.98,340.80,42.57,203.8648,7.4404,229.8003,23.98,340.80,42.57,250.0675,11.9445,279.8723,0.00,100.00,182.67,-11.86,182.67,11.86,12.52
117.83,67.22,205.1587,4.6744,230.3836,0.15,100.00,42.57,19.20,202.76,9.53,331.04,203.5031,7.2171,230.2305,203.2823,7.0707,230.5169,23.98,340.80,42.57,203.8648,7.4546,229.8003,23.98,340.80,42.57,250.0675,11.9445,279.8723,0.00,100.00,182.67,-11.86,182.67,11.86,12.52
117.83,67.22,205.1587,4.6541,230.3836,Infinity,100.00,42.57,19.20,202.76,9.53,331.04,203.5031,7.1969,230.2305,203.2823,7.0505,230.5169,23.98,340.80,42.57,203.8648,7.4343,229.8003,23.98,340.80,42.57,250.0675,11.9445,279.8723,NaN,100.00,182.67,-11.86,182.67,11.86,12.52
