Time,Distance,Player_Pos_X,Player_Pos_Y,Player_Pos_Z,Player_Speed,Player_Health,Player_Turret_X,Player_Turret_Y,Player_Body_X,Player_Body_Y,Player_Body_Z,TurretCam_X,TurretCam_Y,TurretCam_Z,StereoL_X,StereoL_Y,StereoL_Z,StereoL_Roll,StereoL_Pitch,StereoL_Yaw,StereoR_X,StereoR_Y,StereoR_Z,StereoR_Roll,StereoR_Pitch,StereoR_Yaw,Enemy_Pos_X,Enemy_Pos_Y,Enemy_Pos_Z,Enemy_Speed,Enemy_Health,Enemy_Turret_X,Enemy_Turret_Y,Enemy_Body_X,Enemy_Body_Y,Enemy_Body_Z
0.03,260.99,59.3500,7.9977,27.2300,30.07,100.00,0.00,0.00,0.00,0.00,0.00,59.3570,11.0156,27.5799,58.9670,11.0156,27.5899,0.00,0.00,0.00,59.9670,11.0156,27.5899,0.00,0.00,0.00,135.4600,8.9910,276.8700,0.27,100.00,180.00,0.00,180.00,0.00,0.00
0.07,260.99,59.3500,7.9982,27.2300,0.01,100.00,0.00,0.00,0.00,0.00,0.00,59.3570,11.0160,27.5799,58.9670,11.0160,27.5899,0.00,0.00,0.00,59.9670,11.0160,27.5899,0.00,0.00,0.00,135.4600,8.9717,276.8700,0.58,100.00,180.00,0.00,180.00,0.00,0.00
0.10,260.99,59.3500,8.0022,27.2300,0.12,100.00,0.00,0.00,0.00,0.00,0.00,59.3570,11.0201,27.5799,58.9670,11.0201,27.5899,0.00,0.00,0.00,59.9670,11.0201,27.5899,0.00,0.00,0.00,135.4600,8.9425,276.8700,0.88,100.00,180.00,0.00,180.00,0.00,0.00
0.13,260.98,59.3500,7.9899,27.2327,0.38,100.00,0.00,0.00,0.00,0.00,0.00,59.3570,11.0078,27.5826,58.9670,11.0078,27.5926,0.00,0.00,0.00,59.9670,11.0078,27.5926,0.00,0.00,0.00,135.4600,8.9022,276.8700,1.21,100.00,180.00,0.00,180.00,0.00,0.00
0.17,260.98,59.3500,7.9950,27.2381,0.22,100.00,0.00,0.00,0.00,0.00,0.00,59.3570,11.0129,27.5880,58.9670,11.0129,27.5980,0.00,0.00,0.00,59.9670,11.0129,27.5980,0.00,0.00,0.00,135.4600,8.8522,276.8700,1.50,100.00,180.00,0.00,180.00,0.00,0.00
0.20,260.97,59.3500,7.9792,27.2462,0.53,100.00,0.00,0.00,0.00,0.00,0.00,59.3570,10.9971,27.5961,58.9670,10.9971,27.6061,0.00,0.00,0.00,59.9670,10.9971,27.6061,0.00,0.00,0.00,135.4600,8.7926,276.8700,1.79,100.00,180.00,0.00,180.00,0.00,0.00
0.23,260.96,59.3500,7.9853,27.2570,0.37,100.00,0.00,0.00,0.00,0.00,0.00,59.3570,11.0032,27.6069,58.9670,11.0032,27.6169,0.00,0.00,0.00,59.9670,11.0032,27.6169,0.00,0.00,0.00,135.4600,8.7225,276.8700,2.10,100.00,180.00,0.00,180.00,0.00,0.00
0.27,260.95,59.3500,7.9931,27.2705,0.47,100.00,0.00,0.00,0.00,0.00,0.00,59.3570,11.0110,27.6204,58.9670,11.0110,27.6304,0.00,0.00,0.00,59.9670,11.0110,27.6304,0.00,0.00,0.00,135.4600,8.6432,276.8700,2.38,100.00,180.00,0.00,180.00,0.00,0.00
0.30,260.93,59.3500,8.0022,27.2867,0.56,100.00,0.00,0.00,0.00,0.00,0.00,59.3570,11.0201,27.6366,58.9670,11.0201,27.6466,0.00,0.00,0.00,59.9670,11.0201,27.6466,0.00,0.00,0.00,135.4600,8.5549,276.8700,2.65,100.00,180.00,0.00,180.00,0.00,0.00
0.33,260.91,59.3500,7.9826,27.3056,0.82,100.00,0.00,0.00,0.00,0.00,0.00,59.3570,11.0005,27.6555,58.9670,11.0005,27.6655,0.00,0.00,0.00,59.9670,11.0005,27.6655,0.00,0.00,0.00,135.4600,8.5961,276.8699,1.24,100.00,180.00,-0.01,180.00,0.01,0.00
0.37,260.89,59.3500,7.9920,27.3272,0.71,100.00,0.00,0.00,0.00,0.00,0.00,59.3571,11.0099,27.6771,58.9671,11.0099,27.6871,0.00,0.00,0.00,59.9671,11.0099,27.6871,0.00,0.00,0.00,135.4600,8.6016,276.8695,0.16,100.00,180.00,-0.05,180.00,0.05,0.00
0.40,260.87,59.3500,8.0022,27.3515,0.79,100.00,0.00,0.00,0.00,0.00,0.00,59.3570,11.0201,27.7014,58.9670,11.0201,27.7114,0.00,0.00,0.00,59.9670,11.0201,27.7114,0.00,0.00,0.00,135.4600,8.6003,276.8699,0.04,100.00,180.00,-0.01,180.00,0.01,0.00
0.43,260.84,59.3500,7.9810,27.3785,1.03,100.00,0.00,0.00,0.00,0.00,0.00,59.3570,10.9989,27.7284,58.9670,10.9989,27.7384,0.00,0.00,0.00,59.9670,10.9989,27.7384,0.00,0.00,0.00,135.4600,8.6000,276.8700,0.01,100.00,180.00,0.00,180.00,0.00,0.00
0.47,260.81,59.3500,7.9914,27.4082,0.94,100.00,0.00,0.00,0.00,0.00,0.00,59.3570,11.0093,27.7581,58.9670,11.0093,27.7681,0.00,0.00,0.00,59.9670,11.0093,27.7681,0.00,0.00,0.00,135.4600,8.6000,276.8700,0.00,100.00,180.00,0.00,180.00,0.00,0.00
0.50,260.78,59.3500,8.0022,27.4406,1.02,100.00,0.00,0.00,0.00,0.00,0.00,59.3570,11.0201,27.7905,58.9670,11.0201,27.8005,0.00,0.00,0.00,59.9670,11.0201,27.8005,0.00,0.00,0.00,135.4600,8.6000,276.8700,0.00,100.00,180.00,0.00,180.00,0.00,0.00
0.53,260.75,59.3500,7.9800,27.4757,1.25,100.00,0.00,0.00,0.00,0.00,0.00,59.3570,10.9979,27.8256,58.9670,10.9979,27.8356,0.00,0.00,0.00,59.9670,10.9979,27.8356,0.00,0.00,0.00,135.4600,8.6000,276.8700,0.00,100.00,180.00,0.00,180.00,0.00,0.00
0.57,260.71,59.3500,7.9910,27.5135,1.18,100.00,0.00,0.00,0.00,0.00,0.00,59.3570,11.0089,27.8634,58.9670,11.0089,27.8734,0.00,0.00,0.00,59.9670,11.0089,27.8734,0.00,0.00,0.00,135.4600,8.6000,276.8700,0.00,100.00,180.00,0.00,180.00,0.00,0.00
0.60,260.68,59.3500,8.0022,27.5540,1.26,100.00,0.00,0.00,0.00,0.00,0.00,59.3570,11.0201,27.9039,58.9670,11.0201,27.9139,0.00,0.00,0.00,59.9670,11.0201,27.9139,0.00,0.00,0.00,135.4600,8.6000,276.8700,0.00,100.00,180.00,0.00,180.00,0.00,0.00
0.63,260.63,59.3500,7.9795,27.5972,1.46,100.00,0.00,0.00,0.00,0.00,0.00,59.3570,10.9974,27.9471,58.9670,10.9974,27.9571,0.00,0.00,0.00,59.9670,10.9974,27.9571,0.00,0.00,0.00,135.4600,8.6000,276.8700,0.00,100.00,180.00,0.00,180.00,0.00,0.00
0.67,260.59,59.3500,7.9907,27.6431,1.42,100.00,0.00,0.00,0.00,0.00,0.00,59.3570,11.0086,27.9930,58.9670,11.0086,28.0030,0.00,0.00,0.00,59.9670,11.0086,28.0030,0.00,0.00,0.00,135.4600,8.6000,276.8700,0.00,100.00,180.00,0.00,180.00,0.00,0.00
0.70,260.54,59.3500,8.0022,27.6917,1.50,100.00,0.00,0.00,0.00,0.00,0.00,59.3570,11.0201,28.0416,58.9670,11.0201,28.0516,0.00,0.00,0.00,59.9670,11.0201,28.0516,0.00,0.00,0.00,135.4600,8.6000,276.8700,0.00,100.00,180.00,0.00,180.00,0.00,0.00
0.73,260.49,59.3500,7.9791,27.7430,1.69,100.00,0.00,0.00,0.00,0.00,0.00,59.3570,10.9970,28.0929,58.9670,10.9970,28.1029,0.00,0.00,0.00,59.9670,10.9970,28.1029,0.00,0.00,0.00,135.4600,8.6000,276.8700,0.00,100.00,180.00,0.00,180.00,0.00,0.00
0.77,260.44,59.3500,7.9906,27.7970,1.66,100.00,0.00,0.00,0.00,0.00,0.00,59.3570,11.0085,28.1469,58.9670,11.0085,28.1569,0.00,0.00,0.00,59.9670,11.0085,28.1569,0.00,0.00,0.00,135.4600,8.6000,276.8700,0.00,100.00,180.00,0.00,180.00,0.00,0.00
0.80,260.39,59.3500,8.0022,27.8537,1.74,100.00,0.00,0.00,0.00,0.00,0.00,59.3570,11.0201,28.2036,58.9670,11.0201,28.2136,0.00,0.00,0.00,59.9670,11.0201,28.2136,0.00,0.00,0.00,135.4600,8.6000,276.8700,0.00,100.00,180.00,0.00,180.00,0.00,0.00
0.83,260.33,59.3500,7.9789,27.9131,1.91,100.00,0.00,0.00,0.00,0.00,0.00,59.3570,10.9968,28.2630,58.9670,10.9968,28.2730,0.00,0.00,0.00,59.9670,10.9968,28.2730,0.00,0.00,0.00,135.4600,8.6000,276.8700,0.00,100.00,180.00,0.00,180.00,0.00,0.00
0.87,260.27,59.3500,7.9905,27.9752,1.90,100.00,0.00,0.00,0.00,0.00,0.00,59.3570,11.0084,28.3251,58.9670,11.0084,28.3351,0.00,0.00,0.00,59.9670,11.0084,28.3351,0.00,0.00,0.00,135.4600,8.6000,276.8700,0.00,100.00,180.00,0.00,180.00,0.00,0.00
0.90,260.21,59.3500,8.0022,28.0400,1.98,100.00,0.00,0.00,0.00,0.00,0.00,59.3570,11.0201,28.3899,58.9670,11.0201,28.3999,0.00,0.00,0.00,59.9670,11.0201,28.3999,0.00,0.00,0.00,135.4600,8.6000,276.8700,0.00,100.00,180.00,0.00,180.00,0.00,0.00
0.93,260.15,59.3500,7.9788,28.1075,2.14,100.00,0.00,0.00,0.00,0.00,0.00,59.3570,10.9967,28.4574,58.9670,10.9967,28.4674,0.00,0.00,0.00,59.9670,10.9967,28.4674,0.00,0.00,0.00,135.4600,8.6000,276.8700,0.00,100.00,180.00,0.00,180.00,0.00,0.00
0.97,260.08,59.3500,7.9905,28.1777,2.14,100.00,0.00,0.00,0.00,0.00,0.00,59.3570,11.0084,28.5276,58.9670,11.0084,28.5376,0.00,0.00,0.00,59.9670,11.0084,28.5376,0.00,0.00,0.00,135.4600,8.6000,276.8700,0.00,100.00,180.00,0.00,180.00,0.00,0.00
1.00,260.01,59.3500,8.0022,28.2506,2.21,100.00,0.00,0.00,0.00,0.00,0.00,59.3570,11.0201,28.6005,58.9670,11.0201,28.6105,0.00,0.00,0.00,59.9670,11.0201,28.6105,0.00,0.00,0.00,135.4600,8.6000,276.8700,0.00,100.00,180.00,0.00,180.00,0.00,0.00
1.03,259.94,59.3500,7.9787,28.3262,2.37,100.00,0.00,0.00,0.00,0.00,0.00,59.3570,10.9966,28.6761,58.9670,10.9966,28.6861,0.00,0.00,0.00,59.9670,10.9966,28.6861,0.00,0.00,0.00,135.4600,8.6000,276.8700,0.00,100.00,180.00,0.00,180.00,0.00,0.00
1.07,259.86,59.3500,7.9904,28.4045,2.37,100.00,0.00,0.00,0.00,0.00,0.00,59.3570,11.0083,28.7544,58.9670,11.0083,28.7644,0.00,0.00,0.00,59.9670,11.0083,28.7644,0.00,0.00,0.00,135.4600,8.6000,276.8700,0.00,100.00,180.00,0.00,180.00,0.00,0.00
1.10,259.78,59.3500,8.0022,28.4855,2.46,100.00,0.00,0.00,0.00,0.00,0.00,59.3571,11.0201,28.8354,58.9671,11.0201,28.8454,0.00,0.00,0.00,59.9671,11.0201,28.8454,0.00,0.00,0.00,135.4600,8.6000,276.8700,0.00,100.00,180.00,0.00,180.00,0.00,0.00
1.13,259.70,59.3500,7.9787,28.5693,2.61,100.00,0.00,0.00,0.00,0.00,0.00,59.3570,10.9966,28.9191,58.9670,10.9966,28.9291,0.00,0.00,0.00,59.9670,10.9966,28.9291,0.00,0.00,0.00,135.4600,8.6000,276.8700,0.00,100.00,180.00,0.00,180.00,0.00,0.00
1.17,259.62,59.3500,7.9904,28.6557,2.62,100.00,0.00,0.00,0.00,0.00,0.00,59.3570,11.0083,29.0056,58.9670,11.0083,29.0156,0.00,0.00,0.00,59.9670,11.0083,29.0156,0.00,0.00,0.00,135.4600,8.6000,276.8700,0.00,100.00,180.00,0.00,180.00,0.00,0.00
1.20,259.54,59.3500,8.0022,28.7447,2.70,100.00,0.00,0.00,0.00,0.00,0.00,59.3570,11.0201,29.0946,58.9670,11.0201,29.1046,0.00,0.00,0.00,59.9670,11.0201,29.1046,0.00,0.00,0.00,135.4600,8.6000,276.8700,0.00,100.00,180.00,0.00,180.00,0.00,0.00
1.23,259.45,59.3500,7.9787,28.8365,2.84,100.00,0.00,0.00,0.00,0.00,0.00,59.3570,10.9966,29.1864,58.9670,10.9966,29.1964,0.00,0.00,0.00,59.9670,10.9966,29.1964,0.00,0.00,0.00,135.4600,8.6000,276.8700,0.00,100.00,180.00,0.00,180.00,0.00,0.00
1.27,259.36,59.3500,7.9904,28.9310,2.86,100.00,0.00,0.00,0.00,0.00,0.00,59.3570,11.0083,29.2809,58.9670,11.0083,29.2909,0.00,0.00,0.00,59.9670,11.0083,29.2909,0.00,0.00,0.00,135.4600,8.6000,276.8700,0.00,100.00,180.00,0.00,180.00,0.00,0.00
1.30,259.27,59.3500,8.0022,29.0282,2.94,100.00,0.00,0.00,0.00,0.00,0.00,59.3570,11.0201,29.3781,58.9670,11.0201,29.3881,0.00,0.00,0.00,59.9670,11.0201,29.3881,0.00,0.00,0.00,135.4600,8.6000,276.8700,0.00,100.00,180.00,0.00,180.00,0.00,0.00
1.33,259.17,59.3500,7.9787,29.1281,3.08,100.00,0.00,0.00,0.00,0.00,0.00,59.3570,10.9966,29.4780,58.9670,10.9966,29.4880,0.00,0.00,0.00,59.9670,10.9966,29.4880,0.00,0.00,0.00,135.4600,8.6000,276.8700,0.00,100.00,180.00,0.00,180.00,0.00,0.00
1.37,259.07,59.3500,7.9904,29.2307,3.10,100.00,0.00,0.00,0.00,0.00,0.00,59.3570,11.0083,29.5806,58.9670,11.0083,29.5906,0.00,0.00,0.00,59.9670,11.0083,29.5906,0.00,0.00,0.00,135.4600,8.6000,276.8700,0.00,100.00,180.00,0.00,180.00,0.00,0.00
1.40,258.97,59.3500,8.0022,29.3361,3.18,100.00,0.00,0.00,0.00,0.00,0.00,59.3570,11.0201,29.6859,58.9670,11.0201,29.6959,0.00,0.00,0.00,59.9670,11.0201,29.6959,0.00,0.00,0.00,135.4600,8.6000,276.8700,0.00,100.00,180.00,0.00,180.00,0.00,0.00
1.43,258.87,59.3500,7.9786,29.4440,3.32,100.00,0.00,0.00,0.00,0.00,0.00,59.3570,10.9965,29.7939,58.9670,10.9965,29.8039,0.00,0.00,0.00,59.9670,10.9965,29.8039,0.00,0.00,0.00,135.4600,8.6000,276.8700,0.00,100.00,180.00,0.00,180.00,0.00,0.00
1.47,258.76,59.3500,7.9904,29.5548,3.34,100.00,0.00,0.00,0.00,0.00,0.00,59.3570,11.0083,29.9046,58.9670,11.0083,29.9146,0.00,0.00,0.00,59.9670,11.0083,29.9146,0.00,0.00,0.00,135.4600,8.6000,276.8700,0.00,100.00,180.00,0.00,180.00,0.00,0.00
1.50,258.65,59.3500,8.0022,29.6682,3.42,100.00,0.00,0.00,0.00,0.00,0.00,59.3570,11.0201,30.0180,58.9670,11.0201,30.0280,0.00,0.00,0.00,59.9670,11.0201,30.0280,0.00,0.00,0.00,135.4600,8.6000,276.8700,0.00,100.00,180.00,0.00,180.00,0.00,0.00
1.53,258.54,59.3500,7.9786,29.7843,3.55,100.00,0.00,0.00,0.00,0.00,0.00,59.3570,10.9965,30.1341,58.9670,10.9965,30.1441,0.00,0.00,0.00,59.9670,10.9965,30.1441,0.00,0.00,0.00,135.4600,8.6000,276.8700,0.00,100.00,180.00,0.00,180.00,0.00,0.00
1.57,258.43,59.3500,7.9904,29.9031,3.58,100.00,0.00,0.00,0.00,0.00,0.00,59.3570,11.0083,30.2530,58.9670,11.0083,30.2630,0.00,0.00,0.00,59.9670,11.0083,30.2630,0.00,0.00,0.00,135.4600,8.6000,276.8700,0.00,100.00,180.00,0.00,180.00,0.00,0.00
1.60,258.31,59.3500,8.0022,30.0246,3.66,100.00,0.00,0.00,0.00,0.00,0.00,59.3570,11.0201,30.3745,58.9670,11.0201,30.3845,0.00,0.00,0.00,59.9670,11.0201,30.3845,0.00,0.00,0.00,135.4600,8.6000,276.8700,0.00,100.00,180.00,0.00,180.00,0.00,0.00
1.63,258.19,59.3500,7.9786,30.1488,3.79,100.00,0.00,0.00,0.00,0.00,0.00,59.3570,10.9965,30.4987,58.9670,10.9965,30.5087,0.00,0.00,0.00,59.9670,10.9965,30.5087,0.00,0.00,0.00,135.4600,8.6000,276.8700,0.00,100.00,180.00,0.00,180.00,0.00,0.00
1.67,258.07,59.3500,7.9904,30.2757,3.82,100.00,0.00,0.00,0.00,0.00,0.00,59.3570,11.0083,30.6256,58.9670,11.0083,30.6356,0.00,0.00,0.00,59.9670,11.0083,30.6356,0.00,0.00,0.00,135.4600,8.6000,276.8700,0.00,100.00,180.00,0.00,180.00,0.00,0.00
1.70,257.95,59.3500,8.0022,30.4053,3.90,100.00,0.00,0.00,0.00,0.00,0.00,59.3570,11.0201,30.7552,58.9670,11.0201,30.7652,0.00,0.00,0.00,59.9670,11.0201,30.7652,0.00,0.00,0.00,135.4600,8.6000,276.8700,0.00,100.00,180.00,0.00,180.00,0.00,0.00
1.73,257.82,59.3500,7.9786,30.5376,4.03,100.00,0.00,0.00,0.00,0.00,0.00,59.3570,10.9965,30.8875,58.9670,10.9965,30.8975,0.00,0.00,0.00,59.9670,10.9965,30.8975,0.00,0.00,0.00,135.4600,8.6000,276.8700,0.00,100.00,180.00,0.00,180.00,0.00,0.00
1.77,257.69,59.3500,7.9904,30.6726,4.07,100.00,0.00,0.00,0.00,0.00,0.00,59.3570,11.0083,31.0225,58.9670,11.0083,31.0325,0.00,0.00,0.00,59.9670,11.0083,31.0325,0.00,0.00,0.00,135.4600,8.6000,276.8700,0.00,100.00,180.00,0.00,180.00,0.00,0.00
1.80,257.56,59.3500,8.0022,30.8103,4.15,100.00,0.00,0.00,0.00,0.00,0.00,59.3570,11.0201,31.1602,58.9670,11.0201,31.1702,0.00,0.00,0.00,59.9670,11.0201,31.1702,0.00,0.00,0.00,135.4600,8.6000,276.8700,0.00,100.00,180.00,0.00,180.00,0.00,0.00
1.83,257.43,59.3500,7.9786,30.9507,4.27,100.00,0.00,0.00,0.00,0.00,0.00,59.3570,10.9965,31.3006,58.9670,10.9965,31.3106,0.00,0.00,0.00,59.9670,10.9965,31.3106,0.00,0.00,0.00,135.4600,8.6000,276.8700,0.00,100.00,180.00,0.00,180.00,0.00,0.00
1.87,257.29,59.3500,7.9904,31.0938,4.31,100.00,0.00,0.00,0.00,0.00,0.00,59.3570,11.0083,31.4437,58.9670,11.0083,31.4537,0.00,0.00,0.00,59.9670,11.0083,31.4537,0.00,0.00,0.00,135.4600,8.6000,276.8700,0.00,100.00,180.00,0.00,180.00,0.00,0.00
1.90,257.15,59.3500,8.0022,31.2396,4.39,100.00,0.00,0.00,0.00,0.00,0.00,59.3570,11.0201,31.5895,58.9670,11.0201,31.5995,0.00,0.00,0.00,59.9670,11.0201,31.5995,0.00,0.00,0.00,135.4600,8.6000,276.8700,0.00,100.00,180.00,0.00,180.00,0.00,0.00
1.93,257.01,59.3500,7.9786,31.3881,4.51,100.00,0.00,0.00,0.00,0.00,0.00,59.3570,10.9965,31.7380,58.9670,10.9965,31.7480,0.00,0.00,0.00,59.9670,10.9965,31.7480,0.00,0.00,0.00,135.4600,8.6000,276.8700,0.00,100.00,180.00,0.00,180.00,0.00,0.00
1.97,256.87,59.3500,7.9904,31.5393,4.55,100.00,0.00,0.00,0.00,0.00,0.00,59.3571,11.0083,31.8892,58.9671,11.0083,31.8992,0.00,0.00,0.00,59.9671,11.0083,31.8992,0.00,0.00,0.00,135.4600,8.6000,276.8700,0.00,100.00,180.00,0.00,180.00,0.00,0.00
2.00,256.72,59.3500,8.0022,31.6932,4.63,100.00,0.00,0.00,0.00,0.00,0.00,59.3571,11.0201,32.0431,58.9671,11.0201,32.0531,0.00,0.00,0.00,59.9671,11.0201,32.0531,0.00,0.00,0.00,135.4600,8.6000,276.8700,0.00,100.00,180.00,0.00,180.00,0.00,0.00
2.03,256.57,59.3500,7.9786,31.8498,4.75,100.00,0.00,0.00,0.00,0.00,0.00,59.3570,10.9965,32.1997,58.9670,10.9965,32.2097,0.00,0.00,0.00,59.9670,10.9965,32.2097,0.00,0.00,0.00,135.4600,8.6000,276.8700,0.00,100.00,180.00,0.00,180.00,0.00,0.00
2.07,256.42,59.3500,7.9904,32.0091,4.79,100.00,0.00,0.00,0.00,0.00,0.00,59.3570,11.0083,32.3590,58.9670,11.0083,32.3690,0.00,0.00,0.00,59.9670,11.0083,32.3690,0.00,0.00,0.00,135.4600,8.6000,276.8700,0.00,100.00,180.00,0.00,180.00,0.00,0.00
2.10,256.26,59.3500,8.0022,32.1712,4.87,100.00,0.00,0.00,0.00,0.00,0.00,59.3571,11.0201,32.5210,58.9671,11.0201,32.5310,0.00,0.00,0.00,59.9671,11.0201,32.5310,0.00,0.00,0.00,135.4600,8.6000,276.8700,0.00,100.00,180.00,0.00,180.00,0.00,0.00
2.13,256.11,59.3500,7.9786,32.3358,4.99,100.00,0.00,0.00,0.00,0.00,0.00,59.3570,10.9965,32.6857,58.9670,10.9965,32.6957,0.00,0.00,0.00,59.9670,10.9965,32.6957,0.00,0.00,0.00,135.4600,8.6000,276.8700,0.00,100.00,180.00,0.00,180.00,0.00,0.00
2.17,255.95,59.3500,7.9904,32.5032,5.03,100.00,0.00,0.00,0.00,0.00,0.00,59.3570,11.0083,32.8531,58.9670,11.0083,32.8631,0.00,0.00,0.00,59.9670,11.0083,32.8631,0.00,0.00,0.00,135.4600,8.6000,276.8700,0.00,100.00,180.00,0.00,180.00,0.00,0.00
2.20,255.78,59.3500,8.0022,32.6734,5.12,100.00,0.00,0.00,0.00,0.00,0.00,59.3570,11.0201,33.0232,58.9670,11.0201,33.0332,0.00,0.00,0.00,59.9670,11.0201,33.0332,0.00,0.00,0.00,135.4600,8.6000,276.8700,0.00,100.00,180.00,0.00,180.00,0.00,0.00
2.23,255.62,59.3500,7.9775,32.8462,5.14,100.00,0.00,0.00,0.00,0.00,0.00,59.3570,10.9954,33.1960,58.9670,10.9954,33.2060,0.00,0.00,0.00,59.9670,10.9954,33.2060,0.00,0.00,0.00,135.4600,8.6000,276.8700,0.00,100.00,180.00,0.00,180.00,0.00,0.00
2.27,255.45,59.3500,7.9893,33.0251,5.38,100.00,0.00,0.00,0.00,0.00,0.00,59.3570,11.0072,33.3749,58.9670,11.0072,33.3849,0.00,0.00,0.00,59.9670,11.0072,33.3849,0.00,0.00,0.00,135.4600,8.6000,276.8700,0.00,100.00,180.00,0.00,180.00,0.00,0.00
2.30,255.28,59.3500,8.0010,33.2033,5.36,100.00,0.00,0.00,0.00,0.00,0.00,59.3570,11.0189,33.5532,58.9670,11.0189,33.5632,0.00,0.00,0.00,59.9670,11.0189,33.5632,0.00,0.00,0.00,135.4600,8.6000,276.8700,0.00,100.00,180.00,0.00,180.00,0.00,0.00
2.33,255.10,59.3500,7.9775,33.3843,5.47,100.00,0.00,0.00,0.00,0.00,0.00,59.3570,10.9954,33.7342,58.9670,10.9954,33.7442,0.00,0.00,0.00,59.9670,10.9954,33.7442,0.00,0.00,0.00,135.4600,8.6000,276.8700,0.00,100.00,180.00,0.00,180.00,0.00,0.00
2.37,254.93,59.3500,7.9893,33.5679,5.52,100.00,0.00,0.00,0.00,0.00,0.00,59.3570,11.0072,33.9178,58.9670,11.0072,33.9278,0.00,0.00,0.00,59.9670,11.0072,33.9278,0.00,0.00,0.00,135.4600,8.6000,276.8700,0.00,100.00,180.00,0.00,180.00,0.00,0.00
2.40,254.75,59.3500,8.0010,33.7543,5.60,100.00,0.00,0.00,0.00,0.00,0.00,59.3570,11.0189,34.1042,58.9670,11.0189,34.1142,0.00,0.00,0.00,59.9670,11.0189,34.1142,0.00,0.00,0.00,135.4600,8.6000,276.8700,0.00,100.00,180.00,0.00,180.00,0.00,0.00
2.43,254.57,59.3500,7.9775,33.9435,5.72,100.00,0.00,0.00,0.00,0.00,0.00,59.3570,10.9954,34.2934,58.9670,10.9954,34.3033,0.00,0.00,0.00,59.9670,10.9954,34.3033,0.00,0.00,0.00,135.4600,8.6000,276.8700,0.00,100.00,180.00,0.00,180.00,0.00,0.00
2.47,254.39,59.3500,7.9893,34.1351,5.76,100.00,0.00,0.00,0.00,0.00,0.00,59.3570,11.0072,34.4850,58.9670,11.0072,34.4950,0.00,0.00,0.00,59.9670,11.0072,34.4950,0.00,0.00,0.00,135.4600,8.6000,276.8700,0.00,100.00,180.00,0.00,180.00,0.00,0.00
2.50,254.20,59.3500,8.0010,34.3296,5.84,100.00,0.00,0.00,0.00,0.00,0.00,59.3571,11.0189,34.6795,58.9671,11.0189,34.6895,0.00,0.00,0.00,59.9671,11.0189,34.6895,0.00,0.00,0.00,135.4600,8.6000,276.8700,0.00,100.00,180.00,0.00,180.00,0.00,0.00
2.53,254.01,59.3500,7.9775,34.5267,5.96,100.00,0.00,0.00,0.00,0.00,0.00,59.3570,10.9954,34.8766,58.9670,10.9954,34.8866,0.00,0.00,0.00,59.9670,10.9954,34.8866,0.00,0.00,0.00,135.4600,8.6000,276.8700,0.00,100.00,180.00,0.00,180.00,0.00,0.00
2.57,253.82,59.3500,7.9893,34.7266,6.01,100.00,0.00,0.00,0.00,0.00,0.00,59.3570,11.0072,35.0765,58.9670,11.0072,35.0865,0.00,0.00,0.00,59.9670,11.0072,35.0865,0.00,0.00,0.00,135.4600,8.6000,276.8700,0.00,100.00,180.00,0.00,180.00,0.00,0.00
2.60,253.63,59.3500,8.0010,34.9292,6.09,100.00,0.00,0.00,0.00,0.00,0.00,59.3570,11.0189,35.2790,58.9670,11.0189,35.2890,0.00,0.00,0.00,59.9670,11.0189,35.2890,0.00,0.00,0.00,135.4600,8.6000,276.8700,0.00,100.00,180.00,0.00,180.00,0.00,0.00
2.63,253.43,59.3500,7.9775,35.1344,6.20,100.00,0.00,0.00,0.00,0.00,0.00,59.3570,10.9954,35.4843,58.9670,10.9954,35.4943,0.00,0.00,0.00,59.9670,10.9954,35.4943,0.00,0.00,0.00,135.4600,8.6000,276.8700,0.00,100.00,180.00,0.00,180.00,0.00,0.00
2.67,253.24,59.3500,7.9893,35.3424,6.25,100.00,0.00,0.00,0.00,0.00,0.00,59.3570,11.0072,35.6922,58.9670,11.0072,35.7022,0.00,0.00,0.00,59.9670,11.0072,35.7022,0.00,0.00,0.00,135.4600,8.6000,276.8700,0.00,100.00,180.00,0.00,180.00,0.00,0.00
2.70,253.04,59.3500,8.0010,35.5530,6.33,100.00,0.00,0.00,0.00,0.00,0.00,59.3570,11.0189,35.9029,58.9670,11.0189,35.9129,0.00,0.00,0.00,59.9670,11.0189,35.9129,0.00,0.00,0.00,135.4600,8.6000,276.8700,0.00,100.00,180.00,0.00,180.00,0.00,0.00
2.73,252.83,59.3500,7.9775,35.7664,6.44,100.00,0.00,0.00,0.00,0.00,0.00,59.3570,10.9954,36.1163,58.9670,10.9954,36.1263,0.00,0.00,0.00,59.9670,10.9954,36.1263,0.00,0.00,0.00,135.4600,8.6000,276.8700,0.00,100.00,180.00,0.00,180.00,0.00,0.00
2.77,252.63,59.3500,7.9893,35.9825,6.49,100.00,0.00,0.00,0.00,0.00,0.00,59.3570,11.0072,36.3323,58.9670,11.0072,36.3423,0.00,0.00,0.00,59.9670,11.0072,36.3423,0.00,0.00,0.00,135.4600,8.6000,276.8700,0.00,100.00,180.00,0.00,180.00,0.00,0.00
2.80,252.42,59.3500,8.0010,36.2012,6.57,100.00,0.00,0.00,0.00,0.00,0.00,59.3570,11.0189,36.5511,58.9670,11.0189,36.5611,0.00,0.00,0.00,59.9670,11.0189,36.5611,0.00,0.00,0.00,135.4600,8.6000,276.8700,0.00,100.00,180.00,0.00,180.00,0.00,0.00
2.83,252.21,59.3500,7.9775,36.4227,6.68,100.00,0.00,0.00,0.00,0.00,0.00,59.3570,10.9954,36.7726,58.9670,10.9954,36.7826,0.00,0.00,0.00,59.9670,10.9954,36.7826,0.00,0.00,0.00,135.4600,8.6000,276.8700,0.00,100.00,180.00,0.00,180.00,0.00,0.00
2.87,251.99,59.3500,7.9892,36.6469,6.74,100.00,0.00,0.00,0.00,0.00,0.00,59.3570,11.0071,36.9968,58.9670,11.0071,37.0068,0.00,0.00,0.00,59.9670,11.0071,37.0068,0.00,0.00,0.00,135.4600,8.6000,276.8700,0.00,100.00,180.00,0.00,180.00,0.00,0.00
2.90,251.78,59.3500,8.0010,36.8737,6.81,100.00,0.00,0.00,0.00,0.00,0.00,59.3570,11.0189,37.2236,58.9670,11.0189,37.2336,0.00,0.00,0.00,59.9670,11.0189,37.2336,0.00,0.00,0.00,135.4600,8.6000,276.8700,0.00,100.00,180.00,0.00,180.00,0.00,0.00
2.93,251.56,59.3500,7.9774,37.1033,6.92,100.00,0.00,0.00,0.00,0.00,0.00,59.3570,10.9953,37.4532,58.9670,10.9953,37.4632,0.00,0.00,0.00,59.9670,10.9953,37.4632,0.00,0.00,0.00,135.4600,8.6000,276.8700,0.00,100.00,180.00,0.00,180.00,0.00,0.00
2.97,251.34,59.3500,7.9893,37.3356,6.98,100.00,0.00,0.00,0.00,0.00,0.00,59.3570,11.0071,37.6855,58.9670,11.0071,37.6955,0.00,0.00,0.00,59.9670,11.0071,37.6955,0.00,0.00,0.00,135.4600,8.6000,276.8700,0.00,100.00,180.00,0.00,180.00,0.00,0.00
3.00,251.11,59.3500,8.0010,37.5704,7.05,100.00,0.00,0.00,0.00,0.00,0.00,59.3571,11.0189,37.9203,58.9671,11.0189,37.9303,0.00,0.00,0.00,59.9671,11.0189,37.9303,0.00,0.00,0.00,135.4600,8.6000,276.8700,0.00,100.00,180.00,0.00,180.00,0.00,0.00
3.03,250.89,59.3500,7.9775,37.8081,7.16,100.00,0.00,0.00,0.00,0.00,0.00,59.3570,10.9954,38.1580,58.9670,10.9954,38.1680,0.00,0.00,0.00,59.9670,10.9954,38.1680,0.00,0.00,0.00,135.4600,8.6000,276.8700,0.00,100.00,180.00,0.00,180.00,0.00,0.00
3.07,250.66,59.3500,7.9892,38.0485,7.22,100.00,0.00,0.00,0.00,0.00,0.00,59.3570,11.0071,38.3984,58.9670,11.0071,38.4084,0.00,0.00,0.00,59.9670,11.0071,38.4084,0.00,0.00,0.00,135.4600,8.6000,276.8700,0.00,100.00,180.00,0.00,180.00,0.00,0.00
3.10,250.43,59.3500,8.0010,38.2915,7.30,100.00,0.00,0.00,0.00,0.00,0.00,59.3570,11.0189,38.6414,58.9670,11.0189,38.6514,0.00,0.00,0.00,59.9670,11.0189,38.6514,0.00,0.00,0.00,135.4600,8.6000,276.8700,0.00,100.00,180.00,0.00,180.00,0.00,0.00
3.13,250.19,59.3500,7.9775,38.5373,7.41,100.00,0.00,0.00,0.00,0.00,0.00,59.3570,10.9954,38.8872,58.9670,10.9954,38.8972,0.00,0.00,0.00,59.9670,10.9954,38.8972,0.00,0.00,0.00,135.4600,8.6000,276.8700,0.00,100.00,180.00,0.00,180.00,0.00,0.00
3.17,249.95,59.3500,7.9892,38.7858,7.46,100.00,0.00,0.00,0.00,0.00,0.00,59.3570,11.0071,39.1356,58.9670,11.0071,39.1456,0.00,0.00,0.00,59.9670,11.0071,39.1456,0.00,0.00,0.00,135.4600,8.6000,276.8700,0.00,100.00,180.00,0.00,180.00,0.00,0.00
3.20,249.72,59.3500,8.0010,39.0369,7.54,100.00,0.00,0.00,0.00,0.00,0.00,59.3570,11.0189,39.3868,58.9670,11.0189,39.3968,0.00,0.00,0.00,59.9670,11.0189,39.3968,0.00,0.00,0.00,135.4600,8.6000,276.8700,0.00,100.00,180.00,0.00,180.00,0.00,0.00
3.23,249.47,59.3500,7.9775,39.2908,7.65,100.00,0.00,0.00,0.00,0.00,0.00,59.3570,10.9954,39.6406,58.9670,10.9954,39.6506,0.00,0.00,0.00,59.9670,10.9954,39.6506,0.00,0.00,0.00,135.4600,8.6000,276.8700,0.00,100.00,180.00,0.00,180.00,0.00,0.00
3.27,249.23,59.3500,7.9892,39.5473,7.70,100.00,0.00,0.00,0.00,0.00,0.00,59.3570,11.0071,39.8972,58.9670,11.0071,39.9072,0.00,0.00,0.00,59.9670,11.0071,39.9072,0.00,0.00,0.00,135.4600,8.6000,276.8700,0.00,100.00,180.00,0.00,180.00,0.00,0.00
3.30,248.98,59.3500,8.0010,39.8066,7.79,100.00,0.00,0.00,0.00,0.00,0.00,59.3570,11.0189,40.1565,58.9670,11.0189,40.1665,0.00,0.00,0.00,59.9670,11.0189,40.1665,0.00,0.00,0.00,135.4600,8.6000,276.8700,0.00,100.00,180.00,0.00,180.00,0.00,0.00
3.33,248.73,59.3500,7.9775,40.0686,7.89,100.00,0.00,0.00,0.00,0.00,0.00,59.3570,10.9954,40.4184,58.9670,10.9954,40.4284,0.00,0.00,0.00,59.9670,10.9954,40.4284,0.00,0.00,0.00,135.4600,8.6000,276.8700,0.00,100.00,180.00,0.00,180.00,0.00,0.00
3.37,248.48,59.3500,7.9892,40.3333,7.95,100.00,0.00,0.00,0.00,0.00,0.00,59.3571,11.0071,40.6832,58.9671,11.0071,40.6932,0.00,0.00,0.00,59.9671,11.0071,40.6932,0.00,0.00,0.00,135.4600,8.6000,276.8700,0.00,100.00,180.00,0.00,180.00,0.00,0.00
3.40,248.23,59.3500,8.0010,40.6006,8.03,100.00,0.00,0.00,0.00,0.00,0.00,59.3570,11.0189,40.9505,58.9670,11.0189,40.9605,0.00,0.00,0.00,59.9670,11.0189,40.9605,0.00,0.00,0.00,135.4600,8.6000,276.8700,0.00,100.00,180.00,0.00,180.00,0.00,0.00
3.43,247.97,59.3500,7.9775,40.8706,8.13,100.00,0.00,0.00,0.00,0.00,0.00,59.3570,10.9954,41.2205,58.9670,10.9954,41.2305,0.00,0.00,0.00,59.9670,10.9954,41.2305,0.00,0.00,0.00,135.4600,8.6000,276.8700,0.00,100.00,180.00,0.00,180.00,0.00,0.00
3.47,247.71,59.3500,7.9892,41.1434,8.19,100.00,0.00,0.00,0.00,0.00,0.00,59.3570,11.0071,41.4933,58.9670,11.0071,41.5033,0.00,0.00,0.00,59.9670,11.0071,41.5033,0.00,0.00,0.00,135.4600,8.6000,276.8700,0.00,100.00,180.00,0.00,180.00,0.00,0.00
3.50,247.45,59.3500,8.0010,41.4188,8.27,100.00,0.00,0.00,0.00,0.00,0.00,59.3570,11.0189,41.7687,58.9670,11.0189,41.7787,0.00,0.00,0.00,59.9670,11.0189,41.7787,0.00,0.00,0.00,135.4600,8.6000,276.8700,0.00,100.00,180.00,0.00,180.00,0.00,0.00
3.53,247.18,59.3500,7.9775,41.6970,8.38,100.00,0.00,0.00,0.00,0.00,0.00,59.3570,10.9954,42.0469,58.9670,10.9954,42.0569,0.00,0.00,0.00,59.9670,10.9954,42.0569,0.00,0.00,0.00,135.4600,8.6000,276.8700,0.00,100.00,180.00,0.00,180.00,0.00,0.00
3.57,246.92,59.3500,7.9892,41.9779,8.43,100.00,0.00,0.00,0.00,0.00,0.00,59.3570,11.0071,42.3278,58.9670,11.0071,42.3378,0.00,0.00,0.00,59.9670,11.0071,42.3378,0.00,0.00,0.00,135.4600,8.6000,276.8700,0.00,100.00,180.00,0.00,180.00,0.00,0.00
3.60,246.65,59.3500,8.0010,42.2615,8.52,100.00,0.00,0.00,0.00,0.00,0.00,59.3570,11.0189,42.6114,58.9670,11.0189,42.6214,0.00,0.00,0.00,59.9670,11.0189,42.6214,0.00,0.00,0.00,135.4600,8.6000,276.8700,0.00,100.00,180.00,0.00,180.00,0.00,0.00
3.63,246.37,59.3500,7.9775,42.5477,8.62,100.00,0.00,0.00,0.00,0.00,0.00,59.3570,10.9954,42.8976,58.9670,10.9954,42.9076,0.00,0.00,0.00,59.9670,10.9954,42.9076,0.00,0.00,0.00,135.4600,8.6000,276.8700,0.00,100.00,180.00,0.00,180.00,0.00,0.00
3.67,246.10,59.3500,7.9892,42.8367,8.68,100.00,0.00,0.00,0.00,0.00,0.00,59.3570,11.0071,43.1866,58.9670,11.0071,43.1966,0.00,0.00,0.00,59.9670,11.0071,43.1966,0.00,0.00,0.00,135.4600,8.6000,276.8700,0.00,100.00,180.00,0.00,180.00,0.00,0.00
3.70,245.82,59.3500,8.0010,43.1283,8.76,100.00,0.00,0.00,0.00,0.00,0.00,59.3570,11.0189,43.4782,58.9670,11.0189,43.4882,0.00,0.00,0.00,59.9670,11.0189,43.4882,0.00,0.00,0.00,135.4600,8.6000,276.8700,0.00,100.00,180.00,0.00,180.00,0.00,0.00
3.73,245.54,59.3500,7.9775,43.4227,8.86,100.00,0.00,0.00,0.00,0.00,0.00,59.3570,10.9954,43.7726,58.9670,10.9954,43.7826,0.00,0.00,0.00,59.9670,10.9954,43.7826,0.00,0.00,0.00,135.4600,8.6000,276.8700,0.00,100.00,180.00,0.00,180.00,0.00,0.00
3.77,245.26,59.3500,7.9892,43.7197,8.92,100.00,0.00,0.00,0.00,0.00,0.00,59.3570,11.0071,44.0696,58.9670,11.0071,44.0796,0.00,0.00,0.00,59.9670,11.0071,44.0796,0.00,0.00,0.00,135.4600,8.6000,276.8700,0.00,100.00,180.00,0.00,180.00,0.00,0.00
3.80,244.97,59.3500,8.0010,44.0195,9.00,100.00,0.00,0.00,0.00,0.00,0.00,59.3571,11.0189,44.3694,58.9671,11.0189,44.3794,0.00,0.00,0.00,59.9671,11.0189,44.3794,0.00,0.00,0.00,135.4600,8.6000,276.8700,0.00,100.00,180.00,0.00,180.00,0.00,0.00
3.83,244.69,59.3500,7.9775,44.3220,9.10,100.00,0.00,0.00,0.00,0.00,0.00,59.3570,10.9954,44.6718,58.9670,10.9954,44.6818,0.00,0.00,0.00,59.9670,10.9954,44.6818,0.00,0.00,0.00,135.4600,8.6000,276.8700,0.00,100.00,180.00,0.00,180.00,0.00,0.00
3.87,244.40,59.3500,7.9892,44.6271,9.16,100.00,0.00,0.00,0.00,0.00,0.00,59.3570,11.0071,44.9770,58.9670,11.0071,44.9870,0.00,0.00,0.00,59.9670,11.0071,44.9870,0.00,0.00,0.00,135.4600,8.6000,276.8700,0.00,100.00,180.00,0.00,180.00,0.00,0.00
3.90,244.10,59.3500,8.0010,44.9350,9.24,100.00,0.00,0.00,0.00,0.00,0.00,59.3570,11.0189,45.2849,58.9670,11.0189,45.2949,0.00,0.00,0.00,59.9670,11.0189,45.2949,0.00,0.00,0.00,135.4600,8.6000,276.8700,0.00,100.00,180.00,0.00,180.00,0.00,0.00
3.93,243.81,59.3500,7.9775,45.2455,9.34,100.00,0.00,0.00,0.00,0.00,0.00,59.3570,10.9954,45.5954,58.9670,10.9954,45.6054,0.00,0.00,0.00,59.9670,10.9954,45.6054,0.00,0.00,0.00,135.4600,8.6000,276.8700,0.00,100.00,180.00,0.00,180.00,0.00,0.00
3.97,243.51,59.3500,7.9892,45.5588,9.41,100.00,0.00,0.00,0.00,0.00,0.00,59.3570,11.0071,45.9087,58.9670,11.0071,45.9187,0.00,0.00,0.00,59.9670,11.0071,45.9187,0.00,0.00,0.00,135.4600,8.6000,276.8700,0.00,100.00,180.00,0.00,180.00,0.00,0.00
4.00,243.21,59.3500,8.0010,45.8748,9.48,100.00,0.00,0.00,0.00,0.00,0.00,59.3570,11.0189,46.2246,58.9670,11.0189,46.2346,0.00,0.00,0.00,59.9670,11.0189,46.2346,0.00,0.00,0.00,135.4600,8.6000,276.8700,0.00,100.00,180.00,0.00,180.00,0.00,0.00
4.03,242.91,59.3500,7.9775,46.1934,9.59,100.00,0.00,0.00,0.00,0.00,0.00,59.3570,10.9954,46.5433,58.9670,10.9954,46.5533,0.00,0.00,0.00,59.9670,10.9954,46.5533,0.00,0.00,0.00,135.4600,8.6000,276.8700,0.00,100.00,180.00,0.00,180.00,0.00,0.00
4.07,242.60,59.3500,7.9892,46.5148,9.64,100.00,0.00,0.00,0.00,0.00,0.00,59.3570,11.0071,46.8646,58.9670,11.0071,46.8746,0.00,0.00,0.00,59.9670,11.0071,46.8746,0.00,0.00,0.00,135.4600,8.6000,276.8700,0.00,100.00,180.00,0.00,180.00,0.00,0.00
4.10,242.30,59.3500,8.0010,46.8389,9.73,100.00,0.00,0.00,0.00,0.00,0.00,59.3570,11.0189,47.1888,58.9670,11.0189,47.1988,0.00,0.00,0.00,59.9670,11.0189,47.1988,0.00,0.00,0.00,135.4600,8.6000,276.8700,0.00,100.00,180.00,0.00,180.00,0.00,0.00
4.13,241.99,59.3500,7.9775,47.1656,9.83,100.00,0.00,0.00,0.00,0.00,0.00,59.3570,10.9953,47.5155,58.9670,10.9953,47.5255,0.00,0.00,0.00,59.9670,10.9953,47.5255,0.00,0.00,0.00,135.4600,8.6000,276.8700,0.00,100.00,180.00,0.00,180.00,0.00,0.00
4.17,241.67,59.3500,7.9892,47.4951,9.89,100.00,0.00,0.00,0.00,0.00,0.00,59.3570,11.0071,47.8450,58.9670,11.0071,47.8550,0.00,0.00,0.00,59.9670,11.0071,47.8550,0.00,0.00,0.00,135.4600,8.6000,276.8700,0.00,100.00,180.00,0.00,180.00,0.00,0.00
4.20,241.36,59.3500,8.0008,47.8272,9.94,100.00,0.00,0.00,0.00,0.00,0.00,59.3570,11.0187,48.1771,58.9670,11.0187,48.1871,0.00,0.00,0.00,59.9670,11.0187,48.1871,0.00,0.00,0.00,135.4600,8.6000,276.8700,0.00,100.00,180.00,0.00,180.00,0.00,0.00
4.23,241.04,59.3500,7.9773,48.1632,10.11,100.00,0.00,0.00,0.00,0.00,0.00,59.3570,10.9952,48.5131,58.9670,10.9952,48.5231,0.00,0.00,0.00,59.9670,10.9952,48.5231,0.00,0.00,0.00,135.4600,8.6000,276.8700,0.00,100.00,180.00,0.00,180.00,0.00,0.00
4.27,240.72,59.3500,7.9890,48.5008,10.13,100.00,0.00,0.00,0.00,0.00,0.00,59.3571,11.0069,48.8506,58.9671,11.0069,48.8606,0.00,0.00,0.00,59.9671,11.0069,48.8606,0.00,0.00,0.00,135.4600,8.6000,276.8700,0.00,100.00,180.00,0.00,180.00,0.00,0.00
4.30,240.40,59.3500,8.0008,48.8411,10.22,100.00,0.00,0.00,0.00,0.00,0.00,59.3570,11.0187,49.1910,58.9670,11.0187,49.2010,0.00,0.00,0.00,59.9670,11.0187,49.2010,0.00,0.00,0.00,135.4600,8.6000,276.8700,0.00,100.00,180.00,0.00,180.00,0.00,0.00
4.33,240.07,59.3500,7.9773,49.1840,10.31,100.00,0.00,0.00,0.00,0.00,0.00,59.3570,10.9952,49.5339,58.9670,10.9952,49.5439,0.00,0.00,0.00,59.9670,10.9952,49.5439,0.00,0.00,0.00,135.4600,8.6000,276.8700,0.00,100.00,180.00,0.00,180.00,0.00,0.00
4.37,239.74,59.3500,7.9890,49.5297,10.38,100.00,0.00,0.00,0.00,0.00,0.00,59.3570,11.0069,49.8796,58.9670,11.0069,49.8896,0.00,0.00,0.00,59.9670,11.0069,49.8896,0.00,0.00,0.00,135.4600,8.6000,276.8700,0.00,100.00,180.00,0.00,180.00,0.00,0.00
4.40,239.41,59.3500,8.0008,49.8781,10.46,100.00,0.00,0.00,0.00,0.00,0.00,59.3571,11.0187,50.2280,58.9671,11.0187,50.2380,0.00,0.00,0.00,59.9671,11.0187,50.2380,0.00,0.00,0.00,135.4600,8.6000,276.8700,0.00,100.00,180.00,0.00,180.00,0.00,0.00
4.43,239.08,59.3500,7.9773,50.2291,10.55,100.00,0.00,0.00,0.00,0.00,0.00,59.3570,10.9952,50.5790,58.9670,10.9952,50.5890,0.00,0.00,0.00,59.9670,10.9952,50.5890,0.00,0.00,0.00,135.4600,8.6000,276.8700,0.00,100.00,180.00,0.00,180.00,0.00,0.00
4.47,238.74,59.3500,7.9890,50.5829,10.62,100.00,0.00,0.00,0.00,0.00,0.00,59.3570,11.0069,50.9327,58.9670,11.0069,50.9427,0.00,0.00,0.00,59.9670,11.0069,50.9427,0.00,0.00,0.00,135.4600,8.6000,276.8700,0.00,100.00,180.00,0.00,180.00,0.00,0.00
4.50,238.41,59.3500,8.0008,50.9394,10.70,100.00,0.00,0.00,0.00,0.00,0.00,59.3570,11.0187,51.2892,58.9670,11.0187,51.2992,0.00,0.00,0.00,59.9670,11.0187,51.2992,0.00,0.00,0.00,135.4600,8.6000,276.8700,0.00,100.00,180.00,0.00,180.00,0.00,0.00
4.53,238.07,59.3500,7.9772,51.2985,10.80,100.00,0.00,0.00,0.00,0.00,0.00,59.3570,10.9951,51.6484,58.9670,10.9951,51.6584,0.00,0.00,0.00,59.9670,10.9951,51.6584,0.00,0.00,0.00,135.4600,8.6000,276.8700,0.00,100.00,180.00,0.00,180.00,0.00,0.00
4.57,237.72,59.3500,7.9890,51.6605,10.87,100.00,0.00,0.00,0.00,0.00,0.00,59.3570,11.0069,52.0104,58.9670,11.0069,52.0204,0.00,0.00,0.00,59.9670,11.0069,52.0204,0.00,0.00,0.00,135.4600,8.6000,276.8700,0.00,100.00,180.00,0.00,180.00,0.00,0.00
4.60,237.38,59.3500,8.0008,52.0250,10.94,100.00,0.00,0.00,0.00,0.00,0.00,59.3570,11.0187,52.3748,58.9670,11.0187,52.3848,0.00,0.00,0.00,59.9670,11.0187,52.3848,0.00,0.00,0.00,135.4600,8.6000,276.8700,0.00,100.00,180.00,0.00,180.00,0.00,0.00
4.63,237.03,59.3500,7.9772,52.3922,11.04,100.00,0.00,0.00,0.00,0.00,0.00,59.3570,10.9951,52.7421,58.9670,10.9951,52.7521,0.00,0.00,0.00,59.9670,10.9951,52.7521,0.00,0.00,0.00,135.4600,8.6000,276.8700,0.00,100.00,180.00,0.00,180.00,0.00,0.00
4.67,236.68,59.3500,7.9890,52.7623,11.11,100.00,0.00,0.00,0.00,0.00,0.00,59.3570,11.0069,53.1122,58.9670,11.0069,53.1222,0.00,0.00,0.00,59.9670,11.0069,53.1222,0.00,0.00,0.00,135.4600,8.6000,276.8700,0.00,100.00,180.00,0.00,180.00,0.00,0.00
4.70,236.33,59.3500,8.0008,53.1349,11.19,100.00,0.00,0.00,0.00,0.00,0.00,59.3570,11.0187,53.4848,58.9670,11.0187,53.4948,0.00,0.00,0.00,59.9670,11.0187,53.4948,0.00,0.00,0.00,135.4600,8.6000,276.8700,0.00,100.00,180.00,0.00,180.00,0.00,0.00
4.73,235.97,59.3500,7.9772,53.5103,11.28,100.00,0.00,0.00,0.00,0.00,0.00,59.3570,10.9951,53.8601,58.9670,10.9951,53.8701,0.00,0.00,0.00,59.9670,10.9951,53.8701,0.00,0.00,0.00,135.4600,8.6000,276.8700,0.00,100.00,180.00,0.00,180.00,0.00,0.00
4.77,235.61,59.3500,7.9890,53.8883,11.35,100.00,0.00,0.00,0.00,0.00,0.00,59.3570,11.0069,54.2382,58.9670,11.0069,54.2482,0.00,0.00,0.00,59.9670,11.0069,54.2482,0.00,0.00,0.00,135.4600,8.6000,276.8700,0.00,100.00,180.00,0.00,180.00,0.00,0.00
4.80,235.25,59.3500,8.0007,54.2691,11.42,100.00,0.00,0.00,0.00,0.00,0.00,59.3570,11.0186,54.6190,58.9670,11.0186,54.6290,0.00,0.00,0.00,59.9670,11.0186,54.6290,0.00,0.00,0.00,135.4600,8.6000,276.8700,0.00,100.00,180.00,0.00,180.00,0.00,0.00
4.83,234.89,59.3500,7.9772,54.6530,11.54,100.00,0.00,0.00,0.00,0.00,0.00,59.3570,10.9951,55.0029,58.9670,10.9951,55.0129,0.00,0.00,0.00,59.9670,10.9951,55.0129,0.00,0.00,0.00,135.4600,8.6000,276.8700,0.00,100.00,180.00,0.00,180.00,0.00,0.00
4.87,234.53,59.3500,7.9889,55.0392,11.59,100.00,0.00,0.00,0.00,0.00,0.00,59.3570,11.0068,55.3891,58.9670,11.0068,55.3991,0.00,0.00,0.00,59.9670,11.0068,55.3991,0.00,0.00,0.00,135.4600,8.6000,276.8700,0.00,100.00,180.00,0.00,180.00,0.00,0.00
4.90,234.16,59.3500,8.0007,55.4281,11.67,100.00,0.00,0.00,0.00,0.00,0.00,59.3570,11.0186,55.7779,58.9670,11.0186,55.7879,0.00,0.00,0.00,59.9670,11.0186,55.7879,0.00,0.00,0.00,135.4600,8.6000,276.8700,0.00,100.00,180.00,0.00,180.00,0.00,0.00
4.93,233.79,59.3500,7.9772,55.8197,11.77,100.00,0.00,0.00,0.00,0.00,0.00,59.3570,10.9951,56.1695,58.9670,10.9951,56.1795,0.00,0.00,0.00,59.9670,10.9951,56.1795,0.00,0.00,0.00,135.4600,8.6000,276.8700,0.00,100.00,180.00,0.00,180.00,0.00,0.00
4.97,233.41,59.3500,7.9889,56.2140,11.84,100.00,0.00,0.00,0.00,0.00,0.00,59.3570,11.0068,56.5638,58.9670,11.0068,56.5738,0.00,0.00,0.00,59.9670,11.0068,56.5738,0.00,0.00,0.00,135.4600,8.6000,276.8700,0.00,100.00,180.00,0.00,180.00,0.00,0.00
5.00,233.04,59.3500,8.0007,56.6109,11.91,100.00,0.00,0.00,0.00,0.00,0.00,59.3570,11.0186,56.9608,58.9670,11.0186,56.9708,0.00,0.00,0.00,59.9670,11.0186,56.9708,0.00,0.00,0.00,135.4600,8.6000,276.8700,0.00,100.00,180.00,0.00,180.00,0.00,0.00
5.03,232.66,59.3500,7.9772,57.0106,12.01,100.00,0.00,0.00,0.00,0.00,0.00,59.3570,10.9951,57.3604,58.9670,10.9951,57.3704,0.00,0.00,0.00,59.9670,10.9951,57.3704,0.00,0.00,0.00,135.4600,8.6000,276.8700,0.00,100.00,180.00,0.00,180.00,0.00,0.00
5.07,232.28,59.3500,7.9889,57.4129,12.08,100.00,0.00,0.00,0.00,0.00,0.00,59.3571,11.0068,57.7628,58.9671,11.0068,57.7728,0.00,0.00,0.00,59.9671,11.0068,57.7728,0.00,0.00,0.00,135.4600,8.6000,276.8700,0.00,100.00,180.00,0.00,180.00,0.00,0.00
5.10,231.90,59.3500,8.0007,57.8180,12.16,100.00,0.00,0.00,0.00,0.00,0.00,59.3570,11.0186,58.1679,58.9670,11.0186,58.1779,0.00,0.00,0.00,59.9670,11.0186,58.1779,0.00,0.00,0.00,135.4600,8.6000,276.8700,0.00,100.00,180.00,0.00,180.00,0.00,0.00
5.13,231.51,59.3500,7.9772,58.2258,12.25,100.00,0.00,0.00,0.00,0.00,0.00,59.3570,10.9951,58.5757,58.9670,10.9951,58.5857,0.00,0.00,0.00,59.9670,10.9951,58.5857,0.00,0.00,0.00,135.4600,8.6000,276.8700,0.00,100.00,180.00,0.00,180.00,0.00,0.00
5.17,231.13,59.3500,7.9889,58.6363,12.31,100.00,0.00,0.00,0.00,0.00,0.00,59.3570,11.0068,58.9861,58.9670,11.0068,58.9961,0.00,0.00,0.00,59.9670,11.0068,58.9961,0.00,0.00,0.00,135.4600,8.6000,276.8700,0.00,100.00,180.00,0.00,180.00,0.00,0.00
5.20,230.74,59.3500,8.0002,59.0496,12.31,100.00,0.00,0.00,0.00,0.00,0.00,59.3570,11.0181,59.3995,58.9670,11.0181,59.4095,0.00,0.00,0.00,59.9670,11.0181,59.4095,0.00,0.00,0.00,135.4600,8.6000,276.8700,0.00,100.00,180.00,0.00,180.00,0.00,0.00
5.23,230.34,59.3500,7.9767,59.4687,12.60,100.00,0.00,0.00,0.00,0.00,0.00,59.3570,10.9946,59.8186,58.9670,10.9946,59.8286,0.00,0.00,0.00,59.9670,10.9946,59.8286,0.00,0.00,0.00,135.4600,8.6000,276.8700,0.00,100.00,180.00,0.00,180.00,0.00,0.00
5.27,229.94,59.3500,7.9885,59.8871,12.56,100.00,0.00,0.00,0.00,0.00,0.00,59.3570,11.0064,60.2370,58.9670,11.0064,60.2470,0.00,0.00,0.00,59.9670,11.0064,60.2470,0.00,0.00,0.00,135.4600,8.6000,276.8700,0.00,100.00,180.00,0.00,180.00,0.00,0.00
5.30,229.55,59.3500,8.0003,60.3084,12.64,100.00,0.00,0.00,0.00,0.00,0.00,59.3570,11.0181,60.6583,58.9670,11.0181,60.6683,0.00,0.00,0.00,59.9670,11.0181,60.6683,0.00,0.00,0.00,135.4600,8.6000,276.8700,0.00,100.00,180.00,0.00,180.00,0.00,0.00
5.33,229.15,59.3500,7.9767,60.7325,12.74,100.00,0.00,0.00,0.00,0.00,0.00,59.3570,10.9946,61.0824,58.9670,10.9946,61.0924,0.00,0.00,0.00,59.9670,10.9946,61.0924,0.00,0.00,0.00,135.4600,8.6000,276.8700,0.00,100.00,180.00,0.00,180.00,0.00,0.00
5.37,228.75,59.3500,7.9885,61.1592,12.81,100.00,0.00,0.00,0.00,0.00,0.00,59.3570,11.0064,61.5090,58.9670,11.0064,61.5190,0.00,0.00,0.00,59.9670,11.0064,61.5190,0.00,0.00,0.00,135.4600,8.6000,276.8700,0.00,100.00,180.00,0.00,180.00,0.00,0.00
5.40,228.34,59.3500,8.0003,61.5885,12.89,100.00,0.00,0.00,0.00,0.00,0.00,59.3570,11.0181,61.9384,58.9670,11.0181,61.9484,0.00,0.00,0.00,59.9670,11.0181,61.9484,0.00,0.00,0.00,135.4600,8.6000,276.8700,0.00,100.00,180.00,0.00,180.00,0.00,0.00
5.43,227.93,59.3500,7.9767,62.0206,12.98,100.00,0.00,0.00,0.00,0.00,0.00,59.3570,10.9946,62.3705,58.9670,10.9946,62.3805,0.00,0.00,0.00,59.9670,10.9946,62.3805,0.00,0.00,0.00,135.4600,8.6000,276.8700,0.00,100.00,180.00,0.00,180.00,0.00,0.00
5.47,227.52,59.3500,7.9885,62.4554,13.05,100.00,0.00,0.00,0.00,0.00,0.00,59.3570,11.0064,62.8053,58.9670,11.0064,62.8153,0.00,0.00,0.00,59.9670,11.0064,62.8153,0.00,0.00,0.00,135.4600,8.6000,276.8700,0.00,100.00,180.00,0.00,180.00,0.00,0.00
5.50,227.11,59.3500,8.0003,62.8929,13.13,100.00,0.00,0.00,0.00,0.00,0.00,59.3570,11.0181,63.2428,58.9670,11.0181,63.2528,0.00,0.00,0.00,59.9670,11.0181,63.2528,0.00,0.00,0.00,135.4600,8.6000,276.8700,0.00,100.00,180.00,0.00,180.00,0.00,0.00
5.53,226.70,59.3500,7.9767,63.3331,13.22,100.00,0.00,0.00,0.00,0.00,0.00,59.3570,10.9946,63.6830,58.9670,10.9946,63.6930,0.00,0.00,0.00,59.9670,10.9946,63.6930,0.00,0.00,0.00,135.4600,8.6000,276.8700,0.00,100.00,180.00,0.00,180.00,0.00,0.00
5.57,226.28,59.3500,7.9885,63.7760,13.29,100.00,0.00,0.00,0.00,0.00,0.00,59.3570,11.0064,64.1259,58.9670,11.0064,64.1359,0.00,0.00,0.00,59.9670,11.0064,64.1359,0.00,0.00,0.00,135.4600,8.6000,276.8700,0.00,100.00,180.00,0.00,180.00,0.00,0.00
5.60,225.86,59.3500,8.0002,64.2216,13.37,100.00,0.00,0.00,0.00,0.00,0.00,59.3570,11.0181,64.5714,58.9670,11.0181,64.5814,0.00,0.00,0.00,59.9670,11.0181,64.5814,0.00,0.00,0.00,135.4600,8.6000,276.8700,0.00,100.00,180.00,0.00,180.00,0.00,0.00
5.63,225.44,59.3500,7.9767,64.6699,13.47,100.00,0.00,0.00,0.00,0.00,0.00,59.3570,10.9946,65.0198,58.9670,10.9946,65.0298,0.00,0.00,0.00,59.9670,10.9946,65.0298,0.00,0.00,0.00,135.4600,8.6000,276.8700,0.00,100.00,180.00,0.00,180.00,0.00,0.00
5.67,225.01,59.3500,7.9885,65.1208,13.53,100.00,0.00,0.00,0.00,0.00,0.00,59.3570,11.0064,65.4707,58.9670,11.0064,65.4807,0.00,0.00,0.00,59.9670,11.0064,65.4807,0.00,0.00,0.00,135.4600,8.6000,276.8700,0.00,100.00,180.00,0.00,180.00,0.00,0.00
5.70,224.59,59.3500,8.0002,65.5745,13.61,100.00,0.00,0.00,0.00,0.00,0.00,59.3571,11.0181,65.9244,58.9671,11.0181,65.9344,0.00,0.00,0.00,59.9671,11.0181,65.9344,0.00,0.00,0.00,135.4600,8.6000,276.8700,0.00,100.00,180.00,0.00,180.00,0.00,0.00
5.73,224.16,59.3500,7.9767,66.0310,13.71,100.00,0.00,0.00,0.00,0.00,0.00,59.3570,10.9946,66.3809,58.9670,10.9946,66.3909,0.00,0.00,0.00,59.9670,10.9946,66.3909,0.00,0.00,0.00,135.4600,8.6000,276.8700,0.00,100.00,180.00,0.00,180.00,0.00,0.00
5.77,223.72,59.3500,7.9883,66.4901,13.75,100.00,0.00,0.00,0.00,0.00,0.00,59.3570,11.0062,66.8400,58.9670,11.0062,66.8500,0.00,0.00,0.00,59.9670,11.0062,66.8500,0.00,0.00,0.00,135.4600,8.6000,276.8700,0.00,100.00,180.00,0.00,180.00,0.00,0.00
5.80,223.29,59.3500,8.0001,66.9529,13.89,100.00,0.00,0.00,0.00,0.00,0.00,59.3570,11.0180,67.3028,58.9670,11.0180,67.3128,0.00,0.00,0.00,59.9670,11.0180,67.3128,0.00,0.00,0.00,135.4600,8.6000,276.8700,0.00,100.00,180.00,0.00,180.00,0.00,0.00
5.83,222.85,59.3500,7.9766,67.4174,13.95,100.00,0.00,0.00,0.00,0.00,0.00,59.3570,10.9945,67.7673,58.9670,10.9945,67.7773,0.00,0.00,0.00,59.9670,10.9945,67.7773,0.00,0.00,0.00,135.4600,8.6000,276.8700,0.00,100.00,180.00,0.00,180.00,0.00,0.00
5.87,222.41,59.3500,7.9883,67.8846,14.02,100.00,0.00,0.00,0.00,0.00,0.00,59.3570,11.0062,68.2344,58.9670,11.0062,68.2445,0.00,0.00,0.00,59.9670,11.0062,68.2445,0.00,0.00,0.00,135.4600,8.6000,276.8700,0.00,100.00,180.00,0.00,180.00,0.00,0.00
5.90,221.97,59.3500,8.0001,68.3545,14.10,100.00,0.00,0.00,0.00,0.00,0.00,59.3570,11.0180,68.7043,58.9670,11.0180,68.7143,0.00,0.00,0.00,59.9670,11.0180,68.7143,0.00,0.00,0.00,135.4600,8.6000,276.8700,0.00,100.00,180.00,0.00,180.00,0.00,0.00
5.93,221.53,59.3500,7.9765,68.8271,14.19,100.00,0.00,0.00,0.00,0.00,0.00,59.3570,10.9944,69.1770,58.9670,10.9944,69.1870,0.00,0.00,0.00,59.9670,10.9944,69.1870,0.00,0.00,0.00,135.4600,8.6000,276.8700,0.00,100.00,180.00,0.00,180.00,0.00,0.00
5.97,221.08,59.3500,7.9883,69.3026,14.27,100.00,0.00,0.00,0.00,0.00,0.00,59.3570,11.0062,69.6525,58.9670,11.0062,69.6625,0.00,0.00,0.00,59.9670,11.0062,69.6625,0.00,0.00,0.00,135.4600,8.6000,276.8700,0.00,100.00,180.00,0.00,180.00,0.00,0.00
6.00,220.63,59.3500,8.0001,69.7806,14.34,100.00,0.00,0.00,0.00,0.00,0.00,59.3570,11.0180,70.1305,58.9670,11.0180,70.1405,0.00,0.00,0.00,59.9670,11.0180,70.1405,0.00,0.00,0.00,135.4600,8.6000,276.8700,0.00,100.00,180.00,0.00,180.00,0.00,0.00
6.03,220.18,59.3500,7.9765,70.2613,14.44,100.00,0.00,0.00,0.00,0.00,0.00,59.3570,10.9944,70.6112,58.9670,10.9944,70.6212,0.00,0.00,0.00,59.9670,10.9944,70.6212,0.00,0.00,0.00,135.4600,8.6000,276.8700,0.00,100.00,180.00,0.00,180.00,0.00,0.00
6.07,219.73,59.3500,7.9883,70.7447,14.50,100.00,0.00,0.00,0.00,0.00,0.00,59.3571,11.0062,71.0946,58.9671,11.0062,71.1046,0.00,0.00,0.00,59.9671,11.0062,71.1046,0.00,0.00,0.00,135.4600,8.6000,276.8700,0.00,100.00,180.00,0.00,180.00,0.00,0.00
6.10,219.27,59.3500,8.0001,71.2310,14.60,100.00,0.00,0.00,0.00,0.00,0.00,59.3570,11.0180,71.5809,58.9670,11.0180,71.5909,0.00,0.00,0.00,59.9670,11.0180,71.5909,0.00,0.00,0.00,135.4600,8.6000,276.8700,0.00,100.00,180.00,0.00,180.00,0.00,0.00
6.13,218.81,59.3500,7.9765,71.7196,14.67,100.00,0.00,0.00,0.00,0.00,0.00,59.3570,10.9944,72.0695,58.9670,10.9944,72.0795,0.00,0.00,0.00,59.9670,10.9944,72.0795,0.00,0.00,0.00,135.4600,8.6000,276.8700,0.00,100.00,180.00,0.00,180.00,0.00,0.00
6.17,218.35,59.3500,7.9883,72.2112,14.75,100.00,0.00,0.00,0.00,0.00,0.00,59.3570,11.0062,72.5610,58.9670,11.0062,72.5710,0.00,0.00,0.00,59.9670,11.0062,72.5710,0.00,0.00,0.00,135.4600,8.6000,276.8700,0.00,100.00,180.00,0.00,180.00,0.00,0.00
6.20,217.89,59.3500,8.0001,72.7054,14.84,100.00,0.00,0.00,0.00,0.00,0.00,59.3570,11.0180,73.0553,58.9670,11.0180,73.0653,0.00,0.00,0.00,59.9670,11.0180,73.0653,0.00,0.00,0.00,135.4600,8.6000,276.8700,0.00,100.00,180.00,0.00,180.00,0.00,0.00
6.23,217.43,59.3500,7.9765,73.2022,14.90,100.00,0.00,0.00,0.00,0.00,0.00,59.3570,10.9943,73.5521,58.9670,10.9943,73.5621,0.00,0.00,0.00,59.9670,10.9943,73.5621,0.00,0.00,0.00,135.4600,8.6000,276.8700,0.00,100.00,180.00,0.00,180.00,0.00,0.00
6.27,216.96,59.3500,7.9882,73.7025,15.01,100.00,0.00,0.00,0.00,0.00,0.00,59.3570,11.0061,74.0524,58.9670,11.0061,74.0624,0.00,0.00,0.00,59.9670,11.0061,74.0624,0.00,0.00,0.00,135.4600,8.6000,276.8700,0.00,100.00,180.00,0.00,180.00,0.00,0.00
6.30,216.49,59.3500,8.0000,74.2048,15.07,100.00,0.00,0.00,0.00,0.00,0.00,59.3570,11.0179,74.5546,58.9670,11.0179,74.5646,0.00,0.00,0.00,59.9670,11.0179,74.5646,0.00,0.00,0.00,135.4600,8.6000,276.8700,0.00,100.00,180.00,0.00,180.00,0.00,0.00
6.33,216.01,59.3500,7.9765,74.7098,15.17,100.00,0.00,0.00,0.00,0.00,0.00,59.3570,10.9944,75.0597,58.9670,10.9944,75.0697,0.00,0.00,0.00,59.9670,10.9944,75.0697,0.00,0.00,0.00,135.4600,8.6000,276.8700,0.00,100.00,180.00,0.00,180.00,0.00,0.00
6.37,215.54,59.3500,7.9882,75.2175,15.23,100.00,0.00,0.00,0.00,0.00,0.00,59.3570,11.0061,75.5674,58.9670,11.0061,75.5774,0.00,0.00,0.00,59.9670,11.0061,75.5774,0.00,0.00,0.00,135.4600,8.6000,276.8700,0.00,100.00,180.00,0.00,180.00,0.00,0.00
6.40,215.06,59.3500,8.0000,75.7279,15.32,100.00,0.00,0.00,0.00,0.00,0.00,59.3570,11.0179,76.0778,58.9670,11.0179,76.0878,0.00,0.00,0.00,59.9670,11.0179,76.0878,0.00,0.00,0.00,135.4600,8.6000,276.8700,0.00,100.00,180.00,0.00,180.00,0.00,0.00
6.43,214.58,59.3500,7.9765,76.2410,15.41,100.00,0.00,0.00,0.00,0.00,0.00,59.3570,10.9944,76.5909,58.9670,10.9944,76.6009,0.00,0.00,0.00,59.9670,10.9944,76.6009,0.00,0.00,0.00,135.4600,8.6000,276.8700,0.00,100.00,180.00,0.00,180.00,0.00,0.00
6.47,214.10,59.3500,7.9882,76.7568,15.47,100.00,0.00,0.00,0.00,0.00,0.00,59.3570,11.0061,77.1067,58.9670,11.0061,77.1167,0.00,0.00,0.00,59.9670,11.0061,77.1167,0.00,0.00,0.00,135.4600,8.6000,276.8700,0.00,100.00,180.00,0.00,180.00,0.00,0.00
6.50,213.61,59.3500,8.0000,77.2756,15.57,100.00,0.00,0.00,0.00,0.00,0.00,59.3570,11.0179,77.6254,58.9670,11.0179,77.6354,0.00,0.00,0.00,59.9670,11.0179,77.6354,0.00,0.00,0.00,135.4600,8.6000,276.8700,0.00,100.00,180.00,0.00,180.00,0.00,0.00
6.53,213.13,59.3500,7.9764,77.7966,15.65,100.00,0.00,0.00,0.00,0.00,0.00,59.3570,10.9943,78.1465,58.9670,10.9943,78.1565,0.00,0.00,0.00,59.9670,10.9943,78.1565,0.00,0.00,0.00,135.4600,8.6000,276.8700,0.00,100.00,180.00,0.00,180.00,0.00,0.00
6.57,212.64,59.3500,7.9882,78.3205,15.71,100.00,0.00,0.00,0.00,0.00,0.00,59.3570,11.0061,78.6704,58.9670,11.0061,78.6804,0.00,0.00,0.00,59.9670,11.0061,78.6804,0.00,0.00,0.00,135.4600,8.6000,276.8700,0.00,100.00,180.00,0.00,180.00,0.00,0.00
6.60,212.15,59.3500,8.0000,78.8475,15.83,100.00,0.00,0.00,0.00,0.00,0.00,59.3570,11.0179,79.1974,58.9670,11.0179,79.2074,0.00,0.00,0.00,59.9670,11.0179,79.2074,0.00,0.00,0.00,135.4600,8.6000,276.8700,0.00,100.00,180.00,0.00,180.00,0.00,0.00
6.63,211.65,59.3500,7.9764,79.3764,15.88,100.00,0.00,0.00,0.00,0.00,0.00,59.3570,10.9943,79.7262,58.9670,10.9943,79.7362,0.00,0.00,0.00,59.9670,10.9943,79.7362,0.00,0.00,0.00,135.4600,8.6000,276.8700,0.00,100.00,180.00,0.00,180.00,0.00,0.00
6.67,211.16,59.3500,7.9882,79.9084,15.96,100.00,0.00,0.00,0.00,0.00,0.00,59.3570,11.0061,80.2583,58.9670,11.0061,80.2683,0.00,0.00,0.00,59.9670,11.0061,80.2683,0.00,0.00,0.00,135.4600,8.6000,276.8700,0.00,100.00,180.00,0.00,180.00,0.00,0.00
6.70,210.66,59.3500,8.0000,80.4431,16.05,100.00,0.00,0.00,0.00,0.00,0.00,59.3570,11.0179,80.7930,58.9670,11.0179,80.8030,0.00,0.00,0.00,59.9670,11.0179,80.8030,0.00,0.00,0.00,135.4600,8.6000,276.8700,0.00,100.00,180.00,0.00,180.00,0.00,0.00
6.73,210.16,59.3500,7.9761,80.9805,16.05,100.00,0.00,0.00,0.00,0.00,0.00,59.3570,10.9940,81.3304,58.9670,10.9940,81.3404,0.00,0.00,0.00,59.9670,10.9940,81.3404,0.00,0.00,0.00,135.4600,8.6000,276.8700,0.00,100.00,180.00,0.00,180.00,0.00,0.00
6.77,209.65,59.3500,7.9879,81.5235,16.30,100.00,0.00,0.00,0.00,0.00,0.00,59.3570,11.0058,81.8733,58.9670,11.0058,81.8834,0.00,0.00,0.00,59.9670,11.0058,81.8834,0.00,0.00,0.00,135.4600,8.6000,276.8700,0.00,100.00,180.00,0.00,180.00,0.00,0.00
6.80,209.15,59.3500,7.9997,82.0662,16.29,100.00,0.00,0.00,0.00,0.00,0.00,59.3570,11.0176,82.4161,58.9670,11.0176,82.4261,0.00,0.00,0.00,59.9670,11.0176,82.4261,0.00,0.00,0.00,135.4600,8.6000,276.8700,0.00,100.00,180.00,0.00,180.00,0.00,0.00
6.83,208.64,59.3500,7.9761,82.6117,16.38,100.00,0.00,0.00,0.00,0.00,0.00,59.3570,10.9940,82.9616,58.9670,10.9940,82.9716,0.00,0.00,0.00,59.9670,10.9940,82.9716,0.00,0.00,0.00,135.4600,8.6000,276.8700,0.00,100.00,180.00,0.00,180.00,0.00,0.00
6.87,208.13,59.3500,7.9879,83.1600,16.45,100.00,0.00,0.00,0.00,0.00,0.00,59.3570,11.0058,83.5098,58.9670,11.0058,83.5198,0.00,0.00,0.00,59.9670,11.0058,83.5198,0.00,0.00,0.00,135.4600,8.6000,276.8700,0.00,100.00,180.00,0.00,180.00,0.00,0.00
6.90,207.61,59.3500,7.9997,83.7109,16.53,100.00,0.00,0.00,0.00,0.00,0.00,59.3570,11.0176,84.0608,58.9670,11.0176,84.0708,0.00,0.00,0.00,59.9670,11.0176,84.0708,0.00,0.00,0.00,135.4600,8.6000,276.8700,0.00,100.00,180.00,0.00,180.00,0.00,0.00
6.93,207.10,59.3500,7.9761,84.2645,16.61,100.00,0.00,0.00,0.00,0.00,0.00,59.3570,10.9940,84.6143,58.9670,10.9940,84.6243,0.00,0.00,0.00,59.9670,10.9940,84.6243,0.00,0.00,0.00,135.4600,8.6000,276.8700,0.00,100.00,180.00,0.00,180.00,0.00,0.00
6.97,206.58,59.3500,7.9879,84.8211,16.71,100.00,0.00,0.00,0.00,0.00,0.00,59.3570,11.0058,85.1710,58.9670,11.0058,85.1810,0.00,0.00,0.00,59.9670,11.0058,85.1810,0.00,0.00,0.00,135.4600,8.6000,276.8700,0.00,100.00,180.00,0.00,180.00,0.00,0.00
7.00,206.06,59.3500,7.9997,85.3799,16.77,100.00,0.00,0.00,0.00,0.00,0.00,59.3570,11.0176,85.7297,58.9670,11.0176,85.7397,0.00,0.00,0.00,59.9670,11.0176,85.7397,0.00,0.00,0.00,135.4600,8.6000,276.8700,0.00,100.00,180.00,0.00,180.00,0.00,0.00
7.03,205.54,59.3500,7.9761,85.9415,16.86,100.00,0.00,0.00,0.00,0.00,0.00,59.3570,10.9940,86.2914,58.9670,10.9940,86.3014,0.00,0.00,0.00,59.9670,10.9940,86.3014,0.00,0.00,0.00,135.4600,8.6000,276.8700,0.00,100.00,180.00,0.00,180.00,0.00,0.00
7.07,205.02,59.3500,7.9879,86.5060,16.94,100.00,0.00,0.00,0.00,0.00,0.00,59.3570,11.0058,86.8558,58.9670,11.0058,86.8658,0.00,0.00,0.00,59.9670,11.0058,86.8658,0.00,0.00,0.00,135.4600,8.6000,276.8700,0.00,100.00,180.00,0.00,180.00,0.00,0.00
7.10,204.49,59.3500,7.9997,87.0730,17.02,100.00,0.00,0.00,0.00,0.00,0.00,59.3570,11.0176,87.4229,58.9670,11.0176,87.4329,0.00,0.00,0.00,59.9670,11.0176,87.4329,0.00,0.00,0.00,135.4600,8.6000,276.8700,0.00,100.00,180.00,0.00,180.00,0.00,0.00
7.13,203.96,59.3500,7.9761,87.6429,17.11,100.00,0.00,0.00,0.00,0.00,0.00,59.3570,10.9940,87.9928,58.9670,10.9940,88.0028,0.00,0.00,0.00,59.9670,10.9940,88.0028,0.00,0.00,0.00,135.4600,8.6000,276.8700,0.00,100.00,180.00,0.00,180.00,0.00,0.00
7.17,203.43,59.3500,7.9879,88.2154,17.18,100.00,0.00,0.00,0.00,0.00,0.00,59.3570,11.0058,88.5653,58.9670,11.0058,88.5753,0.00,0.00,0.00,59.9670,11.0058,88.5753,0.00,0.00,0.00,135.4600,8.6000,276.8700,0.00,100.00,180.00,0.00,180.00,0.00,0.00
7.20,202.90,59.3500,7.9997,88.7907,17.26,100.00,0.00,0.00,0.00,0.00,0.00,59.3570,11.0176,89.1405,58.9670,11.0176,89.1505,0.00,0.00,0.00,59.9670,11.0176,89.1505,0.00,0.00,0.00,135.4600,8.6000,276.8700,0.00,100.00,180.00,0.00,180.00,0.00,0.00
7.23,202.36,59.3500,7.9761,89.3686,17.35,100.00,0.00,0.00,0.00,0.00,0.00,59.3570,10.9940,89.7185,58.9670,10.9940,89.7285,0.00,0.00,0.00,59.9670,10.9940,89.7285,0.00,0.00,0.00,135.4600,8.6000,276.8700,0.00,100.00,180.00,0.00,180.00,0.00,0.00
7.27,201.82,59.3500,7.9879,89.9492,17.42,100.00,0.00,0.00,0.00,0.00,0.00,59.3570,11.0058,90.2990,58.9670,11.0058,90.3090,0.00,0.00,0.00,59.9670,11.0058,90.3090,0.00,0.00,0.00,135.4600,8.6000,276.8700,0.00,100.00,180.00,0.00,180.00,0.00,0.00
7.30,201.28,59.3500,7.9997,90.5326,17.51,100.00,0.00,0.00,0.00,0.00,0.00,59.3570,11.0176,90.8825,58.9670,11.0176,90.8925,0.00,0.00,0.00,59.9670,11.0176,90.8925,0.00,0.00,0.00,135.4600,8.6000,276.8700,0.00,100.00,180.00,0.00,180.00,0.00,0.00
7.33,200.74,59.3500,7.9761,91.1185,17.59,100.00,0.00,0.00,0.00,0.00,0.00,59.3570,10.9940,91.4684,58.9670,10.9940,91.4784,0.00,0.00,0.00,59.9670,10.9940,91.4784,0.00,0.00,0.00,135.4600,8.6000,276.8700,0.00,100.00,180.00,0.00,180.00,0.00,0.00
7.37,200.20,59.3500,7.9879,91.7072,17.65,100.00,0.00,0.00,0.00,0.00,0.00,59.3570,11.0058,92.0571,58.9670,11.0058,92.0671,0.00,0.00,0.00,59.9670,11.0058,92.0671,0.00,0.00,0.00,135.4600,8.6000,276.8700,0.00,100.00,180.00,0.00,180.00,0.00,0.00
7.40,199.65,59.3500,7.9997,92.2990,17.77,100.00,0.00,0.00,0.00,0.00,0.00,59.3570,11.0176,92.6489,58.9670,11.0176,92.6589,0.00,0.00,0.00,59.9670,11.0176,92.6589,0.00,0.00,0.00,135.4600,8.6000,276.8700,0.00,100.00,180.00,0.00,180.00,0.00,0.00
7.43,199.10,59.3500,7.9761,92.8928,17.83,100.00,0.00,0.00,0.00,0.00,0.00,59.3570,10.9940,93.2427,58.9670,10.9940,93.2527,0.00,0.00,0.00,59.9670,10.9940,93.2527,0.00,0.00,0.00,135.4600,8.6000,276.8700,0.00,100.00,180.00,0.00,180.00,0.00,0.00
7.47,198.55,59.3500,7.9879,93.4896,17.91,100.00,0.00,0.00,0.00,0.00,0.00,59.3570,11.0058,93.8395,58.9670,11.0058,93.8495,0.00,0.00,0.00,59.9670,11.0058,93.8495,0.00,0.00,0.00,135.4600,8.6000,276.8700,0.00,100.00,180.00,0.00,180.00,0.00,0.00
7.50,197.99,59.3500,7.9997,94.0891,17.99,100.00,0.00,0.00,0.00,0.00,0.00,59.3570,11.0176,94.4390,58.9670,11.0176,94.4490,0.00,0.00,0.00,59.9670,11.0176,94.4490,0.00,0.00,0.00,135.4600,8.6000,276.8700,0.00,100.00,180.00,0.00,180.00,0.00,0.00
7.53,197.44,59.3500,7.9761,94.6913,18.08,100.00,0.00,0.00,0.00,0.00,0.00,59.3570,10.9940,95.0412,58.9670,10.9940,95.0512,0.00,0.00,0.00,59.9670,10.9940,95.0512,0.00,0.00,0.00,135.4600,8.6000,276.8700,0.00,100.00,180.00,0.00,180.00,0.00,0.00
7.57,196.88,59.3500,7.9879,95.2963,18.15,100.00,0.00,0.00,0.00,0.00,0.00,59.3571,11.0058,95.6462,58.9671,11.0058,95.6562,0.00,0.00,0.00,59.9671,11.0058,95.6562,0.00,0.00,0.00,135.4600,8.6000,276.8700,0.00,100.00,180.00,0.00,180.00,0.00,0.00
7.60,196.32,59.3500,7.9997,95.9039,18.23,100.00,0.00,0.00,0.00,0.00,0.00,59.3570,11.0175,96.2538,58.9670,11.0175,96.2638,0.00,0.00,0.00,59.9670,11.0175,96.2638,0.00,0.00,0.00,135.4600,8.6000,276.8700,0.00,100.00,180.00,0.00,180.00,0.00,0.00
7.63,195.76,59.3500,7.9761,96.5144,18.34,100.00,0.00,0.00,0.00,0.00,0.00,59.3570,10.9940,96.8643,58.9670,10.9940,96.8743,0.00,0.00,0.00,59.9670,10.9940,96.8743,0.00,0.00,0.00,135.4600,8.6000,276.8700,0.00,100.00,180.00,0.00,180.00,0.00,0.00
7.67,195.19,59.3500,7.9879,97.1272,18.39,100.00,0.00,0.00,0.00,0.00,0.00,59.3570,11.0058,97.4771,58.9670,11.0058,97.4871,0.00,0.00,0.00,59.9670,11.0058,97.4871,0.00,0.00,0.00,135.4600,8.6000,276.8700,0.00,100.00,180.00,0.00,180.00,0.00,0.00
7.70,194.63,59.3500,7.9997,97.7429,18.47,100.00,0.00,0.00,0.00,0.00,0.00,59.3570,11.0176,98.0928,58.9670,11.0176,98.1028,0.00,0.00,0.00,59.9670,11.0176,98.1028,0.00,0.00,0.00,135.4600,8.6000,276.8700,0.00,100.00,180.00,0.00,180.00,0.00,0.00
7.73,194.06,59.3500,7.9761,98.3614,18.57,100.00,0.00,0.00,0.00,0.00,0.00,59.3570,10.9940,98.7112,58.9670,10.9940,98.7212,0.00,0.00,0.00,59.9670,10.9940,98.7212,0.00,0.00,0.00,135.4600,8.6000,276.8700,0.00,100.00,180.00,0.00,180.00,0.00,0.00
7.77,193.49,59.3500,7.9879,98.9825,18.64,100.00,0.00,0.00,0.00,0.00,0.00,59.3570,11.0058,99.3324,58.9670,11.0058,99.3424,0.00,0.00,0.00,59.9670,11.0058,99.3424,0.00,0.00,0.00,135.4600,8.6000,276.8700,0.00,100.00,180.00,0.00,180.00,0.00,0.00
7.80,192.91,59.3500,7.9997,99.6064,18.72,100.00,0.00,0.00,0.00,0.00,0.00,59.3570,11.0176,99.9563,58.9670,11.0176,99.9663,0.00,0.00,0.00,59.9670,11.0176,99.9663,0.00,0.00,0.00,135.4600,8.6000,276.8700,0.00,100.00,180.00,0.00,180.00,0.00,0.00
7.83,192.34,59.3500,7.9761,100.2329,18.81,100.00,0.00,0.00,0.00,0.00,0.00,59.3570,10.9940,100.5827,58.9670,10.9940,100.5927,0.00,0.00,0.00,59.9670,10.9940,100.5927,0.00,0.00,0.00,135.4600,8.6000,276.8700,0.00,100.00,180.00,0.00,180.00,0.00,0.00
7.87,191.76,59.3500,7.9879,100.8621,18.88,100.00,0.00,0.00,0.00,0.00,0.00,59.3570,11.0058,101.2119,58.9670,11.0058,101.2219,0.00,0.00,0.00,59.9670,11.0058,101.2219,0.00,0.00,0.00,135.4600,8.6000,276.8700,0.00,100.00,180.00,0.00,180.00,0.00,0.00
7.90,191.18,59.3500,7.9997,101.4940,18.96,100.00,0.00,0.00,0.00,0.00,0.00,59.3570,11.0176,101.8439,58.9670,11.0176,101.8539,0.00,0.00,0.00,59.9670,11.0176,101.8539,0.00,0.00,0.00,135.4600,8.6000,276.8700,0.00,100.00,180.00,0.00,180.00,0.00,0.00
7.93,190.60,59.3500,7.9761,102.1286,19.05,100.00,0.00,0.00,0.00,0.00,0.00,59.3570,10.9940,102.4785,58.9670,10.9940,102.4885,0.00,0.00,0.00,59.9670,10.9940,102.4885,0.00,0.00,0.00,135.4600,8.6000,276.8700,0.00,100.00,180.00,0.00,180.00,0.00,0.00
7.97,190.01,59.3500,7.9879,102.7660,19.12,100.00,0.00,0.00,0.00,0.00,0.00,59.3570,11.0058,103.1159,58.9670,11.0058,103.1259,0.00,0.00,0.00,59.9670,11.0058,103.1259,0.00,0.00,0.00,135.4600,8.6000,276.8700,0.00,100.00,180.00,0.00,180.00,0.00,0.00
8.00,189.43,59.3500,7.9997,103.4061,19.21,100.00,0.00,0.00,0.00,0.00,0.00,59.3571,11.0176,103.7559,58.9671,11.0176,103.7659,0.00,0.00,0.00,59.9671,11.0176,103.7659,0.00,0.00,0.00,135.4600,8.6000,276.8700,0.00,100.00,180.00,0.00,180.00,0.00,0.00
8.03,188.84,59.3500,7.9761,104.0488,19.30,100.00,0.00,0.00,0.00,0.00,0.00,59.3570,10.9940,104.3987,58.9670,10.9940,104.4087,0.00,0.00,0.00,59.9670,10.9940,104.4087,0.00,0.00,0.00,135.4600,8.6000,276.8700,0.00,100.00,180.00,0.00,180.00,0.00,0.00
8.07,188.25,59.3500,7.9879,104.6942,19.36,100.00,0.00,0.00,0.00,0.00,0.00,59.3570,11.0058,105.0440,58.9670,11.0058,105.0540,0.00,0.00,0.00,59.9670,11.0058,105.0540,0.00,0.00,0.00,135.4600,8.6000,276.8700,0.00,100.00,180.00,0.00,180.00,0.00,0.00
8.10,187.66,59.3500,7.9997,105.3423,19.45,100.00,0.00,0.00,0.00,0.00,0.00,59.3570,11.0176,105.6921,58.9670,11.0176,105.7021,0.00,0.00,0.00,59.9670,11.0176,105.7021,0.00,0.00,0.00,135.4600,8.6000,276.8700,0.00,100.00,180.00,0.00,180.00,0.00,0.00
8.13,187.06,59.3500,7.9761,105.9902,19.45,100.00,0.00,0.00,0.00,0.00,0.00,59.3570,10.9940,106.3401,58.9670,10.9940,106.3501,0.00,0.00,0.00,59.9670,10.9940,106.3501,0.00,0.00,0.00,135.4600,8.6000,276.8700,0.00,100.00,180.00,0.00,180.00,0.00,0.00
8.17,186.47,59.3500,7.9879,106.6382,19.44,100.00,0.00,0.00,0.00,0.00,0.00,59.3570,11.0058,106.9881,58.9670,11.0058,106.9981,0.00,0.00,0.00,59.9670,11.0058,106.9981,0.00,0.00,0.00,135.4600,8.6000,276.8700,0.00,100.00,180.00,0.00,180.00,0.00,0.00
8.20,185.88,59.3500,7.9997,107.2862,19.44,100.00,0.00,0.00,0.00,0.00,0.00,59.3570,11.0176,107.6361,58.9670,11.0176,107.6461,0.00,0.00,0.00,59.9670,11.0176,107.6461,0.00,0.00,0.00,135.4600,8.6000,276.8700,0.00,100.00,180.00,0.00,180.00,0.00,0.00
8.23,185.29,59.3500,7.9761,107.9342,19.45,100.00,0.00,0.00,0.00,0.00,0.00,59.3570,10.9940,108.2841,58.9670,10.9940,108.2941,0.00,0.00,0.00,59.9670,10.9940,108.2941,0.00,0.00,0.00,135.4600,8.6000,276.8700,0.00,100.00,180.00,0.00,180.00,0.00,0.00
8.27,184.70,59.3500,7.9879,108.5825,19.45,100.00,0.00,0.00,0.00,0.00,0.00,59.3570,11.0058,108.9324,58.9670,11.0058,108.9424,0.00,0.00,0.00,59.9670,11.0058,108.9424,0.00,0.00,0.00,135.4600,8.6000,276.8700,0.00,100.00,180.00,0.00,180.00,0.00,0.00
8.30,184.11,59.3500,7.9996,109.2305,19.45,100.00,0.00,0.00,0.00,0.00,0.00,59.3570,11.0175,109.5804,58.9670,11.0175,109.5904,0.00,0.00,0.00,59.9670,11.0175,109.5904,0.00,0.00,0.00,135.4600,8.6000,276.8700,0.00,100.00,180.00,0.00,180.00,0.00,0.00
8.33,183.52,59.3500,7.9761,109.8785,19.45,100.00,0.00,0.00,0.00,0.00,0.00,59.3570,10.9940,110.2283,58.9670,10.9940,110.2383,0.00,0.00,0.00,59.9670,10.9940,110.2383,0.00,0.00,0.00,135.4600,8.6000,276.8700,0.00,100.00,180.00,0.00,180.00,0.00,0.00
8.37,182.93,59.3500,7.9879,110.5266,19.45,100.00,0.00,0.00,0.00,0.00,0.00,59.3570,11.0058,110.8764,58.9670,11.0058,110.8864,0.00,0.00,0.00,59.9670,11.0058,110.8864,0.00,0.00,0.00,135.4600,8.6000,276.8700,0.00,100.00,180.00,0.00,180.00,0.00,0.00
8.40,182.34,59.3500,7.9996,111.1745,19.44,100.00,0.00,0.00,0.00,0.00,0.00,59.3570,11.0175,111.5244,58.9670,11.0175,111.5344,0.00,0.00,0.00,59.9670,11.0175,111.5344,0.00,0.00,0.00,135.4600,8.6000,276.8700,0.00,100.00,180.00,0.00,180.00,0.00,0.00
8.43,181.75,59.3500,7.9761,111.8225,19.46,100.00,0.00,0.00,0.00,0.00,0.00,59.3570,10.9940,112.1724,58.9670,10.9940,112.1824,0.00,0.00,0.00,59.9670,10.9940,112.1824,0.00,0.00,0.00,135.4600,8.6000,276.8700,0.00,100.00,180.00,0.00,180.00,0.00,0.00
8.47,181.16,59.3500,7.9879,112.4705,19.44,100.00,0.00,0.00,0.00,0.00,0.00,59.3570,11.0058,112.8204,58.9670,11.0058,112.8304,0.00,0.00,0.00,59.9670,11.0058,112.8304,0.00,0.00,0.00,135.4600,8.6000,276.8700,0.00,100.00,180.00,0.00,180.00,0.00,0.00
8.50,180.58,59.3500,7.9996,113.1185,19.44,100.00,0.00,0.00,0.00,0.00,0.00,59.3570,11.0175,113.4684,58.9670,11.0175,113.4784,0.00,0.00,0.00,59.9670,11.0175,113.4784,0.00,0.00,0.00,135.4600,8.6000,276.8700,0.00,100.00,180.00,0.00,180.00,0.00,0.00
8.53,179.99,59.3500,7.9761,113.7665,19.45,100.00,0.00,0.00,0.00,0.00,0.00,59.3570,10.9940,114.1164,58.9670,10.9940,114.1264,0.00,0.00,0.00,59.9670,10.9940,114.1264,0.00,0.00,0.00,135.4600,8.6000,276.8700,0.00,100.00,180.00,0.00,180.00,0.00,0.00
8.57,179.40,59.3500,7.9879,114.4146,19.44,100.00,0.00,0.00,0.00,0.00,0.00,59.3570,11.0057,114.7645,58.9670,11.0057,114.7745,0.00,0.00,0.00,59.9670,11.0057,114.7745,0.00,0.00,0.00,135.4600,8.6000,276.8700,0.00,100.00,180.00,0.00,180.00,0.00,0.00
8.60,178.81,59.3500,7.9996,115.0626,19.44,100.00,0.00,0.00,0.00,0.00,0.00,59.3570,11.0175,115.4125,58.9670,11.0175,115.4225,0.00,0.00,0.00,59.9670,11.0175,115.4225,0.00,0.00,0.00,135.4600,8.6000,276.8700,0.00,100.00,180.00,0.00,180.00,0.00,0.00
8.63,178.23,59.3500,7.9761,115.7106,19.45,100.00,0.00,0.00,0.00,0.00,0.00,59.3570,10.9940,116.0604,58.9670,10.9940,116.0704,0.00,0.00,0.00,59.9670,10.9940,116.0704,0.00,0.00,0.00,135.4600,8.6000,276.8700,0.00,100.00,180.00,0.00,180.00,0.00,0.00
8.67,177.64,59.3500,7.9878,116.3586,19.44,100.00,0.00,0.00,0.00,0.00,0.00,59.3570,11.0057,116.7084,58.9670,11.0057,116.7184,0.00,0.00,0.00,59.9670,11.0057,116.7184,0.00,0.00,0.00,135.4600,8.6000,276.8700,0.00,100.00,180.00,0.00,180.00,0.00,0.00
8.70,177.06,59.3500,7.9996,117.0067,19.45,100.00,0.00,0.00,0.00,0.00,0.00,59.3570,11.0175,117.3566,58.9670,11.0175,117.3666,0.00,0.00,0.00,59.9670,11.0175,117.3666,0.00,0.00,0.00,135.4600,8.6000,276.8700,0.00,100.00,180.00,0.00,180.00,0.00,0.00
8.73,176.47,59.3500,7.9761,117.6545,19.45,100.00,0.00,0.00,0.00,0.00,0.00,59.3570,10.9940,118.0044,58.9670,10.9940,118.0144,0.00,0.00,0.00,59.9670,10.9940,118.0144,0.00,0.00,0.00,135.4600,8.6000,276.8700,0.00,100.00,180.00,0.00,180.00,0.00,0.00
8.77,175.89,59.3500,7.9878,118.3026,19.44,100.00,0.00,0.00,0.00,0.00,0.00,59.3570,11.0057,118.6525,58.9670,11.0057,118.6625,0.00,0.00,0.00,59.9670,11.0057,118.6625,0.00,0.00,0.00,135.4600,8.6000,276.8700,0.00,100.00,180.00,0.00,180.00,0.00,0.00
8.80,175.30,59.3500,7.9996,118.9506,19.44,100.00,0.00,0.00,0.00,0.00,0.00,59.3570,11.0175,119.3005,58.9670,11.0175,119.3105,0.00,0.00,0.00,59.9670,11.0175,119.3105,0.00,0.00,0.00,135.4600,8.6000,276.8700,0.00,100.00,180.00,0.00,180.00,0.00,0.00
8.83,174.72,59.3500,7.9761,119.5986,19.45,100.00,0.00,0.00,0.00,0.00,0.00,59.3570,10.9940,119.9485,58.9670,10.9940,119.9585,0.00,0.00,0.00,59.9670,10.9940,119.9585,0.00,0.00,0.00,135.4600,8.6000,276.8700,0.00,100.00,180.00,0.00,180.00,0.00,0.00
8.87,174.14,59.3500,7.9878,120.2465,19.43,100.00,0.00,0.00,0.00,0.00,0.00,59.3570,11.0057,120.5964,58.9670,11.0057,120.6064,0.00,0.00,0.00,59.9670,11.0057,120.6064,0.00,0.00,0.00,135.4600,8.6000,276.8700,0.00,100.00,180.00,0.00,180.00,0.00,0.00
8.90,173.56,59.3500,7.9996,120.8948,19.45,100.00,0.00,0.00,0.00,0.00,0.00,59.3570,11.0175,121.2447,58.9670,11.0175,121.2547,0.00,0.00,0.00,59.9670,11.0175,121.2547,0.00,0.00,0.00,135.4600,8.6000,276.8700,0.00,100.00,180.00,0.00,180.00,0.00,0.00
8.93,172.97,59.3500,7.9761,121.5428,19.45,100.00,0.00,0.00,0.00,0.00,0.00,59.3570,10.9939,121.8927,58.9670,10.9939,121.9027,0.00,0.00,0.00,59.9670,10.9939,121.9027,0.00,0.00,0.00,135.4600,8.6000,276.8700,0.00,100.00,180.00,0.00,180.00,0.00,0.00
8.97,172.39,59.3500,7.9878,122.1909,19.43,100.00,0.00,0.00,0.00,0.00,0.00,59.3570,11.0057,122.5407,58.9670,11.0057,122.5507,0.00,0.00,0.00,59.9670,11.0057,122.5507,0.00,0.00,0.00,135.4600,8.6000,276.8700,0.00,100.00,180.00,0.00,180.00,0.00,0.00
9.00,171.81,59.3500,7.9996,122.8395,19.47,100.00,0.00,0.00,0.00,0.00,0.00,59.3570,11.0175,123.1893,58.9670,11.0175,123.1993,0.00,0.00,0.00,59.9670,11.0175,123.1993,0.00,0.00,0.00,135.4600,8.6000,276.8700,0.00,100.00,180.00,0.00,180.00,0.00,0.00
9.03,171.23,59.3500,7.9760,123.4872,19.45,100.00,0.00,0.00,0.00,0.00,0.00,59.3570,10.9939,123.8371,58.9670,10.9939,123.8471,0.00,0.00,0.00,59.9670,10.9939,123.8471,0.00,0.00,0.00,135.4600,8.6000,276.8700,0.00,100.00,180.00,0.00,180.00,0.00,0.00
9.07,170.65,59.3500,7.9878,124.1352,19.43,100.00,0.00,0.00,0.00,0.00,0.00,59.3570,11.0057,124.4851,58.9670,11.0057,124.4951,0.00,0.00,0.00,59.9670,11.0057,124.4951,0.00,0.00,0.00,135.4600,8.6000,276.8700,0.00,100.00,180.00,0.00,180.00,0.00,0.00
9.10,170.07,59.3500,7.9996,124.7835,19.46,100.00,0.00,0.00,0.00,0.00,0.00,59.3570,11.0175,125.1334,58.9670,11.0175,125.1434,0.00,0.00,0.00,59.9670,11.0175,125.1434,0.00,0.00,0.00,135.4600,8.6000,276.8700,0.00,100.00,180.00,0.00,180.00,0.00,0.00
9.13,169.49,59.3500,7.9760,125.4313,19.45,100.00,0.00,0.00,0.00,0.00,0.00,59.3570,10.9939,125.7812,58.9670,10.9939,125.7912,0.00,0.00,0.00,59.9670,10.9939,125.7912,0.00,0.00,0.00,135.4600,8.6000,276.8700,0.00,100.00,180.00,0.00,180.00,0.00,0.00
9.17,168.91,59.3500,7.9878,126.0792,19.43,100.00,0.00,0.00,0.00,0.00,0.00,59.3570,11.0057,126.4291,58.9670,11.0057,126.4391,0.00,0.00,0.00,59.9670,11.0057,126.4391,0.00,0.00,0.00,135.4600,8.6000,276.8700,0.00,100.00,180.00,0.00,180.00,0.00,0.00
9.20,168.33,59.3500,7.9996,126.7275,19.46,100.00,0.00,0.00,0.00,0.00,0.00,59.3570,11.0175,127.0774,58.9670,11.0175,127.0874,0.00,0.00,0.00,59.9670,11.0175,127.0874,0.00,0.00,0.00,135.4600,8.6000,276.8700,0.00,100.00,180.00,0.00,180.00,0.00,0.00
9.23,167.76,59.3500,7.9760,127.3752,19.44,100.00,0.00,0.00,0.00,0.00,0.00,59.3570,10.9939,127.7251,58.9670,10.9939,127.7351,0.00,0.00,0.00,59.9670,10.9939,127.7351,0.00,0.00,0.00,135.4600,8.6000,276.8700,0.00,100.00,180.00,0.00,180.00,0.00,0.00
9.27,167.18,59.3500,7.9878,128.0233,19.45,100.00,0.00,0.00,0.00,0.00,0.00,59.3571,11.0057,128.3732,58.9671,11.0057,128.3832,0.00,0.00,0.00,59.9671,11.0057,128.3832,0.00,0.00,0.00,135.4600,8.6000,276.8700,0.00,100.00,180.00,0.00,180.00,0.00,0.00
9.30,166.60,59.3500,7.9996,128.6712,19.44,100.00,0.00,0.00,0.00,0.00,0.00,59.3570,11.0174,129.0211,58.9670,11.0174,129.0311,0.00,0.00,0.00,59.9670,11.0174,129.0311,0.00,0.00,0.00,135.4600,8.6000,276.8700,0.00,100.00,180.00,0.00,180.00,0.00,0.00
9.33,166.03,59.3500,7.9760,129.3193,19.46,100.00,0.00,0.00,0.00,0.00,0.00,59.3570,10.9939,129.6692,58.9670,10.9939,129.6792,0.00,0.00,0.00,59.9670,10.9939,129.6792,0.00,0.00,0.00,135.4600,8.6000,276.8700,0.00,100.00,180.00,0.00,180.00,0.00,0.00
9.37,165.45,59.3500,7.9878,129.9672,19.44,100.00,0.00,0.00,0.00,0.00,0.00,59.3570,11.0057,130.3171,58.9670,11.0057,130.3271,0.00,0.00,0.00,59.9670,11.0057,130.3271,0.00,0.00,0.00,135.4600,8.6000,276.8700,0.00,100.00,180.00,0.00,180.00,0.00,0.00
9.40,164.87,59.3500,7.9996,130.6153,19.44,100.00,0.00,0.00,0.00,0.00,0.00,59.3570,11.0175,130.9651,58.9670,11.0175,130.9751,0.00,0.00,0.00,59.9670,11.0175,130.9751,0.00,0.00,0.00,135.4600,8.6000,276.8700,0.00,100.00,180.00,0.00,180.00,0.00,0.00
9.43,164.30,59.3500,7.9760,131.2633,19.45,100.00,0.00,0.00,0.00,0.00,0.00,59.3570,10.9939,131.6132,58.9670,10.9939,131.6232,0.00,0.00,0.00,59.9670,10.9939,131.6232,0.00,0.00,0.00,135.4600,8.6000,276.8700,0.00,100.00,180.00,0.00,180.00,0.00,0.00
9.47,163.73,59.3500,7.9878,131.9113,19.44,100.00,0.00,0.00,0.00,0.00,0.00,59.3570,11.0057,132.2612,58.9670,11.0057,132.2711,0.00,0.00,0.00,59.9670,11.0057,132.2711,0.00,0.00,0.00,135.4600,8.6000,276.8700,0.00,100.00,180.00,0.00,180.00,0.00,0.00
9.50,163.15,59.3500,7.9996,132.5595,19.46,100.00,0.00,0.00,0.00,0.00,0.00,59.3570,11.0175,132.9094,58.9670,11.0175,132.9194,0.00,0.00,0.00,59.9670,11.0175,132.9194,0.00,0.00,0.00,135.4600,8.6000,276.8700,0.00,100.00,180.00,0.00,180.00,0.00,0.00
9.53,162.58,59.3500,7.9760,133.2073,19.45,100.00,0.00,0.00,0.00,0.00,0.00,59.3570,10.9939,133.5571,58.9670,10.9939,133.5671,0.00,0.00,0.00,59.9670,10.9939,133.5671,0.00,0.00,0.00,135.4600,8.6000,276.8700,0.00,100.00,180.00,0.00,180.00,0.00,0.00
9.57,162.01,59.3500,7.9878,133.8553,19.44,100.00,0.00,0.00,0.00,0.00,0.00,59.3570,11.0057,134.2052,58.9670,11.0057,134.2152,0.00,0.00,0.00,59.9670,11.0057,134.2152,0.00,0.00,0.00,135.4600,8.6000,276.8700,0.00,100.00,180.00,0.00,180.00,0.00,0.00
9.60,161.44,59.3500,7.9996,134.5035,19.46,100.00,0.00,0.00,0.00,0.00,0.00,59.3570,11.0175,134.8534,58.9670,11.0175,134.8634,0.00,0.00,0.00,59.9670,11.0175,134.8634,0.00,0.00,0.00,135.4600,8.6000,276.8700,0.00,100.00,180.00,0.00,180.00,0.00,0.00
9.63,160.86,59.3500,7.9760,135.1513,19.45,100.00,0.00,0.00,0.00,0.00,0.00,59.3570,10.9939,135.5012,58.9670,10.9939,135.5112,0.00,0.00,0.00,59.9670,10.9939,135.5112,0.00,0.00,0.00,135.4600,8.6000,276.8700,0.00,100.00,180.00,0.00,180.00,0.00,0.00
9.67,160.29,59.3500,7.9877,135.7993,19.43,100.00,0.00,0.00,0.00,0.00,0.00,59.3570,11.0056,136.1492,58.9670,11.0056,136.1592,0.00,0.00,0.00,59.9670,11.0056,136.1592,0.00,0.00,0.00,135.4600,8.6000,276.8700,0.00,100.00,180.00,0.00,180.00,0.00,0.00
9.70,159.72,59.3500,7.9995,136.4477,19.47,100.00,0.00,0.00,0.00,0.00,0.00,59.3570,11.0174,136.7976,58.9670,11.0174,136.8076,0.00,0.00,0.00,59.9670,11.0174,136.8076,0.00,0.00,0.00,135.4600,8.6000,276.8700,0.00,100.00,180.00,0.00,180.00,0.00,0.00
9.73,159.15,59.3500,7.9760,137.0954,19.44,100.00,0.00,0.00,0.00,0.00,0.00,59.3570,10.9939,137.4453,58.9670,10.9939,137.4553,0.00,0.00,0.00,59.9670,10.9939,137.4553,0.00,0.00,0.00,135.4600,8.6000,276.8700,0.00,100.00,180.00,0.00,180.00,0.00,0.00
9.77,158.59,59.3500,7.9877,137.7433,19.43,100.00,0.00,0.00,0.00,0.00,0.00,59.3570,11.0056,138.0932,58.9670,11.0056,138.1032,0.00,0.00,0.00,59.9670,11.0056,138.1032,0.00,0.00,0.00,135.4600,8.6000,276.8700,0.00,100.00,180.00,0.00,180.00,0.00,0.00
9.80,158.02,59.3500,7.9995,138.3916,19.46,100.00,0.00,0.00,0.00,0.00,0.00,59.3570,11.0174,138.7415,58.9670,11.0174,138.7515,0.00,0.00,0.00,59.9670,11.0174,138.7515,0.00,0.00,0.00,135.4600,8.6000,276.8700,0.00,100.00,180.00,0.00,180.00,0.00,0.00
9.83,157.45,59.3500,7.9760,139.0393,19.44,100.00,0.00,0.00,0.00,0.00,0.00,59.3570,10.9939,139.3892,58.9670,10.9939,139.3992,0.00,0.00,0.00,59.9670,10.9939,139.3992,0.00,0.00,0.00,135.4600,8.6000,276.8700,0.00,100.00,180.00,0.00,180.00,0.00,0.00
9.87,156.88,59.3500,7.9878,139.6873,19.44,100.00,0.00,0.00,0.00,0.00,0.00,59.3570,11.0057,140.0372,58.9670,11.0057,140.0472,0.00,0.00,0.00,59.9670,11.0057,140.0472,0.00,0.00,0.00,135.4600,8.6000,276.8700,0.00,100.00,180.00,0.00,180.00,0.00,0.00
9.90,156.32,59.3500,7.9995,140.3355,19.45,100.00,0.00,0.00,0.00,0.00,0.00,59.3570,11.0174,140.6854,58.9670,11.0174,140.6954,0.00,0.00,0.00,59.9670,11.0174,140.6954,0.00,0.00,0.00,135.4600,8.6000,276.8700,0.00,100.00,180.00,0.00,180.00,0.00,0.00
9.93,155.75,59.3500,7.9760,140.9834,19.45,100.00,0.00,0.00,0.00,0.00,0.00,59.3570,10.9939,141.3333,58.9670,10.9939,141.3433,0.00,0.00,0.00,59.9670,10.9939,141.3433,0.00,0.00,0.00,135.4600,8.6000,276.8700,0.00,100.00,180.00,0.00,180.00,0.00,0.00
9.97,155.19,59.3500,7.9878,141.6314,19.44,100.00,0.00,0.00,0.00,0.00,0.00,59.3570,11.0057,141.9812,58.9670,11.0057,141.9912,0.00,0.00,0.00,59.9670,11.0057,141.9912,0.00,0.00,0.00,135.4600,8.6000,276.8700,0.00,100.00,180.00,0.00,180.00,0.00,0.00
10.00,154.62,59.3500,7.9995,142.2794,19.44,100.00,0.00,0.00,0.00,0.00,0.00,59.3570,11.0174,142.6293,58.9670,11.0174,142.6393,0.00,0.00,0.00,59.9670,11.0174,142.6393,0.00,0.00,0.00,135.4600,8.6000,276.8700,0.00,100.00,180.00,0.00,180.00,0.00,0.00
10.03,154.06,59.3500,7.9760,142.9274,19.45,100.00,0.00,0.00,0.00,0.00,0.00,59.3570,10.9939,143.2773,58.9670,10.9939,143.2873,0.00,0.00,0.00,59.9670,10.9939,143.2873,0.00,0.00,0.00,135.4600,8.6000,276.8700,0.00,100.00,180.00,0.00,180.00,0.00,0.00
10.07,153.49,59.3500,7.9877,143.5754,19.43,100.00,0.00,0.00,0.00,0.00,0.00,59.3570,11.0056,143.9253,58.9670,11.0056,143.9353,0.00,0.00,0.00,59.9670,11.0056,143.9353,0.00,0.00,0.00,135.4600,8.6000,276.8700,0.00,100.00,180.00,0.00,180.00,0.00,0.00
10.10,152.93,59.3500,7.9994,144.2238,19.43,100.00,0.00,0.00,0.00,0.00,0.00,59.3570,11.0173,144.5737,58.9670,11.0173,144.5837,0.00,0.00,0.00,59.9670,11.0173,144.5837,0.00,0.00,0.00,135.4600,8.6000,276.8700,0.00,100.00,180.00,0.00,180.00,0.00,0.00
10.13,152.37,59.3500,7.9758,144.8725,19.45,100.00,0.00,0.00,0.00,0.00,0.00,59.3570,10.9937,145.2224,58.9670,10.9937,145.2324,0.00,0.00,0.00,59.9670,10.9937,145.2324,0.00,0.00,0.00,135.4600,8.6000,276.8700,0.00,100.00,180.00,0.00,180.00,0.00,0.00
10.17,151.81,59.3500,7.9876,145.5213,19.47,100.00,0.00,0.00,0.00,0.00,0.00,59.3570,11.0055,145.8712,58.9670,11.0055,145.8811,0.00,0.00,0.00,59.9670,11.0055,145.8811,0.00,0.00,0.00,135.4600,8.6000,276.8700,0.00,100.00,180.00,0.00,180.00,0.00,0.00
10.20,151.25,59.3500,7.9994,146.1692,19.44,100.00,0.00,0.00,0.00,0.00,0.00,59.3570,11.0173,146.5191,58.9670,11.0173,146.5291,0.00,0.00,0.00,59.9670,11.0173,146.5291,0.00,0.00,0.00,135.4600,8.6000,276.8700,0.00,100.00,180.00,0.00,180.00,0.00,0.00
10.23,150.69,59.3500,7.9758,146.8173,19.45,100.00,0.00,0.00,0.00,0.00,0.00,59.3570,10.9937,147.1671,58.9670,10.9937,147.1771,0.00,0.00,0.00,59.9670,10.9937,147.1771,0.00,0.00,0.00,135.4600,8.6000,276.8700,0.00,100.00,180.00,0.00,180.00,0.00,0.00
10.27,150.13,59.3500,7.9876,147.4653,19.44,100.00,0.00,0.00,0.00,0.00,0.00,59.3571,11.0055,147.8152,58.9671,11.0055,147.8252,0.00,0.00,0.00,59.9671,11.0055,147.8252,0.00,0.00,0.00,135.4600,8.6000,276.8700,0.00,100.00,180.00,0.00,180.00,0.00,0.00
10.30,149.57,59.3500,7.9994,148.1134,19.45,100.00,0.00,0.00,0.00,0.00,0.00,59.3570,11.0173,148.4633,58.9670,11.0173,148.4733,0.00,0.00,0.00,59.9670,11.0173,148.4733,0.00,0.00,0.00,135.4600,8.6000,276.8700,0.00,100.00,180.00,0.00,180.00,0.00,0.00
10.33,149.01,59.3500,7.9758,148.7614,19.45,100.00,0.00,0.00,0.00,0.00,0.00,59.3570,10.9937,149.1113,58.9670,10.9937,149.1213,0.00,0.00,0.00,59.9670,10.9937,149.1213,0.00,0.00,0.00,135.4600,8.6000,276.8700,0.00,100.00,180.00,0.00,180.00,0.00,0.00
10.37,148.46,59.3500,7.9876,149.4095,19.45,100.00,0.00,0.00,0.00,0.00,0.00,59.3570,11.0055,149.7594,58.9670,11.0055,149.7694,0.00,0.00,0.00,59.9670,11.0055,149.7694,0.00,0.00,0.00,135.4600,8.6000,276.8700,0.00,100.00,180.00,0.00,180.00,0.00,0.00
10.40,147.90,59.3500,7.9994,150.0574,19.44,100.00,0.00,0.00,0.00,0.00,0.00,59.3570,11.0173,150.4073,58.9670,11.0173,150.4173,0.00,0.00,0.00,59.9670,11.0173,150.4173,0.00,0.00,0.00,135.4600,8.6000,276.8700,0.00,100.00,180.00,0.00,180.00,0.00,0.00
10.43,147.35,59.3500,7.9758,150.7054,19.45,100.00,0.00,0.00,0.00,0.00,0.00,59.3570,10.9937,151.0553,58.9670,10.9937,151.0653,0.00,0.00,0.00,59.9670,10.9937,151.0653,0.00,0.00,0.00,135.4600,8.6000,276.8700,0.00,100.00,180.00,0.00,180.00,0.00,0.00
10.47,146.79,59.3500,7.9876,151.3534,19.44,100.00,0.00,0.00,0.00,0.00,0.00,59.3570,11.0055,151.7033,58.9670,11.0055,151.7133,0.00,0.00,0.00,59.9670,11.0055,151.7133,0.00,0.00,0.00,135.4600,8.6000,276.8700,0.00,100.00,180.00,0.00,180.00,0.00,0.00
10.50,146.24,59.3500,7.9993,152.0014,19.44,100.00,0.00,0.00,0.00,0.00,0.00,59.3570,11.0172,152.3513,58.9670,11.0172,152.3613,0.00,0.00,0.00,59.9670,11.0172,152.3613,0.00,0.00,0.00,135.4600,8.6000,276.8700,0.00,100.00,180.00,0.00,180.00,0.00,0.00
10.53,145.68,59.3500,7.9758,152.6496,19.46,100.00,0.00,0.00,0.00,0.00,0.00,59.3570,10.9937,152.9995,58.9670,10.9937,153.0095,0.00,0.00,0.00,59.9670,10.9937,153.0095,0.00,0.00,0.00,135.4600,8.6000,276.8700,0.00,100.00,180.00,0.00,180.00,0.00,0.00
10.57,145.13,59.3500,7.9876,153.2975,19.44,100.00,0.00,0.00,0.00,0.00,0.00,59.3570,11.0055,153.6474,58.9670,11.0055,153.6573,0.00,0.00,0.00,59.9670,11.0055,153.6573,0.00,0.00,0.00,135.4600,8.6000,276.8700,0.00,100.00,180.00,0.00,180.00,0.00,0.00
10.60,144.58,59.3500,7.9994,153.9455,19.44,100.00,0.00,0.00,0.00,0.00,0.00,59.3570,11.0173,154.2953,58.9670,11.0173,154.3053,0.00,0.00,0.00,59.9670,11.0173,154.3053,0.00,0.00,0.00,135.4600,8.6000,276.8700,0.00,100.00,180.00,0.00,180.00,0.00,0.00
10.63,144.03,59.3500,7.9758,154.5935,19.45,100.00,0.00,0.00,0.00,0.00,0.00,59.3570,10.9937,154.9434,58.9670,10.9937,154.9534,0.00,0.00,0.00,59.9670,10.9937,154.9534,0.00,0.00,0.00,135.4600,8.6000,276.8700,0.00,100.00,180.00,0.00,180.00,0.00,0.00
10.67,143.48,59.3500,7.9876,155.2415,19.44,100.00,0.00,0.00,0.00,0.00,0.00,59.3570,11.0055,155.5914,58.9670,11.0055,155.6014,0.00,0.00,0.00,59.9670,11.0055,155.6014,0.00,0.00,0.00,135.4600,8.6000,276.8700,0.00,100.00,180.00,0.00,180.00,0.00,0.00
10.70,142.93,59.3500,7.9994,155.8895,19.44,100.00,0.00,0.00,0.00,0.00,0.00,59.3570,11.0172,156.2394,58.9670,11.0172,156.2494,0.00,0.00,0.00,59.9670,11.0172,156.2494,0.00,0.00,0.00,135.4600,8.6000,276.8700,0.00,100.00,180.00,0.00,180.00,0.00,0.00
10.73,142.38,59.3500,7.9758,156.5375,19.45,100.00,0.00,0.00,0.00,0.00,0.00,59.3570,10.9937,156.8874,58.9670,10.9937,156.8974,0.00,0.00,0.00,59.9670,10.9937,156.8974,0.00,0.00,0.00,135.4600,8.6000,276.8700,0.00,100.00,180.00,0.00,180.00,0.00,0.00
10.77,141.84,59.3500,7.9876,157.1855,19.44,100.00,0.00,0.00,0.00,0.00,0.00,59.3570,11.0055,157.5354,58.9670,11.0055,157.5454,0.00,0.00,0.00,59.9670,11.0055,157.5454,0.00,0.00,0.00,135.4600,8.6000,276.8700,0.00,100.00,180.00,0.00,180.00,0.00,0.00
10.80,141.29,59.3500,7.9994,157.8335,19.44,100.00,0.00,0.00,0.00,0.00,0.00,59.3570,11.0172,158.1834,58.9670,11.0172,158.1934,0.00,0.00,0.00,59.9670,11.0172,158.1934,0.00,0.00,0.00,135.4600,8.6000,276.8700,0.00,100.00,180.00,0.00,180.00,0.00,0.00
10.83,140.74,59.3500,7.9758,158.4815,19.45,100.00,0.00,0.00,0.00,0.00,0.00,59.3570,10.9937,158.8314,58.9670,10.9937,158.8414,0.00,0.00,0.00,59.9670,10.9937,158.8414,0.00,0.00,0.00,135.4600,8.6000,276.8700,0.00,100.00,180.00,0.00,180.00,0.00,0.00
10.87,140.20,59.3500,7.9876,159.1295,19.44,100.00,0.00,0.00,0.00,0.00,0.00,59.3570,11.0055,159.4794,58.9670,11.0055,159.4894,0.00,0.00,0.00,59.9670,11.0055,159.4894,0.00,0.00,0.00,135.4600,8.6000,276.8700,0.00,100.00,180.00,0.00,180.00,0.00,0.00
10.90,139.66,59.3500,7.9990,159.7775,19.31,100.00,0.00,0.00,0.00,0.00,0.00,59.3570,11.0169,160.1274,58.9670,11.0169,160.1374,0.00,0.00,0.00,59.9670,11.0169,160.1374,0.00,0.00,0.00,135.4600,8.6000,276.8700,0.00,100.00,180.00,0.00,180.00,0.00,0.00
10.94,139.11,59.3500,7.9754,160.4299,19.59,100.00,0.00,0.00,0.00,0.00,0.00,59.3570,10.9933,160.7798,58.9670,10.9933,160.7898,0.00,0.00,0.00,59.9670,10.9933,160.7898,0.00,0.00,0.00,135.4600,8.6000,276.8700,0.00,100.00,180.00,0.00,180.00,0.00,0.00
10.97,138.57,59.3500,7.9872,161.0777,19.44,100.00,0.00,0.00,0.00,0.00,0.00,59.3570,11.0051,161.4276,58.9670,11.0051,161.4375,0.00,0.00,0.00,59.9670,11.0051,161.4375,0.00,0.00,0.00,135.4600,8.6000,276.8700,0.00,100.00,180.00,0.00,180.00,0.00,0.00
11.00,138.03,59.3500,7.9990,161.7257,19.44,100.00,0.00,0.00,0.00,0.00,0.00,59.3570,11.0169,162.0756,58.9670,11.0169,162.0856,0.00,0.00,0.00,59.9670,11.0169,162.0856,0.00,0.00,0.00,135.4600,8.6000,276.8700,0.00,100.00,180.00,0.00,180.00,0.00,0.00
11.04,137.49,59.3500,7.9754,162.3737,19.45,100.00,0.00,0.00,0.00,0.00,0.00,59.3570,10.9933,162.7236,58.9670,10.9933,162.7336,0.00,0.00,0.00,59.9670,10.9933,162.7336,0.00,0.00,0.00,135.4600,8.6000,276.8700,0.00,100.00,180.00,0.00,180.00,0.00,0.00
11.07,136.95,59.3500,7.9872,163.0217,19.43,100.00,0.00,0.00,0.00,0.00,0.00,59.3570,11.0051,163.3716,58.9670,11.0051,163.3816,0.00,0.00,0.00,59.9670,11.0051,163.3816,0.00,0.00,0.00,135.4600,8.6000,276.8700,0.00,100.00,180.00,0.00,180.00,0.00,0.00
11.10,136.41,59.3500,7.9990,163.6700,19.46,100.00,0.00,0.00,0.00,0.00,0.00,59.3570,11.0168,164.0199,58.9670,11.0168,164.0299,0.00,0.00,0.00,59.9670,11.0168,164.0299,0.00,0.00,0.00,135.4600,8.6000,276.8700,0.00,100.00,180.00,0.00,180.00,0.00,0.00
11.14,135.87,59.3500,7.9754,164.3179,19.45,100.00,0.00,0.00,0.00,0.00,0.00,59.3570,10.9933,164.6678,58.9670,10.9933,164.6778,0.00,0.00,0.00,59.9670,10.9933,164.6778,0.00,0.00,0.00,135.4600,8.6000,276.8700,0.00,100.00,180.00,0.00,180.00,0.00,0.00
11.17,135.34,59.3500,7.9872,164.9659,19.44,100.00,0.00,0.00,0.00,0.00,0.00,59.3570,11.0051,165.3158,58.9670,11.0051,165.3258,0.00,0.00,0.00,59.9670,11.0051,165.3258,0.00,0.00,0.00,135.4600,8.6000,276.8700,0.00,100.00,180.00,0.00,180.00,0.00,0.00
11.20,134.80,59.3500,7.9990,165.6139,19.44,100.00,0.00,0.00,0.00,0.00,0.00,59.3570,11.0169,165.9638,58.9670,11.0169,165.9738,0.00,0.00,0.00,59.9670,11.0169,165.9738,0.00,0.00,0.00,135.4600,8.6000,276.8700,0.00,100.00,180.00,0.00,180.00,0.00,0.00
11.24,134.27,59.3500,7.9754,166.2619,19.45,100.00,0.00,0.00,0.00,0.00,0.00,59.3570,10.9933,166.6118,58.9670,10.9933,166.6218,0.00,0.00,0.00,59.9670,10.9933,166.6218,0.00,0.00,0.00,135.4600,8.6000,276.8700,0.00,100.00,180.00,0.00,180.00,0.00,0.00
11.27,133.73,59.3500,7.9870,166.9101,19.41,100.00,0.00,0.00,0.00,0.00,0.00,59.3570,11.0049,167.2600,58.9670,11.0049,167.2700,0.00,0.00,0.00,59.9670,11.0049,167.2700,0.00,0.00,0.00,135.4600,8.6000,276.8700,0.00,100.00,180.00,0.00,180.00,0.00,0.00
11.30,133.20,59.3500,7.9988,167.5594,19.48,100.00,0.00,0.00,0.00,0.00,0.00,59.3570,11.0167,167.9093,58.9670,11.0167,167.9193,0.00,0.00,0.00,59.9670,11.0167,167.9193,0.00,0.00,0.00,135.4600,8.6000,276.8700,0.00,100.00,180.00,0.00,180.00,0.00,0.00
11.34,132.67,59.3500,7.9752,168.2073,19.44,100.00,0.00,0.00,0.00,0.00,0.00,59.3570,10.9931,168.5572,58.9670,10.9931,168.5672,0.00,0.00,0.00,59.9670,10.9931,168.5672,0.00,0.00,0.00,135.4600,8.6000,276.8700,0.00,100.00,180.00,0.00,180.00,0.00,0.00
11.37,132.14,59.3500,7.9870,168.8558,19.46,100.00,0.00,0.00,0.00,0.00,0.00,59.3570,11.0049,169.2056,58.9670,11.0049,169.2156,0.00,0.00,0.00,59.9670,11.0049,169.2156,0.00,0.00,0.00,135.4600,8.6000,276.8700,0.00,100.00,180.00,0.00,180.00,0.00,0.00
11.40,131.61,59.3500,7.9988,169.5037,19.44,100.00,0.00,0.00,0.00,0.00,0.00,59.3570,11.0167,169.8536,58.9670,11.0167,169.8636,0.00,0.00,0.00,59.9670,11.0167,169.8636,0.00,0.00,0.00,135.4600,8.6000,276.8700,0.00,100.00,180.00,0.00,180.00,0.00,0.00
11.44,131.08,59.3500,7.9752,170.1517,19.45,100.00,0.00,0.00,0.00,0.00,0.00,59.3570,10.9931,170.5016,58.9670,10.9931,170.5116,0.00,0.00,0.00,59.9670,10.9931,170.5116,0.00,0.00,0.00,135.4600,8.6000,276.8700,0.00,100.00,180.00,0.00,180.00,0.00,0.00
11.47,130.55,59.3500,7.9870,170.7997,19.44,100.00,0.00,0.00,0.00,0.00,0.00,59.3570,11.0049,171.1496,58.9670,11.0049,171.1596,0.00,0.00,0.00,59.9670,11.0049,171.1596,0.00,0.00,0.00,135.4600,8.6000,276.8700,0.00,100.00,180.00,0.00,180.00,0.00,0.00
11.50,130.03,59.3500,7.9988,171.4478,19.45,100.00,0.00,0.00,0.00,0.00,0.00,59.3570,11.0167,171.7977,58.9670,11.0167,171.8076,0.00,0.00,0.00,59.9670,11.0167,171.8076,0.00,0.00,0.00,135.4600,8.6000,276.8700,0.00,100.00,180.00,0.00,180.00,0.00,0.00
11.54,129.50,59.3500,7.9752,172.0957,19.45,100.00,0.00,0.00,0.00,0.00,0.00,59.3570,10.9931,172.4456,58.9670,10.9931,172.4556,0.00,0.00,0.00,59.9670,10.9931,172.4556,0.00,0.00,0.00,135.4600,8.6000,276.8700,0.00,100.00,180.00,0.00,180.00,0.00,0.00
11.57,128.98,59.3500,7.9869,172.7437,19.41,100.00,0.00,0.00,0.00,0.00,0.00,59.3570,11.0048,173.0936,58.9670,11.0048,173.1036,0.00,0.00,0.00,59.9670,11.0048,173.1036,0.00,0.00,0.00,135.4600,8.6000,276.8700,0.00,100.00,180.00,0.00,180.00,0.00,0.00
11.60,128.45,59.3500,7.9987,173.3928,19.47,100.00,0.00,0.00,0.00,0.00,0.00,59.3570,11.0166,173.7427,58.9670,11.0166,173.7527,0.00,0.00,0.00,59.9670,11.0166,173.7527,0.00,0.00,0.00,135.4600,8.6000,276.8700,0.00,100.00,180.00,0.00,180.00,0.00,0.00
11.64,127.93,59.3500,7.9751,174.0410,19.46,100.00,0.00,0.00,0.00,0.00,0.00,59.3570,10.9930,174.3909,58.9670,10.9930,174.4009,0.00,0.00,0.00,59.9670,10.9930,174.4009,0.00,0.00,0.00,135.4600,8.6000,276.8700,0.00,100.00,180.00,0.00,180.00,0.00,0.00
11.67,127.41,59.3500,7.9869,174.6890,19.44,100.00,0.00,0.00,0.00,0.00,0.00,59.3570,11.0048,175.0389,58.9670,11.0048,175.0489,0.00,0.00,0.00,59.9670,11.0048,175.0489,0.00,0.00,0.00,135.4600,8.6000,276.8700,0.00,100.00,180.00,0.00,180.00,0.00,0.00
11.70,126.89,59.3500,7.9986,175.3370,19.42,100.00,0.00,0.00,0.00,0.00,0.00,59.3570,11.0165,175.6869,58.9670,11.0165,175.6969,0.00,0.00,0.00,59.9670,11.0165,175.6969,0.00,0.00,0.00,135.4600,8.6000,276.8700,0.00,100.00,180.00,0.00,180.00,0.00,0.00
11.74,126.38,59.3500,7.9750,175.9859,19.48,100.00,0.00,0.00,0.00,0.00,0.00,59.3570,10.9929,176.3358,58.9670,10.9929,176.3457,0.00,0.00,0.00,59.9670,10.9929,176.3457,0.00,0.00,0.00,135.4600,8.6000,276.8700,0.00,100.00,180.00,0.00,180.00,0.00,0.00
11.77,125.86,59.3500,7.9868,176.6339,19.45,100.00,0.00,0.00,0.00,0.00,0.00,59.3570,11.0047,176.9838,58.9670,11.0047,176.9938,0.00,0.00,0.00,59.9670,11.0047,176.9938,0.00,0.00,0.00,135.4600,8.6000,276.8700,0.00,100.00,180.00,0.00,180.00,0.00,0.00
11.80,125.34,59.3500,7.9986,177.2819,19.44,100.00,0.00,0.00,0.00,0.00,0.00,59.3570,11.0165,177.6318,58.9670,11.0165,177.6418,0.00,0.00,0.00,59.9670,11.0165,177.6418,0.00,0.00,0.00,135.4600,8.6000,276.8700,0.00,100.00,180.00,0.00,180.00,0.00,0.00
11.84,124.83,59.3500,7.9750,177.9299,19.45,100.00,0.00,0.00,0.00,0.00,0.00,59.3570,10.9929,178.2798,58.9670,10.9929,178.2898,0.00,0.00,0.00,59.9670,10.9929,178.2898,0.00,0.00,0.00,135.4600,8.6000,276.8700,0.00,100.00,180.00,0.00,180.00,0.00,0.00
11.87,124.32,59.3500,7.9868,178.5779,19.44,100.00,0.00,0.00,0.00,0.00,0.00,59.3570,11.0047,178.9278,58.9670,11.0047,178.9378,0.00,0.00,0.00,59.9670,11.0047,178.9378,0.00,0.00,0.00,135.4600,8.6000,276.8700,0.00,100.00,180.00,0.00,180.00,0.00,0.00
11.90,123.80,59.3500,7.9986,179.2259,19.44,100.00,0.00,0.00,0.00,0.00,0.00,59.3570,11.0165,179.5758,58.9670,11.0165,179.5858,0.00,0.00,0.00,59.9670,11.0165,179.5858,0.00,0.00,0.00,135.4600,8.6000,276.8700,0.00,100.00,180.00,0.00,180.00,0.00,0.00
11.94,123.29,59.3500,7.9750,179.8739,19.45,100.00,0.00,0.00,0.00,0.00,0.00,59.3570,10.9929,180.2238,58.9670,10.9929,180.2338,0.00,0.00,0.00,59.9670,10.9929,180.2338,0.00,0.00,0.00,135.4600,8.6000,276.8700,0.00,100.00,180.00,0.00,180.00,0.00,0.00
11.97,122.78,59.3500,7.9868,180.5219,19.44,100.00,0.00,0.00,0.00,0.00,0.00,59.3570,11.0047,180.8718,58.9670,11.0047,180.8818,0.00,0.00,0.00,59.9670,11.0047,180.8818,0.00,0.00,0.00,135.4600,8.6000,276.8700,0.00,100.00,180.00,0.00,180.00,0.00,0.00
12.00,122.28,59.3500,7.9986,181.1700,19.44,100.00,0.00,0.00,0.00,0.00,0.00,59.3570,11.0165,181.5198,58.9670,11.0165,181.5298,0.00,0.00,0.00,59.9670,11.0165,181.5298,0.00,0.00,0.00,135.4600,8.6000,276.8700,0.00,100.00,180.00,0.00,180.00,0.00,0.00
12.04,121.77,59.3500,7.9750,181.8181,19.46,100.00,0.00,0.00,0.00,0.00,0.00,59.3570,10.9929,182.1680,58.9670,10.9929,182.1780,0.00,0.00,0.00,59.9670,10.9929,182.1780,0.00,0.00,0.00,135.4600,8.6000,276.8700,0.00,100.00,180.00,0.00,180.00,0.00,0.00
12.07,121.27,59.3500,7.9868,182.4660,19.44,100.00,0.00,0.00,0.00,0.00,0.00,59.3570,11.0047,182.8159,58.9670,11.0047,182.8259,0.00,0.00,0.00,59.9670,11.0047,182.8259,0.00,0.00,0.00,135.4600,8.6000,276.8700,0.00,100.00,180.00,0.00,180.00,0.00,0.00
12.10,120.76,59.3500,7.9986,183.1141,19.45,100.00,0.00,0.00,0.00,0.00,0.00,59.3570,11.0165,183.4640,58.9670,11.0165,183.4740,0.00,0.00,0.00,59.9670,11.0165,183.4740,0.00,0.00,0.00,135.4600,8.6000,276.8700,0.00,100.00,180.00,0.00,180.00,0.00,0.00
12.14,120.26,59.3500,7.9750,183.7620,19.45,100.00,0.00,0.00,0.00,0.00,0.00,59.3570,10.9929,184.1119,58.9670,10.9929,184.1219,0.00,0.00,0.00,59.9670,10.9929,184.1219,0.00,0.00,0.00,135.4600,8.6000,276.8700,0.00,100.00,180.00,0.00,180.00,0.00,0.00
12.17,119.76,59.3500,7.9868,184.4101,19.45,100.00,0.00,0.00,0.00,0.00,0.00,59.3570,11.0047,184.7600,58.9670,11.0047,184.7700,0.00,0.00,0.00,59.9670,11.0047,184.7700,0.00,0.00,0.00,135.4600,8.6000,276.8700,0.00,100.00,180.00,0.00,180.00,0.00,0.00
12.20,119.26,59.3500,7.9986,185.0581,19.44,100.00,0.00,0.00,0.00,0.00,0.00,59.3570,11.0165,185.4080,58.9670,11.0165,185.4180,0.00,0.00,0.00,59.9670,11.0165,185.4180,0.00,0.00,0.00,135.4600,8.6000,276.8700,0.00,100.00,180.00,0.00,180.00,0.00,0.00
12.24,118.76,59.3500,7.9750,185.7061,19.45,100.00,0.00,0.00,0.00,0.00,0.00,59.3570,10.9929,186.0560,58.9670,10.9929,186.0660,0.00,0.00,0.00,59.9670,10.9929,186.0660,0.00,0.00,0.00,135.4600,8.6000,276.8700,0.00,100.00,180.00,0.00,180.00,0.00,0.00
12.27,118.26,59.3500,7.9868,186.3541,19.44,100.00,0.00,0.00,0.00,0.00,0.00,59.3570,11.0047,186.7040,58.9670,11.0047,186.7140,0.00,0.00,0.00,59.9670,11.0047,186.7140,0.00,0.00,0.00,135.4600,8.6000,276.8700,0.00,100.00,180.00,0.00,180.00,0.00,0.00
12.30,117.77,59.3500,7.9986,187.0021,19.44,100.00,0.00,0.00,0.00,0.00,0.00,59.3570,11.0165,187.3520,58.9670,11.0165,187.3620,0.00,0.00,0.00,59.9670,11.0165,187.3620,0.00,0.00,0.00,135.4600,8.6000,276.8700,0.00,100.00,180.00,0.00,180.00,0.00,0.00
12.34,117.27,59.3500,7.9749,187.6501,19.42,100.00,0.00,0.00,0.00,0.00,0.00,59.3570,10.9928,188.0000,58.9670,10.9928,188.0100,0.00,0.00,0.00,59.9670,10.9928,188.0100,0.00,0.00,0.00,135.4600,8.6000,276.8700,0.00,100.00,180.00,0.00,180.00,0.00,0.00
12.37,116.78,59.3500,7.9867,188.2993,19.48,100.00,0.00,0.00,0.00,0.00,0.00,59.3570,11.0046,188.6492,58.9670,11.0046,188.6592,0.00,0.00,0.00,59.9670,11.0046,188.6592,0.00,0.00,0.00,135.4600,8.6000,276.8700,0.00,100.00,180.00,0.00,180.00,0.00,0.00
12.40,116.29,59.3500,7.9985,188.9473,19.44,100.00,0.00,0.00,0.00,0.00,0.00,59.3570,11.0164,189.2971,58.9670,11.0164,189.3071,0.00,0.00,0.00,59.9670,11.0164,189.3071,0.00,0.00,0.00,135.4600,8.6000,276.8700,0.00,100.00,180.00,0.00,180.00,0.00,0.00
12.44,115.80,59.3500,7.9749,189.5953,19.45,100.00,0.00,0.00,0.00,0.00,0.00,59.3570,10.9928,189.9452,58.9670,10.9928,189.9552,0.00,0.00,0.00,59.9670,10.9928,189.9552,0.00,0.00,0.00,135.4600,8.6000,276.8700,0.00,100.00,180.00,0.00,180.00,0.00,0.00
12.47,115.31,59.3500,7.9867,190.2433,19.44,100.00,0.00,0.00,0.00,0.00,0.00,59.3570,11.0046,190.5932,58.9670,11.0046,190.6032,0.00,0.00,0.00,59.9670,11.0046,190.6032,0.00,0.00,0.00,135.4600,8.6000,276.8700,0.00,100.00,180.00,0.00,180.00,0.00,0.00
12.50,114.83,59.3500,7.9985,190.8912,19.44,100.00,0.00,0.00,0.00,0.00,0.00,59.3570,11.0164,191.2411,58.9670,11.0164,191.2511,0.00,0.00,0.00,59.9670,11.0164,191.2511,0.00,0.00,0.00,135.4600,8.6000,276.8700,0.00,100.00,180.00,0.00,180.00,0.00,0.00
12.54,114.34,59.3500,7.9749,191.5393,19.45,100.00,0.00,0.00,0.00,0.00,0.00,59.3570,10.9928,191.8892,58.9670,10.9928,191.8992,0.00,0.00,0.00,59.9670,10.9928,191.8992,0.00,0.00,0.00,135.4600,8.6000,276.8700,0.00,100.00,180.00,0.00,180.00,0.00,0.00
12.57,113.86,59.3500,7.9867,192.1873,19.45,100.00,0.00,0.00,0.00,0.00,0.00,59.3570,11.0046,192.5372,58.9670,11.0046,192.5472,0.00,0.00,0.00,59.9670,11.0046,192.5472,0.00,0.00,0.00,135.4600,8.6000,276.8700,0.00,100.00,180.00,0.00,180.00,0.00,0.00
12.60,113.38,59.3500,7.9985,192.8353,19.44,100.00,0.00,0.00,0.00,0.00,0.00,59.3570,11.0164,193.1852,58.9670,11.0164,193.1952,0.00,0.00,0.00,59.9670,11.0164,193.1952,0.00,0.00,0.00,135.4600,8.6000,276.8700,0.00,100.00,180.00,0.00,180.00,0.00,0.00
12.64,112.90,59.3500,7.9749,193.4833,19.46,100.00,0.00,0.00,0.00,0.00,0.00,59.3570,10.9928,193.8332,58.9670,10.9928,193.8432,0.00,0.00,0.00,59.9670,10.9928,193.8432,0.00,0.00,0.00,135.4600,8.6000,276.8700,0.00,100.00,180.00,0.00,180.00,0.00,0.00
12.67,112.42,59.3500,7.9866,194.1313,19.42,100.00,0.00,0.00,0.00,0.00,0.00,59.3570,11.0045,194.4812,58.9670,11.0045,194.4912,0.00,0.00,0.00,59.9670,11.0045,194.4912,0.00,0.00,0.00,135.4600,8.6000,276.8700,0.00,100.00,180.00,0.00,180.00,0.00,0.00
12.70,111.95,59.3500,7.9984,194.7800,19.46,100.00,0.00,0.00,0.00,0.00,0.00,59.3571,11.0163,195.1299,58.9671,11.0163,195.1399,0.00,0.00,0.00,59.9671,11.0163,195.1399,0.00,0.00,0.00,135.4600,8.6000,276.8700,0.00,100.00,180.00,0.00,180.00,0.00,0.00
12.74,111.47,59.3500,7.9749,195.4281,19.46,100.00,0.00,0.00,0.00,0.00,0.00,59.3570,10.9928,195.7780,58.9670,10.9928,195.7879,0.00,0.00,0.00,59.9670,10.9928,195.7879,0.00,0.00,0.00,135.4600,8.6000,276.8700,0.00,100.00,180.00,0.00,180.00,0.00,0.00
12.77,111.00,59.3500,7.9866,196.0759,19.44,100.00,0.00,0.00,0.00,0.00,0.00,59.3570,11.0045,196.4258,58.9670,11.0045,196.4358,0.00,0.00,0.00,59.9670,11.0045,196.4358,0.00,0.00,0.00,135.4600,8.6000,276.8700,0.00,100.00,180.00,0.00,180.00,0.00,0.00
12.80,110.53,59.3500,7.9984,196.7239,19.44,100.00,0.00,0.00,0.00,0.00,0.00,59.3570,11.0163,197.0738,58.9670,11.0163,197.0838,0.00,0.00,0.00,59.9670,11.0163,197.0838,0.00,0.00,0.00,135.4600,8.6000,276.8700,0.00,100.00,180.00,0.00,180.00,0.00,0.00
12.84,110.06,59.3500,7.9749,197.3719,19.45,100.00,0.00,0.00,0.00,0.00,0.00,59.3570,10.9928,197.7218,58.9670,10.9928,197.7318,0.00,0.00,0.00,59.9670,10.9928,197.7318,0.00,0.00,0.00,135.4600,8.6000,276.8700,0.00,100.00,180.00,0.00,180.00,0.00,0.00
12.87,109.59,59.3500,7.9866,198.0200,19.44,100.00,0.00,0.00,0.00,0.00,0.00,59.3570,11.0045,198.3699,58.9670,11.0045,198.3799,0.00,0.00,0.00,59.9670,11.0045,198.3799,0.00,0.00,0.00,135.4600,8.6000,276.8700,0.00,100.00,180.00,0.00,180.00,0.00,0.00
12.90,109.13,59.3500,7.9984,198.6680,19.44,100.00,0.00,0.00,0.00,0.00,0.00,59.3570,11.0163,199.0179,58.9670,11.0163,199.0279,0.00,0.00,0.00,59.9670,11.0163,199.0279,0.00,0.00,0.00,135.4600,8.6000,276.8700,0.00,100.00,180.00,0.00,180.00,0.00,0.00
12.94,108.66,59.3500,7.9749,199.3160,19.45,100.00,0.00,0.00,0.00,0.00,0.00,59.3570,10.9928,199.6659,58.9670,10.9928,199.6759,0.00,0.00,0.00,59.9670,10.9928,199.6759,0.00,0.00,0.00,135.4600,8.6000,276.8700,0.00,100.00,180.00,0.00,180.00,0.00,0.00
12.97,108.20,59.3500,7.9866,199.9640,19.45,100.00,0.00,0.00,0.00,0.00,0.00,59.3570,11.0045,200.3139,58.9670,11.0045,200.3239,0.00,0.00,0.00,59.9670,11.0045,200.3239,0.00,0.00,0.00,135.4600,8.6000,276.8700,0.00,100.00,180.00,0.00,180.00,0.00,0.00
13.00,107.74,59.3500,7.9984,200.6119,19.44,100.00,0.00,0.00,0.00,0.00,0.00,59.3570,11.0163,200.9618,58.9670,11.0163,200.9718,0.00,0.00,0.00,59.9670,11.0163,200.9718,0.00,0.00,0.00,135.4600,8.6000,276.8700,0.00,100.00,180.00,0.00,180.00,0.00,0.00
13.04,107.28,59.3500,7.9749,201.2600,19.45,100.00,0.00,0.00,0.00,0.00,0.00,59.3570,10.9928,201.6099,58.9670,10.9928,201.6199,0.00,0.00,0.00,59.9670,10.9928,201.6199,0.00,0.00,0.00,135.4600,8.6000,276.8700,0.00,100.00,180.00,0.00,180.00,0.00,0.00
13.07,106.83,59.3500,7.9866,201.9080,19.44,100.00,0.00,0.00,0.00,0.00,0.00,59.3570,11.0045,202.2579,58.9670,11.0045,202.2679,0.00,0.00,0.00,59.9670,11.0045,202.2679,0.00,0.00,0.00,135.4600,8.6000,276.8700,0.00,100.00,180.00,0.00,180.00,0.00,0.00
13.10,106.38,59.3500,7.9984,202.5562,19.45,100.00,0.00,0.00,0.00,0.00,0.00,59.3570,11.0163,202.9061,58.9670,11.0163,202.9160,0.00,0.00,0.00,59.9670,11.0163,202.9160,0.00,0.00,0.00,135.4600,8.6000,276.8700,0.00,100.00,180.00,0.00,180.00,0.00,0.00
13.14,105.92,59.3500,7.9748,203.2042,19.46,100.00,0.00,0.00,0.00,0.00,0.00,59.3570,10.9927,203.5541,58.9670,10.9927,203.5641,0.00,0.00,0.00,59.9670,10.9927,203.5641,0.00,0.00,0.00,135.4600,8.6000,276.8700,0.00,100.00,180.00,0.00,180.00,0.00,0.00
13.17,105.47,59.3500,7.9866,203.8522,19.44,100.00,0.00,0.00,0.00,0.00,0.00,59.3570,11.0045,204.2021,58.9670,11.0045,204.2121,0.00,0.00,0.00,59.9670,11.0045,204.2121,0.00,0.00,0.00,135.4600,8.6000,276.8700,0.00,100.00,180.00,0.00,180.00,0.00,0.00
13.20,105.03,59.3500,7.9984,204.5002,19.44,100.00,0.00,0.00,0.00,0.00,0.00,59.3570,11.0163,204.8501,58.9670,11.0163,204.8601,0.00,0.00,0.00,59.9670,11.0163,204.8601,0.00,0.00,0.00,135.4600,8.6000,276.8700,0.00,100.00,180.00,0.00,180.00,0.00,0.00
13.24,104.58,59.3500,7.9748,205.1482,19.46,100.00,0.00,0.00,0.00,0.00,0.00,59.3570,10.9927,205.4981,58.9670,10.9927,205.5081,0.00,0.00,0.00,59.9670,10.9927,205.5081,0.00,0.00,0.00,135.4600,8.6000,276.8700,0.00,100.00,180.00,0.00,180.00,0.00,0.00
13.27,104.14,59.3500,7.9866,205.7962,19.44,100.00,0.00,0.00,0.00,0.00,0.00,59.3571,11.0045,206.1461,58.9671,11.0045,206.1561,0.00,0.00,0.00,59.9671,11.0045,206.1561,0.00,0.00,0.00,135.4600,8.6000,276.8700,0.00,100.00,180.00,0.00,180.00,0.00,0.00
13.30,103.70,59.3500,7.9984,206.4442,19.44,100.00,0.00,0.00,0.00,0.00,0.00,59.3570,11.0163,206.7941,58.9670,11.0163,206.8041,0.00,0.00,0.00,59.9670,11.0163,206.8041,0.00,0.00,0.00,135.4600,8.6000,276.8700,0.00,100.00,180.00,0.00,180.00,0.00,0.00
13.34,103.26,59.3500,7.9748,207.0922,19.45,100.00,0.00,0.00,0.00,0.00,0.00,59.3570,10.9927,207.4421,58.9670,10.9927,207.4521,0.00,0.00,0.00,59.9670,10.9927,207.4521,0.00,0.00,0.00,135.4600,8.6000,276.8700,0.00,100.00,180.00,0.00,180.00,0.00,0.00
13.37,102.82,59.3500,7.9866,207.7403,19.44,100.00,0.00,0.00,0.00,0.00,0.00,59.3570,11.0045,208.0901,58.9670,11.0045,208.1001,0.00,0.00,0.00,59.9670,11.0045,208.1001,0.00,0.00,0.00,135.4600,8.6000,276.8700,0.00,100.00,180.00,0.00,180.00,0.00,0.00
13.40,102.39,59.3500,7.9984,208.3883,19.44,100.00,0.00,0.00,0.00,0.00,0.00,59.3570,11.0163,208.7382,58.9670,11.0163,208.7482,0.00,0.00,0.00,59.9670,11.0163,208.7482,0.00,0.00,0.00,135.4600,8.6000,276.8700,0.00,100.00,180.00,0.00,180.00,0.00,0.00
13.44,101.95,59.3500,7.9748,209.0363,19.45,100.00,0.00,0.00,0.00,0.00,0.00,59.3570,10.9927,209.3862,58.9670,10.9927,209.3962,0.00,0.00,0.00,59.9670,10.9927,209.3962,0.00,0.00,0.00,135.4600,8.6000,276.8700,0.00,100.00,180.00,0.00,180.00,0.00,0.00
13.47,101.52,59.3500,7.9866,209.6843,19.44,100.00,0.00,0.00,0.00,0.00,0.00,59.3570,11.0045,210.0342,58.9670,11.0045,210.0442,0.00,0.00,0.00,59.9670,11.0045,210.0442,0.00,0.00,0.00,135.4600,8.6000,276.8700,0.00,100.00,180.00,0.00,180.00,0.00,0.00
13.50,101.10,59.3500,7.9983,210.3323,19.43,100.00,0.00,0.00,0.00,0.00,0.00,59.3570,11.0162,210.6822,58.9670,11.0162,210.6922,0.00,0.00,0.00,59.9670,11.0162,210.6922,0.00,0.00,0.00,135.4600,8.6000,276.8700,0.00,100.00,180.00,0.00,180.00,0.00,0.00
13.54,100.67,59.3500,7.9748,210.9806,19.47,100.00,0.00,0.00,0.00,0.00,0.00,59.3570,10.9927,211.3304,58.9670,10.9927,211.3404,0.00,0.00,0.00,59.9670,10.9927,211.3404,0.00,0.00,0.00,135.4600,8.6000,276.8700,0.00,100.00,180.00,0.00,180.00,0.00,0.00
13.57,100.25,59.3500,7.9866,211.6283,19.44,100.00,0.00,0.00,0.00,0.00,0.00,59.3570,11.0045,211.9782,58.9670,11.0045,211.9882,0.00,0.00,0.00,59.9670,11.0045,211.9882,0.00,0.00,0.00,135.4600,8.6000,276.8700,0.00,100.00,180.00,0.00,180.00,0.00,0.00
13.60,99.83,59.3500,7.9983,212.2763,19.43,100.00,0.00,0.00,0.00,0.00,0.00,59.3570,11.0162,212.6262,58.9670,11.0162,212.6362,0.00,0.00,0.00,59.9670,11.0162,212.6362,0.00,0.00,0.00,135.4600,8.6000,276.8700,0.00,100.00,180.00,0.00,180.00,0.00,0.00
13.64,99.41,59.3500,7.9748,212.9247,19.46,100.00,0.00,0.00,0.00,0.00,0.00,59.3570,10.9927,213.2745,58.9670,10.9927,213.2845,0.00,0.00,0.00,59.9670,10.9927,213.2845,0.00,0.00,0.00,135.4600,8.6000,276.8700,0.00,100.00,180.00,0.00,180.00,0.00,0.00
13.67,98.99,59.3500,7.9866,213.5726,19.44,100.00,0.00,0.00,0.00,0.00,0.00,59.3570,11.0045,213.9225,58.9670,11.0045,213.9325,0.00,0.00,0.00,59.9670,11.0045,213.9325,0.00,0.00,0.00,135.4600,8.6000,276.8700,0.00,100.00,180.00,0.00,180.00,0.00,0.00
13.70,98.58,59.3500,7.9983,214.2206,19.44,100.00,0.00,0.00,0.00,0.00,0.00,59.3570,11.0162,214.5705,58.9670,11.0162,214.5805,0.00,0.00,0.00,59.9670,11.0162,214.5805,0.00,0.00,0.00,135.4600,8.6000,276.8700,0.00,100.00,180.00,0.00,180.00,0.00,0.00
13.74,98.17,59.3500,7.9748,214.8688,19.46,100.00,0.00,0.00,0.00,0.00,0.00,59.3570,10.9927,215.2187,58.9670,10.9927,215.2287,0.00,0.00,0.00,59.9670,10.9927,215.2287,0.00,0.00,0.00,135.4600,8.6000,276.8700,0.00,100.00,180.00,0.00,180.00,0.00,0.00
13.77,97.76,59.3500,7.9866,215.5168,19.45,100.00,0.00,0.00,0.00,0.00,0.00,59.3570,11.0045,215.8667,58.9670,11.0045,215.8767,0.00,0.00,0.00,59.9670,11.0045,215.8767,0.00,0.00,0.00,135.4600,8.6000,276.8700,0.00,100.00,180.00,0.00,180.00,0.00,0.00
13.80,97.36,59.3500,7.9983,216.1647,19.44,100.00,0.00,0.00,0.00,0.00,0.00,59.3570,11.0162,216.5146,58.9670,11.0162,216.5246,0.00,0.00,0.00,59.9670,11.0162,216.5246,0.00,0.00,0.00,135.4600,8.6000,276.8700,0.00,100.00,180.00,0.00,180.00,0.00,0.00
13.84,96.95,59.3500,7.9748,216.8127,19.45,100.00,0.00,0.00,0.00,0.00,0.00,59.3570,10.9927,217.1626,58.9670,10.9927,217.1726,0.00,0.00,0.00,59.9670,10.9927,217.1726,0.00,0.00,0.00,135.4600,8.6000,276.8700,0.00,100.00,180.00,0.00,180.00,0.00,0.00
13.87,96.55,59.3500,7.9866,217.4607,19.44,100.00,0.00,0.00,0.00,0.00,0.00,59.3570,11.0045,217.8106,58.9670,11.0045,217.8206,0.00,0.00,0.00,59.9670,11.0045,217.8206,0.00,0.00,0.00,135.4600,8.6000,276.8700,0.00,100.00,180.00,0.00,180.00,0.00,0.00
13.90,96.16,59.3500,7.9983,218.1087,19.44,100.00,0.00,0.00,0.00,0.00,0.00,59.3571,11.0162,218.4586,58.9671,11.0162,218.4686,0.00,0.00,0.00,59.9671,11.0162,218.4686,0.00,0.00,0.00,135.4600,8.6000,276.8700,0.00,100.00,180.00,0.00,180.00,0.00,0.00
13.94,95.76,59.3500,7.9748,218.7567,19.45,100.00,0.00,0.00,0.00,0.00,0.00,59.3570,10.9927,219.1066,58.9670,10.9927,219.1166,0.00,0.00,0.00,59.9670,10.9927,219.1166,0.00,0.00,0.00,135.4600,8.6000,276.8700,0.00,100.00,180.00,0.00,180.00,0.00,0.00
13.97,95.37,59.3500,7.9866,219.4048,19.44,100.00,0.00,0.00,0.00,0.00,0.00,59.3570,11.0045,219.7546,58.9670,11.0045,219.7646,0.00,0.00,0.00,59.9670,11.0045,219.7646,0.00,0.00,0.00,135.4600,8.6000,276.8700,0.00,100.00,180.00,0.00,180.00,0.00,0.00
14.00,94.98,59.3500,7.9983,220.0528,19.44,100.00,0.00,0.00,0.00,0.00,0.00,59.3570,11.0162,220.4027,58.9670,11.0162,220.4127,0.00,0.00,0.00,59.9670,11.0162,220.4127,0.00,0.00,0.00,135.4600,8.6000,276.8700,0.00,100.00,180.00,0.00,180.00,0.00,0.00
14.04,94.59,59.3500,7.9748,220.7008,19.46,100.00,0.00,0.00,0.00,0.00,0.00,59.3570,10.9927,221.0507,58.9670,10.9927,221.0607,0.00,0.00,0.00,59.9670,10.9927,221.0607,0.00,0.00,0.00,135.4600,8.6000,276.8700,0.00,100.00,180.00,0.00,180.00,0.00,0.00
14.07,94.21,59.3500,7.9866,221.3487,19.44,100.00,0.00,0.00,0.00,0.00,0.00,59.3570,11.0044,221.6986,58.9670,11.0044,221.7086,0.00,0.00,0.00,59.9670,11.0044,221.7086,0.00,0.00,0.00,135.4600,8.6000,276.8700,0.00,100.00,180.00,0.00,180.00,0.00,0.00
14.10,93.83,59.3500,7.9982,221.9969,19.42,100.00,0.00,0.00,0.00,0.00,0.00,59.3570,11.0161,222.3467,58.9670,11.0161,222.3567,0.00,0.00,0.00,59.9670,11.0161,222.3567,0.00,0.00,0.00,135.4600,8.6000,276.8700,0.00,100.00,180.00,0.00,180.00,0.00,0.00
14.14,93.45,59.3500,7.9747,222.6457,19.49,100.00,0.00,0.00,0.00,0.00,0.00,59.3570,10.9926,222.9956,58.9670,10.9926,223.0056,0.00,0.00,0.00,59.9670,10.9926,223.0056,0.00,0.00,0.00,135.4600,8.6000,276.8700,0.00,100.00,180.00,0.00,180.00,0.00,0.00
14.17,93.08,59.3500,7.9865,223.2934,19.43,100.00,0.00,0.00,0.00,0.00,0.00,59.3570,11.0044,223.6432,58.9670,11.0044,223.6532,0.00,0.00,0.00,59.9670,11.0044,223.6532,0.00,0.00,0.00,135.4600,8.6000,276.8700,0.00,100.00,180.00,0.00,180.00,0.00,0.00
14.20,92.71,59.3500,7.9983,223.9415,19.45,100.00,0.00,0.00,0.00,0.00,0.00,59.3570,11.0162,224.2913,58.9670,11.0162,224.3013,0.00,0.00,0.00,59.9670,11.0162,224.3013,0.00,0.00,0.00,135.4600,8.6000,276.8700,0.00,100.00,180.00,0.00,180.00,0.00,0.00
14.24,92.34,59.3500,7.9747,224.5894,19.45,100.00,0.00,0.00,0.00,0.00,0.00,59.3570,10.9926,224.9393,58.9670,10.9926,224.9493,0.00,0.00,0.00,59.9670,10.9926,224.9493,0.00,0.00,0.00,135.4600,8.6000,276.8700,0.00,100.00,180.00,0.00,180.00,0.00,0.00
14.27,91.97,59.3500,7.9865,225.2374,19.44,100.00,0.00,0.00,0.00,0.00,0.00,59.3570,11.0044,225.5873,58.9670,11.0044,225.5973,0.00,0.00,0.00,59.9670,11.0044,225.5973,0.00,0.00,0.00,135.4600,8.6000,276.8700,0.00,100.00,180.00,0.00,180.00,0.00,0.00
14.30,91.61,59.3500,7.9983,225.8855,19.45,100.00,0.00,0.00,0.00,0.00,0.00,59.3570,11.0162,226.2354,58.9670,11.0162,226.2454,0.00,0.00,0.00,59.9670,11.0162,226.2454,0.00,0.00,0.00,135.4600,8.6000,276.8700,0.00,100.00,180.00,0.00,180.00,0.00,0.00
14.34,91.25,59.3500,7.9747,226.5334,19.45,100.00,0.00,0.00,0.00,0.00,0.00,59.3570,10.9926,226.8833,58.9670,10.9926,226.8933,0.00,0.00,0.00,59.9670,10.9926,226.8933,0.00,0.00,0.00,135.4600,8.6000,276.8700,0.00,100.00,180.00,0.00,180.00,0.00,0.00
14.37,90.90,59.3500,7.9865,227.1814,19.44,100.00,0.00,0.00,0.00,0.00,0.00,59.3570,11.0044,227.5313,58.9670,11.0044,227.5413,0.00,0.00,0.00,59.9670,11.0044,227.5413,0.00,0.00,0.00,135.4600,8.6000,276.8700,0.00,100.00,180.00,0.00,180.00,0.00,0.00
14.40,90.54,59.3500,7.9983,227.8294,19.44,100.00,0.00,0.00,0.00,0.00,0.00,59.3570,11.0162,228.1793,58.9670,11.0162,228.1893,0.00,0.00,0.00,59.9670,11.0162,228.1893,0.00,0.00,0.00,135.4600,8.6000,276.8700,0.00,100.00,180.00,0.00,180.00,0.00,0.00
14.44,90.19,59.3500,7.9747,228.4774,19.45,100.00,0.00,0.00,0.00,0.00,0.00,59.3570,10.9926,228.8273,58.9670,10.9926,228.8373,0.00,0.00,0.00,59.9670,10.9926,228.8373,0.00,0.00,0.00,135.4600,8.6000,276.8700,0.00,100.00,180.00,0.00,180.00,0.00,0.00
14.47,89.85,59.3500,7.9865,229.1255,19.44,100.00,0.00,0.00,0.00,0.00,0.00,59.3570,11.0044,229.4753,58.9670,11.0044,229.4853,0.00,0.00,0.00,59.9670,11.0044,229.4853,0.00,0.00,0.00,135.4600,8.6000,276.8700,0.00,100.00,180.00,0.00,180.00,0.00,0.00
14.50,89.51,59.3500,7.9983,229.7735,19.44,100.00,0.00,0.00,0.00,0.00,0.00,59.3570,11.0162,230.1234,58.9670,11.0162,230.1333,0.00,0.00,0.00,59.9670,11.0162,230.1333,0.00,0.00,0.00,135.4600,8.6000,276.8700,0.00,100.00,180.00,0.00,180.00,0.00,0.00
14.54,89.17,59.3500,7.9747,230.4215,19.45,100.00,0.00,0.00,0.00,0.00,0.00,59.3570,10.9926,230.7714,58.9670,10.9926,230.7814,0.00,0.00,0.00,59.9670,10.9926,230.7814,0.00,0.00,0.00,135.4600,8.6000,276.8700,0.00,100.00,180.00,0.00,180.00,0.00,0.00
14.57,88.83,59.3500,7.9865,231.0695,19.44,100.00,0.00,0.00,0.00,0.00,0.00,59.3570,11.0044,231.4193,58.9670,11.0044,231.4293,0.00,0.00,0.00,59.9670,11.0044,231.4293,0.00,0.00,0.00,135.4600,8.6000,276.8700,0.00,100.00,180.00,0.00,180.00,0.00,0.00
14.60,88.50,59.3500,7.9983,231.7175,19.44,100.00,0.00,0.00,0.00,0.00,0.00,59.3570,11.0162,232.0673,58.9670,11.0162,232.0773,0.00,0.00,0.00,59.9670,11.0162,232.0773,0.00,0.00,0.00,135.4600,8.6000,276.8700,0.00,100.00,180.00,0.00,180.00,0.00,0.00
14.64,88.17,59.3500,7.9747,232.3654,19.45,100.00,0.00,0.00,0.00,0.00,0.00,59.3570,10.9926,232.7153,58.9670,10.9926,232.7253,0.00,0.00,0.00,59.9670,10.9926,232.7253,0.00,0.00,0.00,135.4600,8.6000,276.8700,0.00,100.00,180.00,0.00,180.00,0.00,0.00
14.67,87.84,59.3500,7.9865,233.0135,19.45,100.00,0.00,0.00,0.00,0.00,0.00,59.3570,11.0044,233.3634,58.9670,11.0044,233.3734,0.00,0.00,0.00,59.9670,11.0044,233.3734,0.00,0.00,0.00,135.4600,8.6000,276.8700,0.00,100.00,180.00,0.00,180.00,0.00,0.00
14.70,87.52,59.3500,7.9983,233.6615,19.44,100.00,0.00,0.00,0.00,0.00,0.00,59.3570,11.0162,234.0114,58.9670,11.0162,234.0214,0.00,0.00,0.00,59.9670,11.0162,234.0214,0.00,0.00,0.00,135.4600,8.6000,276.8700,0.00,100.00,180.00,0.00,180.00,0.00,0.00
14.74,87.20,59.3500,7.9747,234.3095,19.45,100.00,0.00,0.00,0.00,0.00,0.00,59.3570,10.9926,234.6594,58.9670,10.9926,234.6694,0.00,0.00,0.00,59.9670,10.9926,234.6694,0.00,0.00,0.00,135.4600,8.6000,276.8700,0.00,100.00,180.00,0.00,180.00,0.00,0.00
14.77,86.89,59.3500,7.9865,234.9575,19.44,100.00,0.00,0.00,0.00,0.00,0.00,59.3570,11.0044,235.3074,58.9670,11.0044,235.3174,0.00,0.00,0.00,59.9670,11.0044,235.3174,0.00,0.00,0.00,135.4600,8.6000,276.8700,0.00,100.00,180.00,0.00,180.00,0.00,0.00
14.80,86.58,59.3500,7.9983,235.6055,19.44,100.00,0.00,0.00,0.00,0.00,0.00,59.3570,11.0162,235.9554,58.9670,11.0162,235.9654,0.00,0.00,0.00,59.9670,11.0162,235.9654,0.00,0.00,0.00,135.4600,8.6000,276.8700,0.00,100.00,180.00,0.00,180.00,0.00,0.00
14.84,86.27,59.3500,7.9745,236.2535,19.38,100.00,0.00,0.00,0.00,0.00,0.00,59.3570,10.9924,236.6034,58.9670,10.9924,236.6134,0.00,0.00,0.00,59.9670,10.9924,236.6134,0.00,0.00,0.00,135.4600,8.6000,276.8700,0.00,100.00,180.00,0.00,180.00,0.00,0.00
14.87,85.97,59.3500,7.9863,236.9040,19.52,100.00,0.00,0.00,0.00,0.00,0.00,59.3570,11.0042,237.2539,58.9670,11.0042,237.2639,0.00,0.00,0.00,59.9670,11.0042,237.2639,0.00,0.00,0.00,135.4600,8.6000,276.8700,0.00,100.00,180.00,0.00,180.00,0.00,0.00
14.90,85.67,59.3500,7.9980,237.5520,19.43,100.00,0.00,0.00,0.00,0.00,0.00,59.3570,11.0159,237.9019,58.9670,11.0159,237.9119,0.00,0.00,0.00,59.9670,11.0159,237.9119,0.00,0.00,0.00,135.4600,8.6000,276.8700,0.00,100.00,180.00,0.00,180.00,0.00,0.00
14.94,85.37,59.3500,7.9745,238.2004,19.48,100.00,0.00,0.00,0.00,0.00,0.00,59.3570,10.9924,238.5503,58.9670,10.9924,238.5603,0.00,0.00,0.00,59.9670,10.9924,238.5603,0.00,0.00,0.00,135.4600,8.6000,276.8700,0.00,100.00,180.00,0.00,180.00,0.00,0.00
14.97,85.08,59.3500,7.9862,238.8481,19.43,100.00,0.00,0.00,0.00,0.00,0.00,59.3570,11.0041,239.1980,58.9670,11.0041,239.2080,0.00,0.00,0.00,59.9670,11.0041,239.2080,0.00,0.00,0.00,135.4600,8.6000,276.8700,0.00,100.00,180.00,0.00,180.00,0.00,0.00
15.00,84.79,59.3500,7.9980,239.4963,19.45,100.00,0.00,0.00,0.00,0.00,0.00,59.3570,11.0159,239.8461,58.9670,11.0159,239.8561,0.00,0.00,0.00,59.9670,11.0159,239.8561,0.00,0.00,0.00,135.4600,8.6000,276.8700,0.00,100.00,180.00,0.00,180.00,0.00,0.00
15.04,84.51,59.3500,7.9745,240.1441,19.45,100.00,0.00,0.00,0.00,0.00,0.00,59.3570,10.9924,240.4940,58.9670,10.9924,240.5040,0.00,0.00,0.00,59.9670,10.9924,240.5040,0.00,0.00,0.00,135.4600,8.6000,276.8700,0.00,100.00,180.00,0.00,180.00,0.00,0.00
15.07,84.23,59.3500,7.9863,240.7921,19.44,100.00,0.00,0.00,0.00,0.00,0.00,59.3570,11.0042,241.1420,58.9670,11.0042,241.1519,0.00,0.00,0.00,59.9670,11.0042,241.1519,0.00,0.00,0.00,135.4600,8.6000,276.8700,0.00,100.00,180.00,0.00,180.00,0.00,0.00
15.10,83.95,59.3500,7.9980,241.4401,19.44,100.00,0.00,0.00,0.00,0.00,0.00,59.3570,11.0159,241.7900,58.9670,11.0159,241.8000,0.00,0.00,0.00,59.9670,11.0159,241.8000,0.00,0.00,0.00,135.4600,8.6000,276.8700,0.00,100.00,180.00,0.00,180.00,0.00,0.00
15.14,83.68,59.3500,7.9745,242.0881,19.45,100.00,0.00,0.00,0.00,0.00,0.00,59.3570,10.9924,242.4380,58.9670,10.9924,242.4480,0.00,0.00,0.00,59.9670,10.9924,242.4480,0.00,0.00,0.00,135.4600,8.6000,276.8700,0.00,100.00,180.00,0.00,180.00,0.00,0.00
15.17,83.42,59.3500,7.9863,242.7361,19.44,100.00,0.00,0.00,0.00,0.00,0.00,59.3570,11.0042,243.0860,58.9670,11.0042,243.0960,0.00,0.00,0.00,59.9670,11.0042,243.0960,0.00,0.00,0.00,135.4600,8.6000,276.8700,0.00,100.00,180.00,0.00,180.00,0.00,0.00
15.20,83.15,59.3500,7.9980,243.3841,19.44,100.00,0.00,0.00,0.00,0.00,0.00,59.3570,11.0159,243.7340,58.9670,11.0159,243.7440,0.00,0.00,0.00,59.9670,11.0159,243.7440,0.00,0.00,0.00,135.4600,8.6000,276.8700,0.00,100.00,180.00,0.00,180.00,0.00,0.00
15.24,82.89,59.3500,7.9745,244.0321,19.45,100.00,0.00,0.00,0.00,0.00,0.00,59.3570,10.9924,244.3820,58.9670,10.9924,244.3920,0.00,0.00,0.00,59.9670,10.9924,244.3920,0.00,0.00,0.00,135.4600,8.6000,276.8700,0.00,100.00,180.00,0.00,180.00,0.00,0.00
15.27,82.64,59.3500,7.9862,244.6802,19.44,100.00,0.00,0.00,0.00,0.00,0.00,59.3570,11.0041,245.0301,58.9670,11.0041,245.0401,0.00,0.00,0.00,59.9670,11.0041,245.0401,0.00,0.00,0.00,135.4600,8.6000,276.8700,0.00,100.00,180.00,0.00,180.00,0.00,0.00
15.30,82.39,59.3500,7.9980,245.3283,19.45,100.00,0.00,0.00,0.00,0.00,0.00,59.3570,11.0159,245.6782,58.9670,11.0159,245.6882,0.00,0.00,0.00,59.9670,11.0159,245.6882,0.00,0.00,0.00,135.4600,8.6000,276.8700,0.00,100.00,180.00,0.00,180.00,0.00,0.00
15.34,82.14,59.3500,7.9745,245.9763,19.46,100.00,0.00,0.00,0.00,0.00,0.00,59.3570,10.9924,246.3262,58.9670,10.9924,246.3362,0.00,0.00,0.00,59.9670,10.9924,246.3362,0.00,0.00,0.00,135.4600,8.6000,276.8700,0.00,100.00,180.00,0.00,180.00,0.00,0.00
15.37,81.90,59.3500,7.9862,246.6243,19.44,100.00,0.00,0.00,0.00,0.00,0.00,59.3570,11.0041,246.9742,58.9670,11.0041,246.9841,0.00,0.00,0.00,59.9670,11.0041,246.9841,0.00,0.00,0.00,135.4600,8.6000,276.8700,0.00,100.00,180.00,0.00,180.00,0.00,0.00
15.40,81.66,59.3500,7.9980,247.2724,19.45,100.00,0.00,0.00,0.00,0.00,0.00,59.3571,11.0159,247.6222,58.9671,11.0159,247.6322,0.00,0.00,0.00,59.9671,11.0159,247.6322,0.00,0.00,0.00,135.4600,8.6000,276.8700,0.00,100.00,180.00,0.00,180.00,0.00,0.00
15.44,81.43,59.3500,7.9745,247.9203,19.45,100.00,0.00,0.00,0.00,0.00,0.00,59.3570,10.9924,248.2702,58.9670,10.9924,248.2802,0.00,0.00,0.00,59.9670,10.9924,248.2802,0.00,0.00,0.00,135.4600,8.6000,276.8700,0.00,100.00,180.00,0.00,180.00,0.00,0.00
15.47,81.20,59.3500,7.9862,248.5683,19.44,100.00,0.00,0.00,0.00,0.00,0.00,59.3570,11.0041,248.9182,58.9670,11.0041,248.9282,0.00,0.00,0.00,59.9670,11.0041,248.9282,0.00,0.00,0.00,135.4600,8.6000,276.8700,0.00,100.00,180.00,0.00,180.00,0.00,0.00
15.50,80.98,59.3500,7.9980,249.2163,19.44,100.00,0.00,0.00,0.00,0.00,0.00,59.3571,11.0159,249.5662,58.9671,11.0159,249.5762,0.00,0.00,0.00,59.9671,11.0159,249.5762,0.00,0.00,0.00,135.4600,8.6000,276.8700,0.00,100.00,180.00,0.00,180.00,0.00,0.00
15.54,80.76,59.3500,7.9744,249.8644,19.43,100.00,0.00,0.00,0.00,0.00,0.00,59.3570,10.9923,250.2143,58.9670,10.9923,250.2243,0.00,0.00,0.00,59.9670,10.9923,250.2243,0.00,0.00,0.00,135.4600,8.6000,276.8700,0.00,100.00,180.00,0.00,180.00,0.00,0.00
15.57,80.55,59.3500,7.9862,250.5132,19.47,100.00,0.00,0.00,0.00,0.00,0.00,59.3570,11.0041,250.8631,58.9670,11.0041,250.8731,0.00,0.00,0.00,59.9670,11.0041,250.8731,0.00,0.00,0.00,135.4600,8.6000,276.8700,0.00,100.00,180.00,0.00,180.00,0.00,0.00
15.60,80.34,59.3500,7.9979,251.1611,19.44,100.00,0.00,0.00,0.00,0.00,0.00,59.3570,11.0158,251.5110,58.9670,11.0158,251.5210,0.00,0.00,0.00,59.9670,11.0158,251.5210,0.00,0.00,0.00,135.4600,8.6000,276.8700,0.00,100.00,180.00,0.00,180.00,0.00,0.00
15.64,80.13,59.3500,7.9744,251.8091,19.45,100.00,0.00,0.00,0.00,0.00,0.00,59.3570,10.9923,252.1590,58.9670,10.9923,252.1690,0.00,0.00,0.00,59.9670,10.9923,252.1690,0.00,0.00,0.00,135.4600,8.6000,276.8700,0.00,100.00,180.00,0.00,180.00,0.00,0.00
15.67,79.93,59.3500,7.9862,252.4571,19.44,100.00,0.00,0.00,0.00,0.00,0.00,59.3570,11.0041,252.8069,58.9670,11.0041,252.8169,0.00,0.00,0.00,59.9670,11.0041,252.8169,0.00,0.00,0.00,135.4600,8.6000,276.8700,0.00,100.00,180.00,0.00,180.00,0.00,0.00
15.70,79.74,59.3500,7.9979,253.1051,19.44,100.00,0.00,0.00,0.00,0.00,0.00,59.3570,11.0158,253.4549,58.9670,11.0158,253.4649,0.00,0.00,0.00,59.9670,11.0158,253.4649,0.00,0.00,0.00,135.4600,8.6000,276.8700,0.00,100.00,180.00,0.00,180.00,0.00,0.00
15.74,79.55,59.3500,7.9744,253.7530,19.45,100.00,0.00,0.00,0.00,0.00,0.00,59.3570,10.9923,254.1029,58.9670,10.9923,254.1129,0.00,0.00,0.00,59.9670,10.9923,254.1129,0.00,0.00,0.00,135.4600,8.6000,276.8700,0.00,100.00,180.00,0.00,180.00,0.00,0.00
15.77,79.36,59.3500,7.9862,254.4010,19.44,100.00,0.00,0.00,0.00,0.00,0.00,59.3570,11.0041,254.7509,58.9670,11.0041,254.7609,0.00,0.00,0.00,59.9670,11.0041,254.7609,0.00,0.00,0.00,135.4600,8.6000,276.8700,0.00,100.00,180.00,0.00,180.00,0.00,0.00
15.80,79.18,59.3500,7.9979,255.0491,19.45,100.00,0.00,0.00,0.00,0.00,0.00,59.3570,11.0158,255.3990,58.9670,11.0158,255.4090,0.00,0.00,0.00,59.9670,11.0158,255.4090,0.00,0.00,0.00,135.4600,8.6000,276.8700,0.00,100.00,180.00,0.00,180.00,0.00,0.00
15.84,79.00,59.3500,7.9744,255.6970,19.45,100.00,0.00,0.00,0.00,0.00,0.00,59.3570,10.9923,256.0469,58.9670,10.9923,256.0569,0.00,0.00,0.00,59.9670,10.9923,256.0569,0.00,0.00,0.00,135.4600,8.6000,276.8700,0.00,100.00,180.00,0.00,180.00,0.00,0.00
15.87,78.83,59.3500,7.9862,256.3450,19.44,100.00,0.00,0.00,0.00,0.00,0.00,59.3571,11.0041,256.6949,58.9671,11.0041,256.7049,0.00,0.00,0.00,59.9671,11.0041,256.7049,0.00,0.00,0.00,135.4600,8.6000,276.8700,0.00,100.00,180.00,0.00,180.00,0.00,0.00
15.90,78.67,59.3500,7.9979,256.9932,19.45,100.00,0.00,0.00,0.00,0.00,0.00,59.3570,11.0158,257.3431,58.9670,11.0158,257.3531,0.00,0.00,0.00,59.9670,11.0158,257.3531,0.00,0.00,0.00,135.4600,8.6000,276.8700,0.00,100.00,180.00,0.00,180.00,0.00,0.00
15.94,78.50,59.3500,7.9744,257.6411,19.45,100.00,0.00,0.00,0.00,0.00,0.00,59.3570,10.9923,257.9910,58.9670,10.9923,258.0010,0.00,0.00,0.00,59.9670,10.9923,258.0010,0.00,0.00,0.00,135.4600,8.6000,276.8700,0.00,100.00,180.00,0.00,180.00,0.00,0.00
15.97,78.35,59.3500,7.9861,258.2891,19.43,100.00,0.00,0.00,0.00,0.00,0.00,59.3570,11.0040,258.6390,58.9670,11.0040,258.6490,0.00,0.00,0.00,59.9670,11.0040,258.6490,0.00,0.00,0.00,135.4600,8.6000,276.8700,0.00,100.00,180.00,0.00,180.00,0.00,0.00
16.00,78.20,59.3500,7.9979,258.9376,19.46,100.00,0.00,0.00,0.00,0.00,0.00,59.3570,11.0158,259.2874,58.9670,11.0158,259.2974,0.00,0.00,0.00,59.9670,11.0158,259.2974,0.00,0.00,0.00,135.4600,8.6000,276.8700,0.00,100.00,180.00,0.00,180.00,0.00,0.00
16.04,78.05,59.3500,7.9744,259.5854,19.45,100.00,0.00,0.00,0.00,0.00,0.00,59.3570,10.9923,259.9353,58.9670,10.9923,259.9453,0.00,0.00,0.00,59.9670,10.9923,259.9453,0.00,0.00,0.00,135.4600,8.6000,276.8700,0.00,100.00,180.00,0.00,180.00,0.00,0.00
16.07,77.91,59.3500,7.9861,260.2334,19.43,100.00,0.00,0.00,0.00,0.00,0.00,59.3571,11.0040,260.5833,58.9671,11.0040,260.5932,0.00,0.00,0.00,59.9671,11.0040,260.5932,0.00,0.00,0.00,135.4600,8.6000,276.8700,0.00,100.00,180.00,0.00,180.00,0.00,0.00
16.10,77.77,59.3500,7.9979,260.8817,19.46,100.00,0.00,0.00,0.00,0.00,0.00,59.3570,11.0158,261.2315,58.9670,11.0158,261.2415,0.00,0.00,0.00,59.9670,11.0158,261.2415,0.00,0.00,0.00,135.4600,8.6000,276.8700,0.00,100.00,180.00,0.00,180.00,0.00,0.00
16.14,77.64,59.3500,7.9744,261.5294,19.45,100.00,0.00,0.00,0.00,0.00,0.00,59.3570,10.9923,261.8793,58.9670,10.9923,261.8893,0.00,0.00,0.00,59.9670,10.9923,261.8893,0.00,0.00,0.00,135.4600,8.6000,276.8700,0.00,100.00,180.00,0.00,180.00,0.00,0.00
16.17,77.52,59.3500,7.9861,262.1774,19.44,100.00,0.00,0.00,0.00,0.00,0.00,59.3570,11.0040,262.5273,58.9670,11.0040,262.5373,0.00,0.00,0.00,59.9670,11.0040,262.5373,0.00,0.00,0.00,135.4600,8.6000,276.8700,0.00,100.00,180.00,0.00,180.00,0.00,0.00
16.20,77.40,59.3500,7.9979,262.8254,19.44,100.00,0.00,0.00,0.00,0.00,0.00,59.3570,11.0158,263.1753,58.9670,11.0158,263.1853,0.00,0.00,0.00,59.9670,11.0158,263.1853,0.00,0.00,0.00,135.4600,8.6000,276.8700,0.00,100.00,180.00,0.00,180.00,0.00,0.00
16.24,77.28,59.3500,7.9744,263.4734,19.45,100.00,0.00,0.00,0.00,0.00,0.00,59.3570,10.9923,263.8233,58.9670,10.9923,263.8333,0.00,0.00,0.00,59.9670,10.9923,263.8333,0.00,0.00,0.00,135.4600,8.6000,276.8700,0.00,100.00,180.00,0.00,180.00,0.00,0.00
16.27,77.17,59.3500,7.9861,264.1215,19.44,100.00,0.00,0.00,0.00,0.00,0.00,59.3570,11.0040,264.4713,58.9670,11.0040,264.4813,0.00,0.00,0.00,59.9670,11.0040,264.4813,0.00,0.00,0.00,135.4600,8.6000,276.8700,0.00,100.00,180.00,0.00,180.00,0.00,0.00
16.30,77.07,59.3500,7.9979,264.7694,19.44,100.00,0.00,0.00,0.00,0.00,0.00,59.3570,11.0158,265.1193,58.9670,11.0158,265.1293,0.00,0.00,0.00,59.9670,11.0158,265.1293,0.00,0.00,0.00,135.4600,8.6000,276.8700,0.00,100.00,180.00,0.00,180.00,0.00,0.00
16.34,76.97,59.3500,7.9744,265.4174,19.45,100.00,0.00,0.00,0.00,0.00,0.00,59.3570,10.9923,265.7673,58.9670,10.9923,265.7773,0.00,0.00,0.00,59.9670,10.9923,265.7773,0.00,0.00,0.00,135.4600,8.6000,276.8700,0.00,100.00,180.00,0.00,180.00,0.00,0.00
16.37,76.88,59.3500,7.9861,266.0655,19.44,100.00,0.00,0.00,0.00,0.00,0.00,59.3570,11.0040,266.4153,58.9670,11.0040,266.4253,0.00,0.00,0.00,59.9670,11.0040,266.4253,0.00,0.00,0.00,135.4600,8.6000,276.8700,0.00,100.00,180.00,0.00,180.00,0.00,0.00
16.40,76.79,59.3500,7.9979,266.7134,19.44,100.00,0.00,0.00,0.00,0.00,0.00,59.3570,11.0158,267.0633,58.9670,11.0158,267.0733,0.00,0.00,0.00,59.9670,11.0158,267.0733,0.00,0.00,0.00,135.4600,8.6000,276.8700,0.00,100.00,180.00,0.00,180.00,0.00,0.00
16.44,76.70,59.3500,7.9743,267.3616,19.45,100.00,0.00,0.00,0.00,0.00,0.00,59.3570,10.9922,267.7115,58.9670,10.9922,267.7214,0.00,0.00,0.00,59.9670,10.9922,267.7214,0.00,0.00,0.00,135.4600,8.6000,276.8700,0.00,100.00,180.00,0.00,180.00,0.00,0.00
16.47,76.63,59.3500,7.9861,268.0099,19.45,100.00,0.00,0.00,0.00,0.00,0.00,59.3570,11.0040,268.3597,58.9670,11.0040,268.3697,0.00,0.00,0.00,59.9670,11.0040,268.3697,0.00,0.00,0.00,135.4600,8.6000,276.8700,0.00,100.00,180.00,0.00,180.00,0.00,0.00
16.50,76.55,59.3500,7.9979,268.6579,19.44,100.00,0.00,0.00,0.00,0.00,0.00,59.3570,11.0158,269.0078,58.9670,11.0158,269.0177,0.00,0.00,0.00,59.9670,11.0158,269.0177,0.00,0.00,0.00,135.4600,8.6000,276.8700,0.00,100.00,180.00,0.00,180.00,0.00,0.00
16.54,76.49,59.3500,7.9743,269.3059,19.45,100.00,0.00,0.00,0.00,0.00,0.00,59.3570,10.9922,269.6558,58.9670,10.9922,269.6658,0.00,0.00,0.00,59.9670,10.9922,269.6658,0.00,0.00,0.00,135.4600,8.6000,276.8700,0.00,100.00,180.00,0.00,180.00,0.00,0.00
16.57,76.43,59.3500,7.9861,269.9539,19.44,100.00,0.00,0.00,0.00,0.00,0.00,59.3570,11.0040,270.3038,58.9670,11.0040,270.3138,0.00,0.00,0.00,59.9670,11.0040,270.3138,0.00,0.00,0.00,135.4600,8.6000,276.8700,0.00,100.00,180.00,0.00,180.00,0.00,0.00
16.60,76.37,59.3500,7.9979,270.6019,19.44,100.00,0.00,0.00,0.00,0.00,0.00,59.3570,11.0158,270.9518,58.9670,11.0158,270.9617,0.00,0.00,0.00,59.9670,11.0158,270.9617,0.00,0.00,0.00,135.4600,8.6000,276.8700,0.00,100.00,180.00,0.00,180.00,0.00,0.00
16.64,76.32,59.3500,7.9743,271.2499,19.46,100.00,0.00,0.00,0.00,0.00,0.00,59.3570,10.9922,271.5998,58.9670,10.9922,271.6098,0.00,0.00,0.00,59.9670,10.9922,271.6098,0.00,0.00,0.00,135.4600,8.6000,276.8700,0.00,100.00,180.00,0.00,180.00,0.00,0.00
16.67,76.27,59.3500,7.9861,271.8979,19.44,100.00,0.00,0.00,0.00,0.00,0.00,59.3570,11.0040,272.2478,58.9670,11.0040,272.2578,0.00,0.00,0.00,59.9670,11.0040,272.2578,0.00,0.00,0.00,135.4600,8.6000,276.8700,0.00,100.00,180.00,0.00,180.00,0.00,0.00
16.70,76.24,59.3500,7.9979,272.5459,19.44,100.00,0.00,0.00,0.00,0.00,0.00,59.3570,11.0158,272.8958,58.9670,11.0158,272.9058,0.00,0.00,0.00,59.9670,11.0158,272.9058,0.00,0.00,0.00,135.4600,8.6000,276.8700,0.00,100.00,180.00,0.00,180.00,0.00,0.00
16.74,76.20,59.3500,7.9743,273.1939,19.45,100.00,0.00,0.00,0.00,0.00,0.00,59.3570,10.9922,273.5438,58.9670,10.9922,273.5538,0.00,0.00,0.00,59.9670,10.9922,273.5538,0.00,0.00,0.00,135.4600,8.6000,276.8700,0.00,100.00,180.00,0.00,180.00,0.00,0.00
16.77,76.17,59.3500,7.9861,273.8419,19.44,100.00,0.00,0.00,0.00,0.00,0.00,59.3570,11.0040,274.1918,58.9670,11.0040,274.2018,0.00,0.00,0.00,59.9670,11.0040,274.2018,0.00,0.00,0.00,135.4600,8.6000,276.8700,0.00,100.00,180.00,0.00,180.00,0.00,0.00
16.80,76.15,59.3500,7.9978,274.4901,19.45,100.00,0.00,0.00,0.00,0.00,0.00,59.3570,11.0157,274.8400,58.9670,11.0157,274.8500,0.00,0.00,0.00,59.9670,11.0157,274.8500,0.00,0.00,0.00,135.4600,8.6000,276.8700,0.00,100.00,180.00,0.00,180.00,0.00,0.00
16.84,76.13,59.3500,7.9743,275.1380,19.45,100.00,0.00,0.00,0.00,0.00,0.00,59.3570,10.9922,275.4879,58.9670,10.9922,275.4979,0.00,0.00,0.00,59.9670,10.9922,275.4979,0.00,0.00,0.00,135.4600,8.6000,276.8700,0.00,100.00,180.00,0.00,180.00,0.00,0.00
16.87,76.12,59.3500,7.9861,275.7860,19.44,100.00,0.00,0.00,0.00,0.00,0.00,59.3570,11.0040,276.1359,58.9670,11.0040,276.1459,0.00,0.00,0.00,59.9670,11.0040,276.1459,0.00,0.00,0.00,135.4600,8.6000,276.8700,0.00,100.00,180.00,0.00,180.00,0.00,0.00
16.90,76.11,59.3500,7.9978,276.4341,19.45,100.00,0.00,0.00,0.00,0.00,0.00,59.3570,11.0157,276.7840,58.9670,11.0157,276.7940,0.00,0.00,0.00,59.9670,11.0157,276.7940,0.00,0.00,0.00,135.4600,8.6000,276.8700,0.00,100.00,180.00,0.00,180.00,0.00,0.00
16.94,76.11,59.3500,7.9743,277.0821,19.45,100.00,0.00,0.00,0.00,0.00,0.00,59.3570,10.9922,277.4319,58.9670,10.9922,277.4419,0.00,0.00,0.00,59.9670,10.9922,277.4419,0.00,0.00,0.00,135.4600,8.6000,276.8700,0.00,100.00,180.00,0.00,180.00,0.00,0.00
16.97,76.12,59.3500,7.9860,277.7302,19.43,100.00,0.00,0.00,0.00,0.00,0.00,59.3570,11.0039,278.0800,58.9670,11.0039,278.0900,0.00,0.00,0.00,59.9670,11.0039,278.0900,0.00,0.00,0.00,135.4600,8.6000,276.8700,0.00,100.00,180.00,0.00,180.00,0.00,0.00
17.00,76.13,59.3500,7.9978,278.3786,19.47,100.00,0.00,0.00,0.00,0.00,0.00,59.3570,11.0157,278.7285,58.9670,11.0157,278.7384,0.00,0.00,0.00,59.9670,11.0157,278.7384,0.00,0.00,0.00,135.4600,8.6000,276.8700,0.00,100.00,180.00,0.00,180.00,0.00,0.00
17.04,76.14,59.3500,7.9743,279.0262,19.43,100.00,0.00,0.00,0.00,0.00,0.00,59.3570,10.9922,279.3761,58.9670,10.9922,279.3861,0.00,0.00,0.00,59.9670,10.9922,279.3861,0.00,0.00,0.00,135.4600,8.6000,276.8700,0.00,100.00,180.00,0.00,180.00,0.00,0.00
17.07,76.16,59.3500,7.9860,279.6744,19.44,100.00,0.00,0.00,0.00,0.00,0.00,59.3570,11.0039,280.0243,58.9670,11.0039,280.0343,0.00,0.00,0.00,59.9670,11.0039,280.0343,0.00,0.00,0.00,135.4600,8.6000,276.8700,0.00,100.00,180.00,0.00,180.00,0.00,0.00
17.10,76.19,59.3500,7.9978,280.3228,19.47,100.00,0.00,0.00,0.00,0.00,0.00,59.3570,11.0157,280.6727,58.9670,11.0157,280.6827,0.00,0.00,0.00,59.9670,11.0157,280.6827,0.00,0.00,0.00,135.4600,8.6000,276.8700,0.00,100.00,180.00,0.00,180.00,0.00,0.00
17.14,76.22,59.3500,7.9743,280.9705,19.44,100.00,0.00,0.00,0.00,0.00,0.00,59.3570,10.9922,281.3203,58.9670,10.9922,281.3303,0.00,0.00,0.00,59.9670,10.9922,281.3303,0.00,0.00,0.00,135.4600,8.6000,276.8700,0.00,100.00,180.00,0.00,180.00,0.00,0.00
17.17,76.26,59.3500,7.9860,281.6184,19.44,100.00,0.00,0.00,0.00,0.00,0.00,59.3570,11.0039,281.9683,58.9670,11.0039,281.9783,0.00,0.00,0.00,59.9670,11.0039,281.9783,0.00,0.00,0.00,135.4600,8.6000,276.8700,0.00,100.00,180.00,0.00,180.00,0.00,0.00
17.20,76.30,59.3500,7.9978,282.2665,19.45,100.00,0.00,0.00,0.00,0.00,0.00,59.3570,11.0157,282.6164,58.9670,11.0157,282.6264,0.00,0.00,0.00,59.9670,11.0157,282.6264,0.00,0.00,0.00,135.4600,8.6000,276.8700,0.00,100.00,180.00,0.00,180.00,0.00,0.00
17.24,76.35,59.3500,7.9743,282.9145,19.45,100.00,0.00,0.00,0.00,0.00,0.00,59.3570,10.9922,283.2644,58.9670,10.9922,283.2744,0.00,0.00,0.00,59.9670,10.9922,283.2744,0.00,0.00,0.00,135.4600,8.6000,276.8700,0.00,100.00,180.00,0.00,180.00,0.00,0.00
17.27,76.41,59.3500,7.9860,283.5625,19.45,100.00,0.00,0.00,0.00,0.00,0.00,59.3570,11.0039,283.9124,58.9670,11.0039,283.9224,0.00,0.00,0.00,59.9670,11.0039,283.9224,0.00,0.00,0.00,135.4600,8.6000,276.8700,0.00,100.00,180.00,0.00,180.00,0.00,0.00
17.30,76.47,59.3500,7.9978,284.2104,19.44,100.00,0.00,0.00,0.00,0.00,0.00,59.3570,11.0157,284.5603,58.9670,11.0157,284.5703,0.00,0.00,0.00,59.9670,11.0157,284.5703,0.00,0.00,0.00,135.4600,8.6000,276.8700,0.00,100.00,180.00,0.00,180.00,0.00,0.00
17.34,76.53,59.3500,7.9743,284.8585,19.46,100.00,0.00,0.00,0.00,0.00,0.00,59.3570,10.9922,285.2084,58.9670,10.9922,285.2184,0.00,0.00,0.00,59.9670,10.9922,285.2184,0.00,0.00,0.00,135.4600,8.6000,276.8700,0.00,100.00,180.00,0.00,180.00,0.00,0.00
17.37,76.60,59.3500,7.9860,285.5065,19.44,100.00,0.00,0.00,0.00,0.00,0.00,59.3570,11.0039,285.8564,58.9670,11.0039,285.8663,0.00,0.00,0.00,59.9670,11.0039,285.8663,0.00,0.00,0.00,135.4600,8.6000,276.8700,0.00,100.00,180.00,0.00,180.00,0.00,0.00
17.40,76.68,59.3500,7.9978,286.1545,19.44,100.00,0.00,0.00,0.00,0.00,0.00,59.3570,11.0157,286.5044,58.9670,11.0157,286.5144,0.00,0.00,0.00,59.9670,11.0157,286.5144,0.00,0.00,0.00,135.4600,8.6000,276.8700,0.00,100.00,180.00,0.00,180.00,0.00,0.00
17.44,76.76,59.3500,7.9743,286.8025,19.45,100.00,0.00,0.00,0.00,0.00,0.00,59.3570,10.9922,287.1524,58.9670,10.9922,287.1624,0.00,0.00,0.00,59.9670,10.9922,287.1624,0.00,0.00,0.00,135.4600,8.6000,276.8700,0.00,100.00,180.00,0.00,180.00,0.00,0.00
17.47,76.84,59.3500,7.9860,287.4505,19.44,100.00,0.00,0.00,0.00,0.00,0.00,59.3570,11.0039,287.8004,58.9670,11.0039,287.8104,0.00,0.00,0.00,59.9670,11.0039,287.8104,0.00,0.00,0.00,135.4600,8.6000,276.8700,0.00,100.00,180.00,0.00,180.00,0.00,0.00
17.50,76.94,59.3500,7.9978,288.0985,19.44,100.00,0.00,0.00,0.00,0.00,0.00,59.3570,11.0157,288.4484,58.9670,11.0157,288.4584,0.00,0.00,0.00,59.9670,11.0157,288.4584,0.00,0.00,0.00,135.4600,8.6000,276.8700,0.00,100.00,180.00,0.00,180.00,0.00,0.00
17.54,77.03,59.3500,7.9743,288.7465,19.45,100.00,0.00,0.00,0.00,0.00,0.00,59.3570,10.9922,289.0964,58.9670,10.9922,289.1064,0.00,0.00,0.00,59.9670,10.9922,289.1064,0.00,0.00,0.00,135.4600,8.6000,276.8700,0.00,100.00,180.00,0.00,180.00,0.00,0.00
17.57,77.14,59.3500,7.9860,289.3945,19.44,100.00,0.00,0.00,0.00,0.00,0.00,59.3570,11.0039,289.7444,58.9670,11.0039,289.7544,0.00,0.00,0.00,59.9670,11.0039,289.7544,0.00,0.00,0.00,135.4600,8.6000,276.8700,0.00,100.00,180.00,0.00,180.00,0.00,0.00
17.60,77.24,59.3500,7.9978,290.0426,19.44,100.00,0.00,0.00,0.00,0.00,0.00,59.3570,11.0157,290.3925,58.9670,11.0157,290.4024,0.00,0.00,0.00,59.9670,11.0157,290.4024,0.00,0.00,0.00,135.4600,8.6000,276.8700,0.00,100.00,180.00,0.00,180.00,0.00,0.00
17.64,77.36,59.3500,7.9741,290.6906,19.41,100.00,0.00,0.00,0.00,0.00,0.00,59.3570,10.9920,291.0405,58.9670,10.9920,291.0504,0.00,0.00,0.00,59.9670,10.9920,291.0504,0.00,0.00,0.00,135.4600,8.6000,276.8700,0.00,100.00,180.00,0.00,180.00,0.00,0.00
17.67,77.48,59.3500,7.9858,291.3400,19.44,100.00,0.00,0.00,0.00,0.00,0.00,59.3570,11.0037,291.6898,58.9670,11.0037,291.6998,0.00,0.00,0.00,59.9670,11.0037,291.6998,0.00,0.00,0.00,135.4600,8.6000,276.8700,0.00,100.00,180.00,0.00,180.00,0.00,0.00
17.70,77.60,59.3500,7.9975,291.9893,19.48,100.00,0.00,0.00,0.00,0.00,0.00,59.3570,11.0154,292.3392,58.9670,11.0154,292.3492,0.00,0.00,0.00,59.9670,11.0154,292.3492,0.00,0.00,0.00,135.4600,8.6000,276.8700,0.00,100.00,180.00,0.00,180.00,0.00,0.00
17.74,77.73,59.3500,7.9740,292.6374,19.45,100.00,0.00,0.00,0.00,0.00,0.00,59.3570,10.9919,292.9873,58.9670,10.9919,292.9973,0.00,0.00,0.00,59.9670,10.9919,292.9973,0.00,0.00,0.00,135.4600,8.6000,276.8700,0.00,100.00,180.00,0.00,180.00,0.00,0.00
17.77,77.86,59.3500,7.9858,293.2855,19.45,100.00,0.00,0.00,0.00,0.00,0.00,59.3570,11.0037,293.6354,58.9670,11.0037,293.6454,0.00,0.00,0.00,59.9670,11.0037,293.6454,0.00,0.00,0.00,135.4600,8.6000,276.8700,0.00,100.00,180.00,0.00,180.00,0.00,0.00
17.80,78.00,59.3500,7.9972,293.9335,19.33,100.00,0.00,0.00,0.00,0.00,0.00,59.3570,11.0151,294.2834,58.9670,11.0151,294.2933,0.00,0.00,0.00,59.9670,11.0151,294.2933,0.00,0.00,0.00,135.4600,8.6000,276.8700,0.00,100.00,180.00,0.00,180.00,0.00,0.00
17.84,78.15,59.3500,7.9737,294.5851,19.56,100.00,0.00,0.00,0.00,0.00,0.00,59.3570,10.9916,294.9350,58.9670,10.9916,294.9450,0.00,0.00,0.00,59.9670,10.9916,294.9450,0.00,0.00,0.00,135.4600,8.6000,276.8700,0.00,100.00,180.00,0.00,180.00,0.00,0.00
17.87,78.30,59.3500,7.9854,295.2332,19.44,100.00,0.00,0.00,0.00,0.00,0.00,59.3570,11.0033,295.5830,58.9670,11.0033,295.5930,0.00,0.00,0.00,59.9670,11.0033,295.5930,0.00,0.00,0.00,135.4600,8.6000,276.8700,0.00,100.00,180.00,0.00,180.00,0.00,0.00
17.90,78.45,59.3500,7.9972,295.8812,19.44,100.00,0.00,0.00,0.00,0.00,0.00,59.3570,11.0151,296.2310,58.9670,11.0151,296.2410,0.00,0.00,0.00,59.9670,11.0151,296.2410,0.00,0.00,0.00,135.4600,8.6000,276.8700,0.00,100.00,180.00,0.00,180.00,0.00,0.00
17.90,78.61,59.3500,7.9737,296.5292,Infinity,100.00,0.00,0.00,0.00,0.00,0.00,59.3570,10.9915,296.8791,58.9670,10.9915,296.8891,0.00,0.00,0.00,59.9670,10.9915,296.8891,0.00,0.00,0.00,135.4600,8.6000,276.8700,NaN,100.00,180.00,0.00,180.00,0.00,0.00
