Time,Distance,Player_Pos_X,Player_Pos_Y,Player_Pos_Z,Player_Speed,Player_Health,Player_Turret_X,Player_Turret_Y,Player_Body_X,Player_Body_Y,Player_Body_Z,TurretCam_X,TurretCam_Y,TurretCam_Z,StereoL_X,StereoL_Y,StereoL_Z,StereoL_Roll,StereoL_Pitch,StereoL_Yaw,StereoR_X,StereoR_Y,StereoR_Z,StereoR_Roll,StereoR_Pitch,StereoR_Yaw,Enemy_Pos_X,Enemy_Pos_Y,Enemy_Pos_Z,Enemy_Speed,Enemy_Health,Enemy_Turret_X,Enemy_Turret_Y,Enemy_Body_X,Enemy_Body_Y,Enemy_Body_Z
0.02,361.32,10.0000,8.0020,10.0000,-0.08,100.00,0.00,0.00,0.00,0.00,0.00,10.0071,11.0199,10.3499,9.6170,11.0199,10.3599,0.00,0.00,0.00,10.6171,11.0199,10.3599,0.00,0.00,0.00,250.0000,14.9998,280.0000,-0.19,100.00,180.00,0.00,180.00,0.00,0.00
0.08,361.32,10.0000,7.9932,10.0000,0.15,100.00,0.00,0.00,0.00,0.00,0.00,10.0071,11.0111,10.3499,9.6170,11.0111,10.3599,0.00,0.00,0.00,10.6171,11.0111,10.3599,0.00,0.00,0.00,250.0000,14.9775,280.0000,0.39,100.00,180.00,0.00,180.00,0.00,0.00
0.14,361.31,10.0000,7.9858,10.0000,0.12,100.00,0.00,0.00,0.00,0.00,0.00,10.0071,11.0037,10.3499,9.6170,11.0037,10.3599,0.00,0.00,0.00,10.6171,11.0037,10.3599,0.00,0.00,0.00,250.0000,14.9199,280.0000,0.94,100.00,180.00,0.00,180.00,0.00,0.00
0.20,361.31,10.0000,7.9817,10.0000,0.07,100.00,0.00,0.00,0.00,0.00,0.00,10.0071,10.9996,10.3499,9.6170,10.9996,10.3599,0.00,0.00,0.00,10.6171,10.9996,10.3599,0.00,0.00,0.00,250.0000,14.8316,280.0000,1.50,100.00,180.00,0.00,180.00,0.00,0.00
0.26,361.31,10.0000,7.9993,10.0000,0.28,100.00,1.68,0.00,0.00,0.00,0.00,10.0071,11.0172,10.3499,9.6175,11.0172,10.3713,0.00,0.00,1.68,10.6171,11.0172,10.3420,0.00,0.00,1.68,250.0000,14.7026,280.0000,2.04,100.00,180.00,0.00,180.00,0.00,0.00
0.32,361.31,10.0000,7.9976,10.0029,0.06,100.00,5.84,0.00,2.53,0.00,0.00,10.0225,11.0155,10.3522,9.6355,11.0155,10.4018,0.00,0.00,5.84,10.6303,11.0155,10.3000,0.00,0.00,5.84,250.0000,14.5456,280.0000,2.57,100.00,180.00,0.00,180.00,0.00,0.00
0.38,361.30,10.0002,7.9959,10.0085,0.09,100.00,8.28,0.00,4.97,0.00,0.00,10.0376,11.0138,10.3564,9.6531,11.0138,10.4225,0.00,0.00,8.28,10.6427,11.0138,10.2785,0.00,0.00,8.28,250.0000,14.3580,280.0000,3.08,100.00,180.00,0.00,180.00,0.00,0.00
0.45,361.29,10.0010,7.9882,10.0166,0.17,100.00,10.72,0.00,7.41,0.00,0.00,10.0531,11.0061,10.3627,9.6717,11.0061,10.4450,0.00,0.00,10.72,10.6543,11.0061,10.2591,0.00,0.00,10.72,250.0000,14.1258,280.0000,3.59,100.00,180.00,0.00,180.00,0.00,0.00
0.51,361.27,10.0025,7.9813,10.0283,0.21,100.00,14.41,0.00,9.99,0.00,0.00,10.0701,10.9992,10.3717,9.6949,10.9992,10.4784,0.00,0.00,14.41,10.6634,10.9992,10.2296,0.00,0.00,14.41,250.0000,13.8641,280.0000,4.09,100.00,180.00,0.00,180.00,0.00,0.00
0.58,361.26,10.0050,7.9705,10.0427,0.27,100.00,18.11,0.00,12.55,0.00,0.00,10.0879,10.9884,10.3827,9.7204,10.9884,10.5134,0.00,0.00,18.11,10.6708,10.9884,10.2026,0.00,0.00,18.11,250.0000,13.5610,280.0000,4.58,100.00,180.00,0.00,180.00,0.00,0.00
0.65,361.23,10.0090,7.9912,10.0606,0.41,100.00,20.76,0.00,15.20,0.00,0.00,10.1075,11.0091,10.3964,9.7464,11.0091,10.5440,0.00,0.00,20.76,10.6815,11.0091,10.1896,0.00,0.00,20.76,250.0000,13.2180,280.0000,5.08,100.00,180.00,0.00,180.00,0.00,0.00
0.71,361.22,10.0110,7.9803,10.0679,0.20,100.00,20.76,0.00,15.20,0.00,0.00,10.1095,10.9982,10.4037,9.7484,10.9982,10.5513,0.00,0.00,20.76,10.6835,10.9982,10.1969,0.00,0.00,20.76,250.0000,12.8504,280.0000,5.55,100.00,180.00,0.00,180.00,0.00,0.00
0.78,361.22,10.0110,7.9923,10.0679,0.16,100.00,21.02,0.00,15.20,0.00,0.00,10.1095,11.0102,10.4037,9.7490,11.0102,10.5529,0.00,0.00,21.02,10.6825,11.0102,10.1943,0.00,0.00,21.02,250.0254,12.4688,279.9771,5.25,100.00,180.25,-1.48,180.25,1.48,2.72
0.85,361.21,10.0120,7.9792,10.0717,0.20,100.00,24.18,0.00,18.12,0.00,0.00,10.1275,10.9970,10.4020,9.7758,10.9970,10.5708,0.00,0.00,24.18,10.6881,10.9970,10.1613,0.00,0.00,24.18,250.0760,12.1863,279.9312,4.31,100.00,180.98,-5.02,180.98,5.02,9.48
0.92,361.18,10.0141,7.9957,10.0782,0.25,100.00,26.41,0.00,20.82,0.00,0.00,10.1451,11.0136,10.4027,9.8002,11.0136,10.5852,0.00,0.00,26.41,10.6959,11.0136,10.1404,0.00,0.00,26.41,250.0840,11.9598,279.8947,3.26,100.00,182.08,-9.60,182.08,9.60,13.72
0.99,361.12,10.0180,7.9764,10.0884,0.31,100.00,28.77,0.00,23.64,0.00,0.00,10.1648,10.9943,10.4060,9.8277,10.9943,10.6025,0.00,0.00,28.77,10.7043,10.9943,10.1213,0.00,0.00,28.77,250.0688,11.9949,279.8388,0.95,100.00,183.08,-13.92,183.08,13.92,11.94
1.06,361.09,10.0238,7.9965,10.1017,0.36,100.00,31.60,0.00,26.48,0.00,0.00,10.1861,11.0144,10.4117,9.8592,11.0144,10.6246,0.00,0.00,31.60,10.7109,11.0144,10.1006,0.00,0.00,31.60,250.0832,12.0581,279.8011,1.09,100.00,183.50,-15.69,183.50,15.69,12.08
1.13,361.06,10.0316,7.9800,10.1174,0.35,100.00,34.35,0.00,29.22,0.00,0.00,10.2086,10.9979,10.4193,9.8922,10.9979,10.6476,0.00,0.00,34.35,10.7179,10.9979,10.0834,0.00,0.00,34.35,250.0905,12.0896,279.7811,0.55,100.00,183.72,-16.59,183.72,16.59,12.14
1.20,361.04,10.0420,7.9950,10.1359,0.36,100.00,37.12,0.00,32.00,0.00,0.00,10.2334,11.0129,10.4289,9.9284,11.0129,10.6722,0.00,0.00,37.12,10.7258,11.0129,10.0687,0.00,0.00,37.12,250.0916,12.0954,279.7774,0.10,100.00,183.76,-16.75,183.76,16.75,12.15
1.27,361.02,10.0556,7.9824,10.1576,0.42,100.00,39.98,0.00,34.86,0.00,0.00,10.2613,11.0003,10.4407,9.9689,11.0003,10.6989,0.00,0.00,39.98,10.7352,11.0003,10.0564,0.00,0.00,39.98,250.0885,12.0797,279.7873,0.28,100.00,183.66,-16.30,183.66,16.30,12.12
1.34,361.00,10.0712,8.0017,10.1800,0.48,100.00,40.71,0.00,37.54,0.00,0.00,10.2900,11.0196,10.4531,10.0009,11.0196,10.7151,0.00,0.00,40.71,10.7589,11.0196,10.0628,0.00,0.00,40.71,250.0817,12.0456,279.8081,0.59,100.00,183.45,-15.34,183.45,15.34,12.06
1.41,360.98,10.0904,7.9880,10.2051,0.51,100.00,41.56,0.00,40.30,0.00,0.00,10.3221,11.0059,10.4673,10.0369,11.0059,10.7335,0.00,0.00,41.56,10.7852,11.0059,10.0701,0.00,0.00,41.56,250.0719,11.9966,279.8369,0.85,100.00,183.14,-13.96,183.14,13.96,12.01
1.47,360.97,10.1126,7.9822,10.2312,0.55,100.00,41.91,0.00,43.01,0.00,0.00,10.3565,11.0001,10.4823,10.0729,11.0001,10.7502,0.00,0.00,41.91,10.8171,11.0001,10.0823,0.00,0.00,41.91,250.0676,11.9549,279.8645,0.79,100.00,182.79,-12.37,182.79,12.37,12.34
1.54,360.96,10.1279,7.9721,10.2476,0.37,100.00,39.46,0.00,43.01,0.00,0.00,10.3717,10.9900,10.4986,10.0770,10.9900,10.7542,0.00,0.00,39.46,10.8490,10.9900,10.1187,0.00,0.00,39.46,250.0728,11.9432,279.8795,0.30,100.00,182.52,-11.21,182.52,11.21,13.01
1.60,360.95,10.1366,7.9930,10.2569,0.36,100.00,36.74,0.00,43.01,0.00,0.00,10.3804,11.0109,10.5079,10.0738,11.0109,10.7492,0.00,0.00,36.74,10.8752,11.0109,10.1510,0.00,0.00,36.74,250.0760,11.9434,279.8841,0.08,100.00,182.42,-10.79,182.42,10.79,13.28
1.67,360.93,10.1479,7.9813,10.2690,0.30,100.00,36.81,0.00,45.74,0.00,0.00,10.4033,10.9992,10.5081,10.0971,10.9992,10.7498,0.00,0.00,36.81,10.8977,10.9992,10.1507,0.00,0.00,36.81,250.0750,11.9433,279.8827,0.03,100.00,182.45,-10.92,182.45,10.92,13.20
1.74,360.91,10.1618,8.0016,10.2825,0.41,100.00,36.97,0.00,48.40,0.00,0.00,10.4281,11.0195,10.5095,10.1225,11.0195,10.7521,0.00,0.00,36.97,10.9214,11.0195,10.1506,0.00,0.00,36.97,250.0720,11.9435,279.8784,0.08,100.00,182.54,-11.31,182.54,11.31,12.93
1.81,360.88,10.1792,7.9865,10.2980,0.41,100.00,37.21,0.00,51.14,0.00,0.00,10.4561,11.0044,10.5121,10.1516,11.0044,10.7559,0.00,0.00,37.21,10.9480,11.0044,10.1511,0.00,0.00,37.21,250.0679,11.9444,279.8726,0.11,100.00,182.66,-11.83,182.66,11.83,12.56
1.87,360.85,10.2001,7.9772,10.3149,0.44,100.00,37.86,0.00,53.89,0.00,0.00,10.4869,10.9951,10.5154,10.1852,10.9951,10.7626,0.00,0.00,37.86,10.9747,10.9951,10.1489,0.00,0.00,37.86,250.0674,11.9458,279.8714,0.03,100.00,182.68,-11.93,182.68,11.93,12.49
1.94,360.82,10.2233,7.9983,10.3318,0.52,100.00,38.28,0.00,56.50,0.00,0.00,10.5189,11.0162,10.5190,10.2190,11.0162,10.7685,0.00,0.00,38.28,11.0040,11.0162,10.1489,0.00,0.00,38.28,250.0679,11.9441,279.8728,0.03,100.00,182.66,-11.82,182.66,11.82,12.57
2.01,360.79,10.2510,7.9823,10.3501,0.53,100.00,41.01,0.00,59.22,0.00,0.00,10.5552,11.0001,10.5231,10.2675,11.0001,10.7865,0.00,0.00,41.01,11.0221,11.0001,10.1304,0.00,0.00,41.01,250.0684,11.9436,279.8735,0.01,100.00,182.65,-11.77,182.65,11.77,12.62
2.08,360.77,10.2701,8.0015,10.3614,0.42,100.00,41.01,0.00,59.22,0.00,0.00,10.5743,11.0194,10.5344,10.2865,11.0194,10.7979,0.00,0.00,41.01,11.0411,11.0194,10.1417,0.00,0.00,41.01,250.0684,11.9437,279.8734,0.00,100.00,182.65,-11.77,182.65,11.77,12.62
2.15,360.76,10.2791,7.9858,10.3668,0.27,100.00,41.01,0.00,59.22,0.00,0.00,10.5833,11.0037,10.5398,10.2956,11.0037,10.8033,0.00,0.00,41.01,11.0502,11.0037,10.1471,0.00,0.00,41.01,250.0682,11.9439,279.8732,0.01,100.00,182.65,-11.79,182.65,11.79,12.59
2.22,360.75,10.2911,8.0008,10.3740,0.29,100.00,43.76,0.00,61.97,0.00,0.00,10.6033,11.0187,10.5322,10.3286,11.0187,10.8091,0.00,0.00,43.76,11.0508,11.0187,10.1175,0.00,0.00,43.76,250.0679,11.9441,279.8728,0.01,100.00,182.66,-11.82,182.66,11.82,12.56
2.29,360.73,10.3072,7.9813,10.3825,0.38,100.00,46.62,0.00,64.83,0.00,0.00,10.6269,10.9992,10.5249,10.3663,10.9992,10.8153,0.00,0.00,46.62,11.0531,10.9992,10.0885,0.00,0.00,46.62,250.0676,11.9444,279.8724,0.01,100.00,182.67,-11.86,182.67,11.86,12.53
2.36,360.72,10.3126,7.9677,10.3850,0.22,100.00,46.62,0.00,64.83,0.00,0.00,10.6322,10.9856,10.5274,10.3716,10.9856,10.8178,0.00,0.00,46.62,11.0584,10.9856,10.0909,0.00,0.00,46.62,250.0675,11.9445,279.8723,0.00,100.00,182.67,-11.86,182.67,11.86,12.52
2.43,360.72,10.3126,7.9889,10.3850,0.31,100.00,46.62,0.00,64.83,0.00,0.00,10.6322,11.0068,10.5274,10.3716,11.0068,10.8178,0.00,0.00,46.62,11.0584,11.0068,10.0909,0.00,0.00,46.62,250.0675,11.9445,279.8723,0.00,100.00,182.67,-11.86,182.67,11.86,12.52
2.49,360.72,10.3126,7.9746,10.3850,0.21,100.00,46.62,0.00,64.83,0.00,0.00,10.6322,10.9925,10.5274,10.3716,10.9925,10.8178,0.00,0.00,46.62,11.0584,10.9925,10.0909,0.00,0.00,46.62,250.0675,11.9445,279.8723,0.00,100.00,182.67,-11.86,182.67,11.86,12.52
2.56,360.72,10.3126,7.9967,10.3850,0.33,100.00,46.62,0.00,64.83,0.00,0.00,10.6322,11.0146,10.5274,10.3716,11.0146,10.8178,0.00,0.00,46.62,11.0584,11.0146,10.0909,0.00,0.00,46.62,250.0675,11.9445,279.8723,0.00,100.00,182.67,-11.86,182.67,11.86,12.52
2.63,360.72,10.3156,7.9847,10.3864,0.19,100.00,49.32,0.00,67.53,0.00,0.00,10.6416,11.0026,10.5136,10.3949,11.0026,10.8159,0.00,0.00,49.32,11.0468,11.0026,10.0575,0.00,0.00,49.32,250.0675,11.9445,279.8723,0.00,100.00,182.67,-11.86,182.67,11.86,12.52
2.70,360.71,10.3216,7.9722,10.3889,0.21,100.00,48.78,0.00,70.20,0.00,0.00,10.6532,10.9901,10.5008,10.4037,10.9901,10.8007,0.00,0.00,48.78,11.0627,10.9901,10.0486,0.00,0.00,48.78,250.0675,11.9445,279.8723,0.00,100.00,182.67,-11.86,182.67,11.86,12.52
2.76,360.71,10.3308,7.9966,10.3922,0.40,100.00,48.29,0.00,72.89,0.00,0.00,10.6673,11.0145,10.4884,10.4153,11.0145,10.7862,0.00,0.00,48.29,11.0807,11.0145,10.0398,0.00,0.00,48.29,250.0675,11.9445,279.8723,0.00,100.00,182.67,-11.86,182.67,11.86,12.52
2.83,360.70,10.3432,7.9896,10.3960,0.23,100.00,50.93,0.00,75.54,0.00,0.00,10.6837,11.0075,10.4766,10.4457,11.0075,10.7857,0.00,0.00,50.93,11.0759,11.0075,10.0093,0.00,0.00,50.93,250.0675,11.9445,279.8723,0.00,100.00,182.67,-11.86,182.67,11.86,12.52
2.89,360.68,10.3581,7.9790,10.3999,0.28,100.00,53.49,0.00,78.09,0.00,0.00,10.7019,10.9969,10.4652,10.4779,10.9969,10.7846,0.00,0.00,53.49,11.0729,10.9969,9.9808,0.00,0.00,53.49,250.0675,11.9445,279.8723,0.00,100.00,182.67,-11.86,182.67,11.86,12.52
2.96,360.67,10.3768,7.9689,10.4038,0.33,100.00,56.13,0.00,80.74,0.00,0.00,10.7233,10.9868,10.4532,10.5143,10.9868,10.7826,0.00,0.00,56.13,11.0715,10.9868,9.9523,0.00,0.00,56.13,250.0675,11.9445,279.8723,0.00,100.00,182.67,-11.86,182.67,11.86,12.52
3.02,360.65,10.3987,7.9990,10.4074,0.59,100.00,58.45,0.00,83.05,0.00,0.00,10.7469,11.0169,10.4427,10.5513,11.0169,10.7803,0.00,0.00,58.45,11.0746,11.0169,9.9281,0.00,0.00,58.45,250.0675,11.9445,279.8723,0.00,100.00,182.67,-11.86,182.67,11.86,12.52
3.08,360.63,10.4227,7.9991,10.4103,0.40,100.00,60.66,0.00,85.27,0.00,0.00,10.7720,11.0170,10.4321,10.5896,11.0170,10.7770,0.00,0.00,60.66,11.0795,11.0170,9.9052,0.00,0.00,60.66,250.0675,11.9445,279.8723,0.00,100.00,182.67,-11.86,182.67,11.86,12.52
3.14,360.61,10.4482,7.9975,10.4124,0.42,100.00,61.91,0.00,86.52,0.00,0.00,10.7979,11.0154,10.4266,10.6231,11.0154,10.7754,0.00,0.00,61.91,11.0939,11.0154,9.8931,0.00,0.00,61.91,250.0675,11.9445,279.8723,0.00,100.00,182.67,-11.86,182.67,11.86,12.52
3.20,360.59,10.4769,7.9957,10.4141,0.47,100.00,60.41,0.00,87.79,0.00,0.00,10.8268,11.0136,10.4206,10.6429,11.0136,10.7647,0.00,0.00,60.41,11.1367,11.0136,9.8951,0.00,0.00,60.41,250.0675,11.9445,279.8723,0.00,100.00,182.67,-11.86,182.67,11.86,12.52
3.26,360.58,10.4966,7.9982,10.4149,0.34,100.00,57.75,0.00,87.79,0.00,0.00,10.8465,11.0161,10.4213,10.6468,11.0161,10.7565,0.00,0.00,57.75,11.1805,11.0161,9.9108,0.00,0.00,57.75,250.0675,11.9445,279.8723,0.00,100.00,182.67,-11.86,182.67,11.86,12.52
3.32,360.57,10.5072,7.9942,10.4153,0.18,100.00,55.18,0.00,87.79,0.00,0.00,10.8571,11.0121,10.4217,10.6426,11.0121,10.7476,0.00,0.00,55.18,11.2136,11.0121,9.9267,0.00,0.00,55.18,250.0675,11.9445,279.8723,0.00,100.00,182.67,-11.86,182.67,11.86,12.52
3.39,360.56,10.5213,7.9899,10.4158,0.24,100.00,53.15,0.00,88.34,0.00,0.00,10.8712,11.0078,10.4189,10.6453,11.0078,10.7370,0.00,0.00,53.15,11.2451,11.0078,9.9368,0.00,0.00,53.15,250.0675,11.9445,279.8723,0.00,100.00,182.67,-11.86,182.67,11.86,12.52
3.45,360.55,10.5383,7.9892,10.4163,0.28,100.00,53.70,0.00,88.89,0.00,0.00,10.8882,11.0071,10.4160,10.6654,11.0071,10.7363,0.00,0.00,53.70,11.2574,11.0071,9.9303,0.00,0.00,53.70,250.0675,11.9445,279.8723,0.00,100.00,182.67,-11.86,182.67,11.86,12.52
3.51,360.54,10.5573,7.9813,10.4167,0.32,100.00,54.51,0.00,89.70,0.00,0.00,10.9072,10.9992,10.4115,10.6890,10.9992,10.7348,0.00,0.00,54.51,11.2695,10.9992,9.9206,0.00,0.00,54.51,250.0675,11.9445,279.8723,0.00,100.00,182.67,-11.86,182.67,11.86,12.52
3.57,360.52,10.5807,7.9738,10.4168,0.38,100.00,53.52,0.00,90.56,0.00,0.00,10.9305,10.9917,10.4063,10.7067,10.9917,10.7258,0.00,0.00,53.52,11.3013,10.9917,9.9218,0.00,0.00,53.52,250.0675,11.9445,279.8723,0.00,100.00,182.67,-11.86,182.67,11.86,12.52
3.63,360.50,10.6071,7.9747,10.4165,0.44,100.00,52.47,0.00,91.23,0.00,0.00,10.9567,10.9926,10.4020,10.7271,10.9926,10.7174,0.00,0.00,52.47,11.3362,10.9926,9.9243,0.00,0.00,52.47,250.0675,11.9445,279.8723,0.00,100.00,182.67,-11.86,182.67,11.86,12.52
3.70,360.49,10.6340,7.9689,10.4159,0.44,100.00,51.23,0.00,91.84,0.00,0.00,10.9835,10.9868,10.3976,10.7470,10.9868,10.7080,0.00,0.00,51.23,11.3732,10.9868,9.9283,0.00,0.00,51.23,250.0675,11.9445,279.8723,0.00,100.00,182.67,-11.86,182.67,11.86,12.52
3.76,360.47,10.6656,7.9958,10.4149,0.64,100.00,49.74,0.00,92.26,0.00,0.00,11.0149,11.0137,10.3941,10.7705,11.0137,10.6981,0.00,0.00,49.74,11.4167,11.0137,9.9350,0.00,0.00,49.74,250.0675,11.9445,279.8723,0.00,100.00,182.67,-11.86,182.67,11.86,12.52
3.83,360.44,10.7009,7.9864,10.4135,0.56,100.00,48.70,0.00,92.69,0.00,0.00,11.0501,11.0043,10.3900,10.8002,11.0043,10.6896,0.00,0.00,48.70,11.4603,11.0043,9.9384,0.00,0.00,48.70,250.0675,11.9445,279.8723,0.00,100.00,182.67,-11.86,182.67,11.86,12.52
3.90,360.42,10.7397,7.9697,10.4117,0.61,100.00,47.47,0.00,93.03,0.00,0.00,11.0887,10.9876,10.3862,10.8325,10.9876,10.6803,0.00,0.00,47.47,11.5085,10.9876,9.9434,0.00,0.00,47.47,250.0675,11.9445,279.8723,0.00,100.00,182.67,-11.86,182.67,11.86,12.52
3.96,360.39,10.7844,7.9918,10.4093,0.74,100.00,46.75,0.00,93.39,0.00,0.00,11.1333,11.0097,10.3816,10.8733,11.0097,10.6725,0.00,0.00,46.75,11.5585,11.0097,9.9442,0.00,0.00,46.75,250.0675,11.9445,279.8723,0.00,100.00,182.67,-11.86,182.67,11.86,12.52
4.03,360.36,10.8312,7.9761,10.4065,0.72,100.00,45.85,0.00,93.59,0.00,0.00,11.1799,10.9940,10.3776,10.9154,10.9940,10.6643,0.00,0.00,45.85,11.6120,10.9940,9.9469,0.00,0.00,45.85,250.0675,11.9445,279.8723,0.00,100.00,182.67,-11.86,182.67,11.86,12.52
4.10,360.33,10.8823,7.9697,10.4033,0.81,100.00,45.32,0.00,93.80,0.00,0.00,11.2310,10.9876,10.3731,10.9638,10.9876,10.6574,0.00,0.00,45.32,11.6670,10.9876,9.9464,0.00,0.00,45.32,250.0675,11.9445,279.8723,0.00,100.00,182.67,-11.86,182.67,11.86,12.52
4.16,360.30,10.9325,7.9940,10.4000,0.84,100.00,44.69,0.00,93.95,0.00,0.00,11.2811,11.0119,10.3688,11.0108,11.0119,10.6502,0.00,0.00,44.69,11.7218,11.0119,9.9470,0.00,0.00,44.69,250.0675,11.9445,279.8723,0.00,100.00,182.67,-11.86,182.67,11.86,12.52
4.23,360.27,10.9880,7.9883,10.3961,0.88,100.00,44.84,0.00,94.10,0.00,0.00,11.3364,11.0062,10.3641,11.0670,11.0062,10.6462,0.00,0.00,44.84,11.7760,11.0062,9.9410,0.00,0.00,44.84,250.0675,11.9445,279.8723,0.00,100.00,182.67,-11.86,182.67,11.86,12.52
4.29,360.23,11.0438,7.9798,10.3921,0.87,100.00,44.93,0.00,94.19,0.00,0.00,11.3922,10.9977,10.3595,11.1231,10.9977,10.6420,0.00,0.00,44.93,11.8311,10.9977,9.9358,0.00,0.00,44.93,250.0675,11.9445,279.8723,0.00,100.00,182.67,-11.86,182.67,11.86,12.52
4.36,360.20,11.1040,7.9670,10.3877,0.92,100.00,44.65,0.00,94.28,0.00,0.00,11.4524,10.9849,10.3546,11.1820,10.9849,10.6358,0.00,0.00,44.65,11.8934,10.9849,9.9330,0.00,0.00,44.65,250.0675,11.9445,279.8723,0.00,100.00,182.67,-11.86,182.67,11.86,12.52
4.42,360.16,11.1698,7.9999,10.3828,1.20,100.00,44.35,0.00,94.31,0.00,0.00,11.5182,11.0178,10.3495,11.2463,11.0178,10.6293,0.00,0.00,44.35,11.9614,11.0178,9.9302,0.00,0.00,44.35,250.0675,11.9445,279.8723,0.00,100.00,182.67,-11.86,182.67,11.86,12.52
4.48,360.12,11.2326,7.9922,10.3781,0.99,100.00,44.01,0.00,94.33,0.00,0.00,11.5809,11.0101,10.3446,11.3074,11.0101,10.6228,0.00,0.00,44.01,12.0266,11.0101,9.9279,0.00,0.00,44.01,250.0675,11.9445,279.8723,0.00,100.00,182.67,-11.86,182.67,11.86,12.52
4.55,360.08,11.3015,7.9803,10.3729,1.05,100.00,43.65,0.00,94.35,0.00,0.00,11.6498,10.9982,10.3393,11.3745,10.9982,10.6157,0.00,0.00,43.65,12.0981,10.9982,9.9255,0.00,0.00,43.65,250.0675,11.9445,279.8723,0.00,100.00,182.67,-11.86,182.67,11.86,12.52
4.62,360.03,11.3761,7.9711,10.3672,1.16,100.00,43.33,0.00,94.36,0.00,0.00,11.7244,10.9890,10.3335,11.4476,10.9890,10.6084,0.00,0.00,43.33,12.1750,10.9890,9.9222,0.00,0.00,43.33,250.0675,11.9445,279.8723,0.00,100.00,182.67,-11.86,182.67,11.86,12.52
4.68,359.98,11.4521,8.0000,10.3614,1.28,100.00,43.02,0.00,94.38,0.00,0.00,11.8005,11.0179,10.3276,11.5221,11.0179,10.6010,0.00,0.00,43.02,12.2533,11.0179,9.9188,0.00,0.00,43.02,250.0675,11.9445,279.8723,0.00,100.00,182.67,-11.86,182.67,11.86,12.52
4.74,359.94,11.5293,7.9940,10.3555,1.22,100.00,43.03,0.00,94.39,0.00,0.00,11.8776,11.0119,10.3216,11.5993,11.0119,10.5951,0.00,0.00,43.03,12.3303,11.0119,9.9127,0.00,0.00,43.03,250.0675,11.9445,279.8723,0.00,100.00,182.67,-11.86,182.67,11.86,12.52
4.81,359.89,11.6090,7.9814,10.3493,1.21,100.00,43.04,0.00,94.41,0.00,0.00,11.9573,10.9993,10.3154,11.6791,10.9993,10.5889,0.00,0.00,43.04,12.4100,10.9993,9.9064,0.00,0.00,43.04,250.0675,11.9445,279.8723,0.00,100.00,182.67,-11.86,182.67,11.86,12.52
4.88,359.84,11.6968,7.9713,10.3426,1.35,100.00,42.89,0.00,94.42,0.00,0.00,12.0451,10.9892,10.3086,11.7661,10.9892,10.5813,0.00,0.00,42.89,12.4988,10.9892,9.9007,0.00,0.00,42.89,250.0675,11.9445,279.8723,0.00,100.00,182.67,-11.86,182.67,11.86,12.52
4.94,359.78,11.7857,8.0017,10.3357,1.50,100.00,42.74,0.00,94.43,0.00,0.00,12.1340,11.0196,10.3016,11.8544,11.0196,10.5737,0.00,0.00,42.74,12.5888,11.0196,9.8950,0.00,0.00,42.74,250.0675,11.9445,279.8723,0.00,100.00,182.67,-11.86,182.67,11.86,12.52
5.00,359.73,11.8737,7.9947,10.3289,1.38,100.00,42.59,0.00,94.44,0.00,0.00,12.2220,11.0126,10.2948,11.9416,11.0126,10.5661,0.00,0.00,42.59,12.6778,11.0126,9.8893,0.00,0.00,42.59,250.0675,11.9445,279.8723,0.00,100.00,182.67,-11.86,182.67,11.86,12.52
5.07,359.68,11.9533,7.9873,10.3227,1.25,100.00,42.42,0.00,94.44,0.00,0.00,12.3016,11.0052,10.2886,12.0205,11.0052,10.5591,0.00,0.00,42.42,12.7586,11.0052,9.8845,0.00,0.00,42.42,250.0675,11.9445,279.8723,0.00,100.00,182.67,-11.86,182.67,11.86,12.52
5.13,359.64,12.0233,7.9755,10.3173,1.07,100.00,42.25,0.00,94.44,0.00,0.00,12.3716,10.9934,10.2832,12.0896,10.9934,10.5528,0.00,0.00,42.25,12.8298,10.9934,9.8804,0.00,0.00,42.25,250.0675,11.9445,279.8723,0.00,100.00,182.67,-11.86,182.67,11.86,12.52
5.20,359.60,12.0851,8.0008,10.3125,1.02,100.00,42.08,0.00,94.44,0.00,0.00,12.4334,11.0187,10.2784,12.1507,11.0187,10.5472,0.00,0.00,42.08,12.8929,11.0187,9.8770,0.00,0.00,42.08,250.0675,11.9445,279.8723,0.00,100.00,182.67,-11.86,182.67,11.86,12.52
5.26,359.57,12.1357,7.9964,10.3085,0.81,100.00,42.08,0.00,94.44,0.00,0.00,12.4839,11.0143,10.2744,12.2012,11.0143,10.5432,0.00,0.00,42.08,12.9434,11.0143,9.8730,0.00,0.00,42.08,250.0675,11.9445,279.8723,0.00,100.00,182.67,-11.86,182.67,11.86,12.52
5.33,359.54,12.1865,7.9848,10.3046,0.79,100.00,42.09,0.00,94.44,0.00,0.00,12.5348,11.0027,10.2705,12.2521,11.0027,10.5393,0.00,0.00,42.09,12.9942,11.0027,9.8690,0.00,0.00,42.09,250.0675,11.9445,279.8723,0.00,100.00,182.67,-11.86,182.67,11.86,12.52
5.39,359.51,12.2440,7.9755,10.3001,0.89,100.00,42.06,0.00,94.45,0.00,0.00,12.5922,10.9934,10.2660,12.3094,10.9934,10.5346,0.00,0.00,42.06,13.0518,10.9934,9.8648,0.00,0.00,42.06,250.0675,11.9445,279.8723,0.00,100.00,182.67,-11.86,182.67,11.86,12.52
5.46,359.47,12.3034,7.9679,10.2955,0.93,100.00,42.03,0.00,94.45,0.00,0.00,12.6516,10.9858,10.2613,12.3686,10.9858,10.5299,0.00,0.00,42.03,13.1114,10.9858,9.8603,0.00,0.00,42.03,250.0675,11.9445,279.8723,0.00,100.00,182.67,-11.86,182.67,11.86,12.52
5.52,359.43,12.3649,7.9989,10.2907,1.11,100.00,42.03,0.00,94.46,0.00,0.00,12.7132,11.0168,10.2565,12.4302,11.0168,10.5251,0.00,0.00,42.03,13.1730,11.0168,9.8555,0.00,0.00,42.03,250.0675,11.9445,279.8723,0.00,100.00,182.67,-11.86,182.67,11.86,12.52
5.59,359.40,12.4152,7.9881,10.2868,0.78,100.00,42.03,0.00,94.46,0.00,0.00,12.7635,11.0060,10.2526,12.4805,11.0060,10.5211,0.00,0.00,42.03,13.2233,11.0060,9.8516,0.00,0.00,42.03,250.0675,11.9445,279.8723,0.00,100.00,182.67,-11.86,182.67,11.86,12.52
5.65,359.38,12.4579,7.9797,10.2835,0.67,100.00,42.00,0.00,94.46,0.00,0.00,12.8062,10.9976,10.2492,12.5230,10.9976,10.5176,0.00,0.00,42.00,13.2662,10.9976,9.8485,0.00,0.00,42.00,250.0675,11.9445,279.8723,0.00,100.00,182.67,-11.86,182.67,11.86,12.52
5.71,359.36,12.4896,7.9741,10.2810,0.51,100.00,41.96,0.00,94.46,0.00,0.00,12.8378,10.9920,10.2468,12.5545,10.9920,10.5150,0.00,0.00,41.96,13.2981,10.9920,9.8463,0.00,0.00,41.96,250.0675,11.9445,279.8723,0.00,100.00,182.67,-11.86,182.67,11.86,12.52
5.78,359.35,12.5107,7.9983,10.2793,0.49,100.00,41.96,0.00,94.46,0.00,0.00,12.8590,11.0162,10.2451,12.5757,11.0162,10.5133,0.00,0.00,41.96,13.3193,11.0162,9.8447,0.00,0.00,41.96,250.0675,11.9445,279.8723,0.00,100.00,182.67,-11.86,182.67,11.86,12.52
5.84,359.33,12.5362,7.9940,10.2773,0.41,100.00,41.97,0.00,94.46,0.00,0.00,12.8845,11.0119,10.2431,12.6012,11.0119,10.5113,0.00,0.00,41.97,13.3447,11.0119,9.8426,0.00,0.00,41.97,250.0675,11.9445,279.8723,0.00,100.00,182.67,-11.86,182.67,11.86,12.52
5.91,359.31,12.5630,7.9865,10.2752,0.43,100.00,41.94,0.00,94.46,0.00,0.00,12.9113,11.0044,10.2410,12.6278,11.0044,10.5091,0.00,0.00,41.94,13.3717,11.0044,9.8408,0.00,0.00,41.94,250.0675,11.9445,279.8723,0.00,100.00,182.67,-11.86,182.67,11.86,12.52
5.97,359.30,12.5935,7.9780,10.2729,0.49,100.00,41.90,0.00,94.46,0.00,0.00,12.9418,10.9959,10.2386,12.6582,10.9959,10.5065,0.00,0.00,41.90,13.4025,10.9959,9.8386,0.00,0.00,41.90,250.0675,11.9445,279.8723,0.00,100.00,182.67,-11.86,182.67,11.86,12.52
6.04,359.28,12.6275,7.9672,10.2702,0.54,100.00,41.91,0.00,94.46,0.00,0.00,12.9757,10.9851,10.2359,12.6921,10.9851,10.5039,0.00,0.00,41.91,13.4364,10.9851,9.8360,0.00,0.00,41.91,250.0675,11.9445,279.8723,0.00,100.00,182.67,-11.86,182.67,11.86,12.52
6.10,359.25,12.6652,7.9949,10.2673,0.73,100.00,41.91,0.00,94.47,0.00,0.00,13.0135,11.0128,10.2330,12.7299,11.0128,10.5009,0.00,0.00,41.91,13.4741,11.0128,9.8330,0.00,0.00,41.91,250.0675,11.9445,279.8723,0.00,100.00,182.67,-11.86,182.67,11.86,12.52
6.17,359.23,12.7049,7.9865,10.2641,0.63,100.00,41.88,0.00,94.47,0.00,0.00,13.0532,11.0044,10.2299,12.7695,11.0044,10.4977,0.00,0.00,41.88,13.5141,11.0044,9.8301,0.00,0.00,41.88,250.0675,11.9445,279.8723,0.00,100.00,182.67,-11.86,182.67,11.86,12.52
6.23,359.20,12.7480,7.9747,10.2608,0.67,100.00,41.85,0.00,94.47,0.00,0.00,13.0963,10.9926,10.2265,12.8124,10.9926,10.4941,0.00,0.00,41.85,13.5573,10.9926,9.8270,0.00,0.00,41.85,250.0675,11.9445,279.8723,0.00,100.00,182.67,-11.86,182.67,11.86,12.52
6.30,359.17,12.7956,7.9683,10.2571,0.76,100.00,41.82,0.00,94.47,0.00,0.00,13.1438,10.9862,10.2228,12.8599,10.9862,10.4903,0.00,0.00,41.82,13.6051,10.9862,9.8234,0.00,0.00,41.82,250.0675,11.9445,279.8723,0.00,100.00,182.67,-11.86,182.67,11.86,12.52
6.37,359.15,12.8311,7.9857,10.2543,0.57,100.00,41.79,0.00,94.47,0.00,0.00,13.1794,11.0036,10.2200,12.8953,11.0036,10.4873,0.00,0.00,41.79,13.6409,11.0036,9.8209,0.00,0.00,41.79,250.0675,11.9445,279.8723,0.00,100.00,182.67,-11.86,182.67,11.86,12.52
6.43,359.14,12.8584,7.9806,10.2521,0.44,100.00,41.79,0.00,94.47,0.00,0.00,13.2067,10.9985,10.2178,12.9226,10.9985,10.4852,0.00,0.00,41.79,13.6682,10.9985,9.8188,0.00,0.00,41.79,250.0675,11.9445,279.8723,0.00,100.00,182.67,-11.86,182.67,11.86,12.52
6.50,359.12,12.8858,7.9714,10.2500,0.44,100.00,41.79,0.00,94.47,0.00,0.00,13.2341,10.9893,10.2157,12.9500,10.9893,10.4831,0.00,0.00,41.79,13.6955,10.9893,9.8166,0.00,0.00,41.79,250.0675,11.9445,279.8723,0.00,100.00,182.67,-11.86,182.67,11.86,12.52
6.56,359.10,12.9173,7.9955,10.2475,0.60,100.00,41.79,0.00,94.47,0.00,0.00,13.2655,11.0134,10.2132,12.9814,11.0134,10.4806,0.00,0.00,41.79,13.7270,11.0134,9.8142,0.00,0.00,41.79,250.0675,11.9445,279.8723,0.00,100.00,182.67,-11.86,182.67,11.86,12.52
6.62,359.08,12.9525,7.9924,10.2448,0.57,100.00,41.79,0.00,94.47,0.00,0.00,13.3007,11.0103,10.2105,13.0166,11.0103,10.4779,0.00,0.00,41.79,13.7622,11.0103,9.8114,0.00,0.00,41.79,250.0675,11.9445,279.8723,0.00,100.00,182.67,-11.86,182.67,11.86,12.52
6.69,359.06,12.9880,7.9838,10.2420,0.57,100.00,41.79,0.00,94.47,0.00,0.00,13.3363,11.0017,10.2077,13.0522,11.0017,10.4751,0.00,0.00,41.79,13.7977,11.0017,9.8086,0.00,0.00,41.79,250.0675,11.9445,279.8723,0.00,100.00,182.67,-11.86,182.67,11.86,12.52
6.75,359.03,13.0284,7.9822,10.2388,0.67,100.00,41.79,0.00,94.47,0.00,0.00,13.3767,11.0001,10.2045,13.0926,11.0001,10.4719,0.00,0.00,41.79,13.8381,11.0001,9.8055,0.00,0.00,41.79,250.0675,11.9445,279.8723,0.00,100.00,182.67,-11.86,182.67,11.86,12.52
6.81,359.01,13.0690,7.9741,10.2357,0.64,100.00,41.79,0.00,94.47,0.00,0.00,13.4173,10.9920,10.2014,13.1332,10.9920,10.4687,0.00,0.00,41.79,13.8787,10.9920,9.8023,0.00,0.00,41.79,250.0675,11.9445,279.8723,0.00,100.00,182.67,-11.86,182.67,11.86,12.52
6.88,358.98,13.1151,7.9688,10.2321,0.74,100.00,41.79,0.00,94.47,0.00,0.00,13.4634,10.9867,10.1978,13.1793,10.9867,10.4651,0.00,0.00,41.79,13.9249,10.9867,9.7987,0.00,0.00,41.79,250.0675,11.9445,279.8723,0.00,100.00,182.67,-11.86,182.67,11.86,12.52
6.94,358.95,13.1630,7.9916,10.2283,0.79,100.00,41.79,0.00,94.47,0.00,0.00,13.5112,11.0095,10.1940,13.2271,11.0095,10.4614,0.00,0.00,41.79,13.9727,11.0095,9.7949,0.00,0.00,41.79,250.0675,11.9445,279.8723,0.00,100.00,182.67,-11.86,182.67,11.86,12.52
7.01,358.92,13.2172,7.9824,10.2241,0.85,100.00,41.79,0.00,94.47,0.00,0.00,13.5655,11.0003,10.1898,13.2814,11.0003,10.4571,0.00,0.00,41.79,14.0269,11.0003,9.7907,0.00,0.00,41.79,250.0675,11.9445,279.8723,0.00,100.00,182.67,-11.86,182.67,11.86,12.52
7.07,358.89,13.2731,7.9757,10.2197,0.88,100.00,41.79,0.00,94.47,0.00,0.00,13.6213,10.9936,10.1854,13.3372,10.9936,10.4528,0.00,0.00,41.79,14.0828,10.9936,9.7863,0.00,0.00,41.79,250.0675,11.9445,279.8723,0.00,100.00,182.67,-11.86,182.67,11.86,12.52
7.14,358.85,13.3306,7.9680,10.2152,0.91,100.00,41.79,0.00,94.47,0.00,0.00,13.6789,10.9859,10.1809,13.3948,10.9859,10.4483,0.00,0.00,41.79,14.1403,10.9859,9.7818,0.00,0.00,41.79,250.0675,11.9445,279.8723,0.00,100.00,182.67,-11.86,182.67,11.86,12.52
7.20,358.82,13.3917,7.9982,10.2104,1.08,100.00,41.79,0.00,94.47,0.00,0.00,13.7399,11.0161,10.1761,13.4558,11.0161,10.4435,0.00,0.00,41.79,14.2014,11.0161,9.7770,0.00,0.00,41.79,250.0675,11.9445,279.8723,0.00,100.00,182.67,-11.86,182.67,11.86,12.52
7.27,358.78,13.4542,7.9881,10.2055,0.97,100.00,41.79,0.00,94.47,0.00,0.00,13.8025,11.0060,10.1712,13.5184,11.0060,10.4386,0.00,0.00,41.79,14.2640,11.0060,9.7721,0.00,0.00,41.79,250.0675,11.9445,279.8723,0.00,100.00,182.67,-11.86,182.67,11.86,12.52
7.33,358.74,13.5228,7.9770,10.2002,1.05,100.00,41.77,0.00,94.47,0.00,0.00,13.8710,10.9949,10.1659,13.5868,10.9949,10.4331,0.00,0.00,41.77,14.3326,10.9949,9.7670,0.00,0.00,41.77,250.0675,11.9445,279.8723,0.00,100.00,182.67,-11.86,182.67,11.86,12.52
7.40,358.69,13.5951,7.9714,10.1945,1.15,100.00,41.74,0.00,94.47,0.00,0.00,13.9433,10.9893,10.1602,13.6590,10.9893,10.4273,0.00,0.00,41.74,14.4051,10.9893,9.7616,0.00,0.00,41.74,250.0675,11.9445,279.8723,0.00,100.00,182.67,-11.86,182.67,11.86,12.52
7.46,358.65,13.6668,7.9974,10.1889,1.17,100.00,41.74,0.00,94.47,0.00,0.00,14.0151,11.0153,10.1546,13.7307,11.0153,10.4217,0.00,0.00,41.74,14.4769,11.0153,9.7559,0.00,0.00,41.74,250.0675,11.9445,279.8723,0.00,100.00,182.67,-11.86,182.67,11.86,12.52
7.52,358.60,13.7441,7.9949,10.1829,1.26,100.00,41.74,0.00,94.47,0.00,0.00,14.0923,11.0128,10.1486,13.8080,11.0128,10.4157,0.00,0.00,41.74,14.5542,11.0128,9.7499,0.00,0.00,41.74,250.0675,11.9445,279.8723,0.00,100.00,182.67,-11.86,182.67,11.86,12.52
7.59,358.56,13.8195,7.9840,10.1770,1.16,100.00,41.74,0.00,94.47,0.00,0.00,14.1678,11.0019,10.1427,13.8835,11.0019,10.4098,0.00,0.00,41.74,14.6296,11.0019,9.7440,0.00,0.00,41.74,250.0675,11.9445,279.8723,0.00,100.00,182.67,-11.86,182.67,11.86,12.52
7.65,358.52,13.8902,7.9781,10.1714,1.12,100.00,41.74,0.00,94.47,0.00,0.00,14.2385,10.9960,10.1371,13.9542,10.9960,10.4042,0.00,0.00,41.74,14.7003,10.9960,9.7385,0.00,0.00,41.74,250.0675,11.9445,279.8723,0.00,100.00,182.67,-11.86,182.67,11.86,12.52
7.71,358.48,13.9482,7.9746,10.1669,0.94,100.00,41.72,0.00,94.47,0.00,0.00,14.2965,10.9925,10.1326,14.0120,10.9925,10.3996,0.00,0.00,41.72,14.7584,10.9925,9.7341,0.00,0.00,41.72,250.0675,11.9445,279.8723,0.00,100.00,182.67,-11.86,182.67,11.86,12.52
7.78,358.45,14.0077,7.9976,10.1622,0.95,100.00,41.69,0.00,94.47,0.00,0.00,14.3559,11.0155,10.1279,14.0713,11.0155,10.3948,0.00,0.00,41.69,14.8181,11.0155,9.7297,0.00,0.00,41.69,250.0675,11.9445,279.8723,0.00,100.00,182.67,-11.86,182.67,11.86,12.52
7.84,358.41,14.0752,7.9940,10.1570,1.09,100.00,41.66,0.00,94.47,0.00,0.00,14.4235,11.0119,10.1227,14.1388,11.0119,10.3894,0.00,0.00,41.66,14.8858,11.0119,9.7246,0.00,0.00,41.66,250.0675,11.9445,279.8723,0.00,100.00,182.67,-11.86,182.67,11.86,12.52
7.91,358.37,14.1284,7.9848,10.1528,0.83,100.00,41.64,0.00,94.47,0.00,0.00,14.4767,11.0027,10.1185,14.1919,11.0027,10.3851,0.00,0.00,41.64,14.9392,11.0027,9.7207,0.00,0.00,41.64,250.0675,11.9445,279.8723,0.00,100.00,182.67,-11.86,182.67,11.86,12.52
7.97,358.35,14.1741,7.9765,10.1492,0.72,100.00,41.64,0.00,94.47,0.00,0.00,14.5224,10.9944,10.1149,14.2375,10.9944,10.3815,0.00,0.00,41.64,14.9849,10.9944,9.7171,0.00,0.00,41.64,250.0675,11.9445,279.8723,0.00,100.00,182.67,-11.86,182.67,11.86,12.52
8.04,358.32,14.2224,7.9720,10.1455,0.78,100.00,41.64,0.00,94.47,0.00,0.00,14.5707,10.9899,10.1112,14.2858,10.9899,10.3777,0.00,0.00,41.64,15.0332,10.9899,9.7133,0.00,0.00,41.64,250.0675,11.9445,279.8723,0.00,100.00,182.67,-11.86,182.67,11.86,12.52
8.10,358.29,14.2720,7.9982,10.1416,0.86,100.00,41.64,0.00,94.47,0.00,0.00,14.6203,11.0161,10.1073,14.3354,11.0161,10.3739,0.00,0.00,41.64,15.0828,11.0161,9.7095,0.00,0.00,41.64,250.0675,11.9445,279.8723,0.00,100.00,182.67,-11.86,182.67,11.86,12.52
8.16,358.25,14.3267,7.9919,10.1373,0.87,100.00,41.64,0.00,94.47,0.00,0.00,14.6750,11.0098,10.1030,14.3902,11.0098,10.3696,0.00,0.00,41.64,15.1375,11.0098,9.7052,0.00,0.00,41.64,250.0675,11.9445,279.8723,0.00,100.00,182.67,-11.86,182.67,11.86,12.52
8.23,358.22,14.3831,7.9831,10.1329,0.88,100.00,41.64,0.00,94.47,0.00,0.00,14.7313,11.0010,10.0986,14.4465,11.0010,10.3652,0.00,0.00,41.64,15.1939,11.0010,9.7008,0.00,0.00,41.64,250.0675,11.9445,279.8723,0.00,100.00,182.67,-11.86,182.67,11.86,12.52
8.29,358.19,14.4304,7.9747,10.1292,0.74,100.00,41.64,0.00,94.47,0.00,0.00,14.7787,10.9926,10.0949,14.4939,10.9926,10.3615,0.00,0.00,41.64,15.2412,10.9926,9.6971,0.00,0.00,41.64,250.0675,11.9445,279.8723,0.00,100.00,182.67,-11.86,182.67,11.86,12.52
8.36,358.17,14.4675,8.0009,10.1263,0.70,100.00,41.64,0.00,94.47,0.00,0.00,14.8157,11.0188,10.0920,14.5309,11.0188,10.3586,0.00,0.00,41.64,15.2783,11.0188,9.6942,0.00,0.00,41.64,250.0675,11.9445,279.8723,0.00,100.00,182.67,-11.86,182.67,11.86,12.52
8.42,358.15,14.4944,7.9991,10.1242,0.44,100.00,41.64,0.00,94.47,0.00,0.00,14.8427,11.0170,10.0899,14.5579,11.0170,10.3565,0.00,0.00,41.64,15.3052,11.0170,9.6921,0.00,0.00,41.64,250.0675,11.9445,279.8723,0.00,100.00,182.67,-11.86,182.67,11.86,12.52
8.49,358.14,14.5107,7.9898,10.1229,0.29,100.00,41.64,0.00,94.47,0.00,0.00,14.8589,11.0077,10.0886,14.5741,11.0077,10.3552,0.00,0.00,41.64,15.3215,11.0077,9.6908,0.00,0.00,41.64,250.0675,11.9445,279.8723,0.00,100.00,182.67,-11.86,182.67,11.86,12.52
8.55,358.13,14.5311,7.9831,10.1213,0.34,100.00,41.64,0.00,94.47,0.00,0.00,14.8794,11.0010,10.0870,14.5946,11.0010,10.3536,0.00,0.00,41.64,15.3419,11.0010,9.6892,0.00,0.00,41.64,250.0675,11.9445,279.8723,0.00,100.00,182.67,-11.86,182.67,11.86,12.52
8.61,358.12,14.5541,7.9765,10.1195,0.38,100.00,41.61,0.00,94.47,0.00,0.00,14.9024,10.9944,10.0852,14.6174,10.9944,10.3517,0.00,0.00,41.61,15.3651,10.9944,9.6876,0.00,0.00,41.61,250.0675,11.9445,279.8723,0.00,100.00,182.67,-11.86,182.67,11.86,12.52
8.68,358.10,14.5800,7.9976,10.1175,0.49,100.00,41.58,0.00,94.47,0.00,0.00,14.9283,11.0155,10.0832,14.6432,11.0155,10.3495,0.00,0.00,41.58,15.3912,11.0155,9.6858,0.00,0.00,41.58,250.0675,11.9445,279.8723,0.00,100.00,182.67,-11.86,182.67,11.86,12.52
8.75,358.08,14.6110,7.9880,10.1151,0.50,100.00,41.58,0.00,94.47,0.00,0.00,14.9593,11.0059,10.0807,14.6742,11.0059,10.3471,0.00,0.00,41.58,15.4222,11.0059,9.6834,0.00,0.00,41.58,250.0675,11.9445,279.8723,0.00,100.00,182.67,-11.86,182.67,11.86,12.52
8.81,358.06,14.6439,7.9757,10.1125,0.53,100.00,41.58,0.00,94.47,0.00,0.00,14.9922,10.9936,10.0782,14.7071,10.9936,10.3445,0.00,0.00,41.58,15.4551,10.9936,9.6808,0.00,0.00,41.58,250.0675,11.9445,279.8723,0.00,100.00,182.67,-11.86,182.67,11.86,12.52
8.88,358.04,14.6809,7.9983,10.1096,0.65,100.00,41.58,0.00,94.47,0.00,0.00,15.0291,11.0162,10.0753,14.7441,11.0162,10.3416,0.00,0.00,41.58,15.4921,11.0162,9.6779,0.00,0.00,41.58,250.0675,11.9445,279.8723,0.00,100.00,182.67,-11.86,182.67,11.86,12.52
8.95,358.02,14.7213,7.9831,10.1064,0.63,100.00,41.58,0.00,94.47,0.00,0.00,15.0695,11.0010,10.0721,14.7844,11.0010,10.3384,0.00,0.00,41.58,15.5324,11.0010,9.6747,0.00,0.00,41.58,250.0675,11.9445,279.8723,0.00,100.00,182.67,-11.86,182.67,11.86,12.52
9.01,357.99,14.7659,7.9741,10.1029,0.70,100.00,41.58,0.00,94.47,0.00,0.00,15.1141,10.9920,10.0686,14.8291,10.9920,10.3350,0.00,0.00,41.58,15.5771,10.9920,9.6712,0.00,0.00,41.58,250.0675,11.9445,279.8723,0.00,100.00,182.67,-11.86,182.67,11.86,12.52
9.08,357.96,14.8113,7.9992,10.0994,0.79,100.00,41.58,0.00,94.47,0.00,0.00,15.1596,11.0171,10.0651,14.8745,11.0171,10.3314,0.00,0.00,41.58,15.6225,11.0171,9.6677,0.00,0.00,41.58,250.0675,11.9445,279.8723,0.00,100.00,182.67,-11.86,182.67,11.86,12.52
9.14,357.94,14.8604,7.9941,10.0955,0.79,100.00,41.58,0.00,94.47,0.00,0.00,15.2087,11.0120,10.0612,14.9236,11.0120,10.3276,0.00,0.00,41.58,15.6716,11.0120,9.6639,0.00,0.00,41.58,250.0675,11.9445,279.8723,0.00,100.00,182.67,-11.86,182.67,11.86,12.52
9.21,357.91,14.9102,7.9840,10.0917,0.78,100.00,41.58,0.00,94.47,0.00,0.00,15.2584,11.0019,10.0573,14.9733,11.0019,10.3237,0.00,0.00,41.58,15.7213,11.0019,9.6600,0.00,0.00,41.58,250.0675,11.9445,279.8723,0.00,100.00,182.67,-11.86,182.67,11.86,12.52
9.27,357.87,14.9653,7.9772,10.0873,0.87,100.00,41.58,0.00,94.47,0.00,0.00,15.3136,10.9951,10.0530,15.0285,10.9951,10.3194,0.00,0.00,41.58,15.7765,10.9951,9.6556,0.00,0.00,41.58,250.0675,11.9445,279.8723,0.00,100.00,182.67,-11.86,182.67,11.86,12.52
9.34,357.84,15.0218,7.9671,10.0829,0.88,100.00,41.58,0.00,94.47,0.00,0.00,15.3701,10.9850,10.0486,15.0850,10.9850,10.3149,0.00,0.00,41.58,15.8330,10.9850,9.6512,0.00,0.00,41.58,250.0675,11.9445,279.8723,0.00,100.00,182.67,-11.86,182.67,11.86,12.52
9.40,357.80,15.0832,7.9924,10.0781,1.01,100.00,41.56,0.00,94.47,0.00,0.00,15.4314,11.0103,10.0438,15.1462,11.0103,10.3100,0.00,0.00,41.56,15.8945,11.0103,9.6466,0.00,0.00,41.56,250.0675,11.9445,279.8723,0.00,100.00,182.67,-11.86,182.67,11.86,12.52
9.47,357.76,15.1476,7.9881,10.0731,1.04,100.00,41.53,0.00,94.47,0.00,0.00,15.4959,11.0060,10.0388,15.2105,11.0060,10.3048,0.00,0.00,41.53,15.9591,11.0060,9.6418,0.00,0.00,41.53,250.0675,11.9445,279.8723,0.00,100.00,182.67,-11.86,182.67,11.86,12.52
9.53,357.73,15.2117,7.9799,10.0681,1.00,100.00,41.53,0.00,94.47,0.00,0.00,15.5600,10.9978,10.0338,15.2747,10.9978,10.2998,0.00,0.00,41.53,16.0232,10.9978,9.6368,0.00,0.00,41.53,250.0675,11.9445,279.8723,0.00,100.00,182.67,-11.86,182.67,11.86,12.52
9.60,357.68,15.2811,7.9697,10.0626,1.07,100.00,41.53,0.00,94.47,0.00,0.00,15.6294,10.9876,10.0283,15.3440,10.9876,10.2944,0.00,0.00,41.53,16.0926,10.9876,9.6314,0.00,0.00,41.53,250.0675,11.9445,279.8723,0.00,100.00,182.67,-11.86,182.67,11.86,12.52
9.66,357.64,15.3549,7.9974,10.0569,1.23,100.00,41.51,0.00,94.47,0.00,0.00,15.7031,11.0153,10.0226,15.4177,11.0153,10.2885,0.00,0.00,41.51,16.1666,11.0153,9.6258,0.00,0.00,41.51,250.0675,11.9445,279.8723,0.00,100.00,182.67,-11.86,182.67,11.86,12.52
9.73,357.59,15.4300,7.9882,10.0510,1.16,100.00,41.48,0.00,94.47,0.00,0.00,15.7782,11.0061,10.0167,15.4927,11.0061,10.2825,0.00,0.00,41.48,16.2419,11.0061,9.6201,0.00,0.00,41.48,250.0675,11.9445,279.8723,0.00,100.00,182.67,-11.86,182.67,11.86,12.52
9.79,357.55,15.5092,7.9781,10.0448,1.22,100.00,41.48,0.00,94.47,0.00,0.00,15.8575,10.9960,10.0105,15.5719,10.9960,10.2763,0.00,0.00,41.48,16.3211,10.9960,9.6139,0.00,0.00,41.48,250.0675,11.9445,279.8723,0.00,100.00,182.67,-11.86,182.67,11.86,12.52
9.85,357.51,15.5786,7.9739,10.0394,1.12,100.00,41.48,0.00,94.47,0.00,0.00,15.9269,10.9918,10.0051,15.6413,10.9918,10.2709,0.00,0.00,41.48,16.3905,10.9918,9.6085,0.00,0.00,41.48,250.0675,11.9445,279.8723,0.00,100.00,182.67,-11.86,182.67,11.86,12.52
9.92,357.47,15.6351,7.9948,10.0350,0.89,100.00,41.48,0.00,94.47,0.00,0.00,15.9834,11.0127,10.0006,15.6978,11.0127,10.2665,0.00,0.00,41.48,16.4470,11.0127,9.6041,0.00,0.00,41.48,250.0675,11.9445,279.8723,0.00,100.00,182.67,-11.86,182.67,11.86,12.52
9.99,357.43,15.7002,7.9840,10.0299,1.00,100.00,41.48,0.00,94.47,0.00,0.00,16.0484,11.0019,9.9955,15.7629,11.0019,10.2614,0.00,0.00,41.48,16.5121,11.0019,9.5990,0.00,0.00,41.48,250.0675,11.9445,279.8723,0.00,100.00,182.67,-11.86,182.67,11.86,12.52
10.05,357.39,15.7665,7.9772,10.0247,1.05,100.00,41.48,0.00,94.47,0.00,0.00,16.1147,10.9951,9.9904,15.8292,10.9951,10.2562,0.00,0.00,41.48,16.5783,10.9951,9.5938,0.00,0.00,41.48,250.0675,11.9445,279.8723,0.00,100.00,182.67,-11.86,182.67,11.86,12.52
10.11,357.36,15.8206,7.9748,10.0204,0.89,100.00,41.48,0.00,94.47,0.00,0.00,16.1689,10.9927,9.9861,15.8833,10.9927,10.2519,0.00,0.00,41.48,16.6325,10.9927,9.5896,0.00,0.00,41.48,250.0675,11.9445,279.8723,0.00,100.00,182.67,-11.86,182.67,11.86,12.52
10.18,357.34,15.8635,7.9687,10.0171,0.69,100.00,41.48,0.00,94.47,0.00,0.00,16.2118,10.9866,9.9828,15.9262,10.9866,10.2486,0.00,0.00,41.48,16.6754,10.9866,9.5862,0.00,0.00,41.48,250.0675,11.9445,279.8723,0.00,100.00,182.67,-11.86,182.67,11.86,12.52
10.24,357.32,15.8981,7.9981,10.0144,0.72,100.00,41.48,0.00,94.47,0.00,0.00,16.2464,11.0160,9.9801,15.9608,11.0160,10.2459,0.00,0.00,41.48,16.7100,11.0160,9.5835,0.00,0.00,41.48,250.0675,11.9445,279.8723,0.00,100.00,182.67,-11.86,182.67,11.86,12.52
10.31,357.30,15.9230,7.9890,10.0124,0.41,100.00,41.45,0.00,94.47,0.00,0.00,16.2712,11.0069,9.9781,15.9855,11.0069,10.2438,0.00,0.00,41.45,16.7350,11.0069,9.5818,0.00,0.00,41.45,250.0675,11.9445,279.8723,0.00,100.00,182.67,-11.86,182.67,11.86,12.52
10.37,357.28,15.9516,7.9882,10.0102,0.47,100.00,41.43,0.00,94.47,0.00,0.00,16.2998,11.0061,9.9759,16.0140,11.0061,10.2414,0.00,0.00,41.43,16.7638,11.0061,9.5798,0.00,0.00,41.43,250.0675,11.9445,279.8723,0.00,100.00,182.67,-11.86,182.67,11.86,12.52
10.43,357.27,15.9808,7.9801,10.0079,0.47,100.00,41.40,0.00,94.47,0.00,0.00,16.3291,10.9980,9.9736,16.0431,10.9980,10.2390,0.00,0.00,41.40,16.7932,10.9980,9.5777,0.00,0.00,41.40,250.0675,11.9445,279.8723,0.00,100.00,182.67,-11.86,182.67,11.86,12.52
10.49,357.25,16.0019,7.9789,10.0063,0.35,100.00,41.38,0.00,94.47,0.00,0.00,16.3502,10.9968,9.9719,16.0641,10.9968,10.2372,0.00,0.00,41.38,16.8145,10.9968,9.5762,0.00,0.00,41.38,250.0675,11.9445,279.8723,0.00,100.00,182.67,-11.86,182.67,11.86,12.52
10.56,357.25,16.0128,7.9706,10.0054,0.21,100.00,41.38,0.00,94.47,0.00,0.00,16.3611,10.9885,9.9711,16.0751,10.9885,10.2364,0.00,0.00,41.38,16.8254,10.9885,9.5754,0.00,0.00,41.38,250.0675,11.9445,279.8723,0.00,100.00,182.67,-11.86,182.67,11.86,12.52
10.62,357.24,16.0275,7.9991,10.0043,0.50,100.00,41.38,0.00,94.47,0.00,0.00,16.3758,11.0170,9.9699,16.0897,11.0170,10.2352,0.00,0.00,41.38,16.8401,11.0170,9.5742,0.00,0.00,41.38,250.0675,11.9445,279.8723,0.00,100.00,182.67,-11.86,182.67,11.86,12.52
10.68,357.23,16.0450,7.9977,10.0029,0.29,100.00,41.38,0.00,94.47,0.00,0.00,16.3932,11.0156,9.9686,16.1072,11.0156,10.2339,0.00,0.00,41.38,16.8576,11.0156,9.5729,0.00,0.00,41.38,250.0675,11.9445,279.8723,0.00,100.00,182.67,-11.86,182.67,11.86,12.52
10.74,357.22,16.0643,7.9931,10.0014,0.32,100.00,41.38,0.00,94.47,0.00,0.00,16.4125,11.0110,9.9671,16.1265,11.0110,10.2324,0.00,0.00,41.38,16.8769,11.0110,9.5714,0.00,0.00,41.38,250.0675,11.9445,279.8723,0.00,100.00,182.67,-11.86,182.67,11.86,12.52
10.81,357.20,16.0870,7.9873,9.9996,0.37,100.00,41.38,0.00,94.47,0.00,0.00,16.4353,11.0052,9.9653,16.1492,11.0052,10.2306,0.00,0.00,41.38,16.8996,11.0052,9.5696,0.00,0.00,41.38,250.0675,11.9445,279.8723,0.00,100.00,182.67,-11.86,182.67,11.86,12.52
10.87,357.20,16.1003,7.9796,9.9986,0.24,100.00,41.38,0.00,94.47,0.00,0.00,16.4485,10.9975,9.9642,16.1625,10.9975,10.2295,0.00,0.00,41.38,16.9129,10.9975,9.5685,0.00,0.00,41.38,250.0675,11.9445,279.8723,0.00,100.00,182.67,-11.86,182.67,11.86,12.52
10.93,357.19,16.1037,7.9756,9.9983,0.09,100.00,41.38,0.00,94.47,0.00,0.00,16.4520,10.9935,9.9640,16.1660,10.9935,10.2293,0.00,0.00,41.38,16.9164,10.9935,9.5683,0.00,0.00,41.38,250.0675,11.9445,279.8723,0.00,100.00,182.67,-11.86,182.67,11.86,12.52
11.00,357.19,16.1037,7.9721,9.9983,0.06,100.00,41.38,0.00,94.47,0.00,0.00,16.4520,10.9900,9.9640,16.1660,10.9900,10.2293,0.00,0.00,41.38,16.9164,10.9900,9.5683,0.00,0.00,41.38,250.0675,11.9445,279.8723,0.00,100.00,182.67,-11.86,182.67,11.86,12.52
11.06,357.19,16.1037,7.9688,9.9983,0.05,100.00,41.38,0.00,94.47,0.00,0.00,16.4520,10.9867,9.9640,16.1660,10.9867,10.2293,0.00,0.00,41.38,16.9164,10.9867,9.5683,0.00,0.00,41.38,250.0675,11.9445,279.8723,0.00,100.00,182.67,-11.86,182.67,11.86,12.52
11.12,357.19,16.1065,7.9966,9.9981,0.43,100.00,41.38,0.00,94.47,0.00,0.00,16.4548,11.0145,9.9638,16.1687,11.0145,10.2291,0.00,0.00,41.38,16.9191,11.0145,9.5681,0.00,0.00,41.38,250.0675,11.9445,279.8723,0.00,100.00,182.67,-11.86,182.67,11.86,12.52
11.19,357.19,16.1124,7.9873,9.9976,0.17,100.00,41.38,0.00,94.47,0.00,0.00,16.4607,11.0052,9.9633,16.1746,11.0052,10.2286,0.00,0.00,41.38,16.9250,11.0052,9.5676,0.00,0.00,41.38,250.0675,11.9445,279.8723,0.00,100.00,182.67,-11.86,182.67,11.86,12.52
11.25,357.18,16.1215,7.9866,9.9969,0.15,100.00,41.38,0.00,94.47,0.00,0.00,16.4698,11.0045,9.9626,16.1837,11.0045,10.2279,0.00,0.00,41.38,16.9341,11.0045,9.5669,0.00,0.00,41.38,250.0675,11.9445,279.8723,0.00,100.00,182.67,-11.86,182.67,11.86,12.52
11.31,357.18,16.1325,7.9798,9.9960,0.20,100.00,41.38,0.00,94.47,0.00,0.00,16.4808,10.9977,9.9617,16.1948,10.9977,10.2270,0.00,0.00,41.38,16.9452,10.9977,9.5660,0.00,0.00,41.38,250.0675,11.9445,279.8723,0.00,100.00,182.67,-11.86,182.67,11.86,12.52
11.37,357.17,16.1472,7.9772,9.9949,0.24,100.00,41.38,0.00,94.47,0.00,0.00,16.4955,10.9951,9.9606,16.2094,10.9951,10.2259,0.00,0.00,41.38,16.9598,10.9951,9.5649,0.00,0.00,41.38,250.0675,11.9445,279.8723,0.00,100.00,182.67,-11.86,182.67,11.86,12.52
11.44,357.16,16.1640,7.9730,9.9936,0.28,100.00,41.38,0.00,94.47,0.00,0.00,16.5123,10.9909,9.9593,16.2262,10.9909,10.2246,0.00,0.00,41.38,16.9766,10.9909,9.5636,0.00,0.00,41.38,250.0675,11.9445,279.8723,0.00,100.00,182.67,-11.86,182.67,11.86,12.52
11.50,357.14,16.1840,7.9999,9.9920,0.52,100.00,41.38,0.00,94.47,0.00,0.00,16.5322,11.0178,9.9577,16.2462,11.0178,10.2230,0.00,0.00,41.38,16.9966,11.0178,9.5620,0.00,0.00,41.38,250.0675,11.9445,279.8723,0.00,100.00,182.67,-11.86,182.67,11.86,12.52
11.56,357.13,16.2077,7.9950,9.9902,0.39,100.00,41.38,0.00,94.47,0.00,0.00,16.5560,11.0129,9.9558,16.2699,11.0129,10.2211,0.00,0.00,41.38,17.0203,11.0129,9.5601,0.00,0.00,41.38,250.0675,11.9445,279.8723,0.00,100.00,182.67,-11.86,182.67,11.86,12.52
11.63,357.12,16.2336,7.9821,9.9881,0.43,100.00,41.38,0.00,94.47,0.00,0.00,16.5818,11.0000,9.9538,16.2958,11.0000,10.2191,0.00,0.00,41.38,17.0462,11.0000,9.5581,0.00,0.00,41.38,250.0675,11.9445,279.8723,0.00,100.00,182.67,-11.86,182.67,11.86,12.52
11.69,357.10,16.2646,7.9764,9.9857,0.50,100.00,41.38,0.00,94.47,0.00,0.00,16.6129,10.9943,9.9514,16.3268,10.9943,10.2167,0.00,0.00,41.38,17.0772,10.9943,9.5557,0.00,0.00,41.38,250.0675,11.9445,279.8723,0.00,100.00,182.67,-11.86,182.67,11.86,12.52
11.75,357.08,16.2966,7.9746,9.9832,0.53,100.00,41.38,0.00,94.47,0.00,0.00,16.6449,10.9925,9.9489,16.3588,10.9925,10.2142,0.00,0.00,41.38,17.1092,10.9925,9.5532,0.00,0.00,41.38,250.0675,11.9445,279.8723,0.00,100.00,182.67,-11.86,182.67,11.86,12.52
11.82,357.06,16.3303,7.9990,9.9806,0.63,100.00,41.38,0.00,94.47,0.00,0.00,16.6786,11.0169,9.9463,16.3925,11.0169,10.2115,0.00,0.00,41.38,17.1429,11.0169,9.5506,0.00,0.00,41.38,250.0675,11.9445,279.8723,0.00,100.00,182.67,-11.86,182.67,11.86,12.52
11.88,357.03,16.3699,7.9914,9.9775,0.63,100.00,41.38,0.00,94.47,0.00,0.00,16.7182,11.0093,9.9431,16.4322,11.0093,10.2084,0.00,0.00,41.38,17.1826,11.0093,9.5474,0.00,0.00,41.38,250.0675,11.9445,279.8723,0.00,100.00,182.67,-11.86,182.67,11.86,12.52
11.95,357.01,16.4115,7.9860,9.9742,0.67,100.00,41.38,0.00,94.47,0.00,0.00,16.7598,11.0039,9.9399,16.4737,11.0039,10.2052,0.00,0.00,41.38,17.2241,11.0039,9.5442,0.00,0.00,41.38,250.0675,11.9445,279.8723,0.00,100.00,182.67,-11.86,182.67,11.86,12.52
12.01,356.99,16.4426,7.9865,9.9718,0.52,100.00,41.38,0.00,94.47,0.00,0.00,16.7909,11.0044,9.9375,16.5048,11.0044,10.2028,0.00,0.00,41.38,17.2552,11.0044,9.5418,0.00,0.00,41.38,250.0675,11.9445,279.8723,0.00,100.00,182.67,-11.86,182.67,11.86,12.52
12.07,356.98,16.4634,7.9789,9.9701,0.35,100.00,41.38,0.00,94.47,0.00,0.00,16.8117,10.9968,9.9358,16.5257,10.9968,10.2011,0.00,0.00,41.38,17.2761,10.9968,9.5401,0.00,0.00,41.38,250.0675,11.9445,279.8723,0.00,100.00,182.67,-11.86,182.67,11.86,12.52
12.13,356.96,16.4889,7.9755,9.9682,0.42,100.00,41.38,0.00,94.47,0.00,0.00,16.8371,10.9934,9.9338,16.5511,10.9934,10.1991,0.00,0.00,41.38,17.3015,10.9934,9.5381,0.00,0.00,41.38,250.0675,11.9445,279.8723,0.00,100.00,182.67,-11.86,182.67,11.86,12.52
12.19,356.95,16.5161,7.9740,9.9660,0.45,100.00,41.38,0.00,94.47,0.00,0.00,16.8644,10.9919,9.9317,16.5784,10.9919,10.1970,0.00,0.00,41.38,17.3287,10.9919,9.5360,0.00,0.00,41.38,250.0675,11.9445,279.8723,0.00,100.00,182.67,-11.86,182.67,11.86,12.52
12.26,356.93,16.5456,7.9697,9.9637,0.48,100.00,41.38,0.00,94.47,0.00,0.00,16.8939,10.9876,9.9294,16.6078,10.9876,10.1947,0.00,0.00,41.38,17.3582,10.9876,9.5337,0.00,0.00,41.38,250.0675,11.9445,279.8723,0.00,100.00,182.67,-11.86,182.67,11.86,12.52
12.32,356.91,16.5787,7.9999,9.9611,0.71,100.00,41.38,0.00,94.47,0.00,0.00,16.9270,11.0178,9.9268,16.6409,11.0178,10.1921,0.00,0.00,41.38,17.3913,11.0178,9.5311,0.00,0.00,41.38,250.0675,11.9445,279.8723,0.00,100.00,182.67,-11.86,182.67,11.86,12.52
12.38,356.89,16.6149,7.9931,9.9583,0.58,100.00,41.38,0.00,94.47,0.00,0.00,16.9632,11.0110,9.9240,16.6771,11.0110,10.1893,0.00,0.00,41.38,17.4275,11.0110,9.5283,0.00,0.00,41.38,250.0675,11.9445,279.8723,0.00,100.00,182.67,-11.86,182.67,11.86,12.52
12.45,356.86,16.6546,7.9860,9.9552,0.63,100.00,41.35,0.00,94.47,0.00,0.00,17.0029,11.0039,9.9209,16.7167,11.0039,10.1860,0.00,0.00,41.35,17.4674,11.0039,9.5254,0.00,0.00,41.35,250.0675,11.9445,279.8723,0.00,100.00,182.67,-11.86,182.67,11.86,12.52
12.51,356.85,16.6845,7.9803,9.9529,0.48,100.00,41.32,0.00,94.47,0.00,0.00,17.0328,10.9982,9.9185,16.7465,10.9982,10.1836,0.00,0.00,41.32,17.4975,10.9982,9.5233,0.00,0.00,41.32,250.0675,11.9445,279.8723,0.00,100.00,182.67,-11.86,182.67,11.86,12.52
12.57,356.84,16.7044,7.9788,9.9513,0.33,100.00,41.32,0.00,94.47,0.00,0.00,17.0526,10.9967,9.9170,16.7664,10.9967,10.1820,0.00,0.00,41.32,17.5173,10.9967,9.5217,0.00,0.00,41.32,250.0675,11.9445,279.8723,0.00,100.00,182.67,-11.86,182.67,11.86,12.52
12.63,356.82,16.7262,7.9747,9.9496,0.36,100.00,41.32,0.00,94.47,0.00,0.00,17.0744,10.9926,9.9153,16.7881,10.9926,10.1803,0.00,0.00,41.32,17.5391,10.9926,9.5200,0.00,0.00,41.32,250.0675,11.9445,279.8723,0.00,100.00,182.67,-11.86,182.67,11.86,12.52
12.69,356.81,16.7513,7.9739,9.9476,0.42,100.00,41.32,0.00,94.47,0.00,0.00,17.0996,10.9918,9.9133,16.8133,10.9918,10.1784,0.00,0.00,41.32,17.5643,10.9918,9.5180,0.00,0.00,41.32,250.0675,11.9445,279.8723,0.00,100.00,182.67,-11.86,182.67,11.86,12.52
12.76,356.79,16.7783,7.9998,9.9455,0.58,100.00,41.32,0.00,94.47,0.00,0.00,17.1266,11.0177,9.9112,16.8403,11.0177,10.1762,0.00,0.00,41.32,17.5913,11.0177,9.5159,0.00,0.00,41.32,250.0675,11.9445,279.8723,0.00,100.00,182.67,-11.86,182.67,11.86,12.52
12.82,356.77,16.8106,7.9984,9.9430,0.53,100.00,41.32,0.00,94.47,0.00,0.00,17.1589,11.0163,9.9087,16.8726,11.0163,10.1737,0.00,0.00,41.32,17.6236,11.0163,9.5134,0.00,0.00,41.32,250.0675,11.9445,279.8723,0.00,100.00,182.67,-11.86,182.67,11.86,12.52
12.89,356.76,16.8318,7.9890,9.9413,0.35,100.00,41.32,0.00,94.47,0.00,0.00,17.1800,11.0069,9.9070,16.8937,11.0069,10.1721,0.00,0.00,41.32,17.6447,11.0069,9.5117,0.00,0.00,41.32,250.0675,11.9445,279.8723,0.00,100.00,182.67,-11.86,182.67,11.86,12.52
12.95,356.75,16.8441,7.9865,9.9404,0.21,100.00,41.32,0.00,94.47,0.00,0.00,17.1924,11.0044,9.9061,16.9061,11.0044,10.1711,0.00,0.00,41.32,17.6571,11.0044,9.5108,0.00,0.00,41.32,250.0675,11.9445,279.8723,0.00,100.00,182.67,-11.86,182.67,11.86,12.52
13.01,356.75,16.8466,7.9799,9.9402,0.11,100.00,41.32,0.00,94.47,0.00,0.00,17.1949,10.9978,9.9059,16.9086,10.9978,10.1709,0.00,0.00,41.32,17.6596,10.9978,9.5106,0.00,0.00,41.32,250.0675,11.9445,279.8723,0.00,100.00,182.67,-11.86,182.67,11.86,12.52
13.08,356.75,16.8466,7.9714,9.9402,0.13,100.00,41.32,0.00,94.47,0.00,0.00,17.1949,10.9893,9.9059,16.9086,10.9893,10.1709,0.00,0.00,41.32,17.6596,10.9893,9.5106,0.00,0.00,41.32,250.0675,11.9445,279.8723,0.00,100.00,182.67,-11.86,182.67,11.86,12.52
13.14,356.75,16.8496,7.9705,9.9399,0.05,100.00,41.32,0.00,94.47,0.00,0.00,17.1979,10.9884,9.9056,16.9116,10.9884,10.1707,0.00,0.00,41.32,17.6626,10.9884,9.5103,0.00,0.00,41.32,250.0675,11.9445,279.8723,0.00,100.00,182.67,-11.86,182.67,11.86,12.52
13.20,356.75,16.8552,7.9967,9.9395,0.41,100.00,41.32,0.00,94.47,0.00,0.00,17.2034,11.0146,9.9052,16.9171,11.0146,10.1702,0.00,0.00,41.32,17.6681,11.0146,9.5099,0.00,0.00,41.32,250.0675,11.9445,279.8723,0.00,100.00,182.67,-11.86,182.67,11.86,12.52
13.26,356.75,16.8552,7.9925,9.9395,0.07,100.00,41.32,0.00,94.47,0.00,0.00,17.2034,11.0104,9.9052,16.9171,11.0104,10.1702,0.00,0.00,41.32,17.6681,11.0104,9.5099,0.00,0.00,41.32,250.0675,11.9445,279.8723,0.00,100.00,182.67,-11.86,182.67,11.86,12.52
13.32,356.75,16.8552,7.9924,9.9395,0.00,100.00,41.32,0.00,94.47,0.00,0.00,17.2034,11.0103,9.9052,16.9171,11.0103,10.1702,0.00,0.00,41.32,17.6681,11.0103,9.5099,0.00,0.00,41.32,250.0675,11.9445,279.8723,0.00,100.00,182.67,-11.86,182.67,11.86,12.52
13.39,356.75,16.8552,7.9865,9.9395,0.09,100.00,41.32,0.00,94.47,0.00,0.00,17.2034,11.0044,9.9052,16.9171,11.0044,10.1702,0.00,0.00,41.32,17.6681,11.0044,9.5099,0.00,0.00,41.32,250.0675,11.9445,279.8723,0.00,100.00,182.67,-11.86,182.67,11.86,12.52
13.45,356.75,16.8552,7.9815,9.9395,0.08,100.00,41.32,0.00,94.47,0.00,0.00,17.2034,10.9994,9.9052,16.9171,10.9994,10.1702,0.00,0.00,41.32,17.6681,10.9994,9.5099,0.00,0.00,41.32,250.0675,11.9445,279.8723,0.00,100.00,182.67,-11.86,182.67,11.86,12.52
13.51,356.74,16.8580,7.9797,9.9393,0.06,100.00,41.32,0.00,94.47,0.00,0.00,17.2063,10.9976,9.9050,16.9200,10.9976,10.1700,0.00,0.00,41.32,17.6710,10.9976,9.5097,0.00,0.00,41.32,250.0675,11.9445,279.8723,0.00,100.00,182.67,-11.86,182.67,11.86,12.52
13.58,356.74,16.8635,7.9723,9.9389,0.14,100.00,41.32,0.00,94.47,0.00,0.00,17.2118,10.9902,9.9045,16.9255,10.9902,10.1696,0.00,0.00,41.32,17.6765,10.9902,9.5093,0.00,0.00,41.32,250.0675,11.9445,279.8723,0.00,100.00,182.67,-11.86,182.67,11.86,12.52
13.64,356.74,16.8635,8.0015,9.9389,0.46,100.00,41.32,0.00,94.47,0.00,0.00,17.2118,11.0194,9.9045,16.9255,11.0194,10.1696,0.00,0.00,41.32,17.6765,11.0194,9.5093,0.00,0.00,41.32,250.0675,11.9445,279.8723,0.00,100.00,182.67,-11.86,182.67,11.86,12.52
13.70,356.74,16.8635,7.9957,9.9389,0.09,100.00,41.32,0.00,94.47,0.00,0.00,17.2118,11.0136,9.9045,16.9255,11.0136,10.1696,0.00,0.00,41.32,17.6765,11.0136,9.5093,0.00,0.00,41.32,250.0675,11.9445,279.8723,0.00,100.00,182.67,-11.86,182.67,11.86,12.52
13.76,356.74,16.8664,7.9918,9.9386,0.08,100.00,41.32,0.00,94.47,0.00,0.00,17.2147,11.0097,9.9043,16.9284,11.0097,10.1693,0.00,0.00,41.32,17.6794,11.0097,9.5090,0.00,0.00,41.32,250.0675,11.9445,279.8723,0.00,100.00,182.67,-11.86,182.67,11.86,12.52
13.83,356.74,16.8721,7.9857,9.9382,0.13,100.00,41.32,0.00,94.47,0.00,0.00,17.2204,11.0036,9.9039,16.9341,11.0036,10.1689,0.00,0.00,41.32,17.6851,11.0036,9.5086,0.00,0.00,41.32,250.0675,11.9445,279.8723,0.00,100.00,182.67,-11.86,182.67,11.86,12.52
13.89,356.73,16.8808,7.9839,9.9375,0.15,100.00,41.32,0.00,94.47,0.00,0.00,17.2291,11.0018,9.9032,16.9428,11.0018,10.1682,0.00,0.00,41.32,17.6938,11.0018,9.5079,0.00,0.00,41.32,250.0675,11.9445,279.8723,0.00,100.00,182.67,-11.86,182.67,11.86,12.52
13.95,356.72,16.8919,7.9830,9.9366,0.18,100.00,41.32,0.00,94.47,0.00,0.00,17.2402,11.0009,9.9023,16.9539,11.0009,10.1674,0.00,0.00,41.32,17.7049,11.0009,9.5070,0.00,0.00,41.32,250.0675,11.9445,279.8723,0.00,100.00,182.67,-11.86,182.67,11.86,12.52
14.01,356.72,16.9056,7.9774,9.9356,0.23,100.00,41.32,0.00,94.47,0.00,0.00,17.2538,10.9953,9.9013,16.9675,10.9953,10.1663,0.00,0.00,41.32,17.7185,10.9953,9.5060,0.00,0.00,41.32,250.0675,11.9445,279.8723,0.00,100.00,182.67,-11.86,182.67,11.86,12.52
14.08,356.71,16.9227,7.9681,9.9342,0.30,100.00,41.30,0.00,94.47,0.00,0.00,17.2710,10.9859,9.8999,16.9846,10.9859,10.1648,0.00,0.00,41.30,17.7359,10.9859,9.5048,0.00,0.00,41.30,250.0675,11.9445,279.8723,0.00,100.00,182.67,-11.86,182.67,11.86,12.52
14.14,356.69,16.9435,7.9992,9.9326,0.60,100.00,41.27,0.00,94.47,0.00,0.00,17.2918,11.0171,9.8983,17.0053,11.0171,10.1631,0.00,0.00,41.27,17.7569,11.0171,9.5034,0.00,0.00,41.27,250.0675,11.9445,279.8723,0.00,100.00,182.67,-11.86,182.67,11.86,12.52
14.20,356.68,16.9663,7.9966,9.9308,0.37,100.00,41.27,0.00,94.47,0.00,0.00,17.3145,11.0145,9.8965,17.0280,11.0145,10.1613,0.00,0.00,41.27,17.7796,11.0145,9.5016,0.00,0.00,41.27,250.0675,11.9445,279.8723,0.00,100.00,182.67,-11.86,182.67,11.86,12.52
14.26,356.66,16.9914,7.9915,9.9288,0.41,100.00,41.27,0.00,94.47,0.00,0.00,17.3397,11.0094,9.8945,17.0532,11.0094,10.1593,0.00,0.00,41.27,17.8047,11.0094,9.4997,0.00,0.00,41.27,250.0675,11.9445,279.8723,0.00,100.00,182.67,-11.86,182.67,11.86,12.52
14.33,356.65,17.0200,7.9849,9.9266,0.46,100.00,41.27,0.00,94.47,0.00,0.00,17.3683,11.0028,9.8923,17.0817,11.0028,10.1571,0.00,0.00,41.27,17.8333,11.0028,9.4974,0.00,0.00,41.27,250.0675,11.9445,279.8723,0.00,100.00,182.67,-11.86,182.67,11.86,12.52
14.39,356.63,17.0519,7.9840,9.9241,0.53,100.00,41.27,0.00,94.47,0.00,0.00,17.4002,11.0019,9.8898,17.1137,11.0019,10.1546,0.00,0.00,41.27,17.8653,11.0019,9.4949,0.00,0.00,41.27,250.0675,11.9445,279.8723,0.00,100.00,182.67,-11.86,182.67,11.86,12.52
14.45,356.61,17.0849,7.9789,9.9215,0.53,100.00,41.27,0.00,94.47,0.00,0.00,17.4332,10.9968,9.8872,17.1467,10.9968,10.1520,0.00,0.00,41.27,17.8983,10.9968,9.4923,0.00,0.00,41.27,250.0675,11.9445,279.8723,0.00,100.00,182.67,-11.86,182.67,11.86,12.52
14.51,356.59,17.1096,7.9764,9.9196,0.41,100.00,41.27,0.00,94.47,0.00,0.00,17.4579,10.9943,9.8853,17.1714,10.9943,10.1500,0.00,0.00,41.27,17.9230,10.9943,9.4904,0.00,0.00,41.27,250.0675,11.9445,279.8723,0.00,100.00,182.67,-11.86,182.67,11.86,12.52
14.58,356.59,17.1246,7.9689,9.9184,0.26,100.00,41.27,0.00,94.47,0.00,0.00,17.4729,10.9868,9.8841,17.1864,10.9868,10.1489,0.00,0.00,41.27,17.9379,10.9868,9.4892,0.00,0.00,41.27,250.0675,11.9445,279.8723,0.00,100.00,182.67,-11.86,182.67,11.86,12.52
14.64,356.57,17.1433,7.9672,9.9169,0.31,100.00,41.27,0.00,94.47,0.00,0.00,17.4916,10.9851,9.8826,17.2050,10.9851,10.1474,0.00,0.00,41.27,17.9566,10.9851,9.4878,0.00,0.00,41.27,250.0675,11.9445,279.8723,0.00,100.00,182.67,-11.86,182.67,11.86,12.52
14.70,356.56,17.1637,7.9992,9.9153,0.61,100.00,41.27,0.00,94.47,0.00,0.00,17.5120,11.0171,9.8810,17.2255,11.0171,10.1458,0.00,0.00,41.27,17.9770,11.0171,9.4861,0.00,0.00,41.27,250.0675,11.9445,279.8723,0.00,100.00,182.67,-11.86,182.67,11.86,12.52
14.76,356.55,17.1872,7.9924,9.9135,0.38,100.00,41.27,0.00,94.47,0.00,0.00,17.5355,11.0103,9.8792,17.2490,11.0103,10.1439,0.00,0.00,41.27,18.0006,11.0103,9.4843,0.00,0.00,41.27,250.0675,11.9445,279.8723,0.00,100.00,182.67,-11.86,182.67,11.86,12.52
14.83,356.53,17.2145,7.9906,9.9113,0.45,100.00,41.27,0.00,94.47,0.00,0.00,17.5627,11.0085,9.8770,17.2762,11.0085,10.1418,0.00,0.00,41.27,18.0278,11.0085,9.4822,0.00,0.00,41.27,250.0675,11.9445,279.8723,0.00,100.00,182.67,-11.86,182.67,11.86,12.52
14.89,356.52,17.2315,7.9848,9.9100,0.28,100.00,41.27,0.00,94.47,0.00,0.00,17.5797,11.0027,9.8757,17.2932,11.0027,10.1405,0.00,0.00,41.27,18.0448,11.0027,9.4808,0.00,0.00,41.27,250.0675,11.9445,279.8723,0.00,100.00,182.67,-11.86,182.67,11.86,12.52
14.95,356.52,17.2394,7.9804,9.9094,0.15,100.00,41.27,0.00,94.47,0.00,0.00,17.5876,10.9983,9.8751,17.3011,10.9983,10.1398,0.00,0.00,41.27,18.0527,10.9983,9.4802,0.00,0.00,41.27,250.0675,11.9445,279.8723,0.00,100.00,182.67,-11.86,182.67,11.86,12.52
15.01,356.52,17.2394,7.9756,9.9094,0.08,100.00,41.27,0.00,94.47,0.00,0.00,17.5876,10.9935,9.8751,17.3011,10.9935,10.1398,0.00,0.00,41.27,18.0527,10.9935,9.4802,0.00,0.00,41.27,250.0675,11.9445,279.8723,0.00,100.00,182.67,-11.86,182.67,11.86,12.52
15.07,356.52,17.2394,7.9738,9.9094,0.03,100.00,41.27,0.00,94.47,0.00,0.00,17.5877,10.9917,9.8751,17.3011,10.9917,10.1398,0.00,0.00,41.27,18.0527,10.9917,9.4802,0.00,0.00,41.27,250.0675,11.9445,279.8723,0.00,100.00,182.67,-11.86,182.67,11.86,12.52
15.14,356.52,17.2394,7.9990,9.9094,0.38,100.00,41.27,0.00,94.47,0.00,0.00,17.5877,11.0169,9.8750,17.3011,11.0169,10.1398,0.00,0.00,41.27,18.0527,11.0169,9.4802,0.00,0.00,41.27,250.0675,11.9445,279.8723,0.00,100.00,182.67,-11.86,182.67,11.86,12.52
15.20,356.52,17.2394,7.9957,9.9093,0.05,100.00,41.27,0.00,94.47,0.00,0.00,17.5877,11.0136,9.8750,17.3011,11.0136,10.1398,0.00,0.00,41.27,18.0527,11.0136,9.4802,0.00,0.00,41.27,250.0675,11.9445,279.8723,0.00,100.00,182.67,-11.86,182.67,11.86,12.52
15.26,356.52,17.2422,7.9917,9.9091,0.08,100.00,41.27,0.00,94.47,0.00,0.00,17.5904,11.0096,9.8748,17.3039,11.0096,10.1396,0.00,0.00,41.27,18.0555,11.0096,9.4799,0.00,0.00,41.27,250.0675,11.9445,279.8723,0.00,100.00,182.67,-11.86,182.67,11.86,12.52
15.33,356.51,17.2478,7.9891,9.9087,0.10,100.00,41.27,0.00,94.47,0.00,0.00,17.5960,11.0070,9.8744,17.3095,11.0070,10.1391,0.00,0.00,41.27,18.0611,11.0070,9.4795,0.00,0.00,41.27,250.0675,11.9445,279.8723,0.00,100.00,182.67,-11.86,182.67,11.86,12.52
15.39,356.51,17.2561,7.9829,9.9080,0.16,100.00,41.27,0.00,94.47,0.00,0.00,17.6043,11.0008,9.8737,17.3178,11.0008,10.1385,0.00,0.00,41.27,18.0694,11.0008,9.4788,0.00,0.00,41.27,250.0675,11.9445,279.8723,0.00,100.00,182.67,-11.86,182.67,11.86,12.52
15.45,356.50,17.2676,7.9798,9.9071,0.19,100.00,41.27,0.00,94.47,0.00,0.00,17.6158,10.9977,9.8728,17.3293,10.9977,10.1376,0.00,0.00,41.27,18.0809,10.9977,9.4779,0.00,0.00,41.27,250.0675,11.9445,279.8723,0.00,100.00,182.67,-11.86,182.67,11.86,12.52
15.51,356.50,17.2695,7.9757,9.9070,0.07,100.00,41.27,0.00,94.47,0.00,0.00,17.6178,10.9936,9.8726,17.3313,10.9936,10.1374,0.00,0.00,41.27,18.0828,10.9936,9.4778,0.00,0.00,41.27,250.0675,11.9445,279.8723,0.00,100.00,182.67,-11.86,182.67,11.86,12.52
15.58,356.50,17.2695,7.9729,9.9070,0.04,100.00,41.27,0.00,94.47,0.00,0.00,17.6178,10.9908,9.8726,17.3313,10.9908,10.1374,0.00,0.00,41.27,18.0828,10.9908,9.4778,0.00,0.00,41.27,250.0675,11.9445,279.8723,0.00,100.00,182.67,-11.86,182.67,11.86,12.52
15.64,356.50,17.2695,8.0016,9.9070,0.45,100.00,41.27,0.00,94.47,0.00,0.00,17.6178,11.0195,9.8726,17.3312,11.0195,10.1374,0.00,0.00,41.27,18.0828,11.0195,9.4778,0.00,0.00,41.27,250.0675,11.9445,279.8723,0.00,100.00,182.67,-11.86,182.67,11.86,12.52
15.70,356.50,17.2695,8.0006,9.9070,0.02,100.00,41.25,0.00,94.47,0.00,0.00,17.6177,11.0185,9.8726,17.3311,11.0185,10.1373,0.00,0.00,41.25,18.0830,11.0185,9.4780,0.00,0.00,41.25,250.0675,11.9445,279.8723,0.00,100.00,182.67,-11.86,182.67,11.86,12.52
15.76,356.50,17.2721,7.9940,9.9067,0.11,100.00,41.22,0.00,94.47,0.00,0.00,17.6204,11.0119,9.8724,17.3337,11.0119,10.1370,0.00,0.00,41.22,18.0858,11.0119,9.4780,0.00,0.00,41.22,250.0675,11.9445,279.8723,0.00,100.00,182.67,-11.86,182.67,11.86,12.52
15.82,356.49,17.2779,7.9939,9.9063,0.10,100.00,41.22,0.00,94.47,0.00,0.00,17.6262,11.0118,9.8720,17.3394,11.0118,10.1365,0.00,0.00,41.22,18.0916,11.0118,9.4775,0.00,0.00,41.22,250.0675,11.9445,279.8723,0.00,100.00,182.67,-11.86,182.67,11.86,12.52
15.89,356.49,17.2779,7.9907,9.9063,0.05,100.00,41.22,0.00,94.47,0.00,0.00,17.6262,11.0086,9.8720,17.3394,11.0086,10.1365,0.00,0.00,41.22,18.0916,11.0086,9.4775,0.00,0.00,41.22,250.0675,11.9445,279.8723,0.00,100.00,182.67,-11.86,182.67,11.86,12.52
15.95,356.49,17.2779,7.9899,9.9063,0.01,100.00,41.22,0.00,94.47,0.00,0.00,17.6262,11.0078,9.8720,17.3394,11.0078,10.1365,0.00,0.00,41.22,18.0916,11.0078,9.4775,0.00,0.00,41.22,250.0675,11.9445,279.8723,0.00,100.00,182.67,-11.86,182.67,11.86,12.52
16.01,356.49,17.2806,7.9823,9.9061,0.12,100.00,41.22,0.00,94.47,0.00,0.00,17.6288,11.0002,9.8718,17.3421,11.0002,10.1363,0.00,0.00,41.22,18.0942,11.0002,9.4773,0.00,0.00,41.22,250.0675,11.9445,279.8723,0.00,100.00,182.67,-11.86,182.67,11.86,12.52
16.07,356.49,17.2864,7.9754,9.9056,0.14,100.00,41.22,0.00,94.47,0.00,0.00,17.6346,10.9933,9.8713,17.3479,10.9933,10.1358,0.00,0.00,41.22,18.1001,10.9933,9.4769,0.00,0.00,41.22,250.0675,11.9445,279.8723,0.00,100.00,182.67,-11.86,182.67,11.86,12.52
16.13,356.48,17.2951,7.9756,9.9049,0.15,100.00,41.22,0.00,94.47,0.00,0.00,17.6434,10.9934,9.8706,17.3567,10.9934,10.1352,0.00,0.00,41.22,18.1088,10.9934,9.4762,0.00,0.00,41.22,250.0675,11.9445,279.8723,0.00,100.00,182.67,-11.86,182.67,11.86,12.52
16.20,356.48,17.3060,7.9937,9.9041,0.30,100.00,41.22,0.00,94.47,0.00,0.00,17.6542,11.0116,9.8698,17.3675,11.0116,10.1343,0.00,0.00,41.22,18.1196,11.0116,9.4753,0.00,0.00,41.22,250.0675,11.9445,279.8723,0.00,100.00,182.67,-11.86,182.67,11.86,12.52
16.26,356.47,17.3221,7.9932,9.9028,0.27,100.00,41.22,0.00,94.47,0.00,0.00,17.6704,11.0111,9.8685,17.3836,11.0111,10.1331,0.00,0.00,41.22,18.1358,11.0111,9.4741,0.00,0.00,41.22,250.0675,11.9445,279.8723,0.00,100.00,182.67,-11.86,182.67,11.86,12.52
16.32,356.46,17.3387,7.9924,9.9015,0.28,100.00,41.22,0.00,94.47,0.00,0.00,17.6869,11.0103,9.8672,17.4002,11.0103,10.1318,0.00,0.00,41.22,18.1523,11.0103,9.4728,0.00,0.00,41.22,250.0675,11.9445,279.8723,0.00,100.00,182.67,-11.86,182.67,11.86,12.52
16.39,356.45,17.3580,7.9849,9.9000,0.32,100.00,41.22,0.00,94.47,0.00,0.00,17.7062,11.0028,9.8657,17.4195,11.0028,10.1302,0.00,0.00,41.22,18.1717,11.0028,9.4713,0.00,0.00,41.22,250.0675,11.9445,279.8723,0.00,100.00,182.67,-11.86,182.67,11.86,12.52
16.45,356.43,17.3815,7.9755,9.8982,0.39,100.00,41.22,0.00,94.47,0.00,0.00,17.7297,10.9934,9.8639,17.4430,10.9934,10.1284,0.00,0.00,41.22,18.1951,10.9934,9.4694,0.00,0.00,41.22,250.0675,11.9445,279.8723,0.00,100.00,182.67,-11.86,182.67,11.86,12.52
16.51,356.42,17.4085,7.9764,9.8961,0.46,100.00,41.22,0.00,94.47,0.00,0.00,17.7567,10.9943,9.8618,17.4700,10.9943,10.1263,0.00,0.00,41.22,18.2221,10.9943,9.4673,0.00,0.00,41.22,250.0675,11.9445,279.8723,0.00,100.00,182.67,-11.86,182.67,11.86,12.52
16.58,356.40,17.4356,7.9720,9.8939,0.44,100.00,41.22,0.00,94.47,0.00,0.00,17.7839,10.9899,9.8596,17.4971,10.9899,10.1242,0.00,0.00,41.22,18.2493,10.9899,9.4652,0.00,0.00,41.22,250.0675,11.9445,279.8723,0.00,100.00,182.67,-11.86,182.67,11.86,12.52
16.64,356.39,17.4547,7.9983,9.8925,0.50,100.00,41.22,0.00,94.47,0.00,0.00,17.8030,11.0162,9.8581,17.5162,11.0162,10.1227,0.00,0.00,41.22,18.2684,11.0162,9.4637,0.00,0.00,41.22,250.0675,11.9445,279.8723,0.00,100.00,182.67,-11.86,182.67,11.86,12.52
16.70,356.38,17.4643,7.9947,9.8917,0.17,100.00,41.22,0.00,94.47,0.00,0.00,17.8126,11.0126,9.8574,17.5258,11.0126,10.1219,0.00,0.00,41.22,18.2780,11.0126,9.4629,0.00,0.00,41.22,250.0675,11.9445,279.8723,0.00,100.00,182.67,-11.86,182.67,11.86,12.52
16.77,356.38,17.4762,7.9872,9.8908,0.22,100.00,41.22,0.00,94.47,0.00,0.00,17.8245,11.0051,9.8565,17.5377,11.0051,10.1210,0.00,0.00,41.22,18.2899,11.0051,9.4620,0.00,0.00,41.22,250.0675,11.9445,279.8723,0.00,100.00,182.67,-11.86,182.67,11.86,12.52
16.83,356.37,17.4916,7.9822,9.8896,0.26,100.00,41.22,0.00,94.47,0.00,0.00,17.8399,11.0001,9.8553,17.5531,11.0001,10.1198,0.00,0.00,41.22,18.3053,11.0001,9.4608,0.00,0.00,41.22,250.0675,11.9445,279.8723,0.00,100.00,182.67,-11.86,182.67,11.86,12.52
16.89,356.36,17.5095,7.9773,9.8882,0.30,100.00,41.22,0.00,94.47,0.00,0.00,17.8578,10.9952,9.8539,17.5710,10.9952,10.1184,0.00,0.00,41.22,18.3232,10.9952,9.4594,0.00,0.00,41.22,250.0675,11.9445,279.8723,0.00,100.00,182.67,-11.86,182.67,11.86,12.52
16.95,356.34,17.5302,7.9756,9.8865,0.34,100.00,41.22,0.00,94.47,0.00,0.00,17.8785,10.9935,9.8522,17.5918,10.9935,10.1168,0.00,0.00,41.22,18.3439,10.9935,9.4578,0.00,0.00,41.22,250.0675,11.9445,279.8723,0.00,100.00,182.67,-11.86,182.67,11.86,12.52
17.02,356.33,17.5531,8.0017,9.8848,0.53,100.00,41.22,0.00,94.47,0.00,0.00,17.9014,11.0196,9.8505,17.6146,11.0196,10.1150,0.00,0.00,41.22,18.3668,11.0196,9.4560,0.00,0.00,41.22,250.0675,11.9445,279.8723,0.00,100.00,182.67,-11.86,182.67,11.86,12.52
17.09,356.31,17.5806,7.9872,9.8826,0.46,100.00,41.22,0.00,94.47,0.00,0.00,17.9289,11.0050,9.8483,17.6421,11.0050,10.1128,0.00,0.00,41.22,18.3943,11.0050,9.4538,0.00,0.00,41.22,250.0675,11.9445,279.8723,0.00,100.00,182.67,-11.86,182.67,11.86,12.52
17.15,356.30,17.6128,7.9788,9.8801,0.52,100.00,41.22,0.00,94.47,0.00,0.00,17.9611,10.9967,9.8458,17.6743,10.9967,10.1103,0.00,0.00,41.22,18.4265,10.9967,9.4513,0.00,0.00,41.22,250.0675,11.9445,279.8723,0.00,100.00,182.67,-11.86,182.67,11.86,12.52
17.22,356.28,17.6464,7.9680,9.8775,0.53,100.00,41.22,0.00,94.47,0.00,0.00,17.9946,10.9859,9.8432,17.7079,10.9859,10.1077,0.00,0.00,41.22,18.4600,10.9859,9.4487,0.00,0.00,41.22,250.0675,11.9445,279.8723,0.00,100.00,182.67,-11.86,182.67,11.86,12.52
17.28,356.25,17.6839,7.9984,9.8745,0.77,100.00,41.22,0.00,94.47,0.00,0.00,18.0321,11.0162,9.8402,17.7454,11.0162,10.1048,0.00,0.00,41.22,18.4976,11.0162,9.4458,0.00,0.00,41.22,250.0675,11.9445,279.8723,0.00,100.00,182.67,-11.86,182.67,11.86,12.52
17.35,356.23,17.7223,7.9873,9.8715,0.61,100.00,41.22,0.00,94.47,0.00,0.00,18.0706,11.0052,9.8372,17.7839,11.0052,10.1017,0.00,0.00,41.22,18.5360,11.0052,9.4428,0.00,0.00,41.22,250.0675,11.9445,279.8723,0.00,100.00,182.67,-11.86,182.67,11.86,12.52
17.41,356.20,17.7661,7.9857,9.8681,0.72,100.00,41.22,0.00,94.47,0.00,0.00,18.1144,11.0036,9.8338,17.8276,11.0036,10.0983,0.00,0.00,41.22,18.5798,11.0036,9.4393,0.00,0.00,41.22,250.0675,11.9445,279.8723,0.00,100.00,182.67,-11.86,182.67,11.86,12.52
17.47,356.18,17.8091,7.9862,9.8647,0.72,100.00,41.20,0.00,94.47,0.00,0.00,18.1573,11.0041,9.8304,17.8705,11.0041,10.0948,0.00,0.00,41.20,18.6229,11.0041,9.4362,0.00,0.00,41.20,250.0675,11.9445,279.8723,0.00,100.00,182.67,-11.86,182.67,11.86,12.52
17.53,356.15,17.8537,7.9823,9.8612,0.72,100.00,41.17,0.00,94.47,0.00,0.00,18.2020,11.0002,9.8269,17.9150,11.0002,10.0912,0.00,0.00,41.17,18.6678,11.0002,9.4329,0.00,0.00,41.17,250.0675,11.9445,279.8723,0.00,100.00,182.67,-11.86,182.67,11.86,12.52
17.59,356.12,17.9031,7.9738,9.8574,0.77,100.00,41.15,0.00,94.47,0.00,0.00,18.2514,10.9917,9.8231,17.9643,10.9917,10.0872,0.00,0.00,41.15,18.7173,10.9917,9.4292,0.00,0.00,41.15,250.0675,11.9445,279.8723,0.00,100.00,182.67,-11.86,182.67,11.86,12.52
17.65,356.09,17.9576,7.9747,9.8531,0.92,100.00,41.12,0.00,94.47,0.00,0.00,18.3058,10.9926,9.8188,18.0186,10.9926,10.0828,0.00,0.00,41.12,18.7719,10.9926,9.4252,0.00,0.00,41.12,250.0675,11.9445,279.8723,0.00,100.00,182.67,-11.86,182.67,11.86,12.52
17.72,356.06,18.0102,7.9704,9.8490,0.85,100.00,41.12,0.00,94.47,0.00,0.00,18.3584,10.9883,9.8147,18.0712,10.9883,10.0787,0.00,0.00,41.12,18.8245,10.9883,9.4211,0.00,0.00,41.12,250.0675,11.9445,279.8723,0.00,100.00,182.67,-11.86,182.67,11.86,12.52
17.78,356.03,18.0682,8.0000,9.8445,1.03,100.00,41.12,0.00,94.47,0.00,0.00,18.4165,11.0179,9.8102,18.1292,11.0179,10.0742,0.00,0.00,41.12,18.8826,11.0179,9.4165,0.00,0.00,41.12,250.0675,11.9445,279.8723,0.00,100.00,182.67,-11.86,182.67,11.86,12.52
17.84,355.99,18.1299,8.0007,9.8396,1.04,100.00,41.12,0.00,94.47,0.00,0.00,18.4781,11.0186,9.8053,18.1909,11.0186,10.0694,0.00,0.00,41.12,18.9442,11.0186,9.4117,0.00,0.00,41.12,250.0675,11.9445,279.8723,0.00,100.00,182.67,-11.86,182.67,11.86,12.52
17.90,355.95,18.1905,7.9941,9.8349,0.96,100.00,41.12,0.00,94.47,0.00,0.00,18.5388,11.0120,9.8006,18.2516,11.0120,10.0646,0.00,0.00,41.12,19.0049,11.0120,9.4069,0.00,0.00,41.12,250.0675,11.9445,279.8723,0.00,100.00,182.67,-11.86,182.67,11.86,12.52
17.96,355.91,18.2584,7.9918,9.8296,1.11,100.00,41.12,0.00,94.47,0.00,0.00,18.6067,11.0097,9.7953,18.3195,11.0097,10.0593,0.00,0.00,41.12,19.0728,11.0097,9.4016,0.00,0.00,41.12,250.0675,11.9445,279.8723,0.00,100.00,182.67,-11.86,182.67,11.86,12.52
18.03,355.87,18.3265,7.9889,9.8243,1.11,100.00,41.12,0.00,94.47,0.00,0.00,18.6747,11.0068,9.7900,18.3875,11.0068,10.0540,0.00,0.00,41.12,19.1408,11.0068,9.3963,0.00,0.00,41.12,250.0675,11.9445,279.8723,0.00,100.00,182.67,-11.86,182.67,11.86,12.52
18.09,355.83,18.3976,7.9830,9.8187,1.13,100.00,41.12,0.00,94.47,0.00,0.00,18.7459,11.0009,9.7844,18.4586,11.0009,10.0484,0.00,0.00,41.12,19.2119,11.0009,9.3907,0.00,0.00,41.12,250.0675,11.9445,279.8723,0.00,100.00,182.67,-11.86,182.67,11.86,12.52
18.15,355.79,18.4736,7.9814,9.8128,1.25,100.00,41.12,0.00,94.47,0.00,0.00,18.8219,10.9993,9.7785,18.5347,10.9993,10.0425,0.00,0.00,41.12,19.2880,10.9993,9.3848,0.00,0.00,41.12,250.0675,11.9445,279.8723,0.00,100.00,182.67,-11.86,182.67,11.86,12.52
18.21,355.74,18.5494,7.9788,9.8068,1.24,100.00,41.12,0.00,94.47,0.00,0.00,18.8977,10.9967,9.7725,18.6105,10.9967,10.0365,0.00,0.00,41.12,19.3638,10.9967,9.3789,0.00,0.00,41.12,250.0675,11.9445,279.8723,0.00,100.00,182.67,-11.86,182.67,11.86,12.52
18.27,355.70,18.6168,7.9764,9.8016,1.10,100.00,41.12,0.00,94.47,0.00,0.00,18.9650,10.9943,9.7673,18.6778,10.9943,10.0313,0.00,0.00,41.12,19.4311,10.9943,9.3736,0.00,0.00,41.12,250.0675,11.9445,279.8723,0.00,100.00,182.67,-11.86,182.67,11.86,12.52
18.34,355.67,18.6749,7.9721,9.7970,0.94,100.00,41.10,0.00,94.47,0.00,0.00,19.0231,10.9900,9.7627,18.7358,10.9900,10.0266,0.00,0.00,41.10,19.4894,10.9900,9.3693,0.00,0.00,41.10,250.0675,11.9445,279.8723,0.00,100.00,182.67,-11.86,182.67,11.86,12.52
18.39,355.63,18.7368,7.9738,9.7922,1.05,100.00,41.07,0.00,94.47,0.00,0.00,19.0851,10.9917,9.7579,18.7976,10.9917,10.0216,0.00,0.00,41.07,19.5515,10.9917,9.3646,0.00,0.00,41.07,250.0675,11.9445,279.8723,0.00,100.00,182.67,-11.86,182.67,11.86,12.52
18.46,355.59,18.7980,7.9697,9.7874,0.99,100.00,41.05,0.00,94.47,0.00,0.00,19.1463,10.9876,9.7531,18.8587,10.9876,10.0167,0.00,0.00,41.05,19.6129,10.9876,9.3601,0.00,0.00,41.05,250.0675,11.9445,279.8723,0.00,100.00,182.67,-11.86,182.67,11.86,12.52
18.52,355.55,18.8653,7.9695,9.7821,1.12,100.00,41.02,0.00,94.47,0.00,0.00,19.2136,10.9874,9.7478,18.9259,10.9874,10.0113,0.00,0.00,41.02,19.6804,10.9874,9.3550,0.00,0.00,41.02,250.0675,11.9445,279.8723,0.00,100.00,182.67,-11.86,182.67,11.86,12.52
18.58,355.51,18.9329,7.9690,9.7768,1.12,100.00,41.02,0.00,94.47,0.00,0.00,19.2811,10.9869,9.7425,18.9935,10.9869,10.0061,0.00,0.00,41.02,19.7479,10.9869,9.3497,0.00,0.00,41.02,250.0675,11.9445,279.8723,0.00,100.00,182.67,-11.86,182.67,11.86,12.52
18.64,355.47,19.0033,7.9697,9.7713,1.19,100.00,41.02,0.00,94.47,0.00,0.00,19.3516,10.9876,9.7370,19.0639,10.9876,10.0005,0.00,0.00,41.02,19.8184,10.9876,9.3442,0.00,0.00,41.02,250.0675,11.9445,279.8723,0.00,100.00,182.67,-11.86,182.67,11.86,12.52
18.70,355.43,19.0755,7.9681,9.7657,1.19,100.00,41.02,0.00,94.47,0.00,0.00,19.4238,10.9860,9.7314,19.1361,10.9860,9.9949,0.00,0.00,41.02,19.8905,10.9860,9.3386,0.00,0.00,41.02,250.0675,11.9445,279.8723,0.00,100.00,182.67,-11.86,182.67,11.86,12.52
18.76,355.38,19.1520,7.9991,9.7597,1.32,100.00,41.02,0.00,94.47,0.00,0.00,19.5002,11.0170,9.7254,19.2126,11.0170,9.9889,0.00,0.00,41.02,19.9670,11.0170,9.3326,0.00,0.00,41.02,250.0675,11.9445,279.8723,0.00,100.00,182.67,-11.86,182.67,11.86,12.52
18.82,355.34,19.2332,7.9991,9.7533,1.36,100.00,41.02,0.00,94.47,0.00,0.00,19.5815,11.0170,9.7190,19.2938,11.0170,9.9826,0.00,0.00,41.02,20.0483,11.0170,9.3262,0.00,0.00,41.02,250.0675,11.9445,279.8723,0.00,100.00,182.67,-11.86,182.67,11.86,12.52
18.88,355.29,19.3139,7.9948,9.7470,1.30,100.00,41.02,0.00,94.47,0.00,0.00,19.6622,11.0127,9.7127,19.3745,11.0127,9.9762,0.00,0.00,41.02,20.1290,11.0127,9.3199,0.00,0.00,41.02,250.0675,11.9445,279.8723,0.00,100.00,182.67,-11.86,182.67,11.86,12.52
18.94,355.24,19.4007,7.9932,9.7402,1.43,100.00,41.02,0.00,94.47,0.00,0.00,19.7490,11.0111,9.7059,19.4613,11.0111,9.9695,0.00,0.00,41.02,20.2158,11.0111,9.3131,0.00,0.00,41.02,250.0675,11.9445,279.8723,0.00,100.00,182.67,-11.86,182.67,11.86,12.52
19.00,355.19,19.4880,7.9939,9.7334,1.47,100.00,41.02,0.00,94.47,0.00,0.00,19.8363,11.0118,9.6991,19.5486,11.0118,9.9626,0.00,0.00,41.02,20.3031,11.0118,9.3063,0.00,0.00,41.02,250.0675,11.9445,279.8723,0.00,100.00,182.67,-11.86,182.67,11.86,12.52
19.06,355.13,19.5761,7.9932,9.7265,1.46,100.00,41.00,0.00,94.47,0.00,0.00,19.9244,11.0111,9.6922,19.6366,11.0111,9.9556,0.00,0.00,41.00,20.3913,11.0111,9.2996,0.00,0.00,41.00,250.0675,11.9445,279.8723,0.00,100.00,182.67,-11.86,182.67,11.86,12.52
19.12,355.08,19.6680,7.9923,9.7193,1.52,100.00,40.97,0.00,94.47,0.00,0.00,20.0163,11.0102,9.6850,19.7284,11.0102,9.9483,0.00,0.00,40.97,20.4834,11.0102,9.2926,0.00,0.00,40.97,250.0675,11.9445,279.8723,0.00,100.00,182.67,-11.86,182.67,11.86,12.52
19.19,355.02,19.7627,7.9857,9.7119,1.49,100.00,40.95,0.00,94.47,0.00,0.00,20.1110,11.0036,9.6776,19.8229,11.0036,9.9408,0.00,0.00,40.95,20.5783,11.0036,9.2854,0.00,0.00,40.95,250.0675,11.9445,279.8723,0.00,100.00,182.67,-11.86,182.67,11.86,12.52
19.25,354.96,19.8655,7.9829,9.7039,1.68,100.00,40.92,0.00,94.47,0.00,0.00,20.2138,11.0008,9.6696,19.9256,11.0008,9.9326,0.00,0.00,40.92,20.6812,11.0008,9.2776,0.00,0.00,40.92,250.0675,11.9445,279.8723,0.00,100.00,182.67,-11.86,182.67,11.86,12.52
19.31,354.90,19.9675,7.9857,9.6959,1.75,100.00,40.90,0.00,94.47,0.00,0.00,20.3157,11.0036,9.6616,20.0275,11.0036,9.9245,0.00,0.00,40.90,20.7834,11.0036,9.2698,0.00,0.00,40.90,250.0675,11.9445,279.8723,0.00,100.00,182.67,-11.86,182.67,11.86,12.52
19.37,354.85,20.0668,7.9795,9.6881,1.57,100.00,40.87,0.00,94.47,0.00,0.00,20.4150,10.9974,9.6538,20.1266,10.9974,9.9166,0.00,0.00,40.87,20.8829,10.9974,9.2623,0.00,0.00,40.87,250.0675,11.9445,279.8723,0.00,100.00,182.67,-11.86,182.67,11.86,12.52
19.43,354.78,20.1776,7.9815,9.6795,1.89,100.00,40.87,0.00,94.47,0.00,0.00,20.5259,10.9994,9.6452,20.2375,10.9994,9.9079,0.00,0.00,40.87,20.9937,10.9994,9.2536,0.00,0.00,40.87,250.0675,11.9445,279.8723,0.00,100.00,182.67,-11.86,182.67,11.86,12.52
19.49,354.73,20.2719,7.9816,9.6721,1.58,100.00,40.87,0.00,94.47,0.00,0.00,20.6202,10.9995,9.6378,20.3318,10.9995,9.9005,0.00,0.00,40.87,21.0880,10.9995,9.2462,0.00,0.00,40.87,250.0675,11.9445,279.8723,0.00,100.00,182.67,-11.86,182.67,11.86,12.52
19.55,354.67,20.3593,7.9830,9.6653,1.48,100.00,40.87,0.00,94.47,0.00,0.00,20.7076,11.0009,9.6309,20.4192,11.0009,9.8937,0.00,0.00,40.87,21.1754,11.0009,9.2394,0.00,0.00,40.87,250.0675,11.9445,279.8723,0.00,100.00,182.67,-11.86,182.67,11.86,12.52
19.61,354.63,20.4371,7.9806,9.6592,1.27,100.00,40.87,0.00,94.47,0.00,0.00,20.7854,10.9985,9.6249,20.4970,10.9985,9.8876,0.00,0.00,40.87,21.2532,10.9985,9.2333,0.00,0.00,40.87,250.0675,11.9445,279.8723,0.00,100.00,182.67,-11.86,182.67,11.86,12.52
19.67,354.59,20.5085,7.9798,9.6536,1.19,100.00,40.87,0.00,94.47,0.00,0.00,20.8568,10.9977,9.6193,20.5684,10.9977,9.8820,0.00,0.00,40.87,21.3246,10.9977,9.2277,0.00,0.00,40.87,250.0675,11.9445,279.8723,0.00,100.00,182.67,-11.86,182.67,11.86,12.52
19.73,354.55,20.5702,7.9800,9.6488,1.03,100.00,40.87,0.00,94.47,0.00,0.00,20.9184,10.9979,9.6145,20.6301,10.9979,9.8772,0.00,0.00,40.87,21.3863,10.9979,9.2229,0.00,0.00,40.87,250.0675,11.9445,279.8723,0.00,100.00,182.67,-11.86,182.67,11.86,12.52
19.79,354.52,20.6225,7.9772,9.6447,0.85,100.00,40.87,0.00,94.47,0.00,0.00,20.9707,10.9950,9.6104,20.6824,10.9950,9.8731,0.00,0.00,40.87,21.4386,10.9950,9.2188,0.00,0.00,40.87,250.0675,11.9445,279.8723,0.00,100.00,182.67,-11.86,182.67,11.86,12.52
19.85,354.49,20.6791,7.9781,9.6402,0.96,100.00,40.87,0.00,94.47,0.00,0.00,21.0274,10.9960,9.6059,20.7390,10.9960,9.8687,0.00,0.00,40.87,21.4952,10.9960,9.2144,0.00,0.00,40.87,250.0675,11.9445,279.8723,0.00,100.00,182.67,-11.86,182.67,11.86,12.52
19.91,354.45,20.7363,7.9814,9.6358,0.99,100.00,40.87,0.00,94.47,0.00,0.00,21.0846,10.9993,9.6015,20.7962,10.9993,9.8642,0.00,0.00,40.87,21.5524,10.9993,9.2099,0.00,0.00,40.87,250.0675,11.9445,279.8723,0.00,100.00,182.67,-11.86,182.67,11.86,12.52
19.97,354.42,20.7946,7.9814,9.6312,0.98,100.00,40.87,0.00,94.47,0.00,0.00,21.1429,10.9993,9.5969,20.8545,10.9993,9.8596,0.00,0.00,40.87,21.6107,10.9993,9.2053,0.00,0.00,40.87,250.0675,11.9445,279.8723,0.00,100.00,182.67,-11.86,182.67,11.86,12.52
20.03,354.38,20.8575,7.9807,9.6263,1.04,100.00,40.84,0.00,94.47,0.00,0.00,21.2058,10.9986,9.5920,20.9173,10.9986,9.8546,0.00,0.00,40.84,21.6738,10.9986,9.2006,0.00,0.00,40.84,250.0675,11.9445,279.8723,0.00,100.00,182.67,-11.86,182.67,11.86,12.52
20.09,354.34,20.9235,7.9829,9.6211,1.13,100.00,40.82,0.00,94.47,0.00,0.00,21.2717,11.0008,9.5868,20.9831,11.0008,9.8493,0.00,0.00,40.82,21.7399,11.0008,9.1957,0.00,0.00,40.82,250.0675,11.9445,279.8723,0.00,100.00,182.67,-11.86,182.67,11.86,12.52
20.15,354.30,20.9901,7.9807,9.6159,1.09,100.00,40.79,0.00,94.47,0.00,0.00,21.3384,10.9986,9.5816,21.0496,10.9986,9.8440,0.00,0.00,40.79,21.8067,10.9986,9.1907,0.00,0.00,40.79,250.0675,11.9445,279.8723,0.00,100.00,182.67,-11.86,182.67,11.86,12.52
20.21,354.26,21.0623,7.9790,9.6103,1.19,100.00,40.76,0.00,94.47,0.00,0.00,21.4106,10.9969,9.5759,21.1217,10.9969,9.8382,0.00,0.00,40.76,21.8791,10.9969,9.1852,0.00,0.00,40.76,250.0675,11.9445,279.8723,0.00,100.00,182.67,-11.86,182.67,11.86,12.52
20.27,354.22,21.1368,7.9787,9.6044,1.24,100.00,40.76,0.00,94.47,0.00,0.00,21.4851,10.9966,9.5701,21.1962,10.9966,9.8323,0.00,0.00,40.76,21.9536,10.9966,9.1794,0.00,0.00,40.76,250.0675,11.9445,279.8723,0.00,100.00,182.67,-11.86,182.67,11.86,12.52
20.33,354.18,21.2016,7.9813,9.5994,1.11,100.00,40.76,0.00,94.47,0.00,0.00,21.5499,10.9992,9.5651,21.2610,10.9992,9.8273,0.00,0.00,40.76,22.0185,10.9992,9.1743,0.00,0.00,40.76,250.0675,11.9445,279.8723,0.00,100.00,182.67,-11.86,182.67,11.86,12.52
20.39,354.15,21.2564,7.9788,9.5951,0.89,100.00,40.76,0.00,94.47,0.00,0.00,21.6047,10.9967,9.5608,21.3158,10.9967,9.8230,0.00,0.00,40.76,22.0732,10.9967,9.1700,0.00,0.00,40.76,250.0675,11.9445,279.8723,0.00,100.00,182.67,-11.86,182.67,11.86,12.52
20.45,354.11,21.3166,7.9788,9.5904,1.01,100.00,40.76,0.00,94.47,0.00,0.00,21.6649,10.9967,9.5561,21.3760,10.9967,9.8183,0.00,0.00,40.76,22.1335,10.9967,9.1653,0.00,0.00,40.76,250.0675,11.9445,279.8723,0.00,100.00,182.67,-11.86,182.67,11.86,12.52
20.51,354.08,21.3780,7.9788,9.5856,1.03,100.00,40.76,0.00,94.47,0.00,0.00,21.7263,10.9967,9.5513,21.4374,10.9967,9.8135,0.00,0.00,40.76,22.1949,10.9967,9.1605,0.00,0.00,40.76,250.0675,11.9445,279.8723,0.00,100.00,182.67,-11.86,182.67,11.86,12.52
20.57,354.04,21.4421,7.9821,9.5806,1.11,100.00,40.76,0.00,94.47,0.00,0.00,21.7903,11.0000,9.5462,21.5015,11.0000,9.8085,0.00,0.00,40.76,22.2589,11.0000,9.1555,0.00,0.00,40.76,250.0675,11.9445,279.8723,0.00,100.00,182.67,-11.86,182.67,11.86,12.52
20.63,354.00,21.5066,7.9799,9.5755,1.06,100.00,40.74,0.00,94.47,0.00,0.00,21.8549,10.9978,9.5412,21.5659,10.9978,9.8033,0.00,0.00,40.74,22.3236,10.9978,9.1507,0.00,0.00,40.74,250.0675,11.9445,279.8723,0.00,100.00,182.67,-11.86,182.67,11.86,12.52
20.69,353.96,21.5773,7.9763,9.5700,1.14,100.00,40.71,0.00,94.47,0.00,0.00,21.9255,10.9942,9.5357,21.6365,10.9942,9.7976,0.00,0.00,40.71,22.3944,10.9942,9.1454,0.00,0.00,40.71,250.0675,11.9445,279.8723,0.00,100.00,182.67,-11.86,182.67,11.86,12.52
20.75,353.92,21.6516,7.9755,9.5642,1.23,100.00,40.69,0.00,94.47,0.00,0.00,21.9999,10.9934,9.5299,21.7107,10.9934,9.7917,0.00,0.00,40.69,22.4690,10.9934,9.1398,0.00,0.00,40.69,250.0675,11.9445,279.8723,0.00,100.00,182.67,-11.86,182.67,11.86,12.52
20.82,353.87,21.7268,7.9714,9.5583,1.21,100.00,40.66,0.00,94.47,0.00,0.00,22.0751,10.9893,9.5240,21.7857,10.9893,9.7857,0.00,0.00,40.66,22.5443,10.9893,9.1341,0.00,0.00,40.66,250.0675,11.9445,279.8723,0.00,100.00,182.67,-11.86,182.67,11.86,12.52
20.87,353.82,21.8071,7.9773,9.5520,1.42,100.00,40.64,0.00,94.47,0.00,0.00,22.1554,10.9952,9.5177,21.8659,10.9952,9.7793,0.00,0.00,40.64,22.6248,10.9952,9.1280,0.00,0.00,40.64,250.0675,11.9445,279.8723,0.00,100.00,182.67,-11.86,182.67,11.86,12.52
20.93,353.78,21.8825,7.9753,9.5461,1.24,100.00,40.61,0.00,94.47,0.00,0.00,22.2307,10.9932,9.5118,21.9412,10.9932,9.7733,0.00,0.00,40.61,22.7003,10.9932,9.1223,0.00,0.00,40.61,250.0675,11.9445,279.8723,0.00,100.00,182.67,-11.86,182.67,11.86,12.52
20.99,353.73,21.9664,7.9789,9.5395,1.45,100.00,40.61,0.00,94.47,0.00,0.00,22.3147,10.9968,9.5052,22.0251,10.9968,9.7667,0.00,0.00,40.61,22.7843,10.9968,9.1157,0.00,0.00,40.61,250.0675,11.9445,279.8723,0.00,100.00,182.67,-11.86,182.67,11.86,12.52
21.05,353.68,22.0486,7.9796,9.5331,1.38,100.00,40.61,0.00,94.47,0.00,0.00,22.3968,10.9975,9.4988,22.1073,10.9975,9.7603,0.00,0.00,40.61,22.8664,10.9975,9.1093,0.00,0.00,40.61,250.0675,11.9445,279.8723,0.00,100.00,182.67,-11.86,182.67,11.86,12.52
21.11,353.63,22.1355,7.9813,9.5263,1.48,100.00,40.61,0.00,94.47,0.00,0.00,22.4838,10.9992,9.4920,22.1942,10.9992,9.7535,0.00,0.00,40.61,22.9534,10.9992,9.1025,0.00,0.00,40.61,250.0675,11.9445,279.8723,0.00,100.00,182.67,-11.86,182.67,11.86,12.52
21.17,353.59,22.2132,7.9789,9.5202,1.27,100.00,40.61,0.00,94.47,0.00,0.00,22.5615,10.9968,9.4859,22.2719,10.9968,9.7474,0.00,0.00,40.61,23.0311,10.9968,9.0964,0.00,0.00,40.61,250.0675,11.9445,279.8723,0.00,100.00,182.67,-11.86,182.67,11.86,12.52
21.23,353.54,22.2849,7.9806,9.5146,1.22,100.00,40.61,0.00,94.47,0.00,0.00,22.6332,10.9985,9.4803,22.3436,10.9985,9.7418,0.00,0.00,40.61,23.1027,10.9985,9.0908,0.00,0.00,40.61,250.0675,11.9445,279.8723,0.00,100.00,182.67,-11.86,182.67,11.86,12.52
21.29,353.51,22.3454,7.9832,9.5099,1.04,100.00,40.61,0.00,94.47,0.00,0.00,22.6937,11.0011,9.4756,22.4041,11.0011,9.7371,0.00,0.00,40.61,23.1632,11.0011,9.0861,0.00,0.00,40.61,250.0675,11.9445,279.8723,0.00,100.00,182.67,-11.86,182.67,11.86,12.52
21.35,353.48,22.3971,7.9796,9.5059,0.84,100.00,40.61,0.00,94.47,0.00,0.00,22.7454,10.9975,9.4715,22.4558,10.9975,9.7330,0.00,0.00,40.61,23.2149,10.9975,9.0821,0.00,0.00,40.61,250.0675,11.9445,279.8723,0.00,100.00,182.67,-11.86,182.67,11.86,12.52
21.41,353.45,22.4425,7.9815,9.5023,0.77,100.00,40.61,0.00,94.47,0.00,0.00,22.7908,10.9994,9.4680,22.5012,10.9994,9.7295,0.00,0.00,40.61,23.2604,10.9994,9.0785,0.00,0.00,40.61,250.0675,11.9445,279.8723,0.00,100.00,182.67,-11.86,182.67,11.86,12.52
21.47,353.43,22.4773,7.9799,9.4996,0.57,100.00,40.61,0.00,94.47,0.00,0.00,22.8256,10.9978,9.4653,22.5360,10.9978,9.7267,0.00,0.00,40.61,23.2951,10.9978,9.0758,0.00,0.00,40.61,250.0675,11.9445,279.8723,0.00,100.00,182.67,-11.86,182.67,11.86,12.52
21.53,353.42,22.5043,7.9823,9.4975,0.46,100.00,40.61,0.00,94.47,0.00,0.00,22.8525,11.0002,9.4632,22.5630,11.0002,9.7246,0.00,0.00,40.61,23.3221,11.0002,9.0737,0.00,0.00,40.61,250.0675,11.9445,279.8723,0.00,100.00,182.67,-11.86,182.67,11.86,12.52
21.59,353.41,22.5219,7.9863,9.4961,0.31,100.00,40.59,0.00,94.47,0.00,0.00,22.8701,11.0042,9.4618,22.5805,11.0042,9.7231,0.00,0.00,40.59,23.3399,11.0042,9.0725,0.00,0.00,40.59,250.0675,11.9445,279.8723,0.00,100.00,182.67,-11.86,182.67,11.86,12.52
21.65,353.39,22.5416,7.9882,9.4946,0.34,100.00,40.57,0.00,94.47,0.00,0.00,22.8899,11.0061,9.4602,22.6001,11.0061,9.7215,0.00,0.00,40.57,23.3598,11.0061,9.0711,0.00,0.00,40.57,250.0675,11.9445,279.8723,0.00,100.00,182.67,-11.86,182.67,11.86,12.52
21.71,353.38,22.5643,7.9874,9.4928,0.38,100.00,40.54,0.00,94.47,0.00,0.00,22.9126,11.0053,9.4585,22.6227,11.0053,9.7196,0.00,0.00,40.54,23.3827,11.0053,9.0696,0.00,0.00,40.54,250.0675,11.9445,279.8723,0.00,100.00,182.67,-11.86,182.67,11.86,12.52
21.77,353.37,22.5903,7.9771,9.4907,0.42,100.00,40.51,0.00,94.47,0.00,0.00,22.9385,10.9950,9.4564,22.6485,10.9950,9.7174,0.00,0.00,40.51,23.4088,10.9950,9.0678,0.00,0.00,40.51,250.0675,11.9445,279.8723,0.00,100.00,182.67,-11.86,182.67,11.86,12.52
21.83,353.35,22.6216,7.9797,9.4883,0.54,100.00,40.49,0.00,94.47,0.00,0.00,22.9699,10.9976,9.4540,22.6798,10.9976,9.7148,0.00,0.00,40.49,23.4403,10.9976,9.0655,0.00,0.00,40.49,250.0675,11.9445,279.8723,0.00,100.00,182.67,-11.86,182.67,11.86,12.52
21.89,353.34,22.6412,7.9832,9.4868,0.34,100.00,40.47,0.00,94.47,0.00,0.00,22.9895,11.0011,9.4525,22.6993,11.0011,9.7132,0.00,0.00,40.47,23.4601,11.0011,9.0642,0.00,0.00,40.47,250.0675,11.9445,279.8723,0.00,100.00,182.67,-11.86,182.67,11.86,12.52
21.95,353.33,22.6525,7.9832,9.4859,0.19,100.00,40.47,0.00,94.47,0.00,0.00,23.0008,11.0011,9.4516,22.7106,11.0011,9.7123,0.00,0.00,40.47,23.4714,11.0011,9.0633,0.00,0.00,40.47,250.0675,11.9445,279.8723,0.00,100.00,182.67,-11.86,182.67,11.86,12.52
22.01,353.32,22.6668,7.9845,9.4848,0.24,100.00,40.47,0.00,94.47,0.00,0.00,23.0151,11.0024,9.4505,22.7249,11.0024,9.7112,0.00,0.00,40.47,23.4857,11.0024,9.0622,0.00,0.00,40.47,250.0675,11.9445,279.8723,0.00,100.00,182.67,-11.86,182.67,11.86,12.52
22.07,353.31,22.6835,7.9847,9.4835,0.28,100.00,40.47,0.00,94.47,0.00,0.00,23.0317,11.0026,9.4492,22.7415,11.0026,9.7099,0.00,0.00,40.47,23.5023,11.0026,9.0609,0.00,0.00,40.47,250.0675,11.9445,279.8723,0.00,100.00,182.67,-11.86,182.67,11.86,12.52
22.13,353.30,22.7029,7.9855,9.4819,0.33,100.00,40.47,0.00,94.47,0.00,0.00,23.0512,11.0034,9.4476,22.7609,11.0034,9.7083,0.00,0.00,40.47,23.5217,11.0034,9.0594,0.00,0.00,40.47,250.0675,11.9445,279.8723,0.00,100.00,182.67,-11.86,182.67,11.86,12.52
22.19,353.29,22.7248,7.9848,9.4802,0.36,100.00,40.47,0.00,94.47,0.00,0.00,23.0731,11.0027,9.4459,22.7828,11.0027,9.7066,0.00,0.00,40.47,23.5436,11.0027,9.0576,0.00,0.00,40.47,250.0675,11.9445,279.8723,0.00,100.00,182.67,-11.86,182.67,11.86,12.52
22.25,353.27,22.7497,7.9898,9.4783,0.45,100.00,40.47,0.00,94.47,0.00,0.00,23.0979,11.0077,9.4440,22.8077,11.0077,9.7047,0.00,0.00,40.47,23.5685,11.0077,9.0557,0.00,0.00,40.47,250.0675,11.9445,279.8723,0.00,100.00,182.67,-11.86,182.67,11.86,12.52
22.31,353.26,22.7756,7.9890,9.4763,0.43,100.00,40.47,0.00,94.47,0.00,0.00,23.1239,11.0069,9.4419,22.8336,11.0069,9.7027,0.00,0.00,40.47,23.5944,11.0069,9.0537,0.00,0.00,40.47,250.0675,11.9445,279.8723,0.00,100.00,182.67,-11.86,182.67,11.86,12.52
22.36,353.24,22.8056,7.9918,9.4739,0.52,100.00,40.47,0.00,94.47,0.00,0.00,23.1539,11.0097,9.4396,22.8637,11.0097,9.7003,0.00,0.00,40.47,23.6245,11.0097,9.0513,0.00,0.00,40.47,250.0675,11.9445,279.8723,0.00,100.00,182.67,-11.86,182.67,11.86,12.52
22.42,353.22,22.8372,7.9939,9.4714,0.54,100.00,40.47,0.00,94.47,0.00,0.00,23.1855,11.0118,9.4371,22.8952,11.0118,9.6978,0.00,0.00,40.47,23.6560,11.0118,9.0489,0.00,0.00,40.47,250.0675,11.9445,279.8723,0.00,100.00,182.67,-11.86,182.67,11.86,12.52
22.48,353.21,22.8605,7.9989,9.4696,0.42,100.00,40.47,0.00,94.47,0.00,0.00,23.2088,11.0168,9.4353,22.9186,11.0168,9.6960,0.00,0.00,40.47,23.6794,11.0168,9.0470,0.00,0.00,40.47,250.0675,11.9445,279.8723,0.00,100.00,182.67,-11.86,182.67,11.86,12.52
22.54,353.20,22.8754,7.9984,9.4684,0.25,100.00,40.47,0.00,94.47,0.00,0.00,23.2236,11.0163,9.4341,22.9334,11.0163,9.6949,0.00,0.00,40.47,23.6942,11.0163,9.0459,0.00,0.00,40.47,250.0675,11.9445,279.8723,0.00,100.00,182.67,-11.86,182.67,11.86,12.52
22.60,353.19,22.8936,7.9982,9.4670,0.30,100.00,40.47,0.00,94.47,0.00,0.00,23.2419,11.0161,9.4327,22.9516,11.0161,9.6934,0.00,0.00,40.47,23.7125,11.0161,9.0444,0.00,0.00,40.47,250.0675,11.9445,279.8723,0.00,100.00,182.67,-11.86,182.67,11.86,12.52
22.66,353.18,22.9144,7.9999,9.4654,0.35,100.00,40.47,0.00,94.47,0.00,0.00,23.2627,11.0178,9.4311,22.9725,11.0178,9.6918,0.00,0.00,40.47,23.7333,11.0178,9.0428,0.00,0.00,40.47,250.0675,11.9445,279.8723,0.00,100.00,182.67,-11.86,182.67,11.86,12.52
22.72,353.17,22.9264,7.9678,9.4645,0.59,100.00,40.47,0.00,94.47,0.00,0.00,23.2747,10.9857,9.4301,22.9845,10.9857,9.6909,0.00,0.00,40.47,23.7453,10.9857,9.0419,0.00,0.00,40.47,250.0675,11.9445,279.8723,0.00,100.00,182.67,-11.86,182.67,11.86,12.52
22.78,353.17,22.9301,7.9680,9.4642,0.06,100.00,40.47,0.00,94.47,0.00,0.00,23.2783,10.9859,9.4299,22.9881,10.9859,9.6906,0.00,0.00,40.47,23.7489,10.9859,9.0416,0.00,0.00,40.47,250.0675,11.9445,279.8723,0.00,100.00,182.67,-11.86,182.67,11.86,12.52
22.84,353.16,22.9364,7.9729,9.4637,0.14,100.00,40.47,0.00,94.47,0.00,0.00,23.2847,10.9908,9.4294,22.9944,10.9908,9.6901,0.00,0.00,40.47,23.7552,10.9908,9.0411,0.00,0.00,40.47,250.0675,11.9445,279.8723,0.00,100.00,182.67,-11.86,182.67,11.86,12.52
22.90,353.16,22.9448,7.9722,9.4630,0.14,100.00,40.47,0.00,94.47,0.00,0.00,23.2931,10.9901,9.4287,23.0029,10.9901,9.6894,0.00,0.00,40.47,23.7637,10.9901,9.0404,0.00,0.00,40.47,250.0675,11.9445,279.8723,0.00,100.00,182.67,-11.86,182.67,11.86,12.52
22.95,353.15,22.9564,7.9747,9.4621,0.20,100.00,40.47,0.00,94.47,0.00,0.00,23.3047,10.9926,9.4278,23.0144,10.9926,9.6885,0.00,0.00,40.47,23.7752,10.9926,9.0395,0.00,0.00,40.47,250.0675,11.9445,279.8723,0.00,100.00,182.67,-11.86,182.67,11.86,12.52
23.01,353.14,22.9701,7.9788,9.4610,0.25,100.00,40.47,0.00,94.47,0.00,0.00,23.3184,10.9967,9.4267,23.0281,10.9967,9.6874,0.00,0.00,40.47,23.7889,10.9967,9.0385,0.00,0.00,40.47,250.0675,11.9445,279.8723,0.00,100.00,182.67,-11.86,182.67,11.86,12.52
23.07,353.14,22.9860,7.9797,9.4598,0.27,100.00,40.47,0.00,94.47,0.00,0.00,23.3343,10.9976,9.4255,23.0441,10.9976,9.6862,0.00,0.00,40.47,23.8049,10.9976,9.0372,0.00,0.00,40.47,250.0675,11.9445,279.8723,0.00,100.00,182.67,-11.86,182.67,11.86,12.52
23.13,353.12,23.0050,7.9771,9.4583,0.31,100.00,40.47,0.00,94.47,0.00,0.00,23.3533,10.9950,9.4240,23.0630,10.9950,9.6847,0.00,0.00,40.47,23.8238,10.9950,9.0357,0.00,0.00,40.47,250.0675,11.9445,279.8723,0.00,100.00,182.67,-11.86,182.67,11.86,12.52
23.19,353.12,23.0154,7.9815,9.4575,0.20,100.00,40.47,0.00,94.47,0.00,0.00,23.3637,10.9993,9.4232,23.0735,10.9993,9.6839,0.00,0.00,40.47,23.8343,10.9993,9.0349,0.00,0.00,40.47,250.0675,11.9445,279.8723,0.00,100.00,182.67,-11.86,182.67,11.86,12.52
23.25,353.12,23.0172,7.9830,9.4574,0.04,100.00,40.47,0.00,94.47,0.00,0.00,23.3655,11.0009,9.4230,23.0753,11.0009,9.6838,0.00,0.00,40.47,23.8361,11.0009,9.0348,0.00,0.00,40.47,250.0675,11.9445,279.8723,0.00,100.00,182.67,-11.86,182.67,11.86,12.52
23.31,353.11,23.0216,7.9815,9.4570,0.08,100.00,40.47,0.00,94.47,0.00,0.00,23.3698,10.9994,9.4227,23.0796,10.9994,9.6834,0.00,0.00,40.47,23.8404,10.9994,9.0344,0.00,0.00,40.47,250.0675,11.9445,279.8723,0.00,100.00,182.67,-11.86,182.67,11.86,12.52
23.37,353.11,23.0287,7.9863,9.4564,0.15,100.00,40.47,0.00,94.47,0.00,0.00,23.3770,11.0042,9.4221,23.0868,11.0042,9.6829,0.00,0.00,40.47,23.8476,11.0042,9.0339,0.00,0.00,40.47,250.0675,11.9445,279.8723,0.00,100.00,182.67,-11.86,182.67,11.86,12.52
23.43,353.11,23.0287,7.9854,9.4565,0.01,100.00,40.47,0.00,94.47,0.00,0.00,23.3770,11.0033,9.4221,23.0868,11.0033,9.6829,0.00,0.00,40.47,23.8476,11.0033,9.0339,0.00,0.00,40.47,250.0675,11.9445,279.8723,0.00,100.00,182.67,-11.86,182.67,11.86,12.52
23.49,353.11,23.0287,7.9899,9.4564,0.08,100.00,40.47,0.00,94.47,0.00,0.00,23.3770,11.0078,9.4221,23.0868,11.0078,9.6829,0.00,0.00,40.47,23.8476,11.0078,9.0339,0.00,0.00,40.47,250.0675,11.9445,279.8723,0.00,100.00,182.67,-11.86,182.67,11.86,12.52
23.55,353.11,23.0312,7.9858,9.4563,0.08,100.00,40.47,0.00,94.47,0.00,0.00,23.3794,11.0037,9.4220,23.0892,11.0037,9.6827,0.00,0.00,40.47,23.8500,11.0037,9.0337,0.00,0.00,40.47,250.0675,11.9445,279.8723,0.00,100.00,182.67,-11.86,182.67,11.86,12.52
23.61,353.11,23.0366,7.9865,9.4558,0.09,100.00,40.47,0.00,94.47,0.00,0.00,23.3848,11.0044,9.4215,23.0946,11.0044,9.6822,0.00,0.00,40.47,23.8554,11.0044,9.0333,0.00,0.00,40.47,250.0675,11.9445,279.8723,0.00,100.00,182.67,-11.86,182.67,11.86,12.52
23.67,353.10,23.0443,7.9873,9.4552,0.13,100.00,40.47,0.00,94.47,0.00,0.00,23.3926,11.0052,9.4209,23.1024,11.0052,9.6816,0.00,0.00,40.47,23.8632,11.0052,9.0326,0.00,0.00,40.47,250.0675,11.9445,279.8723,0.00,100.00,182.67,-11.86,182.67,11.86,12.52
23.73,353.10,23.0547,7.9907,9.4544,0.19,100.00,40.47,0.00,94.47,0.00,0.00,23.4030,11.0086,9.4201,23.1127,11.0086,9.6808,0.00,0.00,40.47,23.8735,11.0086,9.0318,0.00,0.00,40.47,250.0675,11.9445,279.8723,0.00,100.00,182.67,-11.86,182.67,11.86,12.52
23.78,353.09,23.0672,7.9940,9.4534,0.22,100.00,40.47,0.00,94.47,0.00,0.00,23.4155,11.0119,9.4191,23.1253,11.0119,9.6798,0.00,0.00,40.47,23.8861,11.0119,9.0309,0.00,0.00,40.47,250.0675,11.9445,279.8723,0.00,100.00,182.67,-11.86,182.67,11.86,12.52
23.84,353.08,23.0822,7.9933,9.4523,0.25,100.00,40.47,0.00,94.47,0.00,0.00,23.4305,11.0112,9.4180,23.1403,11.0112,9.6787,0.00,0.00,40.47,23.9011,11.0112,9.0297,0.00,0.00,40.47,250.0675,11.9445,279.8723,0.00,100.00,182.67,-11.86,182.67,11.86,12.52
23.90,353.08,23.0890,7.9941,9.4517,0.11,100.00,40.47,0.00,94.47,0.00,0.00,23.4372,11.0120,9.4174,23.1470,11.0120,9.6781,0.00,0.00,40.47,23.9078,11.0120,9.0292,0.00,0.00,40.47,250.0675,11.9445,279.8723,0.00,100.00,182.67,-11.86,182.67,11.86,12.52
23.96,353.08,23.0890,7.9991,9.4517,0.09,100.00,40.47,0.00,94.47,0.00,0.00,23.4372,11.0170,9.4174,23.1470,11.0170,9.6781,0.00,0.00,40.47,23.9078,11.0170,9.0292,0.00,0.00,40.47,250.0675,11.9445,279.8723,0.00,100.00,182.67,-11.86,182.67,11.86,12.52
24.02,353.07,23.0913,7.9679,9.4516,0.54,100.00,40.47,0.00,94.47,0.00,0.00,23.4396,10.9858,9.4172,23.1494,10.9858,9.6780,0.00,0.00,40.47,23.9102,10.9858,9.0290,0.00,0.00,40.47,250.0675,11.9445,279.8723,0.00,100.00,182.67,-11.86,182.67,11.86,12.52
24.08,353.07,23.0962,7.9679,9.4512,0.08,100.00,40.47,0.00,94.47,0.00,0.00,23.4444,10.9858,9.4169,23.1542,10.9858,9.6776,0.00,0.00,40.47,23.9150,10.9858,9.0286,0.00,0.00,40.47,250.0675,11.9445,279.8723,0.00,100.00,182.67,-11.86,182.67,11.86,12.52
24.14,353.07,23.1038,7.9679,9.4506,0.13,100.00,40.47,0.00,94.47,0.00,0.00,23.4520,10.9858,9.4163,23.1618,10.9858,9.6770,0.00,0.00,40.47,23.9226,10.9858,9.0280,0.00,0.00,40.47,250.0675,11.9445,279.8723,0.00,100.00,182.67,-11.86,182.67,11.86,12.52
24.20,353.06,23.1140,7.9731,9.4498,0.20,100.00,40.47,0.00,94.47,0.00,0.00,23.4623,10.9910,9.4155,23.1721,10.9910,9.6762,0.00,0.00,40.47,23.9329,10.9910,9.0272,0.00,0.00,40.47,250.0675,11.9445,279.8723,0.00,100.00,182.67,-11.86,182.67,11.86,12.52
24.26,353.05,23.1261,7.9729,9.4488,0.20,100.00,40.47,0.00,94.47,0.00,0.00,23.4744,10.9908,9.4145,23.1842,10.9908,9.6752,0.00,0.00,40.47,23.9450,10.9908,9.0262,0.00,0.00,40.47,250.0675,11.9445,279.8723,0.00,100.00,182.67,-11.86,182.67,11.86,12.52
24.31,353.04,23.1415,7.9740,9.4476,0.26,100.00,40.47,0.00,94.47,0.00,0.00,23.4898,10.9919,9.4133,23.1995,10.9919,9.6740,0.00,0.00,40.47,23.9603,10.9919,9.0250,0.00,0.00,40.47,250.0675,11.9445,279.8723,0.00,100.00,182.67,-11.86,182.67,11.86,12.52
24.37,353.03,23.1593,7.9755,9.4462,0.30,100.00,40.47,0.00,94.47,0.00,0.00,23.5075,10.9934,9.4119,23.2173,10.9934,9.6726,0.00,0.00,40.47,23.9781,10.9934,9.0237,0.00,0.00,40.47,250.0675,11.9445,279.8723,0.00,100.00,182.67,-11.86,182.67,11.86,12.52
24.43,353.02,23.1795,7.9800,9.4447,0.36,100.00,40.47,0.00,94.47,0.00,0.00,23.5278,10.9979,9.4103,23.2375,10.9979,9.6711,0.00,0.00,40.47,23.9983,10.9979,9.0221,0.00,0.00,40.47,250.0675,11.9445,279.8723,0.00,100.00,182.67,-11.86,182.67,11.86,12.52
24.49,353.01,23.2015,7.9823,9.4429,0.38,100.00,40.47,0.00,94.47,0.00,0.00,23.5498,11.0002,9.4086,23.2596,11.0002,9.6693,0.00,0.00,40.47,24.0204,11.0002,9.0204,0.00,0.00,40.47,250.0675,11.9445,279.8723,0.00,100.00,182.67,-11.86,182.67,11.86,12.52
24.55,353.00,23.2266,7.9830,9.4410,0.42,100.00,40.47,0.00,94.47,0.00,0.00,23.5748,11.0009,9.4067,23.2846,11.0009,9.6674,0.00,0.00,40.47,24.0454,11.0009,9.0184,0.00,0.00,40.47,250.0675,11.9445,279.8723,0.00,100.00,182.67,-11.86,182.67,11.86,12.52
24.61,352.99,23.2434,7.9865,9.4397,0.30,100.00,40.47,0.00,94.47,0.00,0.00,23.5916,11.0044,9.4054,23.3014,11.0044,9.6661,0.00,0.00,40.47,24.0622,11.0044,9.0171,0.00,0.00,40.47,250.0675,11.9445,279.8723,0.00,100.00,182.67,-11.86,182.67,11.86,12.52
24.66,352.98,23.2516,7.9918,9.4390,0.17,100.00,40.47,0.00,94.47,0.00,0.00,23.5998,11.0097,9.4047,23.3096,11.0097,9.6654,0.00,0.00,40.47,24.0704,11.0097,9.0164,0.00,0.00,40.47,250.0675,11.9445,279.8723,0.00,100.00,182.67,-11.86,182.67,11.86,12.52
24.73,352.97,23.2620,7.9898,9.4382,0.17,100.00,40.47,0.00,94.47,0.00,0.00,23.6102,11.0077,9.4039,23.3200,11.0077,9.6646,0.00,0.00,40.47,24.0808,11.0077,9.0156,0.00,0.00,40.47,250.0675,11.9445,279.8723,0.00,100.00,182.67,-11.86,182.67,11.86,12.52
24.79,352.97,23.2759,7.9905,9.4371,0.23,100.00,40.47,0.00,94.47,0.00,0.00,23.6241,11.0084,9.4028,23.3339,11.0084,9.6635,0.00,0.00,40.47,24.0947,11.0084,9.0145,0.00,0.00,40.47,250.0675,11.9445,279.8723,0.00,100.00,182.67,-11.86,182.67,11.86,12.52
24.84,352.96,23.2808,7.9956,9.4367,0.12,100.00,40.47,0.00,94.47,0.00,0.00,23.6291,11.0135,9.4024,23.3389,11.0135,9.6631,0.00,0.00,40.47,24.0997,11.0135,9.0141,0.00,0.00,40.47,250.0675,11.9445,279.8723,0.00,100.00,182.67,-11.86,182.67,11.86,12.52
24.90,352.96,23.2808,7.9939,9.4367,0.03,100.00,40.47,0.00,94.47,0.00,0.00,23.6291,11.0118,9.4024,23.3389,11.0118,9.6631,0.00,0.00,40.47,24.0997,11.0118,9.0141,0.00,0.00,40.47,250.0675,11.9445,279.8723,0.00,100.00,182.67,-11.86,182.67,11.86,12.52
24.96,352.96,23.2835,7.9941,9.4365,0.05,100.00,40.47,0.00,94.47,0.00,0.00,23.6318,11.0120,9.4022,23.3416,11.0120,9.6629,0.00,0.00,40.47,24.1024,11.0120,9.0139,0.00,0.00,40.47,250.0675,11.9445,279.8723,0.00,100.00,182.67,-11.86,182.67,11.86,12.52
25.02,352.96,23.2888,7.9967,9.4361,0.10,100.00,40.47,0.00,94.47,0.00,0.00,23.6371,11.0146,9.4018,23.3468,11.0146,9.6625,0.00,0.00,40.47,24.1076,11.0146,9.0135,0.00,0.00,40.47,250.0675,11.9445,279.8723,0.00,100.00,182.67,-11.86,182.67,11.86,12.52
25.08,352.95,23.2964,7.9976,9.4355,0.13,100.00,40.47,0.00,94.47,0.00,0.00,23.6447,11.0155,9.4012,23.3545,11.0155,9.6619,0.00,0.00,40.47,24.1153,11.0155,9.0129,0.00,0.00,40.47,250.0675,11.9445,279.8723,0.00,100.00,182.67,-11.86,182.67,11.86,12.52
25.14,352.95,23.3067,8.0015,9.4347,0.19,100.00,40.47,0.00,94.47,0.00,0.00,23.6550,11.0194,9.4004,23.3648,11.0194,9.6611,0.00,0.00,40.47,24.1256,11.0194,9.0121,0.00,0.00,40.47,250.0675,11.9445,279.8723,0.00,100.00,182.67,-11.86,182.67,11.86,12.52
25.20,352.94,23.3192,7.9682,9.4337,0.60,100.00,40.47,0.00,94.47,0.00,0.00,23.6675,10.9861,9.3994,23.3772,10.9861,9.6601,0.00,0.00,40.47,24.1380,10.9861,9.0111,0.00,0.00,40.47,250.0675,11.9445,279.8723,0.00,100.00,182.67,-11.86,182.67,11.86,12.52
25.26,352.93,23.3344,8.0000,9.4325,0.57,100.00,40.47,0.00,94.47,0.00,0.00,23.6827,11.0179,9.3982,23.3924,11.0179,9.6589,0.00,0.00,40.47,24.1532,11.0179,9.0100,0.00,0.00,40.47,250.0675,11.9445,279.8723,0.00,100.00,182.67,-11.86,182.67,11.86,12.52
25.32,352.92,23.3532,7.9671,9.4311,0.65,100.00,40.47,0.00,94.47,0.00,0.00,23.7015,10.9850,9.3968,23.4113,10.9850,9.6575,0.00,0.00,40.47,24.1721,10.9850,9.0085,0.00,0.00,40.47,250.0675,11.9445,279.8723,0.00,100.00,182.67,-11.86,182.67,11.86,12.52
25.38,352.91,23.3735,7.9705,9.4295,0.36,100.00,40.47,0.00,94.47,0.00,0.00,23.7218,10.9884,9.3952,23.4316,10.9884,9.6559,0.00,0.00,40.47,24.1924,10.9884,9.0069,0.00,0.00,40.47,250.0675,11.9445,279.8723,0.00,100.00,182.67,-11.86,182.67,11.86,12.52
25.43,352.90,23.3854,7.9755,9.4285,0.23,100.00,40.47,0.00,94.47,0.00,0.00,23.7337,10.9934,9.3942,23.4435,10.9934,9.6549,0.00,0.00,40.47,24.2043,10.9934,9.0060,0.00,0.00,40.47,250.0675,11.9445,279.8723,0.00,100.00,182.67,-11.86,182.67,11.86,12.52
25.49,352.90,23.3893,7.9771,9.4282,0.07,100.00,40.47,0.00,94.47,0.00,0.00,23.7375,10.9950,9.3939,23.4473,10.9950,9.6546,0.00,0.00,40.47,24.2081,10.9950,9.0057,0.00,0.00,40.47,250.0675,11.9445,279.8723,0.00,100.00,182.67,-11.86,182.67,11.86,12.52
25.55,352.90,23.3958,7.9763,9.4277,0.11,100.00,40.47,0.00,94.47,0.00,0.00,23.7440,10.9942,9.3934,23.4538,10.9942,9.6541,0.00,0.00,40.47,24.2146,10.9942,9.0052,0.00,0.00,40.47,250.0675,11.9445,279.8723,0.00,100.00,182.67,-11.86,182.67,11.86,12.52
25.61,352.89,23.4050,7.9763,9.4270,0.16,100.00,40.47,0.00,94.47,0.00,0.00,23.7533,10.9942,9.3927,23.4631,10.9942,9.6534,0.00,0.00,40.47,24.2239,10.9942,9.0044,0.00,0.00,40.47,250.0675,11.9445,279.8723,0.00,100.00,182.67,-11.86,182.67,11.86,12.52
25.67,352.89,23.4055,7.9839,9.4270,0.14,100.00,40.47,0.00,94.47,0.00,0.00,23.7538,11.0018,9.3927,23.4636,11.0018,9.6534,0.00,0.00,40.47,24.2244,11.0018,9.0044,0.00,0.00,40.47,250.0675,11.9445,279.8723,0.00,100.00,182.67,-11.86,182.67,11.86,12.52
25.73,352.89,23.4055,7.9831,9.4270,0.01,100.00,40.47,0.00,94.47,0.00,0.00,23.7538,11.0010,9.3927,23.4636,11.0010,9.6534,0.00,0.00,40.47,24.2244,11.0010,9.0044,0.00,0.00,40.47,250.0675,11.9445,279.8723,0.00,100.00,182.67,-11.86,182.67,11.86,12.52
25.79,352.89,23.4082,7.9847,9.4268,0.05,100.00,40.47,0.00,94.47,0.00,0.00,23.7565,11.0026,9.3925,23.4662,11.0026,9.6532,0.00,0.00,40.47,24.2270,11.0026,9.0042,0.00,0.00,40.47,250.0675,11.9445,279.8723,0.00,100.00,182.67,-11.86,182.67,11.86,12.52
25.85,352.89,23.4133,7.9859,9.4264,0.09,100.00,40.47,0.00,94.47,0.00,0.00,23.7616,11.0038,9.3921,23.4714,11.0038,9.6528,0.00,0.00,40.47,24.2322,11.0038,9.0038,0.00,0.00,40.47,250.0675,11.9445,279.8723,0.00,100.00,182.67,-11.86,182.67,11.86,12.52
25.91,352.88,23.4211,7.9908,9.4258,0.16,100.00,40.47,0.00,94.47,0.00,0.00,23.7693,11.0087,9.3915,23.4791,11.0087,9.6522,0.00,0.00,40.47,24.2399,11.0087,9.0032,0.00,0.00,40.47,250.0675,11.9445,279.8723,0.00,100.00,182.67,-11.86,182.67,11.86,12.52
25.96,352.88,23.4309,7.9917,9.4250,0.17,100.00,40.47,0.00,94.47,0.00,0.00,23.7791,11.0096,9.3907,23.4889,11.0096,9.6514,0.00,0.00,40.47,24.2497,11.0096,9.0024,0.00,0.00,40.47,250.0675,11.9445,279.8723,0.00,100.00,182.67,-11.86,182.67,11.86,12.52
26.02,352.88,23.4325,7.9938,9.4249,0.04,100.00,40.47,0.00,94.47,0.00,0.00,23.7808,11.0117,9.3906,23.4905,11.0117,9.6513,0.00,0.00,40.47,24.2514,11.0117,9.0023,0.00,0.00,40.47,250.0675,11.9445,279.8723,0.00,100.00,182.67,-11.86,182.67,11.86,12.52
26.08,352.88,23.4325,7.9978,9.4249,0.07,100.00,40.47,0.00,94.47,0.00,0.00,23.7808,11.0157,9.3906,23.4905,11.0157,9.6513,0.00,0.00,40.47,24.2514,11.0157,9.0023,0.00,0.00,40.47,250.0675,11.9445,279.8723,0.00,100.00,182.67,-11.86,182.67,11.86,12.52
26.14,352.87,23.4349,7.9984,9.4247,0.04,100.00,40.47,0.00,94.47,0.00,0.00,23.7832,11.0163,9.3904,23.4930,11.0163,9.6511,0.00,0.00,40.47,24.2538,11.0163,9.0021,0.00,0.00,40.47,250.0675,11.9445,279.8723,0.00,100.00,182.67,-11.86,182.67,11.86,12.52
26.20,352.87,23.4400,7.9998,9.4243,0.09,100.00,40.44,0.00,94.47,0.00,0.00,23.7883,11.0177,9.3900,23.4980,11.0177,9.6506,0.00,0.00,40.44,24.2590,11.0177,9.0019,0.00,0.00,40.44,250.0675,11.9445,279.8723,0.00,100.00,182.67,-11.86,182.67,11.86,12.52
26.26,352.87,23.4400,7.9680,9.4243,0.55,100.00,40.42,0.00,94.47,0.00,0.00,23.7883,10.9859,9.3900,23.4978,10.9859,9.6504,0.00,0.00,40.42,24.2592,10.9859,9.0021,0.00,0.00,40.42,250.0675,11.9445,279.8723,0.00,100.00,182.67,-11.86,182.67,11.86,12.52
26.32,352.87,23.4400,8.0016,9.4243,0.55,100.00,40.39,0.00,94.47,0.00,0.00,23.7883,11.0195,9.3900,23.4977,11.0195,9.6503,0.00,0.00,40.39,24.2593,11.0195,9.0023,0.00,0.00,40.39,250.0675,11.9445,279.8723,0.00,100.00,182.67,-11.86,182.67,11.86,12.52
26.38,352.87,23.4427,7.9704,9.4241,0.54,100.00,40.37,0.00,94.47,0.00,0.00,23.7910,10.9883,9.3897,23.5003,10.9883,9.6500,0.00,0.00,40.37,24.2622,10.9883,9.0022,0.00,0.00,40.37,250.0675,11.9445,279.8723,0.00,100.00,182.67,-11.86,182.67,11.86,12.52
26.44,352.87,23.4477,7.9704,9.4237,0.08,100.00,40.37,0.00,94.47,0.00,0.00,23.7959,10.9883,9.3893,23.5053,10.9883,9.6496,0.00,0.00,40.37,24.2672,10.9883,9.0019,0.00,0.00,40.37,250.0675,11.9445,279.8723,0.00,100.00,182.67,-11.86,182.67,11.86,12.52
26.49,352.87,23.4477,7.9738,9.4237,0.06,100.00,40.37,0.00,94.47,0.00,0.00,23.7959,10.9917,9.3893,23.5053,10.9917,9.6496,0.00,0.00,40.37,24.2672,10.9917,9.0019,0.00,0.00,40.37,250.0675,11.9445,279.8723,0.00,100.00,182.67,-11.86,182.67,11.86,12.52
26.56,352.87,23.4477,7.9722,9.4237,0.03,100.00,40.37,0.00,94.47,0.00,0.00,23.7959,10.9901,9.3893,23.5053,10.9901,9.6496,0.00,0.00,40.37,24.2672,10.9901,9.0019,0.00,0.00,40.37,250.0675,11.9445,279.8723,0.00,100.00,182.67,-11.86,182.67,11.86,12.52
26.61,352.87,23.4477,7.9746,9.4237,0.04,100.00,40.37,0.00,94.47,0.00,0.00,23.7959,10.9925,9.3893,23.5053,10.9925,9.6496,0.00,0.00,40.37,24.2672,10.9925,9.0019,0.00,0.00,40.37,250.0675,11.9445,279.8723,0.00,100.00,182.67,-11.86,182.67,11.86,12.52
26.67,352.87,23.4477,7.9795,9.4237,0.09,100.00,40.37,0.00,94.47,0.00,0.00,23.7959,10.9974,9.3893,23.5053,10.9974,9.6496,0.00,0.00,40.37,24.2672,10.9974,9.0019,0.00,0.00,40.37,250.0675,11.9445,279.8723,0.00,100.00,182.67,-11.86,182.67,11.86,12.52
26.73,352.87,23.4501,7.9808,9.4235,0.05,100.00,40.37,0.00,94.47,0.00,0.00,23.7983,10.9987,9.3892,23.5077,10.9987,9.6494,0.00,0.00,40.37,24.2695,10.9987,9.0017,0.00,0.00,40.37,250.0675,11.9445,279.8723,0.00,100.00,182.67,-11.86,182.67,11.86,12.52
26.79,352.86,23.4551,7.9832,9.4231,0.10,100.00,40.37,0.00,94.47,0.00,0.00,23.8033,11.0011,9.3888,23.5127,11.0011,9.6490,0.00,0.00,40.37,24.2746,11.0011,9.0013,0.00,0.00,40.37,250.0675,11.9445,279.8723,0.00,100.00,182.67,-11.86,182.67,11.86,12.52
26.85,352.86,23.4625,7.9891,9.4225,0.17,100.00,40.37,0.00,94.47,0.00,0.00,23.8108,11.0070,9.3882,23.5202,11.0070,9.6484,0.00,0.00,40.37,24.2820,11.0070,9.0007,0.00,0.00,40.37,250.0675,11.9445,279.8723,0.00,100.00,182.67,-11.86,182.67,11.86,12.52
26.91,352.85,23.4721,7.9906,9.4217,0.16,100.00,40.37,0.00,94.47,0.00,0.00,23.8204,11.0085,9.3874,23.5297,11.0085,9.6476,0.00,0.00,40.37,24.2916,11.0085,8.9999,0.00,0.00,40.37,250.0675,11.9445,279.8723,0.00,100.00,182.67,-11.86,182.67,11.86,12.52
26.97,352.85,23.4846,7.9812,9.4207,0.24,100.00,40.37,0.00,94.47,0.00,0.00,23.8329,10.9991,9.3864,23.5422,10.9991,9.6467,0.00,0.00,40.37,24.3041,10.9991,8.9989,0.00,0.00,40.37,250.0675,11.9445,279.8723,0.00,100.00,182.67,-11.86,182.67,11.86,12.52
27.03,352.84,23.5015,7.9840,9.4194,0.29,100.00,40.37,0.00,94.47,0.00,0.00,23.8498,11.0019,9.3851,23.5591,11.0019,9.6453,0.00,0.00,40.37,24.3210,11.0019,8.9976,0.00,0.00,40.37,250.0675,11.9445,279.8723,0.00,100.00,182.67,-11.86,182.67,11.86,12.52
27.09,352.83,23.5084,7.9898,9.4189,0.16,100.00,40.37,0.00,94.47,0.00,0.00,23.8566,11.0077,9.3846,23.5660,11.0077,9.6448,0.00,0.00,40.37,24.3278,11.0077,8.9971,0.00,0.00,40.37,250.0675,11.9445,279.8723,0.00,100.00,182.67,-11.86,182.67,11.86,12.52
27.15,352.83,23.5084,7.9898,9.4189,0.00,100.00,40.37,0.00,94.47,0.00,0.00,23.8566,11.0077,9.3846,23.5660,11.0077,9.6448,0.00,0.00,40.37,24.3278,11.0077,8.9971,0.00,0.00,40.37,250.0675,11.9445,279.8723,0.00,100.00,182.67,-11.86,182.67,11.86,12.52
27.21,352.83,23.5084,7.9905,9.4189,0.01,100.00,40.37,0.00,94.47,0.00,0.00,23.8566,11.0084,9.3846,23.5660,11.0084,9.6448,0.00,0.00,40.37,24.3278,11.0084,8.9971,0.00,0.00,40.37,250.0675,11.9445,279.8723,0.00,100.00,182.67,-11.86,182.67,11.86,12.52
27.26,352.83,23.5084,7.9973,9.4189,0.12,100.00,40.37,0.00,94.47,0.00,0.00,23.8566,11.0152,9.3846,23.5660,11.0152,9.6448,0.00,0.00,40.37,24.3278,11.0152,8.9971,0.00,0.00,40.37,250.0675,11.9445,279.8723,0.00,100.00,182.67,-11.86,182.67,11.86,12.52
27.32,352.83,23.5106,7.9967,9.4187,0.04,100.00,40.37,0.00,94.47,0.00,0.00,23.8589,11.0146,9.3844,23.5683,11.0146,9.6446,0.00,0.00,40.37,24.3301,11.0146,8.9969,0.00,0.00,40.37,250.0675,11.9445,279.8723,0.00,100.00,182.67,-11.86,182.67,11.86,12.52
27.38,352.83,23.5158,7.9977,9.4183,0.09,100.00,40.37,0.00,94.47,0.00,0.00,23.8640,11.0156,9.3840,23.5734,11.0156,9.6442,0.00,0.00,40.37,24.3352,11.0156,8.9965,0.00,0.00,40.37,250.0675,11.9445,279.8723,0.00,100.00,182.67,-11.86,182.67,11.86,12.52
27.44,352.83,23.5158,7.9991,9.4183,0.02,100.00,40.37,0.00,94.47,0.00,0.00,23.8640,11.0170,9.3840,23.5734,11.0170,9.6442,0.00,0.00,40.37,24.3352,11.0170,8.9965,0.00,0.00,40.37,250.0675,11.9445,279.8723,0.00,100.00,182.67,-11.86,182.67,11.86,12.52
27.50,352.83,23.5158,7.9696,9.4183,0.52,100.00,40.37,0.00,94.47,0.00,0.00,23.8640,10.9875,9.3840,23.5734,10.9875,9.6442,0.00,0.00,40.37,24.3352,10.9875,8.9965,0.00,0.00,40.37,250.0675,11.9445,279.8723,0.00,100.00,182.67,-11.86,182.67,11.86,12.52
27.56,352.83,23.5181,7.9695,9.4181,0.04,100.00,40.37,0.00,94.47,0.00,0.00,23.8664,10.9874,9.3838,23.5757,10.9874,9.6440,0.00,0.00,40.37,24.3376,10.9874,8.9963,0.00,0.00,40.37,250.0675,11.9445,279.8723,0.00,100.00,182.67,-11.86,182.67,11.86,12.52
27.62,352.82,23.5232,7.9696,9.4177,0.09,100.00,40.37,0.00,94.47,0.00,0.00,23.8715,10.9875,9.3834,23.5808,10.9875,9.6436,0.00,0.00,40.37,24.3427,10.9875,8.9959,0.00,0.00,40.37,250.0675,11.9445,279.8723,0.00,100.00,182.67,-11.86,182.67,11.86,12.52
27.68,352.82,23.5309,7.9721,9.4171,0.14,100.00,40.37,0.00,94.47,0.00,0.00,23.8792,10.9900,9.3828,23.5885,10.9900,9.6430,0.00,0.00,40.37,24.3504,10.9900,8.9953,0.00,0.00,40.37,250.0675,11.9445,279.8723,0.00,100.00,182.67,-11.86,182.67,11.86,12.52
27.73,352.81,23.5409,7.9770,9.4163,0.20,100.00,40.37,0.00,94.47,0.00,0.00,23.8892,10.9949,9.3820,23.5985,10.9949,9.6422,0.00,0.00,40.37,24.3604,10.9949,8.9945,0.00,0.00,40.37,250.0675,11.9445,279.8723,0.00,100.00,182.67,-11.86,182.67,11.86,12.52
27.79,352.81,23.5428,7.9754,9.4162,0.04,100.00,40.37,0.00,94.47,0.00,0.00,23.8910,10.9933,9.3819,23.6004,10.9933,9.6421,0.00,0.00,40.37,24.3623,10.9933,8.9944,0.00,0.00,40.37,250.0675,11.9445,279.8723,0.00,100.00,182.67,-11.86,182.67,11.86,12.52
27.85,352.81,23.5428,7.9780,9.4162,0.04,100.00,40.37,0.00,94.47,0.00,0.00,23.8910,10.9959,9.3819,23.6004,10.9959,9.6421,0.00,0.00,40.37,24.3623,10.9959,8.9944,0.00,0.00,40.37,250.0675,11.9445,279.8723,0.00,100.00,182.67,-11.86,182.67,11.86,12.52
27.91,352.81,23.5428,7.9814,9.4162,0.06,100.00,40.37,0.00,94.47,0.00,0.00,23.8910,10.9993,9.3819,23.6004,10.9993,9.6421,0.00,0.00,40.37,24.3623,10.9993,8.9944,0.00,0.00,40.37,250.0675,11.9445,279.8723,0.00,100.00,182.67,-11.86,182.67,11.86,12.52
27.97,352.81,23.5428,7.9823,9.4162,0.02,100.00,40.37,0.00,94.47,0.00,0.00,23.8910,11.0002,9.3819,23.6004,11.0002,9.6421,0.00,0.00,40.37,24.3623,11.0002,8.9944,0.00,0.00,40.37,250.0675,11.9445,279.8723,0.00,100.00,182.67,-11.86,182.67,11.86,12.52
28.03,352.81,23.5428,7.9824,9.4162,0.00,100.00,40.37,0.00,94.47,0.00,0.00,23.8910,11.0003,9.3819,23.6004,11.0003,9.6421,0.00,0.00,40.37,24.3623,11.0003,8.9944,0.00,0.00,40.37,250.0675,11.9445,279.8723,0.00,100.00,182.67,-11.86,182.67,11.86,12.52
28.09,352.81,23.5428,7.9829,9.4162,0.01,100.00,40.37,0.00,94.47,0.00,0.00,23.8910,11.0008,9.3819,23.6004,11.0008,9.6421,0.00,0.00,40.37,24.3623,11.0008,8.9944,0.00,0.00,40.37,250.0675,11.9445,279.8723,0.00,100.00,182.67,-11.86,182.67,11.86,12.52
28.15,352.81,23.5454,7.9857,9.4160,0.06,100.00,40.37,0.00,94.47,0.00,0.00,23.8936,11.0036,9.3817,23.6030,11.0036,9.6419,0.00,0.00,40.37,24.3648,11.0036,8.9942,0.00,0.00,40.37,250.0675,11.9445,279.8723,0.00,100.00,182.67,-11.86,182.67,11.86,12.52
28.21,352.81,23.5504,7.9900,9.4156,0.11,100.00,40.37,0.00,94.47,0.00,0.00,23.8986,11.0078,9.3813,23.6080,11.0078,9.6415,0.00,0.00,40.37,24.3699,11.0078,8.9938,0.00,0.00,40.37,250.0675,11.9445,279.8723,0.00,100.00,182.67,-11.86,182.67,11.86,12.52
28.26,352.81,23.5504,7.9919,9.4156,0.03,100.00,40.37,0.00,94.47,0.00,0.00,23.8986,11.0098,9.3813,23.6080,11.0098,9.6415,0.00,0.00,40.37,24.3699,11.0098,8.9938,0.00,0.00,40.37,250.0675,11.9445,279.8723,0.00,100.00,182.67,-11.86,182.67,11.86,12.52
28.33,352.81,23.5504,7.9897,9.4156,0.04,100.00,40.37,0.00,94.47,0.00,0.00,23.8986,11.0076,9.3813,23.6080,11.0076,9.6415,0.00,0.00,40.37,24.3699,11.0076,8.9938,0.00,0.00,40.37,250.0675,11.9445,279.8723,0.00,100.00,182.67,-11.86,182.67,11.86,12.52
28.38,352.81,23.5531,7.9978,9.4154,0.15,100.00,40.37,0.00,94.47,0.00,0.00,23.9014,11.0157,9.3811,23.6107,11.0157,9.6413,0.00,0.00,40.37,24.3726,11.0157,8.9936,0.00,0.00,40.37,250.0675,11.9445,279.8723,0.00,100.00,182.67,-11.86,182.67,11.86,12.52
28.44,352.80,23.5578,7.9984,9.4150,0.08,100.00,40.37,0.00,94.47,0.00,0.00,23.9061,11.0163,9.3807,23.6154,11.0163,9.6409,0.00,0.00,40.37,24.3773,11.0163,8.9932,0.00,0.00,40.37,250.0675,11.9445,279.8723,0.00,100.00,182.67,-11.86,182.67,11.86,12.52
28.50,352.80,23.5654,8.0007,9.4144,0.14,100.00,40.37,0.00,94.47,0.00,0.00,23.9137,11.0186,9.3801,23.6231,11.0186,9.6403,0.00,0.00,40.37,24.3849,11.0186,8.9926,0.00,0.00,40.37,250.0675,11.9445,279.8723,0.00,100.00,182.67,-11.86,182.67,11.86,12.52
28.56,352.79,23.5755,7.9705,9.4136,0.56,100.00,40.37,0.00,94.47,0.00,0.00,23.9237,10.9884,9.3793,23.6331,10.9884,9.6395,0.00,0.00,40.37,24.3950,10.9884,8.9918,0.00,0.00,40.37,250.0675,11.9445,279.8723,0.00,100.00,182.67,-11.86,182.67,11.86,12.52
28.61,352.79,23.5876,7.9742,9.4127,0.22,100.00,40.37,0.00,94.47,0.00,0.00,23.9359,10.9921,9.3784,23.6452,10.9921,9.6386,0.00,0.00,40.37,24.4071,10.9921,8.9909,0.00,0.00,40.37,250.0675,11.9445,279.8723,0.00,100.00,182.67,-11.86,182.67,11.86,12.52
28.67,352.78,23.6023,7.9765,9.4115,0.26,100.00,40.37,0.00,94.47,0.00,0.00,23.9506,10.9944,9.3772,23.6599,10.9944,9.6374,0.00,0.00,40.37,24.4218,10.9944,8.9897,0.00,0.00,40.37,250.0675,11.9445,279.8723,0.00,100.00,182.67,-11.86,182.67,11.86,12.52
28.73,352.77,23.6198,7.9773,9.4102,0.29,100.00,40.37,0.00,94.47,0.00,0.00,23.9680,10.9952,9.3758,23.6774,10.9952,9.6361,0.00,0.00,40.37,24.4392,10.9952,8.9883,0.00,0.00,40.37,250.0675,11.9445,279.8723,0.00,100.00,182.67,-11.86,182.67,11.86,12.52
28.79,352.75,23.6400,7.9830,9.4086,0.37,100.00,40.37,0.00,94.47,0.00,0.00,23.9883,11.0009,9.3743,23.6976,11.0009,9.6345,0.00,0.00,40.37,24.4595,11.0009,8.9868,0.00,0.00,40.37,250.0675,11.9445,279.8723,0.00,100.00,182.67,-11.86,182.67,11.86,12.52
28.85,352.74,23.6617,7.9830,9.4069,0.36,100.00,40.37,0.00,94.47,0.00,0.00,24.0100,11.0009,9.3726,23.7193,11.0009,9.6328,0.00,0.00,40.37,24.4812,11.0009,8.9851,0.00,0.00,40.37,250.0675,11.9445,279.8723,0.00,100.00,182.67,-11.86,182.67,11.86,12.52
28.91,352.73,23.6872,7.9862,9.4049,0.44,100.00,40.37,0.00,94.47,0.00,0.00,24.0355,11.0041,9.3706,23.7448,11.0041,9.6308,0.00,0.00,40.37,24.5067,11.0041,8.9831,0.00,0.00,40.37,250.0675,11.9445,279.8723,0.00,100.00,182.67,-11.86,182.67,11.86,12.52
28.97,352.71,23.7144,7.9879,9.4027,0.46,100.00,40.37,0.00,94.47,0.00,0.00,24.0627,11.0058,9.3684,23.7720,11.0058,9.6287,0.00,0.00,40.37,24.5339,11.0058,8.9809,0.00,0.00,40.37,250.0675,11.9445,279.8723,0.00,100.00,182.67,-11.86,182.67,11.86,12.52
29.02,352.69,23.7445,7.9914,9.4004,0.52,100.00,40.37,0.00,94.47,0.00,0.00,24.0928,11.0093,9.3661,23.8021,11.0093,9.6263,0.00,0.00,40.37,24.5640,11.0093,8.9786,0.00,0.00,40.37,250.0675,11.9445,279.8723,0.00,100.00,182.67,-11.86,182.67,11.86,12.52
29.08,352.68,23.7660,7.9978,9.3987,0.40,100.00,40.37,0.00,94.47,0.00,0.00,24.1142,11.0157,9.3644,23.8236,11.0157,9.6246,0.00,0.00,40.37,24.5855,11.0157,8.9769,0.00,0.00,40.37,250.0675,11.9445,279.8723,0.00,100.00,182.67,-11.86,182.67,11.86,12.52
29.14,352.67,23.7791,7.9677,9.3977,0.58,100.00,40.37,0.00,94.47,0.00,0.00,24.1274,10.9856,9.3634,23.8367,10.9856,9.6236,0.00,0.00,40.37,24.5986,10.9856,8.9759,0.00,0.00,40.37,250.0675,11.9445,279.8723,0.00,100.00,182.67,-11.86,182.67,11.86,12.52
29.20,352.67,23.7845,7.9683,9.3973,0.09,100.00,40.37,0.00,94.47,0.00,0.00,24.1328,10.9862,9.3629,23.8422,10.9862,9.6232,0.00,0.00,40.37,24.6040,10.9862,8.9755,0.00,0.00,40.37,250.0675,11.9445,279.8723,0.00,100.00,182.67,-11.86,182.67,11.86,12.52
29.26,352.67,23.7845,7.9703,9.3973,0.03,100.00,40.37,0.00,94.47,0.00,0.00,24.1328,10.9882,9.3629,23.8422,10.9882,9.6232,0.00,0.00,40.37,24.6040,10.9882,8.9755,0.00,0.00,40.37,250.0675,11.9445,279.8723,0.00,100.00,182.67,-11.86,182.67,11.86,12.52
29.31,352.67,23.7871,7.9742,9.3971,0.08,100.00,40.37,0.00,94.47,0.00,0.00,24.1353,10.9921,9.3628,23.8447,10.9921,9.6230,0.00,0.00,40.37,24.6065,10.9921,8.9753,0.00,0.00,40.37,250.0675,11.9445,279.8723,0.00,100.00,182.67,-11.86,182.67,11.86,12.52
29.37,352.67,23.7920,7.9738,9.3967,0.08,100.00,40.37,0.00,94.47,0.00,0.00,24.1402,10.9917,9.3624,23.8496,10.9917,9.6226,0.00,0.00,40.37,24.6114,10.9917,8.9749,0.00,0.00,40.37,250.0675,11.9445,279.8723,0.00,100.00,182.67,-11.86,182.67,11.86,12.52
29.43,352.67,23.7920,7.9764,9.3967,0.04,100.00,40.37,0.00,94.47,0.00,0.00,24.1402,10.9943,9.3624,23.8496,10.9943,9.6226,0.00,0.00,40.37,24.6114,10.9943,8.9749,0.00,0.00,40.37,250.0675,11.9445,279.8723,0.00,100.00,182.67,-11.86,182.67,11.86,12.52
29.49,352.67,23.7920,7.9796,9.3967,0.06,100.00,40.37,0.00,94.47,0.00,0.00,24.1402,10.9975,9.3624,23.8496,10.9975,9.6226,0.00,0.00,40.37,24.6114,10.9975,8.9749,0.00,0.00,40.37,250.0675,11.9445,279.8723,0.00,100.00,182.67,-11.86,182.67,11.86,12.52
29.55,352.67,23.7920,7.9860,9.3967,0.11,100.00,40.37,0.00,94.47,0.00,0.00,24.1402,11.0039,9.3624,23.8496,11.0039,9.6226,0.00,0.00,40.37,24.6114,11.0039,8.9749,0.00,0.00,40.37,250.0675,11.9445,279.8723,0.00,100.00,182.67,-11.86,182.67,11.86,12.52
29.61,352.67,23.7920,7.9840,9.3967,0.03,100.00,40.37,0.00,94.47,0.00,0.00,24.1402,11.0018,9.3624,23.8496,11.0018,9.6226,0.00,0.00,40.37,24.6114,11.0018,8.9749,0.00,0.00,40.37,250.0675,11.9445,279.8723,0.00,100.00,182.67,-11.86,182.67,11.86,12.52
29.66,352.66,23.7947,7.9919,9.3965,0.15,100.00,40.37,0.00,94.47,0.00,0.00,24.1429,11.0098,9.3622,23.8523,11.0098,9.6224,0.00,0.00,40.37,24.6142,11.0098,8.9747,0.00,0.00,40.37,250.0675,11.9445,279.8723,0.00,100.00,182.67,-11.86,182.67,11.86,12.52
29.72,352.66,23.7994,7.9932,9.3961,0.08,100.00,40.37,0.00,94.47,0.00,0.00,24.1476,11.0111,9.3618,23.8570,11.0111,9.6220,0.00,0.00,40.37,24.6189,11.0111,8.9743,0.00,0.00,40.37,250.0675,11.9445,279.8723,0.00,100.00,182.67,-11.86,182.67,11.86,12.52
29.78,352.66,23.8070,7.9975,9.3955,0.15,100.00,40.37,0.00,94.47,0.00,0.00,24.1552,11.0154,9.3612,23.8646,11.0154,9.6214,0.00,0.00,40.37,24.6264,11.0154,8.9737,0.00,0.00,40.37,250.0675,11.9445,279.8723,0.00,100.00,182.67,-11.86,182.67,11.86,12.52
29.84,352.65,23.8167,7.9982,9.3947,0.16,100.00,40.37,0.00,94.47,0.00,0.00,24.1650,11.0161,9.3604,23.8743,11.0161,9.6207,0.00,0.00,40.37,24.6362,11.0161,8.9729,0.00,0.00,40.37,250.0675,11.9445,279.8723,0.00,100.00,182.67,-11.86,182.67,11.86,12.52
29.90,352.65,23.8182,7.9697,9.3946,0.51,100.00,40.37,0.00,94.47,0.00,0.00,24.1665,10.9876,9.3603,23.8758,10.9876,9.6205,0.00,0.00,40.37,24.6377,10.9876,8.9728,0.00,0.00,40.37,250.0675,11.9445,279.8723,0.00,100.00,182.67,-11.86,182.67,11.86,12.52
29.96,352.65,23.8182,7.9704,9.3946,0.01,100.00,40.37,0.00,94.47,0.00,0.00,24.1665,10.9883,9.3603,23.8758,10.9883,9.6205,0.00,0.00,40.37,24.6377,10.9883,8.9728,0.00,0.00,40.37,250.0675,11.9445,279.8723,0.00,100.00,182.67,-11.86,182.67,11.86,12.52
30.02,352.65,23.8182,7.9714,9.3946,0.02,100.00,40.37,0.00,94.47,0.00,0.00,24.1665,10.9893,9.3603,23.8758,10.9893,9.6205,0.00,0.00,40.37,24.6377,10.9893,8.9728,0.00,0.00,40.37,250.0675,11.9445,279.8723,0.00,100.00,182.67,-11.86,182.67,11.86,12.52
30.07,352.65,23.8182,7.9738,9.3946,0.04,100.00,40.37,0.00,94.47,0.00,0.00,24.1665,10.9917,9.3603,23.8758,10.9917,9.6205,0.00,0.00,40.37,24.6377,10.9917,8.9728,0.00,0.00,40.37,250.0675,11.9445,279.8723,0.00,100.00,182.67,-11.86,182.67,11.86,12.52
30.13,352.65,23.8182,7.9806,9.3946,0.12,100.00,40.37,0.00,94.47,0.00,0.00,24.1665,10.9984,9.3603,23.8758,10.9984,9.6205,0.00,0.00,40.37,24.6377,10.9984,8.9728,0.00,0.00,40.37,250.0675,11.9445,279.8723,0.00,100.00,182.67,-11.86,182.67,11.86,12.52
30.19,352.65,23.8182,7.9790,9.3946,0.03,100.00,40.37,0.00,94.47,0.00,0.00,24.1665,10.9969,9.3603,23.8758,10.9969,9.6205,0.00,0.00,40.37,24.6377,10.9969,8.9728,0.00,0.00,40.37,250.0675,11.9445,279.8723,0.00,100.00,182.67,-11.86,182.67,11.86,12.52
30.25,352.65,23.8209,7.9814,9.3944,0.06,100.00,40.37,0.00,94.47,0.00,0.00,24.1692,10.9993,9.3601,23.8785,10.9993,9.6203,0.00,0.00,40.37,24.6404,10.9993,8.9726,0.00,0.00,40.37,250.0675,11.9445,279.8723,0.00,100.00,182.67,-11.86,182.67,11.86,12.52
30.31,352.65,23.8260,7.9840,9.3940,0.10,100.00,40.37,0.00,94.47,0.00,0.00,24.1743,11.0019,9.3597,23.8836,11.0019,9.6199,0.00,0.00,40.37,24.6455,11.0019,8.9722,0.00,0.00,40.37,250.0675,11.9445,279.8723,0.00,100.00,182.67,-11.86,182.67,11.86,12.52
30.37,352.64,23.8336,7.9865,9.3934,0.14,100.00,40.37,0.00,94.47,0.00,0.00,24.1819,11.0044,9.3591,23.8912,11.0044,9.6193,0.00,0.00,40.37,24.6531,11.0044,8.9716,0.00,0.00,40.37,250.0675,11.9445,279.8723,0.00,100.00,182.67,-11.86,182.67,11.86,12.52
30.43,352.64,23.8437,7.9873,9.3926,0.17,100.00,40.37,0.00,94.47,0.00,0.00,24.1919,11.0052,9.3583,23.9013,11.0052,9.6186,0.00,0.00,40.37,24.6632,11.0052,8.9708,0.00,0.00,40.37,250.0675,11.9445,279.8723,0.00,100.00,182.67,-11.86,182.67,11.86,12.52
30.48,352.64,23.8453,7.9939,9.3925,0.12,100.00,40.37,0.00,94.47,0.00,0.00,24.1936,11.0118,9.3582,23.9029,11.0118,9.6184,0.00,0.00,40.37,24.6648,11.0118,8.9707,0.00,0.00,40.37,250.0675,11.9445,279.8723,0.00,100.00,182.67,-11.86,182.67,11.86,12.52
30.54,352.64,23.8453,7.9932,9.3925,0.01,100.00,40.37,0.00,94.47,0.00,0.00,24.1936,11.0110,9.3582,23.9029,11.0110,9.6184,0.00,0.00,40.37,24.6648,11.0110,8.9707,0.00,0.00,40.37,250.0675,11.9445,279.8723,0.00,100.00,182.67,-11.86,182.67,11.86,12.52
30.60,352.64,23.8453,7.9958,9.3925,0.05,100.00,40.37,0.00,94.47,0.00,0.00,24.1936,11.0137,9.3582,23.9029,11.0137,9.6184,0.00,0.00,40.37,24.6648,11.0137,8.9707,0.00,0.00,40.37,250.0675,11.9445,279.8723,0.00,100.00,182.67,-11.86,182.67,11.86,12.52
30.66,352.63,23.8453,7.9966,9.3925,0.01,100.00,40.37,0.00,94.47,0.00,0.00,24.1936,11.0145,9.3582,23.9029,11.0145,9.6184,0.00,0.00,40.37,24.6648,11.0145,8.9707,0.00,0.00,40.37,250.0675,11.9445,279.8723,0.00,100.00,182.67,-11.86,182.67,11.86,12.52
30.72,352.63,23.8479,7.9680,9.3923,0.51,100.00,40.37,0.00,94.47,0.00,0.00,24.1962,10.9859,9.3580,23.9055,10.9859,9.6182,0.00,0.00,40.37,24.6674,10.9859,8.9705,0.00,0.00,40.37,250.0675,11.9445,279.8723,0.00,100.00,182.67,-11.86,182.67,11.86,12.52
30.78,352.63,23.8526,7.9681,9.3919,0.08,100.00,40.37,0.00,94.47,0.00,0.00,24.2009,10.9860,9.3576,23.9102,10.9860,9.6179,0.00,0.00,40.37,24.6721,10.9860,8.9701,0.00,0.00,40.37,250.0675,11.9445,279.8723,0.00,100.00,182.67,-11.86,182.67,11.86,12.52
30.84,352.63,23.8603,7.9712,9.3913,0.14,100.00,40.37,0.00,94.47,0.00,0.00,24.2085,10.9891,9.3570,23.9179,10.9891,9.6173,0.00,0.00,40.37,24.6798,10.9891,8.9695,0.00,0.00,40.37,250.0675,11.9445,279.8723,0.00,100.00,182.67,-11.86,182.67,11.86,12.52
30.90,352.62,23.8702,7.9705,9.3906,0.16,100.00,40.37,0.00,94.47,0.00,0.00,24.2184,10.9884,9.3563,23.9278,10.9884,9.6165,0.00,0.00,40.37,24.6897,10.9884,8.9688,0.00,0.00,40.37,250.0675,11.9445,279.8723,0.00,100.00,182.67,-11.86,182.67,11.86,12.52
30.95,352.61,23.8831,7.9762,9.3896,0.25,100.00,40.37,0.00,94.47,0.00,0.00,24.2314,10.9941,9.3552,23.9407,10.9941,9.6155,0.00,0.00,40.37,24.7026,10.9941,8.9677,0.00,0.00,40.37,250.0675,11.9445,279.8723,0.00,100.00,182.67,-11.86,182.67,11.86,12.52
31.01,352.60,23.8976,7.9814,9.3884,0.27,100.00,40.37,0.00,94.47,0.00,0.00,24.2458,10.9993,9.3541,23.9552,10.9993,9.6143,0.00,0.00,40.37,24.7171,10.9993,8.9666,0.00,0.00,40.37,250.0675,11.9445,279.8723,0.00,100.00,182.67,-11.86,182.67,11.86,12.52
31.07,352.60,23.9043,7.9822,9.3879,0.11,100.00,40.37,0.00,94.47,0.00,0.00,24.2525,11.0001,9.3536,23.9619,11.0001,9.6138,0.00,0.00,40.37,24.7237,11.0001,8.9661,0.00,0.00,40.37,250.0675,11.9445,279.8723,0.00,100.00,182.67,-11.86,182.67,11.86,12.52
31.13,352.60,23.9043,7.9838,9.3879,0.03,100.00,40.37,0.00,94.47,0.00,0.00,24.2525,11.0017,9.3536,23.9619,11.0017,9.6138,0.00,0.00,40.37,24.7237,11.0017,8.9661,0.00,0.00,40.37,250.0675,11.9445,279.8723,0.00,100.00,182.67,-11.86,182.67,11.86,12.52
31.19,352.60,23.9068,7.9906,9.3877,0.13,100.00,40.37,0.00,94.47,0.00,0.00,24.2550,11.0085,9.3534,23.9644,11.0085,9.6136,0.00,0.00,40.37,24.7263,11.0085,8.9659,0.00,0.00,40.37,250.0675,11.9445,279.8723,0.00,100.00,182.67,-11.86,182.67,11.86,12.52
31.24,352.60,23.9115,7.9965,9.3873,0.13,100.00,40.37,0.00,94.47,0.00,0.00,24.2598,11.0144,9.3530,23.9691,11.0144,9.6133,0.00,0.00,40.37,24.7310,11.0144,8.9655,0.00,0.00,40.37,250.0675,11.9445,279.8723,0.00,100.00,182.67,-11.86,182.67,11.86,12.52
31.30,352.59,23.9186,7.9966,9.3868,0.12,100.00,40.37,0.00,94.47,0.00,0.00,24.2668,11.0145,9.3525,23.9762,11.0145,9.6127,0.00,0.00,40.37,24.7380,11.0145,8.9650,0.00,0.00,40.37,250.0675,11.9445,279.8723,0.00,100.00,182.67,-11.86,182.67,11.86,12.52
31.36,352.59,23.9287,7.9965,9.3860,0.17,100.00,40.37,0.00,94.47,0.00,0.00,24.2769,11.0144,9.3517,23.9863,11.0144,9.6119,0.00,0.00,40.37,24.7481,11.0144,8.9642,0.00,0.00,40.37,250.0675,11.9445,279.8723,0.00,100.00,182.67,-11.86,182.67,11.86,12.52
31.42,352.58,23.9414,7.9671,9.3850,0.57,100.00,40.37,0.00,94.47,0.00,0.00,24.2897,10.9850,9.3507,23.9990,10.9850,9.6109,0.00,0.00,40.37,24.7609,10.9850,8.9632,0.00,0.00,40.37,250.0675,11.9445,279.8723,0.00,100.00,182.67,-11.86,182.67,11.86,12.52
31.48,352.57,23.9558,7.9704,9.3839,0.25,100.00,40.37,0.00,94.47,0.00,0.00,24.3040,10.9883,9.3496,24.0134,10.9883,9.6098,0.00,0.00,40.37,24.7752,10.9883,8.9621,0.00,0.00,40.37,250.0675,11.9445,279.8723,0.00,100.00,182.67,-11.86,182.67,11.86,12.52
31.54,352.56,23.9729,7.9706,9.3825,0.29,100.00,40.37,0.00,94.47,0.00,0.00,24.3212,10.9885,9.3482,24.0305,10.9885,9.6084,0.00,0.00,40.37,24.7924,10.9885,8.9607,0.00,0.00,40.37,250.0675,11.9445,279.8723,0.00,100.00,182.67,-11.86,182.67,11.86,12.52
31.60,352.55,23.9932,7.9730,9.3809,0.35,100.00,40.37,0.00,94.47,0.00,0.00,24.3415,10.9909,9.3466,24.0509,10.9909,9.6069,0.00,0.00,40.37,24.8127,10.9909,8.9591,0.00,0.00,40.37,250.0675,11.9445,279.8723,0.00,100.00,182.67,-11.86,182.67,11.86,12.52
31.65,352.54,24.0156,7.9748,9.3792,0.38,100.00,40.37,0.00,94.47,0.00,0.00,24.3639,10.9926,9.3449,24.0732,10.9926,9.6051,0.00,0.00,40.37,24.8351,10.9926,8.9574,0.00,0.00,40.37,250.0675,11.9445,279.8723,0.00,100.00,182.67,-11.86,182.67,11.86,12.52
31.71,352.52,24.0407,7.9764,9.3772,0.43,100.00,40.37,0.00,94.47,0.00,0.00,24.3889,10.9943,9.3429,24.0983,10.9943,9.6031,0.00,0.00,40.37,24.8602,10.9943,8.9554,0.00,0.00,40.37,250.0675,11.9445,279.8723,0.00,100.00,182.67,-11.86,182.67,11.86,12.52
31.77,352.51,24.0683,7.9815,9.3751,0.49,100.00,40.37,0.00,94.47,0.00,0.00,24.4165,10.9994,9.3408,24.1259,10.9994,9.6010,0.00,0.00,40.37,24.8878,10.9994,8.9533,0.00,0.00,40.37,250.0675,11.9445,279.8723,0.00,100.00,182.67,-11.86,182.67,11.86,12.52
31.83,352.49,24.0974,7.9881,9.3728,0.53,100.00,40.37,0.00,94.47,0.00,0.00,24.4456,11.0060,9.3385,24.1550,11.0060,9.5987,0.00,0.00,40.37,24.9169,11.0060,8.9510,0.00,0.00,40.37,250.0675,11.9445,279.8723,0.00,100.00,182.67,-11.86,182.67,11.86,12.52
31.89,352.47,24.1283,7.9898,9.3704,0.53,100.00,40.37,0.00,94.47,0.00,0.00,24.4766,11.0077,9.3361,24.1859,11.0077,9.5963,0.00,0.00,40.37,24.9478,11.0077,8.9486,0.00,0.00,40.37,250.0675,11.9445,279.8723,0.00,100.00,182.67,-11.86,182.67,11.86,12.52
31.94,352.45,24.1633,7.9965,9.3676,0.64,100.00,40.37,0.00,94.47,0.00,0.00,24.5116,11.0144,9.3333,24.2209,11.0144,9.5936,0.00,0.00,40.37,24.9828,11.0144,8.9458,0.00,0.00,40.37,250.0675,11.9445,279.8723,0.00,100.00,182.67,-11.86,182.67,11.86,12.52
32.00,352.43,24.1989,8.0005,9.3648,0.62,100.00,40.37,0.00,94.47,0.00,0.00,24.5472,11.0184,9.3305,24.2565,11.0184,9.5908,0.00,0.00,40.37,25.0184,11.0184,8.9430,0.00,0.00,40.37,250.0675,11.9445,279.8723,0.00,100.00,182.67,-11.86,182.67,11.86,12.52
32.06,352.41,24.2379,7.9671,9.3618,0.87,100.00,40.37,0.00,94.47,0.00,0.00,24.5862,10.9850,9.3275,24.2955,10.9850,9.5877,0.00,0.00,40.37,25.0574,10.9850,8.9400,0.00,0.00,40.37,250.0675,11.9445,279.8723,0.00,100.00,182.67,-11.86,182.67,11.86,12.52
32.12,352.38,24.2802,7.9991,9.3585,0.86,100.00,40.37,0.00,94.47,0.00,0.00,24.6285,11.0170,9.3242,24.3378,11.0170,9.5844,0.00,0.00,40.37,25.0997,11.0170,8.9367,0.00,0.00,40.37,250.0675,11.9445,279.8723,0.00,100.00,182.67,-11.86,182.67,11.86,12.52
32.18,352.35,24.3275,7.9974,9.3548,0.78,100.00,40.35,0.00,94.47,0.00,0.00,24.6758,11.0153,9.3205,24.3850,11.0153,9.5806,0.00,0.00,40.35,25.1471,11.0153,8.9332,0.00,0.00,40.35,250.0675,11.9445,279.8723,0.00,100.00,182.67,-11.86,182.67,11.86,12.52
32.24,352.33,24.3767,8.0007,9.3509,0.85,100.00,40.32,0.00,94.47,0.00,0.00,24.7250,11.0186,9.3166,24.4341,11.0186,9.5766,0.00,0.00,40.32,25.1965,11.0186,8.9295,0.00,0.00,40.32,250.0675,11.9445,279.8723,0.00,100.00,182.67,-11.86,182.67,11.86,12.52
32.30,352.30,24.4261,7.9698,9.3471,1.02,100.00,40.30,0.00,94.47,0.00,0.00,24.7744,10.9877,9.3128,24.4834,10.9877,9.5726,0.00,0.00,40.30,25.2461,10.9877,8.9259,0.00,0.00,40.30,250.0675,11.9445,279.8723,0.00,100.00,182.67,-11.86,182.67,11.86,12.52
32.36,352.27,24.4670,7.9731,9.3439,0.71,100.00,40.27,0.00,94.47,0.00,0.00,24.8152,10.9910,9.3096,24.5242,10.9910,9.5693,0.00,0.00,40.27,25.2871,10.9910,8.9229,0.00,0.00,40.27,250.0675,11.9445,279.8723,0.00,100.00,182.67,-11.86,182.67,11.86,12.52
32.41,352.25,24.5001,7.9748,9.3413,0.56,100.00,40.25,0.00,94.47,0.00,0.00,24.8484,10.9927,9.3070,24.5572,10.9927,9.5666,0.00,0.00,40.25,25.3204,10.9927,8.9205,0.00,0.00,40.25,250.0675,11.9445,279.8723,0.00,100.00,182.67,-11.86,182.67,11.86,12.52
32.47,352.24,24.5253,7.9829,9.3393,0.48,100.00,40.23,0.00,94.47,0.00,0.00,24.8736,11.0008,9.3050,24.5823,11.0008,9.5645,0.00,0.00,40.23,25.3458,11.0008,8.9187,0.00,0.00,40.23,250.0675,11.9445,279.8723,0.00,100.00,182.67,-11.86,182.67,11.86,12.52
32.53,352.23,24.5415,7.9830,9.3380,0.27,100.00,40.23,0.00,94.47,0.00,0.00,24.8898,11.0009,9.3037,24.5985,11.0009,9.5632,0.00,0.00,40.23,25.3620,11.0009,8.9174,0.00,0.00,40.23,250.0675,11.9445,279.8723,0.00,100.00,182.67,-11.86,182.67,11.86,12.52
32.59,352.22,24.5616,7.9874,9.3365,0.36,100.00,40.23,0.00,94.47,0.00,0.00,24.9099,11.0053,9.3022,24.6186,11.0053,9.5617,0.00,0.00,40.23,25.3821,11.0053,8.9158,0.00,0.00,40.23,250.0675,11.9445,279.8723,0.00,100.00,182.67,-11.86,182.67,11.86,12.52
32.64,352.21,24.5834,7.9915,9.3348,0.39,100.00,40.23,0.00,94.47,0.00,0.00,24.9317,11.0094,9.3005,24.6403,11.0094,9.5600,0.00,0.00,40.23,25.4038,11.0094,8.9141,0.00,0.00,40.23,250.0675,11.9445,279.8723,0.00,100.00,182.67,-11.86,182.67,11.86,12.52
32.70,352.19,24.6076,7.9974,9.3329,0.44,100.00,40.23,0.00,94.47,0.00,0.00,24.9558,11.0153,9.2986,24.6645,11.0153,9.5581,0.00,0.00,40.23,25.4280,11.0153,8.9122,0.00,0.00,40.23,250.0675,11.9445,279.8723,0.00,100.00,182.67,-11.86,182.67,11.86,12.52
32.76,352.18,24.6337,7.9975,9.3308,0.44,100.00,40.23,0.00,94.47,0.00,0.00,24.9820,11.0154,9.2965,24.6907,11.0154,9.5560,0.00,0.00,40.23,25.4542,11.0154,8.9102,0.00,0.00,40.23,250.0675,11.9445,279.8723,0.00,100.00,182.67,-11.86,182.67,11.86,12.52
32.82,352.16,24.6640,8.0015,9.3285,0.53,100.00,40.23,0.00,94.47,0.00,0.00,25.0122,11.0194,9.2941,24.7209,11.0194,9.5536,0.00,0.00,40.23,25.4844,11.0194,8.9078,0.00,0.00,40.23,250.0675,11.9445,279.8723,0.00,100.00,182.67,-11.86,182.67,11.86,12.52
32.88,352.14,24.6955,7.9697,9.3260,0.77,100.00,40.23,0.00,94.47,0.00,0.00,25.0438,10.9876,9.2917,24.7525,10.9876,9.5512,0.00,0.00,40.23,25.5160,10.9876,8.9054,0.00,0.00,40.23,250.0675,11.9445,279.8723,0.00,100.00,182.67,-11.86,182.67,11.86,12.52
32.94,352.12,24.7297,7.9714,9.3233,0.58,100.00,40.23,0.00,94.47,0.00,0.00,25.0779,10.9893,9.2890,24.7866,10.9893,9.5485,0.00,0.00,40.23,25.5501,10.9893,8.9027,0.00,0.00,40.23,250.0675,11.9445,279.8723,0.00,100.00,182.67,-11.86,182.67,11.86,12.52
32.99,352.10,24.7669,7.9781,9.3204,0.68,100.00,40.23,0.00,94.47,0.00,0.00,25.1152,10.9960,9.2861,24.8239,10.9960,9.5456,0.00,0.00,40.23,25.5874,10.9960,8.8998,0.00,0.00,40.23,250.0675,11.9445,279.8723,0.00,100.00,182.67,-11.86,182.67,11.86,12.52
33.05,352.08,24.8047,7.9822,9.3174,0.66,100.00,40.23,0.00,94.47,0.00,0.00,25.1530,11.0001,9.2831,24.8617,11.0001,9.5426,0.00,0.00,40.23,25.6252,11.0001,8.8968,0.00,0.00,40.23,250.0675,11.9445,279.8723,0.00,100.00,182.67,-11.86,182.67,11.86,12.52
33.11,352.05,24.8459,7.9848,9.3142,0.71,100.00,40.23,0.00,94.47,0.00,0.00,25.1942,11.0027,9.2799,24.9029,11.0027,9.5394,0.00,0.00,40.23,25.6664,11.0027,8.8936,0.00,0.00,40.23,250.0675,11.9445,279.8723,0.00,100.00,182.67,-11.86,182.67,11.86,12.52
33.17,352.03,24.8903,7.9881,9.3107,0.77,100.00,40.23,0.00,94.47,0.00,0.00,25.2385,11.0060,9.2764,24.9472,11.0060,9.5359,0.00,0.00,40.23,25.7107,11.0060,8.8901,0.00,0.00,40.23,250.0675,11.9445,279.8723,0.00,100.00,182.67,-11.86,182.67,11.86,12.52
33.22,352.00,24.9367,7.9950,9.3071,0.84,100.00,40.23,0.00,94.47,0.00,0.00,25.2850,11.0129,9.2728,24.9937,11.0129,9.5323,0.00,0.00,40.23,25.7572,11.0129,8.8865,0.00,0.00,40.23,250.0675,11.9445,279.8723,0.00,100.00,182.67,-11.86,182.67,11.86,12.52
33.28,351.98,24.9739,8.0000,9.3042,0.66,100.00,40.23,0.00,94.47,0.00,0.00,25.3222,11.0179,9.2699,25.0309,11.0179,9.5294,0.00,0.00,40.23,25.7944,11.0179,8.8836,0.00,0.00,40.23,250.0675,11.9445,279.8723,0.00,100.00,182.67,-11.86,182.67,11.86,12.52
33.34,351.96,25.0039,8.0007,9.3018,0.50,100.00,40.23,0.00,94.47,0.00,0.00,25.3522,11.0186,9.2675,25.0609,11.0186,9.5270,0.00,0.00,40.23,25.8244,11.0186,8.8812,0.00,0.00,40.23,250.0675,11.9445,279.8723,0.00,100.00,182.67,-11.86,182.67,11.86,12.52
33.40,351.95,25.0266,7.9731,9.3001,0.64,100.00,40.23,0.00,94.47,0.00,0.00,25.3748,10.9910,9.2657,25.0835,10.9910,9.5252,0.00,0.00,40.23,25.8470,10.9910,8.8794,0.00,0.00,40.23,250.0675,11.9445,279.8723,0.00,100.00,182.67,-11.86,182.67,11.86,12.52
33.45,351.94,25.0402,7.9789,9.2990,0.26,100.00,40.23,0.00,94.47,0.00,0.00,25.3885,10.9968,9.2647,25.0972,10.9968,9.5242,0.00,0.00,40.23,25.8607,10.9968,8.8784,0.00,0.00,40.23,250.0675,11.9445,279.8723,0.00,100.00,182.67,-11.86,182.67,11.86,12.52
33.51,351.93,25.0565,7.9841,9.2977,0.30,100.00,40.23,0.00,94.47,0.00,0.00,25.4048,11.0020,9.2634,25.1135,11.0020,9.5229,0.00,0.00,40.23,25.8770,11.0020,8.8771,0.00,0.00,40.23,250.0675,11.9445,279.8723,0.00,100.00,182.67,-11.86,182.67,11.86,12.52
33.57,351.92,25.0752,7.9849,9.2962,0.32,100.00,40.23,0.00,94.47,0.00,0.00,25.4235,11.0028,9.2619,25.1322,11.0028,9.5214,0.00,0.00,40.23,25.8957,11.0028,8.8756,0.00,0.00,40.23,250.0675,11.9445,279.8723,0.00,100.00,182.67,-11.86,182.67,11.86,12.52
33.63,351.91,25.0974,7.9907,9.2945,0.40,100.00,40.23,0.00,94.47,0.00,0.00,25.4456,11.0086,9.2602,25.1543,11.0086,9.5197,0.00,0.00,40.23,25.9178,11.0086,8.8739,0.00,0.00,40.23,250.0675,11.9445,279.8723,0.00,100.00,182.67,-11.86,182.67,11.86,12.52
33.68,351.89,25.1208,7.9976,9.2927,0.44,100.00,40.23,0.00,94.47,0.00,0.00,25.4690,11.0155,9.2584,25.1777,11.0155,9.5179,0.00,0.00,40.23,25.9412,11.0155,8.8721,0.00,0.00,40.23,250.0675,11.9445,279.8723,0.00,100.00,182.67,-11.86,182.67,11.86,12.52
33.74,351.88,25.1462,8.0008,9.2907,0.44,100.00,40.23,0.00,94.47,0.00,0.00,25.4944,11.0187,9.2564,25.2031,11.0187,9.5159,0.00,0.00,40.23,25.9666,11.0187,8.8701,0.00,0.00,40.23,250.0675,11.9445,279.8723,0.00,100.00,182.67,-11.86,182.67,11.86,12.52
33.80,351.86,25.1750,7.9722,9.2884,0.72,100.00,40.23,0.00,94.47,0.00,0.00,25.5233,10.9901,9.2541,25.2320,10.9901,9.5136,0.00,0.00,40.23,25.9955,10.9901,8.8678,0.00,0.00,40.23,250.0675,11.9445,279.8723,0.00,100.00,182.67,-11.86,182.67,11.86,12.52
33.85,351.85,25.1953,7.9814,9.2868,0.41,100.00,40.23,0.00,94.47,0.00,0.00,25.5435,10.9993,9.2525,25.2522,10.9993,9.5120,0.00,0.00,40.23,26.0157,10.9993,8.8662,0.00,0.00,40.23,250.0675,11.9445,279.8723,0.00,100.00,182.67,-11.86,182.67,11.86,12.52
33.91,351.84,25.2077,7.9815,9.2859,0.21,100.00,40.23,0.00,94.47,0.00,0.00,25.5560,10.9994,9.2516,25.2647,10.9994,9.5111,0.00,0.00,40.23,26.0282,10.9994,8.8652,0.00,0.00,40.23,250.0675,11.9445,279.8723,0.00,100.00,182.67,-11.86,182.67,11.86,12.52
33.97,351.84,25.2239,7.9857,9.2846,0.29,100.00,40.23,0.00,94.47,0.00,0.00,25.5722,11.0036,9.2503,25.2809,11.0036,9.5098,0.00,0.00,40.23,26.0444,11.0036,8.8640,0.00,0.00,40.23,250.0675,11.9445,279.8723,0.00,100.00,182.67,-11.86,182.67,11.86,12.52
34.03,351.82,25.2419,7.9907,9.2832,0.33,100.00,40.23,0.00,94.47,0.00,0.00,25.5902,11.0086,9.2489,25.2989,11.0086,9.5084,0.00,0.00,40.23,26.0624,11.0086,8.8626,0.00,0.00,40.23,250.0675,11.9445,279.8723,0.00,100.00,182.67,-11.86,182.67,11.86,12.52
34.08,351.81,25.2621,7.9975,9.2816,0.38,100.00,40.23,0.00,94.47,0.00,0.00,25.6104,11.0154,9.2473,25.3191,11.0154,9.5068,0.00,0.00,40.23,26.0826,11.0154,8.8610,0.00,0.00,40.23,250.0675,11.9445,279.8723,0.00,100.00,182.67,-11.86,182.67,11.86,12.52
34.14,351.80,25.2843,8.0017,9.2799,0.39,100.00,40.23,0.00,94.47,0.00,0.00,25.6326,11.0196,9.2456,25.3413,11.0196,9.5051,0.00,0.00,40.23,26.1048,11.0196,8.8592,0.00,0.00,40.23,250.0675,11.9445,279.8723,0.00,100.00,182.67,-11.86,182.67,11.86,12.52
34.20,351.79,25.3095,7.9704,9.2779,0.70,100.00,40.23,0.00,94.47,0.00,0.00,25.6577,10.9883,9.2436,25.3664,10.9883,9.5031,0.00,0.00,40.23,26.1299,10.9883,8.8573,0.00,0.00,40.23,250.0675,11.9445,279.8723,0.00,100.00,182.67,-11.86,182.67,11.86,12.52
34.25,351.77,25.3371,7.9781,9.2757,0.52,100.00,40.20,0.00,94.47,0.00,0.00,25.6854,10.9960,9.2414,25.3940,10.9960,9.5008,0.00,0.00,40.20,26.1577,10.9960,8.8553,0.00,0.00,40.20,250.0675,11.9445,279.8723,0.00,100.00,182.67,-11.86,182.67,11.86,12.52
34.31,351.76,25.3562,7.9806,9.2742,0.33,100.00,40.18,0.00,94.47,0.00,0.00,25.7045,10.9985,9.2399,25.4130,10.9985,9.4992,0.00,0.00,40.18,26.1770,10.9985,8.8540,0.00,0.00,40.18,250.0675,11.9445,279.8723,0.00,100.00,182.67,-11.86,182.67,11.86,12.52
34.37,351.75,25.3681,7.9889,9.2733,0.26,100.00,40.16,0.00,94.47,0.00,0.00,25.7163,11.0068,9.2390,25.4247,11.0068,9.4982,0.00,0.00,40.16,26.1890,11.0068,8.8533,0.00,0.00,40.16,250.0675,11.9445,279.8723,0.00,100.00,182.67,-11.86,182.67,11.86,12.52
34.42,351.74,25.3815,7.9949,9.2723,0.26,100.00,40.13,0.00,94.47,0.00,0.00,25.7297,11.0128,9.2380,25.4380,11.0128,9.4970,0.00,0.00,40.13,26.2025,11.0128,8.8524,0.00,0.00,40.13,250.0675,11.9445,279.8723,0.00,100.00,182.67,-11.86,182.67,11.86,12.52
34.48,351.73,25.3975,8.0015,9.2710,0.31,100.00,40.13,0.00,94.47,0.00,0.00,25.7458,11.0194,9.2367,25.4541,11.0194,9.4957,0.00,0.00,40.13,26.2186,11.0194,8.8512,0.00,0.00,40.13,250.0675,11.9445,279.8723,0.00,100.00,182.67,-11.86,182.67,11.86,12.52
34.54,351.72,25.4157,7.9722,9.2696,0.61,100.00,40.13,0.00,94.47,0.00,0.00,25.7640,10.9901,9.2353,25.4723,10.9901,9.4943,0.00,0.00,40.13,26.2368,10.9901,8.8497,0.00,0.00,40.13,250.0675,11.9445,279.8723,0.00,100.00,182.67,-11.86,182.67,11.86,12.52
34.60,351.71,25.4364,7.9704,9.2680,0.34,100.00,40.13,0.00,94.47,0.00,0.00,25.7847,10.9883,9.2337,25.4930,10.9883,9.4927,0.00,0.00,40.13,26.2575,10.9883,8.8481,0.00,0.00,40.13,250.0675,11.9445,279.8723,0.00,100.00,182.67,-11.86,182.67,11.86,12.52
34.65,351.70,25.4497,7.9797,9.2669,0.30,100.00,40.13,0.00,94.47,0.00,0.00,25.7980,10.9976,9.2326,25.5062,10.9976,9.4917,0.00,0.00,40.13,26.2708,10.9976,8.8471,0.00,0.00,40.13,250.0675,11.9445,279.8723,0.00,100.00,182.67,-11.86,182.67,11.86,12.52
34.71,351.70,25.4543,7.9824,9.2666,0.09,100.00,40.13,0.00,94.47,0.00,0.00,25.8026,11.0003,9.2323,25.5109,11.0003,9.4913,0.00,0.00,40.13,26.2754,11.0003,8.8467,0.00,0.00,40.13,250.0675,11.9445,279.8723,0.00,100.00,182.67,-11.86,182.67,11.86,12.52
34.77,351.70,25.4618,7.9882,9.2660,0.17,100.00,40.13,0.00,94.47,0.00,0.00,25.8101,11.0061,9.2317,25.5183,11.0061,9.4907,0.00,0.00,40.13,26.2829,11.0061,8.8461,0.00,0.00,40.13,250.0675,11.9445,279.8723,0.00,100.00,182.67,-11.86,182.67,11.86,12.52
34.82,351.69,25.4714,7.9956,9.2652,0.22,100.00,40.13,0.00,94.47,0.00,0.00,25.8196,11.0135,9.2309,25.5279,11.0135,9.4900,0.00,0.00,40.13,26.2925,11.0135,8.8454,0.00,0.00,40.13,250.0675,11.9445,279.8723,0.00,100.00,182.67,-11.86,182.67,11.86,12.52
34.88,351.69,25.4831,7.9999,9.2643,0.22,100.00,40.13,0.00,94.47,0.00,0.00,25.8313,11.0178,9.2300,25.5396,11.0178,9.4891,0.00,0.00,40.13,26.3041,11.0178,8.8445,0.00,0.00,40.13,250.0675,11.9445,279.8723,0.00,100.00,182.67,-11.86,182.67,11.86,12.52
34.94,351.68,25.4975,7.9679,9.2632,0.60,100.00,40.13,0.00,94.47,0.00,0.00,25.8458,10.9857,9.2289,25.5540,10.9857,9.4879,0.00,0.00,40.13,26.3186,10.9857,8.8433,0.00,0.00,40.13,250.0675,11.9445,279.8723,0.00,100.00,182.67,-11.86,182.67,11.86,12.52
35.02,351.67,25.5146,7.9932,9.2619,0.36,100.00,40.13,0.00,94.47,0.00,0.00,25.8628,11.0111,9.2276,25.5711,11.0111,9.4866,0.00,0.00,40.13,26.3356,11.0111,8.8420,0.00,0.00,40.13,250.0675,11.9445,279.8723,0.00,100.00,182.67,-11.86,182.67,11.86,12.52
35.10,351.65,25.5450,7.9923,9.2595,0.38,100.00,40.13,0.00,94.47,0.00,0.00,25.8933,11.0102,9.2252,25.6016,11.0102,9.4842,0.00,0.00,40.13,26.3661,11.0102,8.8396,0.00,0.00,40.13,250.0675,11.9445,279.8723,0.00,100.00,182.67,-11.86,182.67,11.86,12.52
35.18,351.63,25.5784,7.9932,9.2569,0.42,100.00,40.13,0.00,94.47,0.00,0.00,25.9266,11.0111,9.2226,25.6349,11.0111,9.4816,0.00,0.00,40.13,26.3994,11.0111,8.8370,0.00,0.00,40.13,250.0675,11.9445,279.8723,0.00,100.00,182.67,-11.86,182.67,11.86,12.52
35.27,351.61,25.6159,7.9890,9.2539,0.46,100.00,40.13,0.00,94.47,0.00,0.00,25.9641,11.0069,9.2196,25.6724,11.0069,9.4787,0.00,0.00,40.13,26.4369,11.0069,8.8341,0.00,0.00,40.13,250.0675,11.9445,279.8723,0.00,100.00,182.67,-11.86,182.67,11.86,12.52
35.34,351.58,25.6597,7.9923,9.2505,0.56,100.00,40.13,0.00,94.47,0.00,0.00,26.0080,11.0102,9.2162,25.7162,11.0102,9.4752,0.00,0.00,40.13,26.4808,11.0102,8.8307,0.00,0.00,40.13,250.0675,11.9445,279.8723,0.00,100.00,182.67,-11.86,182.67,11.86,12.52
35.43,351.56,25.7057,7.9889,9.2469,0.56,100.00,40.13,0.00,94.47,0.00,0.00,26.0540,11.0068,9.2126,25.7622,11.0068,9.4716,0.00,0.00,40.13,26.5268,11.0068,8.8271,0.00,0.00,40.13,250.0675,11.9445,279.8723,0.00,100.00,182.67,-11.86,182.67,11.86,12.52
35.51,351.53,25.7588,7.9890,9.2428,0.67,100.00,40.13,0.00,94.47,0.00,0.00,26.1070,11.0069,9.2085,25.8153,11.0069,9.4675,0.00,0.00,40.13,26.5798,11.0069,8.8229,0.00,0.00,40.13,250.0675,11.9445,279.8723,0.00,100.00,182.67,-11.86,182.67,11.86,12.52
35.59,351.49,25.8152,7.9873,9.2384,0.70,100.00,40.13,0.00,94.47,0.00,0.00,26.1635,11.0052,9.2040,25.8718,11.0052,9.4631,0.00,0.00,40.13,26.6363,11.0052,8.8185,0.00,0.00,40.13,250.0675,11.9445,279.8723,0.00,100.00,182.67,-11.86,182.67,11.86,12.52
35.66,351.47,25.8565,7.9916,9.2351,0.54,100.00,40.13,0.00,94.47,0.00,0.00,26.2048,11.0095,9.2008,25.9131,11.0095,9.4598,0.00,0.00,40.13,26.6776,11.0095,8.8153,0.00,0.00,40.13,250.0675,11.9445,279.8723,0.00,100.00,182.67,-11.86,182.67,11.86,12.52
35.75,351.46,25.8815,7.9866,9.2332,0.31,100.00,40.13,0.00,94.47,0.00,0.00,26.2298,11.0045,9.1989,25.9381,11.0045,9.4579,0.00,0.00,40.13,26.7026,11.0045,8.8133,0.00,0.00,40.13,250.0675,11.9445,279.8723,0.00,100.00,182.67,-11.86,182.67,11.86,12.52
35.83,351.45,25.8916,7.9899,9.2324,0.14,100.00,40.13,0.00,94.47,0.00,0.00,26.2398,11.0078,9.1981,25.9481,11.0078,9.4571,0.00,0.00,40.13,26.7126,11.0078,8.8125,0.00,0.00,40.13,250.0675,11.9445,279.8723,0.00,100.00,182.67,-11.86,182.67,11.86,12.52
35.91,351.45,25.8916,7.9890,9.2324,0.01,100.00,40.13,0.00,94.47,0.00,0.00,26.2398,11.0069,9.1981,25.9481,11.0069,9.4571,0.00,0.00,40.13,26.7126,11.0069,8.8125,0.00,0.00,40.13,250.0675,11.9445,279.8723,0.00,100.00,182.67,-11.86,182.67,11.86,12.52
35.99,351.45,25.8963,7.9882,9.2320,0.06,100.00,40.13,0.00,94.47,0.00,0.00,26.2445,11.0060,9.1977,25.9528,11.0060,9.4567,0.00,0.00,40.13,26.7174,11.0060,8.8122,0.00,0.00,40.13,250.0675,11.9445,279.8723,0.00,100.00,182.67,-11.86,182.67,11.86,12.52
36.07,351.44,25.9057,7.9831,9.2313,0.13,100.00,40.13,0.00,94.47,0.00,0.00,26.2540,11.0010,9.1970,25.9622,11.0010,9.4560,0.00,0.00,40.13,26.7268,11.0010,8.8114,0.00,0.00,40.13,250.0675,11.9445,279.8723,0.00,100.00,182.67,-11.86,182.67,11.86,12.52
36.15,351.43,25.9204,7.9897,9.2301,0.21,100.00,40.13,0.00,94.47,0.00,0.00,26.2687,11.0076,9.1958,25.9769,11.0076,9.4549,0.00,0.00,40.13,26.7415,11.0076,8.8103,0.00,0.00,40.13,250.0675,11.9445,279.8723,0.00,100.00,182.67,-11.86,182.67,11.86,12.52
36.23,351.42,25.9381,7.9881,9.2287,0.22,100.00,40.13,0.00,94.47,0.00,0.00,26.2864,11.0060,9.1944,25.9947,11.0060,9.4535,0.00,0.00,40.13,26.7592,11.0060,8.8089,0.00,0.00,40.13,250.0675,11.9445,279.8723,0.00,100.00,182.67,-11.86,182.67,11.86,12.52
36.31,351.41,25.9617,7.9890,9.2269,0.30,100.00,40.13,0.00,94.47,0.00,0.00,26.3100,11.0069,9.1926,26.0183,11.0069,9.4516,0.00,0.00,40.13,26.7828,11.0069,8.8070,0.00,0.00,40.13,250.0675,11.9445,279.8723,0.00,100.00,182.67,-11.86,182.67,11.86,12.52
36.39,351.39,25.9895,7.9873,9.2247,0.34,100.00,40.10,0.00,94.47,0.00,0.00,26.3377,11.0052,9.1904,26.0459,11.0052,9.4493,0.00,0.00,40.10,26.8108,11.0052,8.8051,0.00,0.00,40.10,250.0675,11.9445,279.8723,0.00,100.00,182.67,-11.86,182.67,11.86,12.52
36.47,351.37,26.0225,7.9845,9.2221,0.41,100.00,40.07,0.00,94.47,0.00,0.00,26.3708,11.0024,9.1878,26.0787,11.0024,9.4465,0.00,0.00,40.07,26.8440,11.0024,8.8028,0.00,0.00,40.07,250.0675,11.9445,279.8723,0.00,100.00,182.67,-11.86,182.67,11.86,12.52
36.55,351.35,26.0606,7.9882,9.2192,0.49,100.00,40.04,0.00,94.47,0.00,0.00,26.4089,11.0061,9.1848,26.1167,11.0061,9.4434,0.00,0.00,40.04,26.8824,11.0061,8.8001,0.00,0.00,40.04,250.0675,11.9445,279.8723,0.00,100.00,182.67,-11.86,182.67,11.86,12.52
36.63,351.33,26.1015,7.9897,9.2160,0.52,100.00,40.01,0.00,94.47,0.00,0.00,26.4497,11.0076,9.1816,26.1574,11.0076,9.4400,0.00,0.00,40.01,26.9234,11.0076,8.7972,0.00,0.00,40.01,250.0675,11.9445,279.8723,0.00,100.00,182.67,-11.86,182.67,11.86,12.52
36.70,351.30,26.1475,7.9922,9.2124,0.59,100.00,40.01,0.00,94.47,0.00,0.00,26.4957,11.0101,9.1780,26.2034,11.0101,9.4364,0.00,0.00,40.01,26.9694,11.0101,8.7936,0.00,0.00,40.01,250.0675,11.9445,279.8723,0.00,100.00,182.67,-11.86,182.67,11.86,12.52
36.79,351.27,26.1976,7.9905,9.2084,0.62,100.00,40.01,0.00,94.47,0.00,0.00,26.5459,11.0084,9.1741,26.2536,11.0084,9.4325,0.00,0.00,40.01,27.0196,11.0084,8.7896,0.00,0.00,40.01,250.0675,11.9445,279.8723,0.00,100.00,182.67,-11.86,182.67,11.86,12.52
36.87,351.24,26.2541,7.9880,9.2040,0.70,100.00,40.01,0.00,94.47,0.00,0.00,26.6024,11.0059,9.1697,26.3101,11.0059,9.4281,0.00,0.00,40.01,27.0761,11.0059,8.7852,0.00,0.00,40.01,250.0675,11.9445,279.8723,0.00,100.00,182.67,-11.86,182.67,11.86,12.52
36.93,351.20,26.3157,7.9737,9.1992,0.93,100.00,40.01,0.00,94.47,0.00,0.00,26.6640,10.9916,9.1649,26.3717,10.9916,9.4233,0.00,0.00,40.01,27.1376,10.9916,8.7804,0.00,0.00,40.01,250.0675,11.9445,279.8723,0.00,100.00,182.67,-11.86,182.67,11.86,12.52
37.00,351.17,26.3706,8.0008,9.1949,0.95,100.00,40.01,0.00,94.47,0.00,0.00,26.7189,11.0187,9.1606,26.4266,11.0187,9.4190,0.00,0.00,40.01,27.1926,11.0187,8.7761,0.00,0.00,40.01,250.0675,11.9445,279.8723,0.00,100.00,182.67,-11.86,182.67,11.86,12.52
37.07,351.14,26.4258,7.9888,9.1906,0.85,100.00,40.01,0.00,94.47,0.00,0.00,26.7740,11.0067,9.1563,26.4817,11.0067,9.4146,0.00,0.00,40.01,27.2477,11.0067,8.7718,0.00,0.00,40.01,250.0675,11.9445,279.8723,0.00,100.00,182.67,-11.86,182.67,11.86,12.52
37.13,351.11,26.4860,7.9738,9.1859,0.91,100.00,40.01,0.00,94.47,0.00,0.00,26.8342,10.9917,9.1516,26.5419,10.9917,9.4099,0.00,0.00,40.01,27.3079,10.9917,8.7671,0.00,0.00,40.01,250.0675,11.9445,279.8723,0.00,100.00,182.67,-11.86,182.67,11.86,12.52
37.20,351.07,26.5511,8.0000,9.1808,1.08,100.00,40.01,0.00,94.47,0.00,0.00,26.8994,11.0178,9.1465,26.6071,11.0178,9.4048,0.00,0.00,40.01,27.3731,11.0178,8.7620,0.00,0.00,40.01,250.0675,11.9445,279.8723,0.00,100.00,182.67,-11.86,182.67,11.86,12.52
37.27,351.03,26.6163,7.9882,9.1757,1.00,100.00,40.01,0.00,94.47,0.00,0.00,26.9645,11.0061,9.1414,26.6722,11.0061,9.3997,0.00,0.00,40.01,27.4382,11.0061,8.7569,0.00,0.00,40.01,250.0675,11.9445,279.8723,0.00,100.00,182.67,-11.86,182.67,11.86,12.52
37.33,350.99,26.6861,7.9831,9.1702,1.12,100.00,40.01,0.00,94.47,0.00,0.00,27.0344,11.0010,9.1359,26.7421,11.0010,9.3943,0.00,0.00,40.01,27.5080,11.0010,8.7514,0.00,0.00,40.01,250.0675,11.9445,279.8723,0.00,100.00,182.67,-11.86,182.67,11.86,12.52
37.39,350.95,26.7548,7.9740,9.1648,1.07,100.00,40.01,0.00,94.47,0.00,0.00,27.1030,10.9919,9.1305,26.8107,10.9919,9.3889,0.00,0.00,40.01,27.5767,10.9919,8.7461,0.00,0.00,40.01,250.0675,11.9445,279.8723,0.00,100.00,182.67,-11.86,182.67,11.86,12.52
37.46,350.91,26.8291,7.9941,9.1590,1.13,100.00,40.01,0.00,94.47,0.00,0.00,27.1774,11.0120,9.1247,26.8851,11.0120,9.3831,0.00,0.00,40.01,27.6511,11.0120,8.7402,0.00,0.00,40.01,250.0675,11.9445,279.8723,0.00,100.00,182.67,-11.86,182.67,11.86,12.52
37.53,350.86,26.9108,7.9822,9.1526,1.24,100.00,40.01,0.00,94.47,0.00,0.00,27.2590,11.0001,9.1183,26.9667,11.0001,9.3767,0.00,0.00,40.01,27.7327,11.0001,8.7338,0.00,0.00,40.01,250.0675,11.9445,279.8723,0.00,100.00,182.67,-11.86,182.67,11.86,12.52
37.60,350.82,26.9794,7.9683,9.1473,1.04,100.00,40.01,0.00,94.47,0.00,0.00,27.3277,10.9862,9.1130,27.0354,10.9862,9.3713,0.00,0.00,40.01,27.8014,10.9862,8.7285,0.00,0.00,40.01,250.0675,11.9445,279.8723,0.00,100.00,182.67,-11.86,182.67,11.86,12.52
37.67,350.79,27.0380,7.9829,9.1427,0.84,100.00,40.01,0.00,94.47,0.00,0.00,27.3863,11.0008,9.1084,27.0940,11.0008,9.3668,0.00,0.00,40.01,27.8600,11.0008,8.7239,0.00,0.00,40.01,250.0675,11.9445,279.8723,0.00,100.00,182.67,-11.86,182.67,11.86,12.52
37.74,350.75,27.1038,7.9688,9.1375,0.99,100.00,40.01,0.00,94.47,0.00,0.00,27.4520,10.9866,9.1032,27.1597,10.9866,9.3616,0.00,0.00,40.01,27.9257,10.9866,8.7187,0.00,0.00,40.01,250.0675,11.9445,279.8723,0.00,100.00,182.67,-11.86,182.67,11.86,12.52
37.80,350.71,27.1695,7.9981,9.1324,1.14,100.00,39.98,0.00,94.47,0.00,0.00,27.5177,11.0160,9.0981,27.2253,11.0160,9.3563,0.00,0.00,39.98,27.9916,11.0160,8.7138,0.00,0.00,39.98,250.0675,11.9445,279.8723,0.00,100.00,182.67,-11.86,182.67,11.86,12.52
37.86,350.68,27.2209,7.9916,9.1284,0.82,100.00,39.95,0.00,94.47,0.00,0.00,27.5692,11.0095,9.0941,27.2766,11.0095,9.3522,0.00,0.00,39.95,28.0432,11.0095,8.7100,0.00,0.00,39.95,250.0675,11.9445,279.8723,0.00,100.00,182.67,-11.86,182.67,11.86,12.52
37.93,350.66,27.2628,7.9772,9.1251,0.65,100.00,39.95,0.00,94.47,0.00,0.00,27.6111,10.9951,9.0908,27.3185,10.9951,9.3489,0.00,0.00,39.95,28.0851,10.9951,8.7067,0.00,0.00,39.95,250.0675,11.9445,279.8723,0.00,100.00,182.67,-11.86,182.67,11.86,12.52
38.00,350.63,27.3110,7.9705,9.1213,0.77,100.00,39.95,0.00,94.47,0.00,0.00,27.6593,10.9884,9.0870,27.3668,10.9884,9.3451,0.00,0.00,39.95,28.1333,10.9884,8.7030,0.00,0.00,39.95,250.0675,11.9445,279.8723,0.00,100.00,182.67,-11.86,182.67,11.86,12.52
38.06,350.60,27.3591,7.9957,9.1176,0.83,100.00,39.93,0.00,94.47,0.00,0.00,27.7074,11.0136,9.0832,27.4147,11.0136,9.3412,0.00,0.00,39.93,28.1816,11.0136,8.6994,0.00,0.00,39.93,250.0675,11.9445,279.8723,0.00,100.00,182.67,-11.86,182.67,11.86,12.52
38.13,350.57,27.4118,7.9847,9.1134,0.81,100.00,39.90,0.00,94.47,0.00,0.00,27.7601,11.0026,9.0791,27.4673,11.0026,9.3370,0.00,0.00,39.90,28.2345,11.0026,8.6955,0.00,0.00,39.90,250.0675,11.9445,279.8723,0.00,100.00,182.67,-11.86,182.67,11.86,12.52
38.20,350.54,27.4680,7.9695,9.1090,0.85,100.00,39.87,0.00,94.47,0.00,0.00,27.8163,10.9874,9.0747,27.5234,10.9874,9.3324,0.00,0.00,39.87,28.2909,10.9874,8.6914,0.00,0.00,39.87,250.0675,11.9445,279.8723,0.00,100.00,182.67,-11.86,182.67,11.86,12.52
38.26,350.51,27.5298,7.9991,9.1042,1.08,100.00,39.85,0.00,94.47,0.00,0.00,27.8780,11.0170,9.0699,27.5850,11.0170,9.3275,0.00,0.00,39.85,28.3528,11.0170,8.6867,0.00,0.00,39.85,250.0675,11.9445,279.8723,0.00,100.00,182.67,-11.86,182.67,11.86,12.52
38.33,350.47,27.5896,7.9881,9.0995,0.92,100.00,39.85,0.00,94.47,0.00,0.00,27.9379,11.0060,9.0652,27.6448,11.0060,9.3228,0.00,0.00,39.85,28.4126,11.0060,8.6821,0.00,0.00,39.85,250.0675,11.9445,279.8723,0.00,100.00,182.67,-11.86,182.67,11.86,12.52
38.39,350.43,27.6554,7.9765,9.0944,1.01,100.00,39.85,0.00,94.47,0.00,0.00,28.0036,10.9944,9.0601,27.7106,10.9944,9.3176,0.00,0.00,39.85,28.4784,10.9944,8.6769,0.00,0.00,39.85,250.0675,11.9445,279.8723,0.00,100.00,182.67,-11.86,182.67,11.86,12.52
38.46,350.39,27.7247,7.9680,9.0889,1.08,100.00,39.85,0.00,94.47,0.00,0.00,28.0730,10.9859,9.0546,27.7800,10.9859,9.3122,0.00,0.00,39.85,28.5477,10.9859,8.6715,0.00,0.00,39.85,250.0675,11.9445,279.8723,0.00,100.00,182.67,-11.86,182.67,11.86,12.52
38.53,350.35,27.8013,7.9907,9.0829,1.19,100.00,39.96,0.00,94.59,0.00,0.00,28.1494,11.0086,9.0479,27.8570,11.0086,9.3061,0.00,0.00,39.96,28.6234,11.0086,8.6638,0.00,0.00,39.96,250.0675,11.9445,279.8723,0.00,100.00,182.67,-11.86,182.67,11.86,12.52
38.59,350.30,27.8901,7.9798,9.0758,1.36,100.00,40.09,0.00,94.71,0.00,0.00,28.2382,10.9977,9.0400,27.9463,10.9977,9.2988,0.00,0.00,40.09,28.7114,10.9977,8.6549,0.00,0.00,40.09,250.0675,11.9445,279.8723,0.00,100.00,182.67,-11.86,182.67,11.86,12.52
38.66,350.26,27.9671,7.9714,9.0694,1.20,100.00,40.09,0.00,94.71,0.00,0.00,28.3152,10.9893,9.0337,28.0233,10.9893,9.2924,0.00,0.00,40.09,28.7884,10.9893,8.6485,0.00,0.00,40.09,250.0675,11.9445,279.8723,0.00,100.00,182.67,-11.86,182.67,11.86,12.52
38.72,350.22,28.0322,7.9933,9.0641,1.02,100.00,40.03,0.00,94.71,0.00,0.00,28.3804,11.0112,9.0283,28.0882,11.0112,9.2868,0.00,0.00,40.03,28.8539,11.0112,8.6436,0.00,0.00,40.03,250.0675,11.9445,279.8723,0.00,100.00,182.67,-11.86,182.67,11.86,12.52
38.79,350.17,28.1101,7.9872,9.0576,1.23,100.00,40.00,0.00,94.74,0.00,0.00,28.4582,11.0051,9.0217,28.1659,11.0051,9.2801,0.00,0.00,40.00,28.9319,11.0051,8.6372,0.00,0.00,40.00,250.0675,11.9445,279.8723,0.00,100.00,182.67,-11.86,182.67,11.86,12.52
38.85,350.13,28.1917,7.9813,9.0509,1.30,100.00,40.03,0.00,94.76,0.00,0.00,28.5398,10.9992,9.0148,28.2476,10.9992,9.2733,0.00,0.00,40.03,29.0133,10.9992,8.6301,0.00,0.00,40.03,250.0675,11.9445,279.8723,0.00,100.00,182.67,-11.86,182.67,11.86,12.52
38.92,350.08,28.2817,7.9714,9.0433,1.39,100.00,40.06,0.00,94.79,0.00,0.00,28.6298,10.9893,9.0071,28.3377,10.9893,9.2657,0.00,0.00,40.06,29.1031,10.9893,8.6222,0.00,0.00,40.06,250.0675,11.9445,279.8723,0.00,100.00,182.67,-11.86,182.67,11.86,12.52
38.98,350.02,28.3842,7.9948,9.0348,1.58,100.00,40.09,0.00,94.82,0.00,0.00,28.7322,11.0127,8.9983,28.4403,11.0127,9.2571,0.00,0.00,40.09,29.2054,11.0127,8.6132,0.00,0.00,40.09,250.0675,11.9445,279.8723,0.00,100.00,182.67,-11.86,182.67,11.86,12.52
39.05,349.95,28.4979,7.9866,9.0252,1.77,100.00,40.11,0.00,94.84,0.00,0.00,28.8459,11.0045,8.9886,28.5541,11.0045,9.2475,0.00,0.00,40.11,29.3190,11.0045,8.6033,0.00,0.00,40.11,250.0675,11.9445,279.8723,0.00,100.00,182.67,-11.86,182.67,11.86,12.52
39.11,349.89,28.6170,7.9755,9.0151,1.81,100.00,40.07,0.00,94.86,0.00,0.00,28.9650,10.9934,8.9784,28.6730,10.9934,9.2371,0.00,0.00,40.07,29.4383,10.9934,8.5933,0.00,0.00,40.07,250.0675,11.9445,279.8723,0.00,100.00,182.67,-11.86,182.67,11.86,12.52
39.18,349.81,28.7485,7.9697,9.0039,2.09,100.00,40.04,0.00,94.88,0.00,0.00,29.0965,10.9876,8.9671,28.8043,10.9876,9.2256,0.00,0.00,40.04,29.5700,10.9876,8.5824,0.00,0.00,40.04,250.0675,11.9445,279.8723,0.00,100.00,182.67,-11.86,182.67,11.86,12.52
39.24,349.73,28.8826,7.9941,8.9924,2.07,100.00,39.99,0.00,94.89,0.00,0.00,29.2306,11.0120,8.9556,28.9383,11.0120,9.2139,0.00,0.00,39.99,29.7044,11.0120,8.5712,0.00,0.00,39.99,250.0675,11.9445,279.8723,0.00,100.00,182.67,-11.86,182.67,11.86,12.52
39.31,349.65,29.0321,7.9846,8.9796,2.30,100.00,39.95,0.00,94.90,0.00,0.00,29.3801,11.0025,8.9427,29.0875,11.0025,9.2008,0.00,0.00,39.95,29.8541,11.0025,8.5587,0.00,0.00,39.95,250.0675,11.9445,279.8723,0.00,100.00,182.67,-11.86,182.67,11.86,12.52
39.37,349.56,29.1891,7.9780,8.9662,2.47,100.00,39.91,0.00,94.91,0.00,0.00,29.5371,10.9959,8.9292,29.2443,10.9959,9.1871,0.00,0.00,39.91,30.0113,10.9959,8.5455,0.00,0.00,39.91,250.0675,11.9445,279.8723,0.00,100.00,182.67,-11.86,182.67,11.86,12.52
39.44,349.48,29.3321,7.9673,8.9539,2.18,100.00,39.86,0.00,94.91,0.00,0.00,29.6801,10.9852,8.9169,29.3872,10.9852,9.1746,0.00,0.00,39.86,30.1548,10.9852,8.5336,0.00,0.00,39.86,250.0675,11.9445,279.8723,0.00,100.00,182.67,-11.86,182.67,11.86,12.52
39.51,349.40,29.4699,7.9897,8.9421,2.08,100.00,39.82,0.00,94.91,0.00,0.00,29.8179,11.0076,8.9051,29.5248,11.0076,9.1625,0.00,0.00,39.82,30.2928,11.0076,8.5221,0.00,0.00,39.82,250.0675,11.9445,279.8723,0.00,100.00,182.67,-11.86,182.67,11.86,12.52
39.57,349.32,29.6199,7.9831,8.9292,2.36,100.00,39.78,0.00,94.91,0.00,0.00,29.9679,11.0010,8.8922,29.6746,11.0010,9.1494,0.00,0.00,39.78,30.4430,11.0010,8.5095,0.00,0.00,39.78,250.0675,11.9445,279.8723,0.00,100.00,182.67,-11.86,182.67,11.86,12.52
39.64,349.23,29.7707,7.9722,8.9162,2.29,100.00,39.74,0.00,94.92,0.00,0.00,30.1187,10.9901,8.8792,29.8252,10.9901,9.1362,0.00,0.00,39.74,30.5941,10.9901,8.4969,0.00,0.00,39.74,250.0675,11.9445,279.8723,0.00,100.00,182.67,-11.86,182.67,11.86,12.52
39.70,349.15,29.9166,8.0006,8.9037,2.34,100.00,39.70,0.00,94.92,0.00,0.00,30.2646,11.0185,8.8667,29.9709,11.0185,9.1235,0.00,0.00,39.70,30.7403,11.0185,8.4847,0.00,0.00,39.70,250.0675,11.9445,279.8723,0.00,100.00,182.67,-11.86,182.67,11.86,12.52
39.76,349.08,30.0476,7.9919,8.8924,2.03,100.00,39.70,0.00,94.92,0.00,0.00,30.3956,11.0098,8.8554,30.1019,11.0098,9.1122,0.00,0.00,39.70,30.8713,11.0098,8.4734,0.00,0.00,39.70,250.0675,11.9445,279.8723,0.00,100.00,182.67,-11.86,182.67,11.86,12.52
39.83,349.00,30.1897,7.9832,8.8802,2.20,100.00,39.71,0.00,94.92,0.00,0.00,30.5377,11.0011,8.8431,30.2440,11.0011,9.1000,0.00,0.00,39.71,31.0134,11.0011,8.4611,0.00,0.00,39.71,250.0675,11.9445,279.8723,0.00,100.00,182.67,-11.86,182.67,11.86,12.52
39.90,348.91,30.3408,7.9720,8.8672,2.29,100.00,39.67,0.00,94.92,0.00,0.00,30.6888,10.9899,8.8301,30.3950,10.9899,9.0868,0.00,0.00,39.67,31.1647,10.9899,8.4484,0.00,0.00,39.67,250.0675,11.9445,279.8723,0.00,100.00,182.67,-11.86,182.67,11.86,12.52
39.96,348.82,30.5046,8.0016,8.8530,2.64,100.00,39.64,0.00,94.93,0.00,0.00,30.8526,11.0195,8.8160,30.5586,11.0195,9.0725,0.00,0.00,39.64,31.3287,11.0195,8.4345,0.00,0.00,39.64,250.0675,11.9445,279.8723,0.00,100.00,182.67,-11.86,182.67,11.86,12.52
40.03,348.73,30.6694,7.9898,8.8388,2.49,100.00,39.61,0.00,94.93,0.00,0.00,31.0174,11.0077,8.8017,30.7233,11.0077,9.0581,0.00,0.00,39.61,31.4937,11.0077,8.4205,0.00,0.00,39.61,250.0675,11.9445,279.8723,0.00,100.00,182.67,-11.86,182.67,11.86,12.52
40.09,348.62,30.8524,7.9806,8.8230,2.82,100.00,39.58,0.00,94.94,0.00,0.00,31.2004,10.9985,8.7859,30.9062,10.9985,9.0421,0.00,0.00,39.58,31.6770,10.9985,8.4050,0.00,0.00,39.58,250.0675,11.9445,279.8723,0.00,100.00,182.67,-11.86,182.67,11.86,12.52
40.15,348.52,31.0406,7.9745,8.8068,2.98,100.00,39.54,0.00,94.94,0.00,0.00,31.3886,10.9924,8.7696,31.0942,10.9924,9.0257,0.00,0.00,39.54,31.8653,10.9924,8.3890,0.00,0.00,39.54,250.0675,11.9445,279.8723,0.00,100.00,182.67,-11.86,182.67,11.86,12.52
40.22,348.41,31.2323,7.9999,8.7902,2.96,100.00,39.51,0.00,94.94,0.00,0.00,31.5803,11.0178,8.7531,31.2858,11.0178,9.0089,0.00,0.00,39.51,32.0573,11.0178,8.3727,0.00,0.00,39.51,250.0675,11.9445,279.8723,0.00,100.00,182.67,-11.86,182.67,11.86,12.52
40.29,348.29,31.4397,7.9849,8.7723,3.05,100.00,39.48,0.00,94.94,0.00,0.00,31.7877,11.0028,8.7351,31.4931,11.0028,8.9908,0.00,0.00,39.48,32.2649,11.0028,8.3550,0.00,0.00,39.48,250.0675,11.9445,279.8723,0.00,100.00,182.67,-11.86,182.67,11.86,12.52
40.36,348.17,31.6663,7.9712,8.7527,3.36,100.00,39.45,0.00,94.94,0.00,0.00,32.0143,10.9891,8.7155,31.7195,10.9891,8.9710,0.00,0.00,39.45,32.4917,10.9891,8.3357,0.00,0.00,39.45,250.0675,11.9445,279.8723,0.00,100.00,182.67,-11.86,182.67,11.86,12.52
40.42,348.04,31.9001,7.9972,8.7325,3.62,100.00,39.41,0.00,94.94,0.00,0.00,32.2481,11.0151,8.6953,31.9532,11.0151,8.9506,0.00,0.00,39.41,32.7257,11.0151,8.3157,0.00,0.00,39.41,250.0675,11.9445,279.8723,0.00,100.00,182.67,-11.86,182.67,11.86,12.52
40.49,347.91,32.1347,7.9845,8.7122,3.51,100.00,39.38,0.00,94.95,0.00,0.00,32.4826,11.0024,8.6750,32.1875,11.0024,8.9302,0.00,0.00,39.38,32.9605,11.0024,8.2957,0.00,0.00,39.38,250.0675,11.9445,279.8723,0.00,100.00,182.67,-11.86,182.67,11.86,12.52
40.55,347.77,32.3856,7.9756,8.6904,3.87,100.00,39.38,0.00,94.95,0.00,0.00,32.7336,10.9935,8.6533,32.4385,10.9935,8.9084,0.00,0.00,39.38,33.2114,10.9935,8.2739,0.00,0.00,39.38,250.0675,11.9445,279.8723,0.00,100.00,182.67,-11.86,182.67,11.86,12.52
40.62,347.62,32.6376,7.9991,8.6686,3.81,100.00,39.38,0.00,94.95,0.00,0.00,32.9856,11.0170,8.6314,32.6905,11.0170,8.8866,0.00,0.00,39.38,33.4634,11.0170,8.2521,0.00,0.00,39.38,250.0675,11.9445,279.8723,0.00,100.00,182.67,-11.86,182.67,11.86,12.52
40.69,347.48,32.9055,7.9897,8.6454,4.12,100.00,39.35,0.00,94.95,0.00,0.00,33.2534,11.0076,8.6082,32.9582,11.0076,8.8633,0.00,0.00,39.35,33.7315,11.0076,8.2292,0.00,0.00,39.35,250.0675,11.9445,279.8723,0.00,100.00,182.67,-11.86,182.67,11.86,12.52
40.75,347.32,33.1769,7.9781,8.6219,4.10,100.00,39.32,0.00,94.95,0.00,0.00,33.5248,10.9960,8.5847,33.2295,10.9960,8.8396,0.00,0.00,39.32,34.0031,10.9960,8.2059,0.00,0.00,39.32,250.0675,11.9445,279.8723,0.00,100.00,182.67,-11.86,182.67,11.86,12.52
40.82,347.17,33.4630,7.9678,8.5972,4.37,100.00,39.09,0.00,94.95,0.00,0.00,33.8110,10.9857,8.5600,33.5146,10.9857,8.8136,0.00,0.00,39.09,34.2908,10.9857,8.1831,0.00,0.00,39.09,250.0675,11.9445,279.8723,0.00,100.00,182.67,-11.86,182.67,11.86,12.52
40.88,347.00,33.7513,7.9983,8.5722,4.64,100.00,39.06,0.00,95.15,0.00,0.00,34.0991,11.0162,8.5338,33.8026,11.0162,8.7873,0.00,0.00,39.06,34.5791,11.0162,8.1571,0.00,0.00,39.06,250.0675,11.9445,279.8723,0.00,100.00,182.67,-11.86,182.67,11.86,12.52
40.95,346.85,34.0307,7.9891,8.5470,4.31,100.00,39.13,0.00,95.34,0.00,0.00,34.3784,11.0070,8.5075,34.0822,11.0070,8.7613,0.00,0.00,39.13,34.8579,11.0070,8.1302,0.00,0.00,39.13,250.0675,11.9445,279.8723,0.00,100.00,182.67,-11.86,182.67,11.86,12.52
41.01,346.69,34.3264,7.9778,8.5194,4.48,100.00,39.09,0.00,95.43,0.00,0.00,34.6740,10.9957,8.4793,34.3776,10.9957,8.7330,0.00,0.00,39.09,35.1537,10.9957,8.1024,0.00,0.00,39.09,250.0675,11.9445,279.8723,0.00,100.00,182.67,-11.86,182.67,11.86,12.52
41.10,346.52,34.6328,7.9681,8.4903,3.60,100.00,39.18,0.00,95.52,0.00,0.00,34.9804,10.9860,8.4497,34.6844,10.9860,8.7038,0.00,0.00,39.18,35.4595,10.9860,8.0720,0.00,0.00,39.18,250.0675,11.9445,279.8723,0.00,100.00,182.67,-11.86,182.67,11.86,12.52
41.18,346.31,35.0097,8.0005,8.4539,4.65,100.00,39.18,0.00,95.52,0.00,0.00,35.3573,11.0184,8.4133,35.0613,11.0184,8.6674,0.00,0.00,39.18,35.8364,11.0184,8.0356,0.00,0.00,39.18,250.0675,11.9445,279.8723,0.00,100.00,182.67,-11.86,182.67,11.86,12.52
41.26,346.13,35.3536,7.9975,8.4207,4.23,100.00,39.18,0.00,95.52,0.00,0.00,35.7012,11.0154,8.3801,35.4052,11.0154,8.6342,0.00,0.00,39.18,36.1803,11.0154,8.0024,0.00,0.00,39.18,250.0675,11.9445,279.8723,0.00,100.00,182.67,-11.86,182.67,11.86,12.52
41.34,345.95,35.6814,7.9941,8.3890,4.02,100.00,39.18,0.00,95.52,0.00,0.00,36.0290,11.0119,8.3484,35.7330,11.0119,8.6026,0.00,0.00,39.18,36.5081,11.0119,7.9707,0.00,0.00,39.18,250.0675,11.9445,279.8723,0.00,100.00,182.67,-11.86,182.67,11.86,12.52
41.43,345.78,35.9940,7.9907,8.3589,3.83,100.00,39.11,0.00,95.52,0.00,0.00,36.3416,11.0086,8.3182,36.0453,11.0086,8.5720,0.00,0.00,39.11,36.8212,11.0086,7.9412,0.00,0.00,39.11,250.0675,11.9445,279.8723,0.00,100.00,182.67,-11.86,182.67,11.86,12.52
41.51,345.60,36.3147,7.9865,8.3279,3.91,100.00,39.06,0.00,95.54,0.00,0.00,36.6622,11.0044,8.2871,36.3657,11.0044,8.5407,0.00,0.00,39.06,37.1422,11.0044,7.9105,0.00,0.00,39.06,250.0675,11.9445,279.8723,0.00,100.00,182.67,-11.86,182.67,11.86,12.52
41.59,345.43,36.6456,7.9786,8.2958,3.94,100.00,39.02,0.00,95.56,0.00,0.00,36.9931,10.9965,8.2549,36.6964,10.9965,8.5083,0.00,0.00,39.02,37.4733,10.9965,7.8786,0.00,0.00,39.02,250.0675,11.9445,279.8723,0.00,100.00,182.67,-11.86,182.67,11.86,12.52
41.65,345.24,36.9937,7.9757,8.2620,5.67,100.00,39.00,0.00,95.58,0.00,0.00,37.3412,10.9936,8.2210,37.0444,10.9936,8.4742,0.00,0.00,39.00,37.8215,10.9936,7.8448,0.00,0.00,39.00,250.0675,11.9445,279.8723,0.00,100.00,182.67,-11.86,182.67,11.86,12.52
41.71,345.10,37.2525,7.9754,8.2367,4.33,100.00,39.02,0.00,95.59,0.00,0.00,37.6001,10.9933,8.1956,37.3033,10.9933,8.4489,0.00,0.00,39.02,38.0803,10.9933,7.8193,0.00,0.00,39.02,250.0675,11.9445,279.8723,0.00,100.00,182.67,-11.86,182.67,11.86,12.52
41.77,344.96,37.5094,7.9748,8.2115,4.28,100.00,39.03,0.00,95.60,0.00,0.00,37.8569,10.9927,8.1704,37.5602,10.9927,8.4237,0.00,0.00,39.03,38.3371,10.9927,7.7940,0.00,0.00,39.03,250.0675,11.9445,279.8723,0.00,100.00,182.67,-11.86,182.67,11.86,12.52
41.83,344.82,37.7717,7.9738,8.1858,4.35,100.00,38.99,0.00,95.61,0.00,0.00,38.1192,10.9917,8.1446,37.8224,10.9917,8.3977,0.00,0.00,38.99,38.5996,10.9917,7.7685,0.00,0.00,38.99,250.0675,11.9445,279.8723,0.00,100.00,182.67,-11.86,182.67,11.86,12.52
41.90,344.68,38.0259,7.9731,8.1608,4.23,100.00,38.94,0.00,95.61,0.00,0.00,38.3734,10.9910,8.1196,38.0763,10.9910,8.3725,0.00,0.00,38.94,38.8541,10.9910,7.7440,0.00,0.00,38.94,250.0675,11.9445,279.8723,0.00,100.00,182.67,-11.86,182.67,11.86,12.52
41.96,344.55,38.2708,7.9730,8.1368,4.10,100.00,38.94,0.00,95.61,0.00,0.00,38.6183,10.9909,8.0955,38.3212,10.9909,8.3484,0.00,0.00,38.94,39.0990,10.9909,7.7199,0.00,0.00,38.94,250.0675,11.9445,279.8723,0.00,100.00,182.67,-11.86,182.67,11.86,12.52
42.01,344.42,38.5054,7.9746,8.1137,3.99,100.00,38.94,0.00,95.61,0.00,0.00,38.8529,10.9925,8.0724,38.5559,10.9925,8.3254,0.00,0.00,38.94,39.3337,10.9925,7.6968,0.00,0.00,38.94,250.0675,11.9445,279.8723,0.00,100.00,182.67,-11.86,182.67,11.86,12.52
42.07,344.30,38.7279,7.9755,8.0918,3.76,100.00,38.94,0.00,95.61,0.00,0.00,39.0754,10.9934,8.0506,38.7783,10.9934,8.3035,0.00,0.00,38.94,39.5561,10.9934,7.6749,0.00,0.00,38.94,250.0675,11.9445,279.8723,0.00,100.00,182.67,-11.86,182.67,11.86,12.52
42.14,344.18,38.9563,7.9722,8.0694,3.71,100.00,39.07,0.00,95.74,0.00,0.00,39.3037,10.9900,8.0274,39.0072,10.9900,8.2809,0.00,0.00,39.07,39.7836,10.9900,7.6507,0.00,0.00,39.07,250.0675,11.9445,279.8723,0.00,100.00,182.67,-11.86,182.67,11.86,12.52
42.20,344.05,39.1985,7.9690,8.0450,3.94,100.00,38.96,0.00,95.87,0.00,0.00,39.5458,10.9869,8.0022,39.2489,10.9869,8.2552,0.00,0.00,38.96,40.0264,10.9869,7.6264,0.00,0.00,38.96,250.0675,11.9445,279.8723,0.00,100.00,182.67,-11.86,182.67,11.86,12.52
42.26,343.93,39.4310,7.9689,8.0211,3.89,100.00,38.73,0.00,95.87,0.00,0.00,39.7783,10.9868,7.9783,39.4804,10.9868,8.2301,0.00,0.00,38.73,40.2604,10.9868,7.6044,0.00,0.00,38.73,250.0675,11.9445,279.8723,0.00,100.00,182.67,-11.86,182.67,11.86,12.52
42.31,343.81,39.6483,7.9791,7.9988,4.03,100.00,38.54,0.00,95.87,0.00,0.00,39.9957,10.9970,7.9560,39.6968,10.9970,8.2068,0.00,0.00,38.54,40.4790,10.9970,7.5837,0.00,0.00,38.54,250.0675,11.9445,279.8723,0.00,100.00,182.67,-11.86,182.67,11.86,12.52
42.37,343.71,39.8482,7.9881,7.9782,3.66,100.00,38.43,0.00,95.96,0.00,0.00,40.1954,11.0060,7.9349,39.8961,11.0060,8.1851,0.00,0.00,38.43,40.6795,11.0060,7.5635,0.00,0.00,38.43,250.0675,11.9445,279.8723,0.00,100.00,182.67,-11.86,182.67,11.86,12.52
42.42,343.60,40.0542,7.9916,7.9567,3.57,100.00,38.35,0.00,96.05,0.00,0.00,40.4014,11.0095,7.9128,40.1017,11.0095,8.1626,0.00,0.00,38.35,40.8860,11.0095,7.5422,0.00,0.00,38.35,250.0675,11.9445,279.8723,0.00,100.00,182.67,-11.86,182.67,11.86,12.52
42.48,343.48,40.2760,7.9975,7.9332,3.94,100.00,38.28,0.00,96.15,0.00,0.00,40.6231,11.0154,7.8887,40.3232,11.0154,8.1382,0.00,0.00,38.28,41.1082,11.0154,7.5187,0.00,0.00,38.28,250.0675,11.9445,279.8723,0.00,100.00,182.67,-11.86,182.67,11.86,12.52
42.54,343.37,40.4965,7.9671,7.9094,3.91,100.00,38.24,0.00,96.25,0.00,0.00,40.8436,10.9850,7.8644,40.5434,10.9850,8.1136,0.00,0.00,38.24,41.3289,10.9850,7.4947,0.00,0.00,38.24,250.0675,11.9445,279.8723,0.00,100.00,182.67,-11.86,182.67,11.86,12.52
42.59,343.25,40.7232,7.9782,7.8846,4.25,100.00,38.18,0.00,96.32,0.00,0.00,41.0702,10.9961,7.8391,40.7698,10.9961,8.0880,0.00,0.00,38.18,41.5559,10.9961,7.4699,0.00,0.00,38.18,250.0675,11.9445,279.8723,0.00,100.00,182.67,-11.86,182.67,11.86,12.52
42.65,343.13,40.9395,7.9829,7.8607,3.80,100.00,38.14,0.00,96.38,0.00,0.00,41.2864,11.0008,7.8148,40.9859,11.0008,8.0635,0.00,0.00,38.14,41.7724,11.0008,7.4459,0.00,0.00,38.14,250.0675,11.9445,279.8723,0.00,100.00,182.67,-11.86,182.67,11.86,12.52
42.71,343.01,41.1743,7.9890,7.8344,4.18,100.00,38.11,0.00,96.45,0.00,0.00,41.5212,11.0069,7.7881,41.2205,11.0069,8.0367,0.00,0.00,38.11,42.0073,11.0069,7.4195,0.00,0.00,38.11,250.0675,11.9445,279.8723,0.00,100.00,182.67,-11.86,182.67,11.86,12.52
42.76,342.89,41.4100,7.9966,7.8077,4.26,100.00,38.11,0.00,96.52,0.00,0.00,41.7569,11.0145,7.7610,41.4562,11.0145,8.0096,0.00,0.00,38.11,42.2430,11.0145,7.3923,0.00,0.00,38.11,250.0675,11.9445,279.8723,0.00,100.00,182.67,-11.86,182.67,11.86,12.52
42.82,342.77,41.6346,7.9669,7.7821,4.01,100.00,38.05,0.00,96.52,0.00,0.00,41.9814,10.9848,7.7353,41.6804,10.9848,7.9835,0.00,0.00,38.05,42.4679,10.9848,7.3672,0.00,0.00,38.05,250.0675,11.9445,279.8723,0.00,100.00,182.67,-11.86,182.67,11.86,12.52
42.87,342.66,41.8558,7.9756,7.7567,4.05,100.00,38.05,0.00,96.52,0.00,0.00,42.2027,10.9935,7.7100,41.9017,10.9935,7.9582,0.00,0.00,38.05,42.6892,10.9935,7.3419,0.00,0.00,38.05,250.0675,11.9445,279.8723,0.00,100.00,182.67,-11.86,182.67,11.86,12.52
42.93,342.55,42.0740,7.9824,7.7318,3.91,100.00,38.07,0.00,96.55,0.00,0.00,42.4208,11.0003,7.6849,42.1199,11.0003,7.9332,0.00,0.00,38.07,42.9072,11.0003,7.3166,0.00,0.00,38.07,250.0675,11.9445,279.8723,0.00,100.00,182.67,-11.86,182.67,11.86,12.52
42.99,342.43,42.3004,7.9873,7.7058,3.98,100.00,38.09,0.00,96.57,0.00,0.00,42.6472,11.0052,7.6588,42.3464,11.0052,7.9072,0.00,0.00,38.09,43.1335,11.0052,7.2903,0.00,0.00,38.09,250.0675,11.9445,279.8723,0.00,100.00,182.67,-11.86,182.67,11.86,12.52
43.04,342.31,42.5352,7.9957,7.6788,4.28,100.00,38.11,0.00,96.59,0.00,0.00,42.8819,11.0136,7.6316,42.5812,11.0136,7.8802,0.00,0.00,38.11,43.3681,11.0136,7.2630,0.00,0.00,38.11,250.0675,11.9445,279.8723,0.00,100.00,182.67,-11.86,182.67,11.86,12.52
43.10,342.19,42.7655,7.9688,7.6522,4.22,100.00,38.07,0.00,96.60,0.00,0.00,43.1122,10.9867,7.6049,42.8114,10.9867,7.8533,0.00,0.00,38.07,43.5986,10.9867,7.2366,0.00,0.00,38.07,250.0675,11.9445,279.8723,0.00,100.00,182.67,-11.86,182.67,11.86,12.52
43.15,342.07,42.9996,7.9764,7.6251,4.24,100.00,38.04,0.00,96.63,0.00,0.00,43.3463,10.9943,7.5777,43.0453,10.9943,7.8259,0.00,0.00,38.04,43.8329,10.9943,7.2097,0.00,0.00,38.04,250.0675,11.9445,279.8723,0.00,100.00,182.67,-11.86,182.67,11.86,12.52
43.21,341.95,43.2393,7.9865,7.5972,4.45,100.00,38.06,0.00,96.65,0.00,0.00,43.5860,11.0044,7.5497,43.2851,11.0044,7.7980,0.00,0.00,38.06,44.0724,11.0044,7.1815,0.00,0.00,38.06,250.0675,11.9445,279.8723,0.00,100.00,182.67,-11.86,182.67,11.86,12.52
43.27,341.83,43.4766,7.9826,7.5695,3.84,100.00,38.08,0.00,96.67,0.00,0.00,43.8233,11.0005,7.5219,43.5225,11.0005,7.7703,0.00,0.00,38.08,44.3096,11.0005,7.1535,0.00,0.00,38.08,250.0675,11.9445,279.8723,0.00,100.00,182.67,-11.86,182.67,11.86,12.52
43.33,341.68,43.7534,7.9857,7.5372,4.78,100.00,38.10,0.00,96.69,0.00,0.00,44.1000,11.0035,7.4894,43.7993,11.0035,7.7379,0.00,0.00,38.10,44.5862,11.0035,7.1208,0.00,0.00,38.10,250.0675,11.9445,279.8723,0.00,100.00,182.67,-11.86,182.67,11.86,12.52
43.38,341.56,44.0044,7.9915,7.5077,4.46,100.00,38.10,0.00,96.69,0.00,0.00,44.3511,11.0094,7.4600,44.0503,11.0094,7.7085,0.00,0.00,38.10,44.8372,11.0094,7.0914,0.00,0.00,38.10,250.0675,11.9445,279.8723,0.00,100.00,182.67,-11.86,182.67,11.86,12.52
43.44,341.43,44.2408,7.9974,7.4800,4.20,100.00,37.82,0.00,96.69,0.00,0.00,44.5875,11.0153,7.4322,44.2856,11.0153,7.6793,0.00,0.00,37.82,45.0755,11.0153,7.0661,0.00,0.00,37.82,250.0675,11.9445,279.8723,0.00,100.00,182.67,-11.86,182.67,11.86,12.52
43.50,341.31,44.4811,7.9694,7.4518,4.36,100.00,37.79,0.00,96.94,0.00,0.00,44.8275,10.9873,7.4025,44.5254,10.9873,7.6494,0.00,0.00,37.79,45.3157,10.9873,7.0367,0.00,0.00,37.79,250.0675,11.9445,279.8723,0.00,100.00,182.67,-11.86,182.67,11.86,12.52
43.55,341.19,44.7216,7.9776,7.4225,4.38,100.00,37.75,0.00,97.18,0.00,0.00,45.0678,10.9955,7.3718,44.7656,10.9955,7.6184,0.00,0.00,37.75,45.5563,10.9955,7.0063,0.00,0.00,37.75,250.0675,11.9445,279.8723,0.00,100.00,182.67,-11.86,182.67,11.86,12.52
43.61,341.07,44.9637,7.9823,7.3920,4.26,100.00,37.70,0.00,97.44,0.00,0.00,45.3097,11.0002,7.3398,45.0073,11.0002,7.5862,0.00,0.00,37.70,45.7985,11.0002,6.9746,0.00,0.00,37.70,250.0675,11.9445,279.8723,0.00,100.00,182.67,-11.86,182.67,11.86,12.52
43.67,340.94,45.2184,7.9882,7.3588,4.54,100.00,37.96,0.00,97.70,0.00,0.00,45.5642,11.0061,7.3049,45.2629,11.0061,7.5527,0.00,0.00,37.96,46.0513,11.0061,6.9376,0.00,0.00,37.96,250.0675,11.9445,279.8723,0.00,100.00,182.67,-11.86,182.67,11.86,12.52
43.72,340.82,45.4722,7.9930,7.3245,4.47,100.00,36.66,0.00,96.39,0.00,0.00,45.8191,11.0109,7.2785,45.5122,11.0109,7.5194,0.00,0.00,36.66,46.3144,11.0109,6.9223,0.00,0.00,36.66,250.0675,11.9445,279.8723,0.00,100.00,182.67,-11.86,182.67,11.86,12.52
43.78,340.69,45.7319,7.9982,7.2954,4.58,100.00,35.73,0.00,95.07,0.00,0.00,46.0798,11.0161,7.2574,45.7690,11.0161,7.4933,0.00,0.00,35.73,46.5808,11.0161,6.9093,0.00,0.00,35.73,250.0675,11.9445,279.8723,0.00,100.00,182.67,-11.86,182.67,11.86,12.52
43.84,340.55,45.9935,7.9689,7.2721,4.67,100.00,35.64,0.00,94.59,0.00,0.00,46.3417,10.9868,7.2371,46.0305,10.9868,7.4725,0.00,0.00,35.64,46.8433,10.9868,6.8898,0.00,0.00,35.64,250.0675,11.9445,279.8723,0.00,100.00,182.67,-11.86,182.67,11.86,12.52
43.89,340.41,46.2556,7.9764,7.2511,4.72,100.00,35.16,0.00,94.12,0.00,0.00,46.6041,10.9943,7.2189,46.2910,10.9943,7.4517,0.00,0.00,35.16,47.1086,10.9943,6.8759,0.00,0.00,35.16,250.0675,11.9445,279.8723,0.00,100.00,182.67,-11.86,182.67,11.86,12.52
43.95,340.27,46.5063,7.9815,7.2331,4.40,100.00,35.16,0.00,94.12,0.00,0.00,46.8548,10.9994,7.2009,46.5417,10.9994,7.4337,0.00,0.00,35.16,47.3592,10.9994,6.8578,0.00,0.00,35.16,250.0675,11.9445,279.8723,0.00,100.00,182.67,-11.86,182.67,11.86,12.52
44.01,340.14,46.7553,7.9891,7.2151,4.48,100.00,35.16,0.00,94.12,0.00,0.00,47.1037,11.0070,7.1830,46.7907,11.0070,7.4158,0.00,0.00,35.16,47.6082,11.0070,6.8399,0.00,0.00,35.16,250.0675,11.9445,279.8723,0.00,100.00,182.67,-11.86,182.67,11.86,12.52
44.06,340.01,46.9905,7.9946,7.1982,4.15,100.00,35.16,0.00,94.12,0.00,0.00,47.3390,11.0125,7.1661,47.0259,11.0125,7.3988,0.00,0.00,35.16,47.8434,11.0125,6.8230,0.00,0.00,35.16,250.0675,11.9445,279.8723,0.00,100.00,182.67,-11.86,182.67,11.86,12.52
44.12,339.89,47.2229,7.9689,7.1815,4.30,100.00,35.16,0.00,94.12,0.00,0.00,47.5714,10.9868,7.1494,47.2583,10.9868,7.3821,0.00,0.00,35.16,48.0759,10.9867,6.8063,0.00,0.00,35.16,250.0675,11.9445,279.8723,0.00,100.00,182.67,-11.86,182.67,11.86,12.52
44.17,339.76,47.4481,7.9756,7.1653,4.02,100.00,35.13,0.00,94.08,0.00,0.00,47.7966,10.9935,7.1334,47.4834,10.9935,7.3659,0.00,0.00,35.13,48.3013,10.9935,6.7906,0.00,0.00,35.13,250.0675,11.9445,279.8723,0.00,100.00,182.67,-11.86,182.67,11.86,12.52
44.23,339.64,47.6822,7.9805,7.1486,4.10,100.00,35.09,0.00,94.05,0.00,0.00,48.0307,10.9984,7.1169,47.7173,10.9984,7.3492,0.00,0.00,35.09,48.5356,10.9984,6.7744,0.00,0.00,35.09,250.0675,11.9445,279.8723,0.00,100.00,182.67,-11.86,182.67,11.86,12.52
44.29,339.51,47.9230,7.9872,7.1315,4.30,100.00,35.06,0.00,94.01,0.00,0.00,48.2716,11.0051,7.1000,47.9581,11.0051,7.3322,0.00,0.00,35.06,48.7767,11.0051,6.7578,0.00,0.00,35.06,250.0675,11.9445,279.8723,0.00,100.00,182.67,-11.86,182.67,11.86,12.52
44.34,339.38,48.1618,7.9933,7.1148,4.23,100.00,35.02,0.00,93.98,0.00,0.00,48.5104,11.0112,7.0835,48.1967,11.0112,7.3155,0.00,0.00,35.02,49.0157,11.0112,6.7416,0.00,0.00,35.02,250.0675,11.9445,279.8723,0.00,100.00,182.67,-11.86,182.67,11.86,12.52
44.40,339.25,48.3946,7.9983,7.0986,4.08,100.00,35.02,0.00,93.98,0.00,0.00,48.7431,11.0162,7.0673,48.4295,11.0162,7.2993,0.00,0.00,35.02,49.2484,11.0162,6.7254,0.00,0.00,35.02,250.0675,11.9445,279.8723,0.00,100.00,182.67,-11.86,182.67,11.86,12.52
44.46,339.13,48.6218,7.9722,7.0828,4.19,100.00,35.17,0.00,93.98,0.00,0.00,48.9704,10.9901,7.0515,48.6573,10.9901,7.2843,0.00,0.00,35.17,49.4748,10.9901,6.7084,0.00,0.00,35.17,250.0675,11.9445,279.8723,0.00,100.00,182.67,-11.86,182.67,11.86,12.52
44.51,339.01,48.8416,7.9781,7.0675,3.89,100.00,35.30,0.00,93.96,0.00,0.00,49.1902,10.9960,7.0363,48.8777,10.9960,7.2698,0.00,0.00,35.30,49.6938,10.9960,6.6920,0.00,0.00,35.30,250.0675,11.9445,279.8723,0.00,100.00,182.67,-11.86,182.67,11.86,12.52
44.57,338.89,49.0715,7.9796,7.0516,3.90,100.00,35.42,0.00,93.95,0.00,0.00,49.4200,10.9975,7.0205,49.1080,10.9975,7.2547,0.00,0.00,35.42,49.9229,10.9975,6.6750,0.00,0.00,35.42,250.0675,11.9445,279.8723,0.00,100.00,182.67,-11.86,182.67,11.86,12.52
44.63,338.76,49.3138,7.9865,7.0349,4.33,100.00,35.53,0.00,93.93,0.00,0.00,49.6624,11.0044,7.0039,49.3508,11.0044,7.2387,0.00,0.00,35.53,50.1646,11.0044,6.6575,0.00,0.00,35.53,250.0675,11.9445,279.8723,0.00,100.00,182.67,-11.86,182.67,11.86,12.52
44.68,338.63,49.5460,7.9947,7.0189,4.21,100.00,35.65,0.00,93.91,0.00,0.00,49.8946,11.0126,6.9880,49.5835,11.0126,7.2234,0.00,0.00,35.65,50.3961,11.0126,6.6407,0.00,0.00,35.65,250.0675,11.9445,279.8723,0.00,100.00,182.67,-11.86,182.67,11.86,12.52
44.74,338.51,49.7773,7.9999,7.0031,4.06,100.00,35.77,0.00,93.89,0.00,0.00,50.1259,11.0178,6.9723,49.8153,11.0178,7.2084,0.00,0.00,35.77,50.6267,11.0178,6.6239,0.00,0.00,35.77,250.0675,11.9445,279.8723,0.00,100.00,182.67,-11.86,182.67,11.86,12.52
44.79,338.38,50.0181,7.9755,6.9867,4.51,100.00,35.80,0.00,93.88,0.00,0.00,50.3667,10.9934,6.9560,50.0563,10.9934,7.1923,0.00,0.00,35.80,50.8673,10.9934,6.6073,0.00,0.00,35.80,250.0675,11.9445,279.8723,0.00,100.00,182.67,-11.86,182.67,11.86,12.52
44.85,338.26,50.2384,7.9807,6.9718,3.87,100.00,35.85,0.00,93.88,0.00,0.00,50.5870,10.9985,6.9411,50.2767,10.9985,7.1777,0.00,0.00,35.85,51.0872,10.9985,6.5919,0.00,0.00,35.85,250.0675,11.9445,279.8723,0.00,100.00,182.67,-11.86,182.67,11.86,12.52
44.91,338.14,50.4640,7.9857,6.9565,3.96,100.00,35.89,0.00,93.88,0.00,0.00,50.8126,11.0036,6.9258,50.5025,11.0036,7.1626,0.00,0.00,35.89,51.3126,11.0036,6.5763,0.00,0.00,35.89,250.0675,11.9445,279.8723,0.00,100.00,182.67,-11.86,182.67,11.86,12.52
44.96,338.02,50.6922,7.9966,6.9411,4.26,100.00,35.92,0.00,93.87,0.00,0.00,51.0408,11.0145,6.9104,50.7309,11.0145,7.1473,0.00,0.00,35.92,51.5407,11.0145,6.5607,0.00,0.00,35.92,250.0675,11.9445,279.8723,0.00,100.00,182.67,-11.86,182.67,11.86,12.52
45.02,337.90,50.9092,7.9997,6.9264,3.73,100.00,35.91,0.00,93.86,0.00,0.00,51.2578,11.0176,6.8958,50.9478,11.0176,7.1327,0.00,0.00,35.91,51.7577,11.0176,6.5461,0.00,0.00,35.91,250.0675,11.9445,279.8723,0.00,100.00,182.67,-11.86,182.67,11.86,12.52
45.08,337.78,51.1359,7.9731,6.9111,4.15,100.00,35.91,0.00,93.86,0.00,0.00,51.4845,10.9910,6.8805,51.1745,10.9910,7.1174,0.00,0.00,35.91,51.9844,10.9910,6.5308,0.00,0.00,35.91,250.0675,11.9445,279.8723,0.00,100.00,182.67,-11.86,182.67,11.86,12.52
45.13,337.67,51.3430,7.9801,6.8971,3.71,100.00,35.91,0.00,93.86,0.00,0.00,51.6916,10.9980,6.8666,51.3816,10.9980,7.1034,0.00,0.00,35.91,52.1915,10.9980,6.5169,0.00,0.00,35.91,250.0675,11.9445,279.8723,0.00,100.00,182.67,-11.86,182.67,11.86,12.52
45.19,337.56,51.5459,7.9863,6.8834,3.60,100.00,35.91,0.00,93.86,0.00,0.00,51.8946,11.0041,6.8529,51.5846,11.0041,7.0897,0.00,0.00,35.91,52.3945,11.0041,6.5032,0.00,0.00,35.91,250.0675,11.9445,279.8723,0.00,100.00,182.67,-11.86,182.67,11.86,12.52
45.24,337.46,51.7429,7.9915,6.8702,3.46,100.00,35.91,0.00,93.86,0.00,0.00,52.0915,11.0094,6.8396,51.7815,11.0094,7.0764,0.00,0.00,35.91,52.5914,11.0094,6.4899,0.00,0.00,35.91,250.0675,11.9445,279.8723,0.00,100.00,182.67,-11.86,182.67,11.86,12.52
45.30,337.35,51.9440,7.9958,6.8566,3.50,100.00,35.90,0.00,93.85,0.00,0.00,52.2926,11.0137,6.8261,51.9825,11.0137,7.0629,0.00,0.00,35.90,52.7926,11.0137,6.4764,0.00,0.00,35.90,250.0675,11.9445,279.8723,0.00,100.00,182.67,-11.86,182.67,11.86,12.52
45.36,337.24,52.1494,7.9672,6.8428,3.70,100.00,35.90,0.00,93.84,0.00,0.00,52.4980,10.9851,6.8123,52.1880,10.9851,7.0490,0.00,0.00,35.90,52.9980,10.9851,6.4627,0.00,0.00,35.90,250.0675,11.9445,279.8723,0.00,100.00,182.67,-11.86,182.67,11.86,12.52
45.41,337.14,52.3423,7.9771,6.8298,3.56,100.00,35.90,0.00,93.84,0.00,0.00,52.6909,10.9950,6.7993,52.3808,10.9950,7.0361,0.00,0.00,35.90,53.1909,10.9950,6.4498,0.00,0.00,35.90,250.0675,11.9445,279.8723,0.00,100.00,182.67,-11.86,182.67,11.86,12.52
45.47,337.04,52.5218,7.9813,6.8177,3.12,100.00,35.90,0.00,93.84,0.00,0.00,52.8705,10.9992,6.7873,52.5604,10.9992,7.0240,0.00,0.00,35.90,53.3705,10.9992,6.4377,0.00,0.00,35.90,250.0675,11.9445,279.8723,0.00,100.00,182.67,-11.86,182.67,11.86,12.52
45.53,336.94,52.7144,7.9872,6.8048,3.41,100.00,35.89,0.00,93.84,0.00,0.00,53.0631,11.0051,6.7744,52.7530,11.0051,7.0111,0.00,0.00,35.89,53.5631,11.0051,6.4249,0.00,0.00,35.89,250.0675,11.9445,279.8723,0.00,100.00,182.67,-11.86,182.67,11.86,12.52
45.58,336.84,52.9062,7.9977,6.7919,3.56,100.00,35.88,0.00,93.83,0.00,0.00,53.2548,11.0156,6.7615,52.9447,11.0156,6.9982,0.00,0.00,35.88,53.7549,11.0156,6.4121,0.00,0.00,35.88,250.0675,11.9445,279.8723,0.00,100.00,182.67,-11.86,182.67,11.86,12.52
45.64,336.74,53.0912,8.0007,6.7795,3.18,100.00,35.88,0.00,93.82,0.00,0.00,53.4398,11.0186,6.7492,53.1297,11.0186,6.9858,0.00,0.00,35.88,53.9400,11.0186,6.3998,0.00,0.00,35.88,250.0675,11.9445,279.8723,0.00,100.00,182.67,-11.86,182.67,11.86,12.52
45.70,336.63,53.2933,7.9696,6.7660,3.56,100.00,35.87,0.00,93.82,0.00,0.00,53.6419,10.9875,6.7357,53.3318,10.9875,6.9723,0.00,0.00,35.87,54.1421,10.9875,6.3863,0.00,0.00,35.87,250.0675,11.9445,279.8723,0.00,100.00,182.67,-11.86,182.67,11.86,12.52
45.75,336.53,53.4953,7.9752,6.7525,3.56,100.00,35.87,0.00,93.81,0.00,0.00,53.8439,10.9931,6.7222,53.5337,10.9931,6.9588,0.00,0.00,35.87,54.3441,10.9931,6.3729,0.00,0.00,35.87,250.0675,11.9445,279.8723,0.00,100.00,182.67,-11.86,182.67,11.86,12.52
45.81,336.42,53.6970,7.9822,6.7391,3.61,100.00,35.86,0.00,93.81,0.00,0.00,54.0457,11.0001,6.7088,53.7354,11.0001,6.9454,0.00,0.00,35.86,54.5459,11.0001,6.3596,0.00,0.00,35.86,250.0675,11.9445,279.8723,0.00,100.00,182.67,-11.86,182.67,11.86,12.52
45.86,336.32,53.8883,7.9925,6.7263,3.54,100.00,35.86,0.00,93.81,0.00,0.00,54.2369,11.0104,6.6961,53.9267,11.0104,6.9327,0.00,0.00,35.86,54.7371,11.0104,6.3468,0.00,0.00,35.86,250.0675,11.9445,279.8723,0.00,100.00,182.67,-11.86,182.67,11.86,12.52
45.92,336.23,54.0660,7.9958,6.7145,3.06,100.00,35.86,0.00,93.81,0.00,0.00,54.4146,11.0137,6.6842,54.1044,11.0137,6.9208,0.00,0.00,35.86,54.9149,11.0137,6.3350,0.00,0.00,35.86,250.0675,11.9445,279.8723,0.00,100.00,182.67,-11.86,182.67,11.86,12.52
45.98,336.12,54.2593,7.9688,6.7016,3.54,100.00,35.86,0.00,93.80,0.00,0.00,54.6079,10.9867,6.6714,54.2977,10.9867,6.9080,0.00,0.00,35.86,55.1082,10.9867,6.3222,0.00,0.00,35.86,250.0675,11.9445,279.8723,0.00,100.00,182.67,-11.86,182.67,11.86,12.52
46.03,336.03,54.4453,7.9772,6.6893,3.38,100.00,35.85,0.00,93.80,0.00,0.00,54.7939,10.9951,6.6591,54.4837,10.9951,6.8956,0.00,0.00,35.85,55.2942,10.9951,6.3099,0.00,0.00,35.85,250.0675,11.9445,279.8723,0.00,100.00,182.67,-11.86,182.67,11.86,12.52
46.09,335.93,54.6334,7.9814,6.6768,3.27,100.00,35.85,0.00,93.80,0.00,0.00,54.9820,10.9993,6.6466,54.6718,10.9993,6.8831,0.00,0.00,35.85,55.4823,10.9993,6.2974,0.00,0.00,35.85,250.0675,11.9445,279.8723,0.00,100.00,182.67,-11.86,182.67,11.86,12.52
46.15,335.82,54.8320,7.9882,6.6636,3.55,100.00,35.85,0.00,93.79,0.00,0.00,55.1806,11.0061,6.6334,54.8703,11.0061,6.8699,0.00,0.00,35.85,55.6809,11.0061,6.2843,0.00,0.00,35.85,250.0675,11.9445,279.8723,0.00,100.00,182.67,-11.86,182.67,11.86,12.52
46.20,335.72,55.0178,7.9991,6.6512,3.47,100.00,35.85,0.00,93.79,0.00,0.00,55.3665,11.0170,6.6211,55.0562,11.0170,6.8576,0.00,0.00,35.85,55.8668,11.0170,6.2719,0.00,0.00,35.85,250.0675,11.9445,279.8723,0.00,100.00,182.67,-11.86,182.67,11.86,12.52
46.26,335.63,55.1890,7.9696,6.6399,3.07,100.00,35.85,0.00,93.79,0.00,0.00,55.5377,10.9875,6.6097,55.2274,10.9875,6.8462,0.00,0.00,35.85,56.0380,10.9875,6.2606,0.00,0.00,35.85,250.0675,11.9445,279.8723,0.00,100.00,182.67,-11.86,182.67,11.86,12.52
46.31,335.54,55.3716,7.9747,6.6278,3.20,100.00,35.85,0.00,93.79,0.00,0.00,55.7203,10.9926,6.5976,55.4100,10.9926,6.8341,0.00,0.00,35.85,56.2206,10.9926,6.2485,0.00,0.00,35.85,250.0675,11.9445,279.8723,0.00,100.00,182.67,-11.86,182.67,11.86,12.52
46.37,335.44,55.5580,7.9799,6.6154,3.28,100.00,35.85,0.00,93.79,0.00,0.00,55.9067,10.9978,6.5852,55.5964,10.9978,6.8217,0.00,0.00,35.85,56.4070,10.9978,6.2361,0.00,0.00,35.85,250.0675,11.9445,279.8723,0.00,100.00,182.67,-11.86,182.67,11.86,12.52
46.43,335.34,55.7465,7.9856,6.6029,3.33,100.00,35.84,0.00,93.79,0.00,0.00,56.0952,11.0035,6.5727,55.7849,11.0035,6.8092,0.00,0.00,35.84,56.5955,11.0035,6.2236,0.00,0.00,35.84,250.0675,11.9445,279.8723,0.00,100.00,182.67,-11.86,182.67,11.86,12.52
46.49,335.24,55.9364,7.9879,6.5903,3.24,100.00,35.84,0.00,93.79,0.00,0.00,56.2850,11.0058,6.5602,55.9747,11.0058,6.7966,0.00,0.00,35.84,56.7854,11.0058,6.2111,0.00,0.00,35.84,250.0675,11.9445,279.8723,0.00,100.00,182.67,-11.86,182.67,11.86,12.52
46.54,335.14,56.1352,7.9966,6.5772,3.62,100.00,35.84,0.00,93.79,0.00,0.00,56.4838,11.0145,6.5470,56.1735,11.0145,6.7835,0.00,0.00,35.84,56.9842,11.0145,6.1979,0.00,0.00,35.84,250.0675,11.9445,279.8723,0.00,100.00,182.67,-11.86,182.67,11.86,12.52
46.60,335.04,56.3241,7.9686,6.5646,3.43,100.00,35.84,0.00,93.79,0.00,0.00,56.6727,10.9865,6.5345,56.3624,10.9865,6.7710,0.00,0.00,35.84,57.1731,10.9865,6.1854,0.00,0.00,35.84,250.0675,11.9445,279.8723,0.00,100.00,182.67,-11.86,182.67,11.86,12.52
46.66,334.94,56.5079,7.9728,6.5525,3.20,100.00,35.84,0.00,93.79,0.00,0.00,56.8565,10.9907,6.5223,56.5462,10.9907,6.7588,0.00,0.00,35.84,57.3569,10.9907,6.1733,0.00,0.00,35.84,250.0675,11.9445,279.8723,0.00,100.00,182.67,-11.86,182.67,11.86,12.52
46.71,334.84,56.6895,7.9763,6.5404,3.14,100.00,35.84,0.00,93.79,0.00,0.00,57.0382,10.9942,6.5103,56.7279,10.9942,6.7468,0.00,0.00,35.84,57.5385,10.9942,6.1612,0.00,0.00,35.84,250.0675,11.9445,279.8723,0.00,100.00,182.67,-11.86,182.67,11.86,12.52
46.77,334.75,56.8750,7.9823,6.5281,3.29,100.00,35.84,0.00,93.79,0.00,0.00,57.2236,11.0002,6.4980,56.9133,11.0002,6.7345,0.00,0.00,35.84,57.7240,11.0002,6.1489,0.00,0.00,35.84,250.0675,11.9445,279.8723,0.00,100.00,182.67,-11.86,182.67,11.86,12.52
46.83,334.65,57.0582,7.9848,6.5160,3.13,100.00,35.84,0.00,93.79,0.00,0.00,57.4068,11.0027,6.4859,57.0965,11.0027,6.7223,0.00,0.00,35.84,57.9072,11.0027,6.1368,0.00,0.00,35.84,250.0675,11.9445,279.8723,0.00,100.00,182.67,-11.86,182.67,11.86,12.52
46.88,334.55,57.2503,7.9949,6.5033,3.55,100.00,35.84,0.00,93.78,0.00,0.00,57.5990,11.0128,6.4732,57.2887,11.0128,6.7096,0.00,0.00,35.84,58.0993,11.0128,6.1241,0.00,0.00,35.84,250.0675,11.9445,279.8723,0.00,100.00,182.67,-11.86,182.67,11.86,12.52
46.94,334.46,57.4304,7.9670,6.4914,3.27,100.00,35.84,0.00,93.78,0.00,0.00,57.7791,10.9849,6.4613,57.4687,10.9849,6.6977,0.00,0.00,35.84,58.2794,10.9849,6.1122,0.00,0.00,35.84,250.0675,11.9445,279.8723,0.00,100.00,182.67,-11.86,182.67,11.86,12.52
47.00,334.36,57.6179,7.9720,6.4790,3.29,100.00,35.84,0.00,93.78,0.00,0.00,57.9666,10.9899,6.4488,57.6562,10.9899,6.6853,0.00,0.00,35.84,58.4669,10.9899,6.0998,0.00,0.00,35.84,250.0675,11.9445,279.8723,0.00,100.00,182.67,-11.86,182.67,11.86,12.52
47.05,334.26,57.8123,7.9736,6.4661,3.30,100.00,35.81,0.00,93.78,0.00,0.00,58.1610,10.9915,6.4360,57.8506,10.9915,6.6723,0.00,0.00,35.81,58.6615,10.9915,6.0872,0.00,0.00,35.81,250.0675,11.9445,279.8723,0.00,100.00,182.67,-11.86,182.67,11.86,12.52
47.11,334.16,58.0048,7.9781,6.4534,3.36,100.00,35.78,0.00,93.78,0.00,0.00,58.3534,10.9960,6.4233,58.0429,10.9960,6.6594,0.00,0.00,35.78,58.8541,10.9960,6.0747,0.00,0.00,35.78,250.0675,11.9445,279.8723,0.00,100.00,182.67,-11.86,182.67,11.86,12.52
47.17,334.07,58.1840,7.9821,6.4415,3.11,100.00,35.78,0.00,93.78,0.00,0.00,58.5326,11.0000,6.4114,58.2221,11.0000,6.6476,0.00,0.00,35.78,59.0333,11.0000,6.0629,0.00,0.00,35.78,250.0675,11.9445,279.8723,0.00,100.00,182.67,-11.86,182.67,11.86,12.52
47.23,333.98,58.3559,7.9899,6.4302,3.10,100.00,35.78,0.00,93.78,0.00,0.00,58.7046,11.0078,6.4000,58.3940,11.0078,6.6362,0.00,0.00,35.78,59.2053,11.0078,6.0515,0.00,0.00,35.78,250.0675,11.9445,279.8723,0.00,100.00,182.67,-11.86,182.67,11.86,12.52
47.28,333.89,58.5139,7.9932,6.4197,2.72,100.00,35.75,0.00,93.78,0.00,0.00,58.8625,11.0111,6.3896,58.5518,11.0111,6.6256,0.00,0.00,35.75,59.3634,11.0111,6.0413,0.00,0.00,35.75,250.0675,11.9445,279.8723,0.00,100.00,182.67,-11.86,182.67,11.86,12.52
47.34,333.81,58.6817,7.9983,6.4086,2.95,100.00,35.72,0.00,93.78,0.00,0.00,59.0304,11.0162,6.3785,58.7196,11.0162,6.6143,0.00,0.00,35.72,59.5315,11.0162,6.0305,0.00,0.00,35.72,250.0675,11.9445,279.8723,0.00,100.00,182.67,-11.86,182.67,11.86,12.52
47.40,333.72,58.8488,7.9681,6.3976,2.98,100.00,35.72,0.00,93.78,0.00,0.00,59.1975,10.9860,6.3674,58.8867,10.9860,6.6032,0.00,0.00,35.72,59.6986,10.9860,6.0195,0.00,0.00,35.72,250.0675,11.9445,279.8723,0.00,100.00,182.67,-11.86,182.67,11.86,12.52
47.45,333.64,59.0081,7.9771,6.3870,2.91,100.00,35.72,0.00,93.78,0.00,0.00,59.3568,10.9949,6.3569,59.0459,10.9949,6.5927,0.00,0.00,35.72,59.8579,10.9949,6.0089,0.00,0.00,35.72,250.0675,11.9445,279.8723,0.00,100.00,182.67,-11.86,182.67,11.86,12.52
47.51,333.56,59.1540,7.9798,6.3774,2.50,100.00,35.68,0.00,93.78,0.00,0.00,59.5026,10.9977,6.3473,59.1917,10.9977,6.5829,0.00,0.00,35.68,60.0039,10.9977,5.9996,0.00,0.00,35.68,250.0675,11.9445,279.8723,0.00,100.00,182.67,-11.86,182.67,11.86,12.52
47.57,333.49,59.3009,7.9846,6.3677,2.57,100.00,35.65,0.00,93.78,0.00,0.00,59.6495,11.0025,6.3375,59.3384,11.0025,6.5730,0.00,0.00,35.65,60.1511,11.0025,5.9901,0.00,0.00,35.65,250.0675,11.9445,279.8723,0.00,100.00,182.67,-11.86,182.67,11.86,12.52
47.63,333.41,59.4369,7.9889,6.3587,2.37,100.00,35.61,0.00,93.78,0.00,0.00,59.7856,11.0068,6.3285,59.4744,11.0068,6.5638,0.00,0.00,35.61,60.2873,11.0068,5.9815,0.00,0.00,35.61,250.0675,11.9445,279.8723,0.00,100.00,182.67,-11.86,182.67,11.86,12.52
47.68,333.35,59.5656,7.9948,6.3501,2.28,100.00,35.58,0.00,93.78,0.00,0.00,59.9143,11.0127,6.3200,59.6029,11.0127,6.5551,0.00,0.00,35.58,60.4162,11.0127,5.9732,0.00,0.00,35.58,250.0675,11.9445,279.8723,0.00,100.00,182.67,-11.86,182.67,11.86,12.52
47.74,333.29,59.6845,7.9680,6.3423,2.21,100.00,35.55,0.00,93.78,0.00,0.00,60.0331,10.9859,6.3122,59.7216,10.9859,6.5470,0.00,0.00,35.55,60.5353,10.9859,5.9657,0.00,0.00,35.55,250.0675,11.9445,279.8723,0.00,100.00,182.67,-11.86,182.67,11.86,12.52
47.80,333.23,59.7930,7.9732,6.3351,1.91,100.00,35.51,0.00,93.78,0.00,0.00,60.1416,10.9911,6.3050,59.8300,10.9911,6.5397,0.00,0.00,35.51,60.6440,10.9911,5.9588,0.00,0.00,35.51,250.0675,11.9445,279.8723,0.00,100.00,182.67,-11.86,182.67,11.86,12.52
47.85,333.18,59.8972,7.9805,6.3282,1.87,100.00,35.48,0.00,93.78,0.00,0.00,60.2458,10.9984,6.2981,59.9340,10.9984,6.5326,0.00,0.00,35.48,60.7483,10.9984,5.9522,0.00,0.00,35.48,250.0675,11.9445,279.8723,0.00,100.00,182.67,-11.86,182.67,11.86,12.52
47.91,333.13,59.9916,7.9814,6.3220,1.59,100.00,35.44,0.00,93.78,0.00,0.00,60.3402,10.9993,6.2919,60.0283,10.9993,6.5262,0.00,0.00,35.44,60.8430,10.9993,5.9463,0.00,0.00,35.44,250.0675,11.9445,279.8723,0.00,100.00,182.67,-11.86,182.67,11.86,12.52
47.97,333.08,60.0835,7.9831,6.3159,1.56,100.00,35.44,0.00,93.78,0.00,0.00,60.4322,11.0010,6.2858,60.1203,11.0010,6.5201,0.00,0.00,35.44,60.9349,11.0010,5.9402,0.00,0.00,35.44,250.0675,11.9445,279.8723,0.00,100.00,182.67,-11.86,182.67,11.86,12.52
48.03,333.04,60.1664,7.9905,6.3104,1.50,100.00,35.44,0.00,93.78,0.00,0.00,60.5151,11.0084,6.2803,60.2031,11.0084,6.5146,0.00,0.00,35.44,61.0178,11.0084,5.9347,0.00,0.00,35.44,250.0675,11.9445,279.8723,0.00,100.00,182.67,-11.86,182.67,11.86,12.52
48.08,333.00,60.2371,7.9976,6.3057,1.27,100.00,35.44,0.00,93.78,0.00,0.00,60.5858,11.0155,6.2756,60.2739,11.0155,6.5099,0.00,0.00,35.44,61.0885,11.0155,5.9300,0.00,0.00,35.44,250.0675,11.9445,279.8723,0.00,100.00,182.67,-11.86,182.67,11.86,12.52
48.14,332.96,60.3104,8.0016,6.3009,1.27,100.00,35.44,0.00,93.78,0.00,0.00,60.6591,11.0195,6.2708,60.3472,11.0195,6.5051,0.00,0.00,35.44,61.1618,11.0195,5.9252,0.00,0.00,35.44,250.0675,11.9445,279.8723,0.00,100.00,182.67,-11.86,182.67,11.86,12.52
48.20,332.92,60.3884,7.9698,6.2957,1.45,100.00,35.41,0.00,93.78,0.00,0.00,60.7370,10.9877,6.2656,60.4250,10.9877,6.4998,0.00,0.00,35.41,61.2400,10.9877,5.9203,0.00,0.00,35.41,250.0675,11.9445,279.8723,0.00,100.00,182.67,-11.86,182.67,11.86,12.52
48.25,332.89,60.4585,7.9744,6.2911,1.23,100.00,35.38,0.00,93.78,0.00,0.00,60.8072,10.9923,6.2610,60.4950,10.9923,6.4950,0.00,0.00,35.38,61.3103,10.9923,5.9159,0.00,0.00,35.38,250.0675,11.9445,279.8723,0.00,100.00,182.67,-11.86,182.67,11.86,12.52
48.31,332.86,60.5200,7.9791,6.2870,1.08,100.00,35.35,0.00,93.78,0.00,0.00,60.8687,10.9970,6.2569,60.5563,10.9970,6.4907,0.00,0.00,35.35,61.3720,10.9970,5.9121,0.00,0.00,35.35,250.0675,11.9445,279.8723,0.00,100.00,182.67,-11.86,182.67,11.86,12.52
48.37,332.82,60.5839,7.9822,6.2828,1.10,100.00,35.32,0.00,93.78,0.00,0.00,60.9325,11.0001,6.2527,60.6201,11.0001,6.4863,0.00,0.00,35.32,61.4360,11.0001,5.9082,0.00,0.00,35.32,250.0675,11.9445,279.8723,0.00,100.00,182.67,-11.86,182.67,11.86,12.52
48.43,332.79,60.6511,7.9890,6.2783,1.21,100.00,35.29,0.00,93.78,0.00,0.00,60.9997,11.0069,6.2482,60.6872,11.0069,6.4817,0.00,0.00,35.29,61.5034,11.0069,5.9040,0.00,0.00,35.29,250.0675,11.9445,279.8723,0.00,100.00,182.67,-11.86,182.67,11.86,12.52
48.48,332.75,60.7182,7.9940,6.2739,1.18,100.00,35.26,0.00,93.78,0.00,0.00,61.0669,11.0119,6.2438,60.7542,11.0119,6.4771,0.00,0.00,35.26,61.5707,11.0119,5.8998,0.00,0.00,35.26,250.0675,11.9445,279.8723,0.00,100.00,182.67,-11.86,182.67,11.86,12.52
48.54,332.72,60.7890,7.9982,6.2692,1.23,100.00,35.23,0.00,93.78,0.00,0.00,61.1376,11.0161,6.2391,60.8248,11.0161,6.4723,0.00,0.00,35.23,61.6417,11.0161,5.8954,0.00,0.00,35.23,250.0675,11.9445,279.8723,0.00,100.00,182.67,-11.86,182.67,11.86,12.52
48.60,332.68,60.8522,7.9682,6.2650,1.23,100.00,35.20,0.00,93.78,0.00,0.00,61.2009,10.9861,6.2349,60.8880,10.9861,6.4679,0.00,0.00,35.20,61.7051,10.9861,5.8915,0.00,0.00,35.20,250.0675,11.9445,279.8723,0.00,100.00,182.67,-11.86,182.67,11.86,12.52
48.65,332.66,60.9069,7.9781,6.2614,1.02,100.00,35.17,0.00,93.78,0.00,0.00,61.2556,10.9960,6.2313,60.9425,10.9960,6.4642,0.00,0.00,35.17,61.7599,10.9960,5.8881,0.00,0.00,35.17,250.0675,11.9445,279.8723,0.00,100.00,182.67,-11.86,182.67,11.86,12.52
48.71,332.63,60.9519,7.9822,6.2584,0.79,100.00,35.15,0.00,93.78,0.00,0.00,61.3006,11.0001,6.2283,60.9875,11.0001,6.4610,0.00,0.00,35.15,61.8051,11.0001,5.8854,0.00,0.00,35.15,250.0675,11.9445,279.8723,0.00,100.00,182.67,-11.86,182.67,11.86,12.52
48.77,332.61,60.9916,7.9873,6.2558,0.70,100.00,35.15,0.00,93.78,0.00,0.00,61.3403,11.0052,6.2257,61.0271,11.0052,6.4584,0.00,0.00,35.15,61.8448,11.0052,5.8827,0.00,0.00,35.15,250.0675,11.9445,279.8723,0.00,100.00,182.67,-11.86,182.67,11.86,12.52
48.82,332.59,61.0333,7.9957,6.2531,0.77,100.00,35.15,0.00,93.78,0.00,0.00,61.3819,11.0136,6.2230,61.0688,11.0136,6.4556,0.00,0.00,35.15,61.8865,11.0136,5.8800,0.00,0.00,35.15,250.0675,11.9445,279.8723,0.00,100.00,182.67,-11.86,182.67,11.86,12.52
48.88,332.57,61.0758,7.9704,6.2503,0.91,100.00,35.15,0.00,93.78,0.00,0.00,61.4244,10.9883,6.2201,61.1113,10.9883,6.4528,0.00,0.00,35.15,61.9290,10.9883,5.8772,0.00,0.00,35.15,250.0675,11.9445,279.8723,0.00,100.00,182.67,-11.86,182.67,11.86,12.52
48.93,332.55,61.1198,7.9773,6.2473,0.80,100.00,35.15,0.00,93.78,0.00,0.00,61.4684,10.9952,6.2172,61.1553,10.9952,6.4499,0.00,0.00,35.15,61.9730,10.9952,5.8743,0.00,0.00,35.15,250.0675,11.9445,279.8723,0.00,100.00,182.67,-11.86,182.67,11.86,12.52
48.99,332.52,61.1674,7.9815,6.2442,0.83,100.00,35.15,0.00,93.78,0.00,0.00,61.5161,10.9994,6.2141,61.2029,10.9994,6.4468,0.00,0.00,35.15,62.0206,10.9994,5.8711,0.00,0.00,35.15,250.0675,11.9445,279.8723,0.00,100.00,182.67,-11.86,182.67,11.86,12.52
49.05,332.50,61.2188,7.9881,6.2408,0.92,100.00,35.15,0.00,93.78,0.00,0.00,61.5674,11.0060,6.2107,61.2543,11.0060,6.4434,0.00,0.00,35.15,62.0720,11.0060,5.8677,0.00,0.00,35.15,250.0675,11.9445,279.8723,0.00,100.00,182.67,-11.86,182.67,11.86,12.52
49.10,332.47,61.2713,7.9933,6.2373,0.93,100.00,35.12,0.00,93.78,0.00,0.00,61.6199,11.0112,6.2072,61.3067,11.0112,6.4398,0.00,0.00,35.12,62.1246,11.0112,5.8644,0.00,0.00,35.12,250.0675,11.9445,279.8723,0.00,100.00,182.67,-11.86,182.67,11.86,12.52
49.16,332.44,61.3268,7.9673,6.2336,1.12,100.00,35.10,0.00,93.78,0.00,0.00,61.6755,10.9852,6.2035,61.3622,10.9852,6.4360,0.00,0.00,35.10,62.1803,10.9852,5.8610,0.00,0.00,35.10,250.0675,11.9445,279.8723,0.00,100.00,182.67,-11.86,182.67,11.86,12.52
49.22,332.41,61.3824,7.9705,6.2300,0.96,100.00,35.10,0.00,93.78,0.00,0.00,61.7310,10.9884,6.1999,61.4177,10.9884,6.4323,0.00,0.00,35.10,62.2358,10.9884,5.8573,0.00,0.00,35.10,250.0675,11.9445,279.8723,0.00,100.00,182.67,-11.86,182.67,11.86,12.52
49.27,332.38,61.4438,7.9781,6.2259,1.11,100.00,35.10,0.00,93.78,0.00,0.00,61.7925,10.9960,6.1958,61.4792,10.9960,6.4282,0.00,0.00,35.10,62.2973,10.9960,5.8532,0.00,0.00,35.10,250.0675,11.9445,279.8723,0.00,100.00,182.67,-11.86,182.67,11.86,12.52
49.33,332.35,61.5049,7.9824,6.2219,1.07,100.00,35.08,0.00,93.78,0.00,0.00,61.8536,11.0003,6.1918,61.5401,11.0003,6.4241,0.00,0.00,35.08,62.3585,11.0003,5.8494,0.00,0.00,35.08,250.0675,11.9445,279.8723,0.00,100.00,182.67,-11.86,182.67,11.86,12.52
49.39,332.32,61.5705,7.9906,6.2175,1.20,100.00,35.05,0.00,93.78,0.00,0.00,61.9191,11.0085,6.1874,61.6056,11.0085,6.4196,0.00,0.00,35.05,62.4242,11.0085,5.8453,0.00,0.00,35.05,250.0675,11.9445,279.8723,0.00,100.00,182.67,-11.86,182.67,11.86,12.52
49.44,332.28,61.6357,7.9933,6.2132,1.12,100.00,35.03,0.00,93.78,0.00,0.00,61.9843,11.0112,6.1831,61.6707,11.0112,6.4152,0.00,0.00,35.03,62.4896,11.0112,5.8412,0.00,0.00,35.03,250.0675,11.9445,279.8723,0.00,100.00,182.67,-11.86,182.67,11.86,12.52
49.50,332.25,61.7072,7.9991,6.2085,1.27,100.00,35.00,0.00,93.78,0.00,0.00,62.0558,11.0170,6.1784,61.7421,11.0170,6.4103,0.00,0.00,35.00,62.5612,11.0170,5.8367,0.00,0.00,35.00,250.0675,11.9445,279.8723,0.00,100.00,182.67,-11.86,182.67,11.86,12.52
49.56,332.21,61.7788,7.9713,6.2038,1.38,100.00,35.00,0.00,93.78,0.00,0.00,62.1274,10.9892,6.1737,61.8137,10.9892,6.4056,0.00,0.00,35.00,62.6328,10.9892,5.8319,0.00,0.00,35.00,250.0675,11.9445,279.8723,0.00,100.00,182.67,-11.86,182.67,11.86,12.52
49.61,332.17,61.8514,7.9772,6.1990,1.29,100.00,35.00,0.00,93.78,0.00,0.00,62.2001,10.9951,6.1689,61.8864,10.9951,6.4008,0.00,0.00,35.00,62.7055,10.9951,5.8271,0.00,0.00,35.00,250.0675,11.9445,279.8723,0.00,100.00,182.67,-11.86,182.67,11.86,12.52
49.67,332.13,61.9276,7.9822,6.1939,1.34,100.00,35.00,0.00,93.78,0.00,0.00,62.2763,11.0001,6.1638,61.9625,11.0001,6.3957,0.00,0.00,35.00,62.7817,11.0001,5.8221,0.00,0.00,35.00,250.0675,11.9445,279.8723,0.00,100.00,182.67,-11.86,182.67,11.86,12.52
49.72,332.09,62.0068,7.9915,6.1887,1.46,100.00,35.00,0.00,93.78,0.00,0.00,62.3555,11.0094,6.1586,62.0418,11.0094,6.3905,0.00,0.00,35.00,62.8609,11.0094,5.8169,0.00,0.00,35.00,250.0675,11.9445,279.8723,0.00,100.00,182.67,-11.86,182.67,11.86,12.52
49.78,332.05,62.0849,7.9977,6.1835,1.39,100.00,35.00,0.00,93.78,0.00,0.00,62.4335,11.0156,6.1534,62.1198,11.0156,6.3853,0.00,0.00,35.00,62.9389,11.0156,5.8117,0.00,0.00,35.00,250.0675,11.9445,279.8723,0.00,100.00,182.67,-11.86,182.67,11.86,12.52
49.84,332.01,62.1678,7.9687,6.1780,1.56,100.00,35.00,0.00,93.78,0.00,0.00,62.5164,10.9866,6.1479,62.2027,10.9866,6.3799,0.00,0.00,35.00,63.0218,10.9866,5.8062,0.00,0.00,35.00,250.0675,11.9445,279.8723,0.00,100.00,182.67,-11.86,182.67,11.86,12.52
49.89,331.97,62.2529,7.9765,6.1724,1.54,100.00,34.98,0.00,93.78,0.00,0.00,62.6016,10.9944,6.1423,62.2878,10.9944,6.3741,0.00,0.00,34.98,63.1071,10.9944,5.8008,0.00,0.00,34.98,250.0675,11.9445,279.8723,0.00,100.00,182.67,-11.86,182.67,11.86,12.52
49.95,331.92,62.3390,7.9823,6.1667,1.53,100.00,34.96,0.00,93.78,0.00,0.00,62.6877,11.0002,6.1366,62.3738,11.0002,6.3683,0.00,0.00,34.96,63.1933,11.0002,5.7953,0.00,0.00,34.96,250.0675,11.9445,279.8723,0.00,100.00,182.67,-11.86,182.67,11.86,12.52
50.01,331.88,62.4291,7.9907,6.1608,1.64,100.00,34.96,0.00,93.78,0.00,0.00,62.7778,11.0086,6.1307,62.4639,11.0086,6.3623,0.00,0.00,34.96,63.2834,11.0086,5.7894,0.00,0.00,34.96,250.0675,11.9445,279.8723,0.00,100.00,182.67,-11.86,182.67,11.86,12.52
50.06,331.83,62.5192,7.9941,6.1548,1.56,100.00,34.96,0.00,93.78,0.00,0.00,62.8678,11.0120,6.1247,62.5539,11.0120,6.3564,0.00,0.00,34.96,63.3735,11.0120,5.7834,0.00,0.00,34.96,250.0675,11.9445,279.8723,0.00,100.00,182.67,-11.86,182.67,11.86,12.52
50.12,331.78,62.6163,7.9990,6.1484,1.70,100.00,34.94,0.00,93.78,0.00,0.00,62.9650,11.0169,6.1183,62.6510,11.0169,6.3499,0.00,0.00,34.94,63.4708,11.0169,5.7772,0.00,0.00,34.94,250.0675,11.9445,279.8723,0.00,100.00,182.67,-11.86,182.67,11.86,12.52
50.18,331.73,62.7143,7.9722,6.1419,1.85,100.00,34.91,0.00,93.78,0.00,0.00,63.0630,10.9901,6.1118,62.7489,10.9901,6.3433,0.00,0.00,34.91,63.5689,10.9901,5.7709,0.00,0.00,34.91,250.0675,11.9445,279.8723,0.00,100.00,182.67,-11.86,182.67,11.86,12.52
50.23,331.68,62.8111,7.9800,6.1355,1.75,100.00,34.91,0.00,93.78,0.00,0.00,63.1598,10.9979,6.1055,62.8457,10.9979,6.3369,0.00,0.00,34.91,63.6657,10.9979,5.7645,0.00,0.00,34.91,250.0675,11.9445,279.8723,0.00,100.00,182.67,-11.86,182.67,11.86,12.52
50.29,331.63,62.9109,7.9841,6.1289,1.73,100.00,34.91,0.00,93.78,0.00,0.00,63.2596,11.0020,6.0988,62.9455,11.0020,6.3303,0.00,0.00,34.91,63.7655,11.0020,5.7579,0.00,0.00,34.91,250.0675,11.9445,279.8723,0.00,100.00,182.67,-11.86,182.67,11.86,12.52
50.35,331.58,63.0169,7.9906,6.1219,1.89,100.00,34.91,0.00,93.78,0.00,0.00,63.3655,11.0085,6.0918,63.0514,11.0085,6.3232,0.00,0.00,34.91,63.8715,11.0085,5.7509,0.00,0.00,34.91,250.0675,11.9445,279.8723,0.00,100.00,182.67,-11.86,182.67,11.86,12.52
50.40,331.53,63.1126,7.9983,6.1156,1.73,100.00,34.91,0.00,93.78,0.00,0.00,63.4612,11.0162,6.0855,63.1471,11.0162,6.3169,0.00,0.00,34.91,63.9672,11.0162,5.7446,0.00,0.00,34.91,250.0675,11.9445,279.8723,0.00,100.00,182.67,-11.86,182.67,11.86,12.52
50.46,331.48,63.1997,8.0008,6.1098,1.49,100.00,34.91,0.00,93.78,0.00,0.00,63.5483,11.0187,6.0797,63.2342,11.0187,6.3111,0.00,0.00,34.91,64.0543,11.0187,5.7388,0.00,0.00,34.91,250.0675,11.9445,279.8723,0.00,100.00,182.67,-11.86,182.67,11.86,12.52
50.51,331.44,63.2939,7.9741,6.1036,1.78,100.00,34.91,0.00,93.78,0.00,0.00,63.6425,10.9920,6.0735,63.3284,10.9920,6.3049,0.00,0.00,34.91,64.1485,10.9920,5.7326,0.00,0.00,34.91,250.0675,11.9445,279.8723,0.00,100.00,182.67,-11.86,182.67,11.86,12.52
50.57,331.39,63.3846,7.9781,6.0976,1.58,100.00,34.88,0.00,93.78,0.00,0.00,63.7333,10.9960,6.0675,63.4191,10.9960,6.2988,0.00,0.00,34.88,64.2394,10.9960,5.7268,0.00,0.00,34.88,250.0675,11.9445,279.8723,0.00,100.00,182.67,-11.86,182.67,11.86,12.52
50.63,331.34,63.4822,7.9856,6.0912,1.76,100.00,34.86,-0.09,93.78,359.63,0.33,63.8124,11.0057,6.0795,63.4981,11.0023,6.3106,0.49,0.09,34.86,64.3187,11.0109,5.7391,0.49,0.09,34.86,250.0675,11.9445,279.8723,0.00,100.00,182.67,-11.86,182.67,11.86,12.52
50.68,331.29,63.5788,7.9924,6.0848,1.71,100.00,34.83,-0.10,93.78,359.56,0.38,63.9057,11.0129,6.0764,63.5913,11.0089,6.3074,0.57,0.10,34.83,64.4121,11.0190,5.7362,0.57,0.10,34.83,250.0675,11.9445,279.8723,0.00,100.00,182.67,-11.86,182.67,11.86,12.52
50.74,331.24,63.6791,7.9940,6.0781,1.69,100.00,34.80,-0.10,93.78,359.56,0.38,64.0060,11.0145,6.0698,63.6915,11.0106,6.3006,0.57,0.10,34.80,64.5126,11.0206,5.7299,0.57,0.10,34.80,250.0675,11.9445,279.8723,0.00,100.00,182.67,-11.86,182.67,11.86,12.52
50.80,331.18,63.7871,8.0034,6.0710,1.97,100.00,34.78,-0.10,93.78,359.56,0.38,64.1141,11.0239,6.0627,63.7994,11.0200,6.2933,0.57,0.10,34.78,64.6208,11.0300,5.7230,0.57,0.10,34.78,250.0675,11.9445,279.8723,0.00,100.00,182.67,-11.86,182.67,11.86,12.52
50.86,331.14,63.8799,7.9756,6.0649,1.73,100.00,34.75,-0.10,93.78,359.56,0.38,64.2068,10.9961,6.0565,63.8921,10.9922,6.2870,0.57,0.10,34.75,64.7137,11.0022,5.7171,0.57,0.10,34.75,250.0675,11.9445,279.8723,0.00,100.00,182.67,-11.86,182.67,11.86,12.52
50.91,331.09,63.9667,7.9814,6.0592,1.53,100.00,34.72,-0.10,93.78,359.56,0.38,64.2936,11.0018,6.0508,63.9788,10.9979,6.2812,0.57,0.10,34.72,64.8007,11.0079,5.7116,0.57,0.10,34.72,250.0675,11.9445,279.8723,0.00,100.00,182.67,-11.86,182.67,11.86,12.52
50.97,331.05,64.0574,7.9919,6.0532,1.68,100.00,34.70,-0.02,93.78,359.91,0.08,64.4013,11.0103,6.0278,64.0864,11.0095,6.2580,0.12,0.02,34.70,64.9085,11.0117,5.6888,0.12,0.02,34.70,250.0675,11.9445,279.8723,0.00,100.00,182.67,-11.86,182.67,11.86,12.52
51.03,331.00,64.1457,7.9945,6.0473,1.51,100.00,34.67,-0.01,93.78,359.94,0.05,64.4915,11.0128,6.0201,64.1764,11.0122,6.2501,0.07,0.01,34.67,64.9989,11.0135,5.6813,0.07,0.01,34.67,250.0675,11.9445,279.8723,0.00,100.00,182.67,-11.86,182.67,11.86,12.52
51.08,330.95,64.2432,8.0022,6.0409,1.76,100.00,34.65,-0.01,93.78,359.94,0.05,64.5891,11.0205,6.0136,64.2739,11.0200,6.2436,0.07,0.01,34.65,65.0966,11.0213,5.6750,0.07,0.01,34.65,250.0675,11.9445,279.8723,0.00,100.00,182.67,-11.86,182.67,11.86,12.52
51.14,330.91,64.3383,7.9750,6.0346,1.79,100.00,34.62,-0.01,93.78,359.94,0.05,64.6841,10.9933,6.0073,64.3689,10.9928,6.2371,0.07,0.01,34.62,65.1918,10.9941,5.6689,0.07,0.01,34.62,250.0675,11.9445,279.8723,0.00,100.00,182.67,-11.86,182.67,11.86,12.52
51.19,330.86,64.4352,7.9811,6.0282,1.72,100.00,34.60,-0.01,93.78,359.94,0.05,64.7810,10.9993,6.0009,64.4657,10.9988,6.2306,0.07,0.01,34.60,65.2888,11.0001,5.6628,0.07,0.01,34.60,250.0675,11.9445,279.8723,0.00,100.00,182.67,-11.86,182.67,11.86,12.52
51.25,330.80,64.5365,7.9877,6.0215,1.81,100.00,34.60,-0.01,93.78,359.94,0.05,64.8823,11.0059,5.9942,64.5670,11.0054,6.2239,0.07,0.01,34.60,65.3901,11.0067,5.6561,0.07,0.01,34.60,250.0675,11.9445,279.8723,0.00,100.00,182.67,-11.86,182.67,11.86,12.52
51.31,330.75,64.6395,7.9911,6.0147,1.78,100.00,34.60,-0.01,93.78,359.94,0.05,64.9854,11.0094,5.9874,64.6700,11.0089,6.2171,0.07,0.01,34.60,65.4932,11.0102,5.6493,0.07,0.01,34.60,250.0675,11.9445,279.8723,0.00,100.00,182.67,-11.86,182.67,11.86,12.52
51.36,330.70,64.7482,7.9963,6.0075,1.91,100.00,34.60,-0.01,93.78,359.94,0.05,65.0941,11.0145,5.9802,64.7787,11.0140,6.2099,0.07,0.01,34.60,65.6019,11.0153,5.6421,0.07,0.01,34.60,250.0675,11.9445,279.8723,0.00,100.00,182.67,-11.86,182.67,11.86,12.52
51.42,330.65,64.8473,8.0043,6.0010,1.80,100.00,34.60,-0.01,93.78,359.94,0.05,65.1931,11.0226,5.9737,64.8778,11.0221,6.2034,0.07,0.01,34.60,65.7009,11.0234,5.6355,0.07,0.01,34.60,250.0675,11.9445,279.8723,0.00,100.00,182.67,-11.86,182.67,11.86,12.52
51.48,330.60,64.9360,7.9735,5.9951,1.64,100.00,34.60,-0.01,93.78,359.94,0.05,65.2819,10.9917,5.9678,64.9665,10.9912,6.1975,0.07,0.01,34.60,65.7897,10.9925,5.6297,0.07,0.01,34.60,250.0675,11.9445,279.8723,0.00,100.00,182.67,-11.86,182.67,11.86,12.52
51.54,330.56,65.0305,7.9777,5.9889,1.64,100.00,34.60,-0.01,93.78,359.94,0.05,65.3763,10.9959,5.9616,65.0609,10.9954,6.1913,0.07,0.01,34.60,65.8841,10.9967,5.6234,0.07,0.01,34.60,250.0675,11.9445,279.8723,0.00,100.00,182.67,-11.86,182.67,11.86,12.52
51.59,330.51,65.1275,7.9860,5.9825,1.77,100.00,34.58,-0.01,93.78,359.94,0.05,65.4733,11.0043,5.9552,65.1579,11.0037,6.1848,0.07,0.01,34.58,65.9813,11.0050,5.6172,0.07,0.01,34.58,250.0675,11.9445,279.8723,0.00,100.00,182.67,-11.86,182.67,11.86,12.52
51.65,330.46,65.2132,7.9919,5.9768,1.52,100.00,34.55,-0.01,93.78,359.94,0.05,65.5590,11.0102,5.9495,65.2435,11.0097,6.1790,0.07,0.01,34.55,66.0671,11.0110,5.6118,0.07,0.01,34.55,250.0675,11.9445,279.8723,0.00,100.00,182.67,-11.86,182.67,11.86,12.52
51.70,330.42,65.2932,7.9992,5.9715,1.44,100.00,34.53,-0.01,93.78,359.94,0.05,65.6391,11.0175,5.9442,65.3234,11.0170,6.1735,0.07,0.01,34.53,66.1473,11.0183,5.6067,0.07,0.01,34.53,250.0675,11.9445,279.8723,0.00,100.00,182.67,-11.86,182.67,11.86,12.52
51.76,330.39,65.3646,8.0029,5.9668,1.24,100.00,34.50,-0.01,93.78,359.94,0.05,65.7104,11.0211,5.9395,65.3947,11.0206,6.1687,0.07,0.01,34.50,66.2188,11.0219,5.6022,0.07,0.01,34.50,250.0675,11.9445,279.8723,0.00,100.00,182.67,-11.86,182.67,11.86,12.52
51.82,330.35,65.4305,8.0019,5.9624,1.09,100.00,34.48,-0.01,93.78,359.94,0.05,65.7763,11.0202,5.9352,65.4605,11.0196,6.1642,0.07,0.01,34.48,66.2848,11.0209,5.5981,0.07,0.01,34.48,250.0675,11.9445,279.8723,0.00,100.00,182.67,-11.86,182.67,11.86,12.52
51.88,330.32,65.4904,7.9766,5.9585,1.20,100.00,34.45,-0.01,93.78,359.94,0.05,65.8363,10.9949,5.9312,65.5203,10.9944,6.1601,0.07,0.01,34.45,66.3449,10.9957,5.5943,0.07,0.01,34.45,250.0675,11.9445,279.8723,0.00,100.00,182.67,-11.86,182.67,11.86,12.52
51.93,330.30,65.5371,7.9808,5.9554,0.81,100.00,34.43,-0.01,93.78,359.94,0.05,65.8829,10.9990,5.9281,65.5669,10.9985,6.1569,0.07,0.01,34.43,66.3917,10.9998,5.5915,0.07,0.01,34.43,250.0675,11.9445,279.8723,0.00,100.00,182.67,-11.86,182.67,11.86,12.52
51.99,330.27,65.5890,7.9885,5.9520,0.95,100.00,34.41,-0.01,93.78,359.94,0.05,65.9348,11.0067,5.9247,65.6187,11.0062,6.1533,0.07,0.01,34.41,66.4437,11.0075,5.5883,0.07,0.01,34.41,250.0675,11.9445,279.8723,0.00,100.00,182.67,-11.86,182.67,11.86,12.52
52.04,330.25,65.6413,7.9970,5.9485,0.96,100.00,34.41,-0.01,93.78,359.94,0.05,65.9871,11.0153,5.9212,65.6710,11.0148,6.1498,0.07,0.01,34.41,66.4961,11.0161,5.5848,0.07,0.01,34.41,250.0675,11.9445,279.8723,0.00,100.00,182.67,-11.86,182.67,11.86,12.52
52.10,330.22,65.6954,8.0022,5.9449,0.95,100.00,34.41,-0.09,93.78,359.61,0.34,66.0250,11.0224,5.9339,65.7089,11.0189,6.1625,0.50,0.09,34.41,66.5339,11.0277,5.5975,0.50,0.09,34.41,250.0675,11.9445,279.8723,0.00,100.00,182.67,-11.86,182.67,11.86,12.52
52.16,330.19,65.7539,7.9733,5.9411,1.15,100.00,34.41,-0.10,93.78,359.58,0.37,66.0817,10.9937,5.9318,65.7656,10.9899,6.1605,0.55,0.10,34.41,66.5906,10.9995,5.5954,0.55,0.10,34.41,250.0675,11.9445,279.8723,0.00,100.00,182.67,-11.86,182.67,11.86,12.52
52.21,330.16,65.8142,7.9805,5.9371,1.08,100.00,34.41,-0.31,93.78,359.89,0.43,66.1583,10.9991,5.9300,65.8422,10.9968,6.1586,0.32,0.31,34.41,66.6672,11.0024,5.5935,0.32,0.31,34.41,250.0675,11.9445,279.8723,0.00,100.00,182.67,-11.86,182.67,11.86,12.52
52.27,330.13,65.8762,7.9864,5.9330,1.10,100.00,34.41,-0.33,93.78,359.92,0.44,66.2222,11.0048,5.9261,65.9060,11.0027,6.1547,0.29,0.33,34.41,66.7311,11.0078,5.5897,0.29,0.33,34.41,250.0675,11.9445,279.8723,0.00,100.00,182.67,-11.86,182.67,11.86,12.52
52.33,330.10,65.9412,7.9906,5.9287,1.13,100.00,34.41,-0.33,93.78,359.92,0.44,66.2871,11.0089,5.9218,65.9710,11.0069,6.1504,0.29,0.33,34.41,66.7960,11.0120,5.5854,0.29,0.33,34.41,250.0675,11.9445,279.8723,0.00,100.00,182.67,-11.86,182.67,11.86,12.52
52.39,330.06,66.0096,7.9965,5.9242,1.21,100.00,34.41,-0.33,93.78,359.92,0.44,66.3556,11.0148,5.9173,66.0395,11.0128,6.1459,0.29,0.33,34.41,66.8645,11.0178,5.5809,0.29,0.33,34.41,250.0675,11.9445,279.8723,0.00,100.00,182.67,-11.86,182.67,11.86,12.52
52.44,330.03,66.0793,8.0015,5.9196,1.23,100.00,34.41,-0.33,93.78,359.92,0.44,66.4253,11.0199,5.9127,66.1092,11.0179,6.1413,0.29,0.33,34.41,66.9342,11.0229,5.5763,0.29,0.33,34.41,250.0675,11.9445,279.8723,0.00,100.00,182.67,-11.86,182.67,11.86,12.52
52.50,329.99,66.1519,7.9740,5.9148,1.40,100.00,34.41,-0.33,93.78,359.92,0.44,66.4979,10.9923,5.9079,66.1818,10.9903,6.1365,0.29,0.33,34.41,67.0068,10.9954,5.5715,0.29,0.33,34.41,250.0675,11.9445,279.8723,0.00,100.00,182.67,-11.86,182.67,11.86,12.52
52.56,329.96,66.2151,7.9764,5.9106,1.08,100.00,34.41,-0.33,93.78,359.92,0.44,66.5611,10.9947,5.9037,66.2450,10.9927,6.1323,0.29,0.33,34.41,67.0700,10.9978,5.5673,0.29,0.33,34.41,250.0675,11.9445,279.8723,0.00,100.00,182.67,-11.86,182.67,11.86,12.52
52.62,329.93,66.2734,8.0058,5.9067,1.03,100.00,34.38,-0.33,93.78,359.92,0.44,66.6193,11.0241,5.8999,66.3031,11.0221,6.1283,0.29,0.33,34.38,67.1284,11.0272,5.5637,0.29,0.33,34.38,250.0675,11.9445,279.8723,0.00,100.00,182.67,-11.86,182.67,11.86,12.52
52.68,329.90,66.3393,7.9757,5.9024,1.27,100.00,34.36,-0.33,93.78,359.92,0.44,66.6852,10.9940,5.8955,66.3689,10.9920,6.1239,0.29,0.33,34.36,67.1944,10.9971,5.5595,0.29,0.33,34.36,250.0675,11.9445,279.8723,0.00,100.00,182.67,-11.86,182.67,11.86,12.52
52.73,329.86,66.4010,7.9831,5.8983,1.12,100.00,34.36,-0.16,93.78,359.61,0.42,66.7306,11.0033,5.8917,66.4143,10.9995,6.1201,0.55,0.16,34.36,67.2398,11.0091,5.5558,0.55,0.16,34.36,250.0675,11.9445,279.8723,0.00,100.00,182.67,-11.86,182.67,11.86,12.52
52.79,329.84,66.4538,7.9905,5.8948,0.95,100.00,34.36,-0.15,93.78,359.58,0.42,66.7816,11.0108,5.8883,66.4653,11.0069,6.1166,0.58,0.15,34.36,67.2908,11.0170,5.5523,0.58,0.15,34.36,250.0675,11.9445,279.8723,0.00,100.00,182.67,-11.86,182.67,11.86,12.52
52.85,329.82,66.4992,7.9928,5.8918,0.77,100.00,34.33,-0.15,93.78,359.58,0.42,66.8270,11.0132,5.8853,66.5106,11.0092,6.1135,0.58,0.15,34.33,67.3364,11.0193,5.5495,0.58,0.15,34.33,250.0675,11.9445,279.8723,0.00,100.00,182.67,-11.86,182.67,11.86,12.52
52.90,329.79,66.5494,7.9988,5.8885,0.89,100.00,34.31,-0.15,93.78,359.58,0.42,66.8772,11.0191,5.8820,66.5607,11.0152,6.1100,0.58,0.15,34.31,67.3867,11.0253,5.5464,0.58,0.15,34.31,250.0675,11.9445,279.8723,0.00,100.00,182.67,-11.86,182.67,11.86,12.52
52.96,329.76,66.6003,8.0043,5.8852,0.90,100.00,34.28,-0.15,93.78,359.58,0.42,66.9281,11.0247,5.8786,66.6115,11.0207,6.1065,0.58,0.15,34.28,67.4377,11.0308,5.5433,0.58,0.15,34.28,250.0675,11.9445,279.8723,0.00,100.00,182.67,-11.86,182.67,11.86,12.52
53.02,329.74,66.6434,7.9753,5.8823,0.92,100.00,34.26,-0.15,93.78,359.58,0.42,66.9712,10.9957,5.8757,66.6545,10.9917,6.1035,0.58,0.15,34.26,67.4810,11.0018,5.5406,0.58,0.15,34.26,250.0675,11.9445,279.8723,0.00,100.00,182.67,-11.86,182.67,11.86,12.52
53.07,329.73,66.6784,7.9841,5.8800,0.65,100.00,34.24,-0.15,93.78,359.58,0.42,67.0062,11.0044,5.8734,66.6894,11.0005,6.1011,0.58,0.15,34.24,67.5161,11.0106,5.5385,0.58,0.15,34.24,250.0675,11.9445,279.8723,0.00,100.00,182.67,-11.86,182.67,11.86,12.52
53.13,329.71,66.7148,7.9894,5.8776,0.64,100.00,34.21,-0.15,93.78,359.58,0.42,67.0425,11.0098,5.8710,66.7257,11.0058,6.0986,0.58,0.15,34.21,67.5526,11.0159,5.5364,0.58,0.15,34.21,250.0675,11.9445,279.8723,0.00,100.00,182.67,-11.86,182.67,11.86,12.52
53.19,329.69,66.7548,7.9927,5.8749,0.69,100.00,34.21,-0.15,93.78,359.58,0.42,67.0825,11.0131,5.8684,66.7657,11.0091,6.0959,0.58,0.15,34.21,67.5926,11.0192,5.5337,0.58,0.15,34.21,250.0675,11.9445,279.8723,0.00,100.00,182.67,-11.86,182.67,11.86,12.52
53.24,329.67,66.7980,8.0035,5.8721,0.82,100.00,34.21,-0.15,93.78,359.58,0.42,67.1258,11.0238,5.8655,66.8089,11.0199,6.0931,0.58,0.15,34.21,67.6359,11.0300,5.5308,0.58,0.15,34.21,250.0675,11.9445,279.8723,0.00,100.00,182.67,-11.86,182.67,11.86,12.52
53.30,329.64,66.8404,8.0104,5.8693,0.77,100.00,34.21,-0.32,93.78,359.89,0.44,67.1845,11.0290,5.8627,66.8677,11.0267,6.0903,0.32,0.32,34.21,67.6946,11.0323,5.5280,0.32,0.32,34.21,250.0675,11.9445,279.8723,0.00,100.00,182.67,-11.86,182.67,11.86,12.52
53.36,329.62,66.8866,7.9810,5.8662,0.97,100.00,34.21,-0.34,93.78,359.92,0.44,67.2325,10.9994,5.8597,66.9157,10.9973,6.0872,0.29,0.34,34.21,67.7426,11.0024,5.5250,0.29,0.34,34.21,250.0675,11.9445,279.8723,0.00,100.00,182.67,-11.86,182.67,11.86,12.52
53.41,329.60,66.9355,7.9886,5.8630,0.89,100.00,34.21,-0.34,93.78,359.92,0.44,67.2815,11.0069,5.8564,66.9646,11.0048,6.0840,0.29,0.34,34.21,67.7915,11.0100,5.5217,0.29,0.34,34.21,250.0675,11.9445,279.8723,0.00,100.00,182.67,-11.86,182.67,11.86,12.52
53.47,329.58,66.9762,7.9912,5.8603,0.70,100.00,34.21,-0.34,93.78,359.92,0.44,67.3221,11.0096,5.8538,67.0052,11.0075,6.0813,0.29,0.34,34.21,67.8322,11.0127,5.5191,0.29,0.34,34.21,250.0675,11.9445,279.8723,0.00,100.00,182.67,-11.86,182.67,11.86,12.52
53.53,329.56,67.0105,7.9946,5.8580,0.59,100.00,34.21,-0.34,93.78,359.92,0.44,67.3564,11.0129,5.8515,67.0395,11.0109,6.0790,0.29,0.34,34.21,67.8665,11.0160,5.5168,0.29,0.34,34.21,250.0675,11.9445,279.8723,0.00,100.00,182.67,-11.86,182.67,11.86,12.52
53.58,329.55,67.0364,8.0038,5.8563,0.50,100.00,34.21,-0.34,93.78,359.92,0.44,67.3824,11.0221,5.8498,67.0655,11.0200,6.0773,0.29,0.34,34.21,67.8924,11.0252,5.5151,0.29,0.34,34.21,250.0675,11.9445,279.8723,0.00,100.00,182.67,-11.86,182.67,11.86,12.52
53.64,329.54,67.0536,8.0072,5.8552,0.30,100.00,34.21,-0.34,93.78,359.92,0.44,67.3995,11.0256,5.8486,67.0826,11.0235,6.0762,0.29,0.34,34.21,67.9096,11.0287,5.5139,0.29,0.34,34.21,250.0675,11.9445,279.8723,0.00,100.00,182.67,-11.86,182.67,11.86,12.52
53.70,329.53,67.0742,8.0106,5.8538,0.36,100.00,34.21,-0.34,93.78,359.92,0.44,67.4201,11.0289,5.8473,67.1032,11.0268,6.0748,0.29,0.34,34.21,67.9302,11.0320,5.5126,0.29,0.34,34.21,250.0675,11.9445,279.8723,0.00,100.00,182.67,-11.86,182.67,11.86,12.52
53.75,329.52,67.0973,7.9837,5.8523,0.64,100.00,34.21,-0.34,93.78,359.92,0.44,67.4432,11.0020,5.8457,67.1263,11.0000,6.0733,0.29,0.34,34.21,67.9533,11.0051,5.5110,0.29,0.34,34.21,250.0675,11.9445,279.8723,0.00,100.00,182.67,-11.86,182.67,11.86,12.52
53.81,329.50,67.1215,7.9895,5.8507,0.44,100.00,34.21,-0.34,93.78,359.92,0.44,67.4674,11.0078,5.8441,67.1505,11.0058,6.0717,0.29,0.34,34.21,67.9775,11.0109,5.5094,0.29,0.34,34.21,250.0675,11.9445,279.8723,0.00,100.00,182.67,-11.86,182.67,11.86,12.52
53.87,329.49,67.1486,7.9945,5.8489,0.48,100.00,34.21,-0.34,93.78,359.92,0.44,67.4946,11.0128,5.8423,67.1777,11.0108,6.0699,0.29,0.34,34.21,68.0046,11.0159,5.5076,0.29,0.34,34.21,250.0675,11.9445,279.8723,0.00,100.00,182.67,-11.86,182.67,11.86,12.52
53.93,329.48,67.1784,7.9972,5.8469,0.51,100.00,34.21,-0.34,93.78,359.92,0.44,67.5243,11.0156,5.8404,67.2074,11.0135,6.0679,0.29,0.34,34.21,68.0344,11.0186,5.5057,0.29,0.34,34.21,250.0675,11.9445,279.8723,0.00,100.00,182.67,-11.86,182.67,11.86,12.52
53.98,329.46,67.2113,8.0048,5.8447,0.61,100.00,34.21,-0.34,93.78,359.92,0.44,67.5572,11.0231,5.8382,67.2404,11.0211,6.0657,0.29,0.34,34.21,68.0673,11.0262,5.5035,0.29,0.34,34.21,250.0675,11.9445,279.8723,0.00,100.00,182.67,-11.86,182.67,11.86,12.52
54.04,329.44,67.2449,7.9785,5.8425,0.78,100.00,34.21,-0.34,93.78,359.92,0.44,67.5909,10.9969,5.8360,67.2740,10.9948,6.0635,0.29,0.34,34.21,68.1009,10.9999,5.5013,0.29,0.34,34.21,250.0675,11.9445,279.8723,0.00,100.00,182.67,-11.86,182.67,11.86,12.52
54.10,329.42,67.2802,7.9803,5.8402,0.60,100.00,34.21,-0.34,93.78,359.92,0.44,67.6262,10.9986,5.8336,67.3093,10.9966,6.0612,0.29,0.34,34.21,68.1363,11.0017,5.4989,0.29,0.34,34.21,250.0675,11.9445,279.8723,0.00,100.00,182.67,-11.86,182.67,11.86,12.52
54.15,329.40,67.3208,7.9904,5.8375,0.77,100.00,34.21,-0.34,93.78,359.92,0.44,67.6667,11.0087,5.8309,67.3498,11.0067,6.0585,0.29,0.34,34.21,68.1768,11.0118,5.4963,0.29,0.34,34.21,250.0675,11.9445,279.8723,0.00,100.00,182.67,-11.86,182.67,11.86,12.52
54.21,329.38,67.3602,7.9973,5.8349,0.72,100.00,34.21,-0.34,93.78,359.92,0.44,67.7061,11.0157,5.8283,67.3892,11.0136,6.0559,0.29,0.34,34.21,68.2162,11.0188,5.4936,0.29,0.34,34.21,250.0675,11.9445,279.8723,0.00,100.00,182.67,-11.86,182.67,11.86,12.52
54.26,329.36,67.4032,8.0048,5.8320,0.78,100.00,34.21,-0.34,93.78,359.92,0.44,67.7491,11.0232,5.8255,67.4322,11.0211,6.0530,0.29,0.34,34.21,68.2592,11.0263,5.4908,0.29,0.34,34.21,250.0675,11.9445,279.8723,0.00,100.00,182.67,-11.86,182.67,11.86,12.52
54.32,329.34,67.4482,8.0107,5.8291,0.80,100.00,34.19,-0.34,93.78,359.92,0.44,67.7941,11.0291,5.8225,67.4771,11.0270,6.0499,0.29,0.34,34.19,68.3043,11.0322,5.4880,0.29,0.34,34.19,250.0675,11.9445,279.8723,0.00,100.00,182.67,-11.86,182.67,11.86,12.52
54.38,329.32,67.4861,7.9805,5.8265,0.85,100.00,34.17,-0.34,93.78,359.92,0.44,67.8321,10.9988,5.8200,67.5150,10.9968,6.0473,0.29,0.34,34.17,68.3424,11.0019,5.4857,0.29,0.34,34.17,250.0675,11.9445,279.8723,0.00,100.00,182.67,-11.86,182.67,11.86,12.52
54.43,329.31,67.5165,7.9847,5.8245,0.53,100.00,34.14,-0.34,93.78,359.92,0.44,67.8624,11.0030,5.8180,67.5453,11.0010,6.0452,0.29,0.34,34.14,68.3729,11.0061,5.4839,0.29,0.34,34.14,250.0675,11.9445,279.8723,0.00,100.00,182.67,-11.86,182.67,11.86,12.52
54.49,329.29,67.5495,7.9897,5.8223,0.59,100.00,34.12,-0.34,93.78,359.92,0.44,67.8955,11.0080,5.8158,67.5782,11.0060,6.0428,0.29,0.34,34.12,68.4061,11.0111,5.4820,0.29,0.34,34.12,250.0675,11.9445,279.8723,0.00,100.00,182.67,-11.86,182.67,11.86,12.52
54.55,329.27,67.5847,7.9991,5.8200,0.67,100.00,34.12,-0.34,93.78,359.92,0.44,67.9306,11.0175,5.8135,67.6134,11.0154,6.0405,0.29,0.34,34.12,68.4413,11.0205,5.4796,0.29,0.34,34.12,250.0675,11.9445,279.8723,0.00,100.00,182.67,-11.86,182.67,11.86,12.52
54.60,329.26,67.6111,8.0039,5.8183,0.47,100.00,34.12,-0.34,93.78,359.92,0.44,67.9570,11.0223,5.8117,67.6397,11.0202,6.0388,0.29,0.34,34.12,68.4676,11.0253,5.4779,0.29,0.34,34.12,250.0675,11.9445,279.8723,0.00,100.00,182.67,-11.86,182.67,11.86,12.52
54.66,329.25,67.6307,8.0116,5.8170,0.38,100.00,34.12,-0.34,93.78,359.92,0.44,67.9767,11.0300,5.8104,67.6594,11.0279,6.0375,0.29,0.34,34.12,68.4873,11.0330,5.4766,0.29,0.34,34.12,250.0675,11.9445,279.8723,0.00,100.00,182.67,-11.86,182.67,11.86,12.52
54.72,329.24,67.6423,7.9771,5.8162,0.61,100.00,34.12,-0.34,93.78,359.92,0.44,67.9882,10.9954,5.8097,67.6710,10.9934,6.0367,0.29,0.34,34.12,68.4989,10.9985,5.4758,0.29,0.34,34.12,250.0675,11.9445,279.8723,0.00,100.00,182.67,-11.86,182.67,11.86,12.52
54.78,329.24,67.6461,7.9797,5.8159,0.08,100.00,34.12,-0.34,93.78,359.92,0.44,67.9921,10.9981,5.8094,67.6748,10.9960,6.0364,0.29,0.34,34.12,68.5027,11.0011,5.4755,0.29,0.34,34.12,250.0675,11.9445,279.8723,0.00,100.00,182.67,-11.86,182.67,11.86,12.52
54.83,329.24,67.6523,7.9855,5.8155,0.15,100.00,34.12,-0.34,93.78,359.92,0.44,67.9983,11.0039,5.8090,67.6810,11.0018,6.0360,0.29,0.34,34.12,68.5089,11.0069,5.4751,0.29,0.34,34.12,250.0675,11.9445,279.8723,0.00,100.00,182.67,-11.86,182.67,11.86,12.52
54.89,329.23,67.6607,7.9899,5.8150,0.17,100.00,34.12,-0.34,93.78,359.92,0.44,68.0067,11.0083,5.8084,67.6894,11.0062,6.0355,0.29,0.34,34.12,68.5173,11.0114,5.4746,0.29,0.34,34.12,250.0675,11.9445,279.8723,0.00,100.00,182.67,-11.86,182.67,11.86,12.52
54.95,329.23,67.6716,7.9930,5.8142,0.20,100.00,34.12,-0.34,93.78,359.92,0.44,68.0176,11.0114,5.8077,67.7003,11.0093,6.0347,0.29,0.34,34.12,68.5282,11.0145,5.4739,0.29,0.34,34.12,250.0675,11.9445,279.8723,0.00,100.00,182.67,-11.86,182.67,11.86,12.52
55.01,329.22,67.6851,7.9999,5.8133,0.27,100.00,34.12,-0.34,93.78,359.92,0.44,68.0311,11.0183,5.8068,67.7138,11.0162,6.0338,0.29,0.34,34.12,68.5417,11.0213,5.4730,0.29,0.34,34.12,250.0675,11.9445,279.8723,0.00,100.00,182.67,-11.86,182.67,11.86,12.52
55.06,329.22,67.6905,8.0098,5.8130,0.21,100.00,34.12,-0.34,93.78,359.92,0.44,68.0365,11.0281,5.8065,67.7192,11.0261,6.0335,0.29,0.34,34.12,68.5471,11.0312,5.4726,0.29,0.34,34.12,250.0675,11.9445,279.8723,0.00,100.00,182.67,-11.86,182.67,11.86,12.52
55.12,329.22,67.6905,7.9772,5.8130,0.56,100.00,34.12,-0.34,93.78,359.92,0.44,68.0365,10.9955,5.8065,67.7192,10.9935,6.0335,0.29,0.34,34.12,68.5471,10.9986,5.4726,0.29,0.34,34.12,250.0675,11.9445,279.8723,0.00,100.00,182.67,-11.86,182.67,11.86,12.52
55.18,329.22,67.6930,7.9814,5.8128,0.09,100.00,34.12,-0.34,93.78,359.92,0.44,68.0390,10.9998,5.8063,67.7217,10.9977,6.0333,0.29,0.34,34.12,68.5496,11.0029,5.4724,0.29,0.34,34.12,250.0675,11.9445,279.8723,0.00,100.00,182.67,-11.86,182.67,11.86,12.52
55.23,329.22,67.6979,7.9909,5.8125,0.19,100.00,34.12,-0.34,93.78,359.92,0.44,68.0438,11.0092,5.8060,67.7266,11.0072,6.0330,0.29,0.34,34.12,68.5544,11.0123,5.4721,0.29,0.34,34.12,250.0675,11.9445,279.8723,0.00,100.00,182.67,-11.86,182.67,11.86,12.52
55.29,329.22,67.6979,7.9965,5.8125,0.10,100.00,34.12,-0.34,93.78,359.92,0.44,68.0438,11.0148,5.8060,67.7266,11.0128,6.0330,0.29,0.34,34.12,68.5544,11.0179,5.4721,0.29,0.34,34.12,250.0675,11.9445,279.8723,0.00,100.00,182.67,-11.86,182.67,11.86,12.52
55.34,329.22,67.6979,8.0017,5.8125,0.09,100.00,34.12,-0.34,93.78,359.92,0.44,68.0438,11.0201,5.8060,67.7266,11.0180,6.0330,0.29,0.34,34.12,68.5544,11.0232,5.4721,0.29,0.34,34.12,250.0675,11.9445,279.8723,0.00,100.00,182.67,-11.86,182.67,11.86,12.52
55.40,329.22,67.6979,8.0050,5.8125,0.06,100.00,34.12,-0.34,93.78,359.92,0.44,68.0438,11.0233,5.8060,67.7266,11.0213,6.0330,0.29,0.34,34.12,68.5544,11.0264,5.4721,0.29,0.34,34.12,250.0675,11.9445,279.8723,0.00,100.00,182.67,-11.86,182.67,11.86,12.52
55.46,329.22,67.6979,7.9772,5.8125,0.50,100.00,34.12,-0.34,93.78,359.92,0.44,68.0438,10.9956,5.8060,67.7266,10.9935,6.0330,0.29,0.34,34.12,68.5544,10.9986,5.4721,0.29,0.34,34.12,250.0675,11.9445,279.8723,0.00,100.00,182.67,-11.86,182.67,11.86,12.52
55.52,329.21,67.7001,7.9814,5.8124,0.08,100.00,34.12,-0.34,93.78,359.92,0.44,68.0461,10.9998,5.8058,67.7288,10.9977,6.0328,0.29,0.34,34.12,68.5567,11.0028,5.4720,0.29,0.34,34.12,250.0675,11.9445,279.8723,0.00,100.00,182.67,-11.86,182.67,11.86,12.52
55.57,329.21,67.7049,7.9873,5.8120,0.13,100.00,34.12,-0.34,93.78,359.92,0.44,68.0508,11.0056,5.8055,67.7336,11.0035,6.0325,0.29,0.34,34.12,68.5615,11.0087,5.4717,0.29,0.34,34.12,250.0675,11.9445,279.8723,0.00,100.00,182.67,-11.86,182.67,11.86,12.52
55.63,329.21,67.7119,7.9908,5.8116,0.14,100.00,34.12,-0.34,93.78,359.92,0.44,68.0579,11.0092,5.8050,67.7406,11.0071,6.0321,0.29,0.34,34.12,68.5685,11.0122,5.4712,0.29,0.34,34.12,250.0675,11.9445,279.8723,0.00,100.00,182.67,-11.86,182.67,11.86,12.52
55.69,329.20,67.7215,7.9982,5.8109,0.22,100.00,34.12,-0.34,93.78,359.92,0.44,68.0675,11.0165,5.8044,67.7502,11.0145,6.0314,0.29,0.34,34.12,68.5781,11.0196,5.4705,0.29,0.34,34.12,250.0675,11.9445,279.8723,0.00,100.00,182.67,-11.86,182.67,11.86,12.52
55.74,329.20,67.7331,8.0047,5.8102,0.24,100.00,34.12,-0.34,93.78,359.92,0.44,68.0790,11.0231,5.8036,67.7617,11.0210,6.0307,0.29,0.34,34.12,68.5896,11.0261,5.4698,0.29,0.34,34.12,250.0675,11.9445,279.8723,0.00,100.00,182.67,-11.86,182.67,11.86,12.52
55.80,329.19,67.7470,7.9784,5.8092,0.54,100.00,34.12,-0.34,93.78,359.92,0.44,68.0929,10.9967,5.8027,67.7757,10.9947,6.0297,0.29,0.34,34.12,68.6036,10.9998,5.4689,0.29,0.34,34.12,250.0675,11.9445,279.8723,0.00,100.00,182.67,-11.86,182.67,11.86,12.52
55.86,329.18,67.7628,7.9815,5.8082,0.28,100.00,34.12,-0.34,93.78,359.92,0.44,68.1087,10.9999,5.8017,67.7914,10.9978,6.0287,0.29,0.34,34.12,68.6193,11.0029,5.4678,0.29,0.34,34.12,250.0675,11.9445,279.8723,0.00,100.00,182.67,-11.86,182.67,11.86,12.52
55.91,329.17,67.7820,7.9858,5.8069,0.34,100.00,34.12,-0.34,93.78,359.92,0.44,68.1279,11.0042,5.8004,67.8107,11.0021,6.0274,0.29,0.34,34.12,68.6385,11.0072,5.4665,0.29,0.34,34.12,250.0675,11.9445,279.8723,0.00,100.00,182.67,-11.86,182.67,11.86,12.52
55.97,329.16,67.8034,7.9925,5.8055,0.40,100.00,34.12,-0.34,93.78,359.92,0.44,68.1493,11.0108,5.7990,67.8320,11.0088,6.0260,0.29,0.34,34.12,68.6599,11.0139,5.4651,0.29,0.34,34.12,250.0675,11.9445,279.8723,0.00,100.00,182.67,-11.86,182.67,11.86,12.52
56.03,329.15,67.8266,8.0000,5.8040,0.44,100.00,34.12,-0.34,93.78,359.92,0.44,68.1725,11.0183,5.7974,67.8552,11.0163,6.0245,0.29,0.34,34.12,68.6831,11.0214,5.4636,0.29,0.34,34.12,250.0675,11.9445,279.8723,0.00,100.00,182.67,-11.86,182.67,11.86,12.52
56.08,329.14,67.8518,8.0050,5.8023,0.45,100.00,34.12,-0.34,93.78,359.92,0.44,68.1978,11.0233,5.7958,67.8805,11.0213,6.0228,0.29,0.34,34.12,68.7084,11.0264,5.4619,0.29,0.34,34.12,250.0675,11.9445,279.8723,0.00,100.00,182.67,-11.86,182.67,11.86,12.52
56.14,329.12,67.8801,8.0110,5.8004,0.51,100.00,34.12,-0.34,93.78,359.92,0.44,68.2261,11.0294,5.7939,67.9088,11.0273,6.0209,0.29,0.34,34.12,68.7367,11.0324,5.4601,0.29,0.34,34.12,250.0675,11.9445,279.8723,0.00,100.00,182.67,-11.86,182.67,11.86,12.52
56.20,329.12,67.9003,7.9825,5.7991,0.62,100.00,34.12,-0.34,93.78,359.92,0.44,68.2463,11.0008,5.7926,67.9290,10.9987,6.0196,0.29,0.34,34.12,68.7569,11.0039,5.4587,0.29,0.34,34.12,250.0675,11.9445,279.8723,0.00,100.00,182.67,-11.86,182.67,11.86,12.52
56.25,329.11,67.9128,7.9889,5.7983,0.25,100.00,34.12,-0.34,93.78,359.92,0.44,68.2587,11.0073,5.7918,67.9415,11.0052,6.0188,0.29,0.34,34.12,68.7693,11.0103,5.4579,0.29,0.34,34.12,250.0675,11.9445,279.8723,0.00,100.00,182.67,-11.86,182.67,11.86,12.52
56.31,329.10,67.9275,7.9933,5.7973,0.27,100.00,34.12,-0.34,93.78,359.92,0.44,68.2735,11.0117,5.7908,67.9562,11.0096,6.0178,0.29,0.34,34.12,68.7841,11.0148,5.4569,0.29,0.34,34.12,250.0675,11.9445,279.8723,0.00,100.00,182.67,-11.86,182.67,11.86,12.52
56.37,329.09,67.9450,7.9975,5.7961,0.31,100.00,34.12,-0.34,93.78,359.92,0.44,68.2910,11.0159,5.7896,67.9737,11.0138,6.0166,0.29,0.34,34.12,68.8016,11.0189,5.4558,0.29,0.34,34.12,250.0675,11.9445,279.8723,0.00,100.00,182.67,-11.86,182.67,11.86,12.52
56.42,329.09,67.9545,8.0044,5.7955,0.21,100.00,34.12,-0.34,93.78,359.92,0.44,68.3004,11.0227,5.7890,67.9832,11.0207,6.0160,0.29,0.34,34.12,68.8111,11.0258,5.4551,0.29,0.34,34.12,250.0675,11.9445,279.8723,0.00,100.00,182.67,-11.86,182.67,11.86,12.52
56.48,329.09,67.9561,8.0092,5.7954,0.09,100.00,34.10,-0.34,93.78,359.92,0.44,68.3020,11.0276,5.7889,67.9847,11.0255,6.0158,0.29,0.34,34.10,68.8128,11.0306,5.4552,0.29,0.34,34.10,250.0675,11.9445,279.8723,0.00,100.00,182.67,-11.86,182.67,11.86,12.52
56.54,329.09,67.9601,7.9774,5.7951,0.55,100.00,34.07,-0.34,93.78,359.92,0.44,68.3060,10.9957,5.7886,67.9886,10.9937,6.0154,0.29,0.34,34.07,68.8169,10.9988,5.4552,0.29,0.34,34.07,250.0675,11.9445,279.8723,0.00,100.00,182.67,-11.86,182.67,11.86,12.52
56.60,329.08,67.9666,7.9817,5.7947,0.14,100.00,34.05,-0.46,93.78,359.59,0.77,68.2962,11.0018,5.8067,67.9787,10.9967,6.0333,0.75,0.46,34.05,68.8072,11.0097,5.4735,0.75,0.46,34.05,250.0675,11.9445,279.8723,0.00,100.00,182.67,-11.86,182.67,11.86,12.52
56.65,329.08,67.9666,7.9882,5.7947,0.12,100.00,34.03,-0.47,93.77,359.55,0.81,68.2944,11.0085,5.8087,67.9768,11.0030,6.0352,0.80,0.47,34.03,68.8055,11.0169,5.4758,0.80,0.47,34.03,250.0675,11.9445,279.8723,0.00,100.00,182.67,-11.86,182.67,11.86,12.52
56.71,329.08,67.9666,7.9919,5.7947,0.06,100.00,34.03,-0.47,93.77,359.55,0.81,68.2944,11.0122,5.8087,67.9768,11.0067,6.0352,0.80,0.47,34.03,68.8055,11.0206,5.4758,0.80,0.47,34.03,250.0675,11.9445,279.8723,0.00,100.00,182.67,-11.86,182.67,11.86,12.52
56.77,329.08,67.9690,7.9951,5.7945,0.07,100.00,34.03,-0.47,93.77,359.55,0.81,68.2968,11.0154,5.8086,67.9792,11.0099,6.0350,0.80,0.47,34.03,68.8080,11.0238,5.4756,0.80,0.47,34.03,250.0675,11.9445,279.8723,0.00,100.00,182.67,-11.86,182.67,11.86,12.52
56.82,329.08,67.9740,8.0019,5.7942,0.15,100.00,34.03,-0.47,93.77,359.55,0.81,68.3017,11.0223,5.8082,67.9841,11.0168,6.0347,0.80,0.47,34.03,68.8129,11.0307,5.4753,0.80,0.47,34.03,250.0675,11.9445,279.8723,0.00,100.00,182.67,-11.86,182.67,11.86,12.52
56.88,329.07,67.9810,8.0044,5.7938,0.13,100.00,34.03,-0.47,93.78,359.55,0.81,68.3088,11.0247,5.8078,67.9912,11.0192,6.0342,0.80,0.47,34.03,68.8199,11.0331,5.4748,0.80,0.47,34.03,250.0675,11.9445,279.8723,0.00,100.00,182.67,-11.86,182.67,11.86,12.52
56.94,329.07,67.9908,8.0105,5.7931,0.21,100.00,34.03,-0.47,93.78,359.55,0.81,68.3186,11.0308,5.8071,68.0010,11.0253,6.0336,0.80,0.47,34.03,68.8297,11.0392,5.4741,0.80,0.47,34.03,250.0675,11.9445,279.8723,0.00,100.00,182.67,-11.86,182.67,11.86,12.52
57.00,329.07,67.9926,8.0112,5.7930,0.03,100.00,34.03,-0.47,93.78,359.55,0.81,68.3204,11.0316,5.8070,68.0027,11.0261,6.0335,0.80,0.47,34.03,68.8315,11.0400,5.4740,0.80,0.47,34.03,250.0675,11.9445,279.8723,0.00,100.00,182.67,-11.86,182.67,11.86,12.52
57.06,329.07,67.9926,7.9810,5.7930,0.53,100.00,34.03,-0.47,93.78,359.55,0.81,68.3204,11.0013,5.8070,68.0027,10.9958,6.0334,0.80,0.47,34.03,68.8315,11.0097,5.4740,0.80,0.47,34.03,250.0675,11.9445,279.8723,0.00,100.00,182.67,-11.86,182.67,11.86,12.52
57.11,329.07,67.9949,7.9903,5.7928,0.18,100.00,34.03,-0.47,93.78,359.55,0.81,68.3227,11.0107,5.8068,68.0051,11.0052,6.0333,0.80,0.47,34.03,68.8339,11.0191,5.4738,0.80,0.47,34.03,250.0675,11.9445,279.8723,0.00,100.00,182.67,-11.86,182.67,11.86,12.52
57.17,329.07,67.9994,7.9946,5.7925,0.11,100.00,34.03,-0.47,93.78,359.55,0.81,68.3272,11.0149,5.8065,68.0096,11.0094,6.0330,0.80,0.47,34.03,68.8383,11.0233,5.4735,0.80,0.47,34.03,250.0675,11.9445,279.8723,0.00,100.00,182.67,-11.86,182.67,11.86,12.52
57.22,329.06,68.0065,8.0022,5.7920,0.19,100.00,34.03,-0.47,93.78,359.55,0.81,68.3343,11.0225,5.8060,68.0167,11.0170,6.0325,0.80,0.47,34.03,68.8454,11.0309,5.4731,0.80,0.47,34.03,250.0675,11.9445,279.8723,0.00,100.00,182.67,-11.86,182.67,11.86,12.52
57.28,329.06,68.0156,8.0084,5.7914,0.20,100.00,34.03,-0.47,93.78,359.55,0.81,68.3434,11.0288,5.8054,68.0258,11.0232,6.0319,0.80,0.47,34.03,68.8546,11.0372,5.4725,0.80,0.47,34.03,250.0675,11.9445,279.8723,0.00,100.00,182.67,-11.86,182.67,11.86,12.52
57.34,329.05,68.0272,7.9787,5.7907,0.56,100.00,34.03,-0.47,93.78,359.55,0.81,68.3550,10.9990,5.8047,68.0374,10.9935,6.0312,0.80,0.47,34.03,68.8661,11.0074,5.4717,0.80,0.47,34.03,250.0675,11.9445,279.8723,0.00,100.00,182.67,-11.86,182.67,11.86,12.52
57.40,329.04,68.0412,7.9838,5.7897,0.26,100.00,34.03,-0.47,93.78,359.55,0.81,68.3690,11.0042,5.8037,68.0514,10.9987,6.0302,0.80,0.47,34.03,68.8801,11.0126,5.4708,0.80,0.47,34.03,250.0675,11.9445,279.8723,0.00,100.00,182.67,-11.86,182.67,11.86,12.52
57.46,329.04,68.0577,7.9814,5.7887,0.27,100.00,34.03,-0.47,93.78,359.55,0.81,68.3855,11.0018,5.8026,68.0679,10.9963,6.0291,0.80,0.47,34.03,68.8966,11.0102,5.4697,0.80,0.47,34.03,250.0675,11.9445,279.8723,0.00,100.00,182.67,-11.86,182.67,11.86,12.52
57.51,329.03,68.0781,7.9854,5.7873,0.36,100.00,34.03,-0.47,93.78,359.55,0.81,68.4059,11.0057,5.8013,68.0883,11.0002,6.0278,0.80,0.47,34.03,68.9170,11.0141,5.4683,0.80,0.47,34.03,250.0675,11.9445,279.8723,0.00,100.00,182.67,-11.86,182.67,11.86,12.52
57.57,329.02,68.0998,7.9928,5.7859,0.41,100.00,34.03,-0.47,93.78,359.55,0.81,68.4276,11.0132,5.7999,68.1100,11.0077,6.0263,0.80,0.47,34.03,68.9387,11.0216,5.4669,0.80,0.47,34.03,250.0675,11.9445,279.8723,0.00,100.00,182.67,-11.86,182.67,11.86,12.52
57.63,329.00,68.1230,8.0013,5.7843,0.45,100.00,34.03,-0.47,93.78,359.55,0.81,68.4508,11.0216,5.7983,68.1332,11.0161,6.0248,0.80,0.47,34.03,68.9619,11.0300,5.4653,0.80,0.47,34.03,250.0675,11.9445,279.8723,0.00,100.00,182.67,-11.86,182.67,11.86,12.52
57.68,328.99,68.1482,8.0066,5.7827,0.45,100.00,34.03,-0.47,93.78,359.55,0.81,68.4760,11.0269,5.7967,68.1584,11.0214,6.0231,0.80,0.47,34.03,68.9871,11.0353,5.4637,0.80,0.47,34.03,250.0675,11.9445,279.8723,0.00,100.00,182.67,-11.86,182.67,11.86,12.52
57.74,328.98,68.1766,8.0122,5.7808,0.51,100.00,34.03,-0.47,93.78,359.55,0.81,68.5044,11.0325,5.7948,68.1868,11.0270,6.0213,0.80,0.47,34.03,69.0155,11.0409,5.4618,0.80,0.47,34.03,250.0675,11.9445,279.8723,0.00,100.00,182.67,-11.86,182.67,11.86,12.52
57.80,328.96,68.2073,7.9807,5.7788,0.76,100.00,34.03,-0.47,93.78,359.55,0.81,68.5351,11.0011,5.7928,68.2175,10.9956,6.0192,0.80,0.47,34.03,69.0462,11.0095,5.4598,0.80,0.47,34.03,250.0675,11.9445,279.8723,0.00,100.00,182.67,-11.86,182.67,11.86,12.52
57.86,328.95,68.2409,7.9841,5.7765,0.58,100.00,34.03,-0.47,93.78,359.55,0.81,68.5687,11.0045,5.7905,68.2511,10.9990,6.0170,0.80,0.47,34.03,69.0799,11.0129,5.4575,0.80,0.47,34.03,250.0675,11.9445,279.8723,0.00,100.00,182.67,-11.86,182.67,11.86,12.52
57.91,328.93,68.2772,7.9908,5.7741,0.66,100.00,34.03,-0.47,93.78,359.55,0.81,68.6050,11.0111,5.7881,68.2874,11.0056,6.0146,0.80,0.47,34.03,69.1161,11.0195,5.4551,0.80,0.47,34.03,250.0675,11.9445,279.8723,0.00,100.00,182.67,-11.86,182.67,11.86,12.52
57.97,328.91,68.3147,7.9938,5.7717,0.64,100.00,34.03,-0.47,93.78,359.55,0.81,68.6425,11.0142,5.7857,68.3249,11.0087,6.0121,0.80,0.47,34.03,69.1536,11.0226,5.4527,0.80,0.47,34.03,250.0675,11.9445,279.8723,0.00,100.00,182.67,-11.86,182.67,11.86,12.52
58.03,328.89,68.3560,8.0028,5.7689,0.77,100.00,34.03,-0.47,93.78,359.55,0.81,68.6838,11.0231,5.7829,68.3662,11.0176,6.0094,0.80,0.47,34.03,69.1949,11.0315,5.4499,0.80,0.47,34.03,250.0675,11.9445,279.8723,0.00,100.00,182.67,-11.86,182.67,11.86,12.52
58.08,328.87,68.3972,8.0116,5.7662,0.76,100.00,34.03,-0.47,93.78,359.55,0.81,68.7250,11.0319,5.7802,68.4074,11.0264,6.0067,0.80,0.47,34.03,69.2361,11.0403,5.4472,0.80,0.47,34.03,250.0675,11.9445,279.8723,0.00,100.00,182.67,-11.86,182.67,11.86,12.52
58.14,328.85,68.4406,7.9816,5.7634,0.92,100.00,34.03,-0.56,93.77,359.21,1.11,68.7516,11.0036,5.7944,68.4340,10.9951,6.0208,1.24,0.56,34.03,69.2627,11.0167,5.4615,1.24,0.56,34.03,250.0675,11.9445,279.8723,0.00,100.00,182.67,-11.86,182.67,11.86,12.52
58.20,328.82,68.4881,7.9861,5.7602,0.82,100.00,34.03,-0.60,93.77,359.06,1.24,68.7916,11.0087,5.7988,68.4741,10.9988,6.0252,1.44,0.60,34.03,69.3027,11.0239,5.4660,1.44,0.60,34.03,250.0675,11.9445,279.8723,0.00,100.00,182.67,-11.86,182.67,11.86,12.52
58.25,328.80,68.5385,7.9942,5.7569,0.92,100.00,34.03,-0.52,93.78,359.40,0.95,68.8590,11.0153,5.7786,68.5414,11.0084,6.0051,0.99,0.52,34.03,69.3701,11.0258,5.4456,0.99,0.52,34.03,250.0675,11.9445,279.8723,0.00,100.00,182.67,-11.86,182.67,11.86,12.52
58.31,328.77,68.5894,7.9966,5.7535,0.86,100.00,34.03,-0.30,93.77,359.12,0.86,68.8949,11.0193,5.7716,68.5773,11.0111,5.9981,1.19,0.30,34.03,69.4060,11.0319,5.4387,1.19,0.30,34.03,250.0675,11.9445,279.8723,0.00,100.00,182.67,-11.86,182.67,11.86,12.52
58.37,328.74,68.6456,8.0007,5.7498,0.97,100.00,34.03,-0.30,93.77,359.12,0.86,68.9512,11.0234,5.7679,68.6336,11.0153,5.9943,1.19,0.30,34.03,69.4623,11.0360,5.4350,1.19,0.30,34.03,250.0675,11.9445,279.8723,0.00,100.00,182.67,-11.86,182.67,11.86,12.52
58.43,328.72,68.7036,8.0076,5.7460,1.03,100.00,34.00,-0.30,93.78,359.12,0.86,69.0092,11.0303,5.7641,68.6915,11.0221,5.9904,1.19,0.30,34.00,69.5204,11.0429,5.4313,1.19,0.30,34.00,250.0675,11.9445,279.8723,0.00,100.00,182.67,-11.86,182.67,11.86,12.52
58.48,328.69,68.7624,8.0169,5.7421,1.08,100.00,33.98,-0.45,93.78,359.41,0.86,69.0832,11.0380,5.7594,68.7655,11.0315,5.9856,0.94,0.45,33.98,69.5946,11.0479,5.4268,0.94,0.45,33.98,250.0675,11.9445,279.8723,0.00,100.00,182.67,-11.86,182.67,11.86,12.52
58.54,328.66,68.8218,8.0206,5.7382,1.03,100.00,33.96,-0.45,93.78,359.41,0.86,69.1427,11.0417,5.7555,68.8248,11.0352,5.9815,0.94,0.45,33.96,69.6542,11.0516,5.4231,0.94,0.45,33.96,250.0675,11.9445,279.8723,0.00,100.00,182.67,-11.86,182.67,11.86,12.52
58.60,328.62,68.8870,7.9925,5.7339,1.26,100.00,33.93,-0.45,93.78,359.41,0.86,69.2079,11.0136,5.7512,68.8899,11.0071,5.9771,0.94,0.45,33.93,69.7196,11.0235,5.4190,0.94,0.45,33.93,250.0675,11.9445,279.8723,0.00,100.00,182.67,-11.86,182.67,11.86,12.52
58.65,328.59,68.9523,8.0008,5.7296,1.19,100.00,33.91,-0.45,93.78,359.41,0.86,69.2732,11.0219,5.7468,68.9551,11.0154,5.9726,0.94,0.45,33.91,69.7850,11.0318,5.4149,0.94,0.45,33.91,250.0675,11.9445,279.8723,0.00,100.00,182.67,-11.86,182.67,11.86,12.52
58.71,328.56,69.0192,8.0033,5.7252,1.15,100.00,33.88,-0.39,93.78,359.85,0.54,69.3619,11.0221,5.7238,69.0437,11.0193,5.9495,0.40,0.39,33.88,69.8738,11.0263,5.3920,0.40,0.39,33.88,250.0675,11.9445,279.8723,0.00,100.00,182.67,-11.86,182.67,11.86,12.52
58.77,328.52,69.0921,8.0102,5.7203,1.31,100.00,33.88,-0.38,93.78,359.93,0.48,69.4386,11.0285,5.7156,69.1204,11.0263,5.9414,0.30,0.38,33.88,69.9506,11.0316,5.3839,0.30,0.38,33.88,250.0675,11.9445,279.8723,0.00,100.00,182.67,-11.86,182.67,11.86,12.52
58.82,328.49,69.1543,8.0169,5.7162,1.12,100.00,33.88,-0.38,93.78,359.93,0.48,69.5008,11.0352,5.7115,69.1826,11.0331,5.9372,0.30,0.38,33.88,70.0128,11.0383,5.3798,0.30,0.38,33.88,250.0675,11.9445,279.8723,0.00,100.00,182.67,-11.86,182.67,11.86,12.52
58.88,328.46,69.2089,8.0213,5.7126,0.95,100.00,33.88,-0.38,93.78,359.93,0.48,69.5554,11.0396,5.7079,69.2372,11.0375,5.9336,0.30,0.38,33.88,70.0674,11.0428,5.3762,0.30,0.38,33.88,250.0675,11.9445,279.8723,0.00,100.00,182.67,-11.86,182.67,11.86,12.52
58.94,328.44,69.2672,7.9909,5.7088,1.15,100.00,33.88,-0.38,93.78,359.93,0.48,69.6137,11.0092,5.7041,69.2955,11.0070,5.9298,0.30,0.38,33.88,70.1257,11.0123,5.3723,0.30,0.38,33.88,250.0675,11.9445,279.8723,0.00,100.00,182.67,-11.86,182.67,11.86,12.52
58.99,328.41,69.3276,7.9984,5.7048,1.09,100.00,33.88,-0.18,93.78,359.61,0.43,69.6574,11.0186,5.6986,69.3391,11.0148,5.9243,0.55,0.18,33.88,70.1693,11.0244,5.3669,0.55,0.18,33.88,250.0675,11.9445,279.8723,0.00,100.00,182.67,-11.86,182.67,11.86,12.52
59.05,328.38,69.3888,8.0025,5.7007,1.06,100.00,33.88,-0.16,93.78,359.58,0.42,69.7166,11.0228,5.6945,69.3984,11.0189,5.9201,0.58,0.16,33.88,70.2286,11.0290,5.3627,0.58,0.16,33.88,250.0675,11.9445,279.8723,0.00,100.00,182.67,-11.86,182.67,11.86,12.52
59.11,328.34,69.4548,8.0071,5.6964,1.15,100.00,33.88,-0.16,93.78,359.58,0.42,69.7826,11.0274,5.6901,69.4644,11.0235,5.9158,0.58,0.16,33.88,70.2946,11.0336,5.3584,0.58,0.16,33.88,250.0675,11.9445,279.8723,0.00,100.00,182.67,-11.86,182.67,11.86,12.52
59.17,328.31,69.5228,8.0116,5.6919,1.18,100.00,33.88,-0.03,93.78,359.91,0.09,69.8670,11.0300,5.6669,69.5488,11.0292,5.8926,0.13,0.03,33.88,70.3790,11.0314,5.3352,0.13,0.03,33.88,250.0675,11.9445,279.8723,0.00,100.00,182.67,-11.86,182.67,11.86,12.52
59.22,328.27,69.5934,8.0178,5.6872,1.26,100.00,33.88,-0.02,93.78,359.95,0.06,69.9394,11.0360,5.6602,69.6211,11.0355,5.8859,0.08,0.02,33.88,70.4514,11.0368,5.3285,0.08,0.02,33.88,250.0675,11.9445,279.8723,0.00,100.00,182.67,-11.86,182.67,11.86,12.52
59.28,328.24,69.6547,7.9908,5.6832,1.21,100.00,33.88,-0.02,93.78,359.95,0.06,70.0007,11.0090,5.6562,69.6824,11.0085,5.8819,0.08,0.02,33.88,70.5127,11.0098,5.3245,0.08,0.02,33.88,250.0675,11.9445,279.8723,0.00,100.00,182.67,-11.86,182.67,11.86,12.52
59.34,328.22,69.7073,7.9949,5.6797,0.92,100.00,33.85,-0.02,93.78,359.95,0.06,70.0532,11.0131,5.6527,69.7349,11.0126,5.8783,0.08,0.02,33.85,70.5654,11.0139,5.3212,0.08,0.02,33.85,250.0675,11.9445,279.8723,0.00,100.00,182.67,-11.86,182.67,11.86,12.52
59.39,328.19,69.7540,8.0035,5.6766,0.86,100.00,33.83,-0.02,93.78,359.95,0.06,70.1000,11.0217,5.6496,69.7816,11.0212,5.8751,0.08,0.02,33.83,70.6123,11.0225,5.3183,0.08,0.02,33.83,250.0675,11.9445,279.8723,0.00,100.00,182.67,-11.86,182.67,11.86,12.52
59.45,328.18,69.7914,8.0086,5.6741,0.66,100.00,33.81,-0.02,93.78,359.95,0.06,70.1374,11.0268,5.6471,69.8189,11.0263,5.8724,0.08,0.02,33.81,70.6498,11.0276,5.3161,0.08,0.02,33.81,250.0675,11.9445,279.8723,0.00,100.00,182.67,-11.86,182.67,11.86,12.52
59.50,328.16,69.8222,8.0151,5.6721,0.56,100.00,33.78,-0.02,93.78,359.95,0.06,70.1681,11.0334,5.6451,69.8495,11.0329,5.8703,0.08,0.02,33.78,70.6807,11.0342,5.3142,0.08,0.02,33.78,250.0675,11.9445,279.8723,0.00,100.00,182.67,-11.86,182.67,11.86,12.52
59.56,328.15,69.8448,8.0211,5.6706,0.41,100.00,33.76,-0.02,93.78,359.95,0.06,70.1908,11.0393,5.6436,69.8721,11.0388,5.8687,0.08,0.02,33.76,70.7035,11.0401,5.3130,0.08,0.02,33.76,250.0675,11.9445,279.8723,0.00,100.00,182.67,-11.86,182.67,11.86,12.52
59.62,328.14,69.8598,7.9917,5.6696,0.58,100.00,33.73,-0.02,93.78,359.95,0.06,70.2058,11.0099,5.6426,69.8870,11.0094,5.8675,0.08,0.02,33.73,70.7186,11.0107,5.3122,0.08,0.02,33.73,250.0675,11.9445,279.8723,0.00,100.00,182.67,-11.86,182.67,11.86,12.52
59.68,328.14,69.8671,7.9959,5.6691,0.15,100.00,33.71,-0.02,93.78,359.95,0.06,70.2130,11.0142,5.6422,69.8942,11.0137,5.8669,0.08,0.02,33.71,70.7260,11.0150,5.3119,0.08,0.02,33.71,250.0675,11.9445,279.8723,0.00,100.00,182.67,-11.86,182.67,11.86,12.52
59.73,328.13,69.8769,8.0044,5.6685,0.23,100.00,33.69,-0.02,93.78,359.95,0.06,70.2228,11.0226,5.6415,69.9039,11.0221,5.8662,0.08,0.02,33.69,70.7359,11.0234,5.3115,0.08,0.02,33.69,250.0675,11.9445,279.8723,0.00,100.00,182.67,-11.86,182.67,11.86,12.52
59.79,328.13,69.8885,8.0060,5.6677,0.20,100.00,33.69,-0.02,93.78,359.95,0.06,70.2344,11.0242,5.6407,69.9155,11.0237,5.8654,0.08,0.02,33.69,70.7475,11.0250,5.3107,0.08,0.02,33.69,250.0675,11.9445,279.8723,0.00,100.00,182.67,-11.86,182.67,11.86,12.52
59.84,328.12,69.9034,8.0151,5.6668,0.32,100.00,33.69,-0.02,93.78,359.95,0.06,70.2494,11.0334,5.6398,69.9304,11.0329,5.8644,0.08,0.02,33.69,70.7625,11.0342,5.3097,0.08,0.02,33.69,250.0675,11.9445,279.8723,0.00,100.00,182.67,-11.86,182.67,11.86,12.52
59.90,328.11,69.9194,8.0176,5.6657,0.28,100.00,33.69,-0.02,93.78,359.95,0.06,70.2654,11.0358,5.6387,69.9465,11.0353,5.8634,0.08,0.02,33.69,70.7785,11.0366,5.3087,0.08,0.02,33.69,250.0675,11.9445,279.8723,0.00,100.00,182.67,-11.86,182.67,11.86,12.52
59.96,328.10,69.9391,7.9901,5.6644,0.61,100.00,33.69,-0.02,93.78,359.95,0.06,70.2851,11.0083,5.6374,69.9661,11.0078,5.8621,0.08,0.02,33.69,70.7982,11.0091,5.3074,0.08,0.02,33.69,250.0675,11.9445,279.8723,0.00,100.00,182.67,-11.86,182.67,11.86,12.52
60.02,328.09,69.9600,7.9934,5.6630,0.37,100.00,33.69,-0.02,93.78,359.95,0.06,70.3060,11.0117,5.6360,69.9870,11.0111,5.8607,0.08,0.02,33.69,70.8191,11.0125,5.3060,0.08,0.02,33.69,250.0675,11.9445,279.8723,0.00,100.00,182.67,-11.86,182.67,11.86,12.52
60.07,328.08,69.9843,7.9984,5.6614,0.43,100.00,33.69,-0.02,93.78,359.95,0.06,70.3303,11.0167,5.6344,70.0113,11.0162,5.8591,0.08,0.02,33.69,70.8434,11.0175,5.3044,0.08,0.02,33.69,250.0675,11.9445,279.8723,0.00,100.00,182.67,-11.86,182.67,11.86,12.52
60.13,328.07,70.0106,8.0029,5.6597,0.46,100.00,33.69,-0.02,93.78,359.95,0.06,70.3565,11.0211,5.6327,70.0376,11.0206,5.8573,0.08,0.02,33.69,70.8696,11.0219,5.3026,0.08,0.02,33.69,250.0675,11.9445,279.8723,0.00,100.00,182.67,-11.86,182.67,11.86,12.52
60.19,328.06,70.0290,8.0084,5.6585,0.34,100.00,33.69,-0.02,93.78,359.95,0.06,70.3749,11.0267,5.6315,70.0560,11.0261,5.8561,0.08,0.02,33.69,70.8880,11.0274,5.3014,0.08,0.02,33.69,250.0675,11.9445,279.8723,0.00,100.00,182.67,-11.86,182.67,11.86,12.52
60.24,328.05,70.0393,8.0145,5.6578,0.21,100.00,33.69,-0.02,93.78,359.95,0.06,70.3853,11.0327,5.6308,70.0663,11.0322,5.8554,0.08,0.02,33.69,70.8984,11.0335,5.3007,0.08,0.02,33.69,250.0675,11.9445,279.8723,0.00,100.00,182.67,-11.86,182.67,11.86,12.52
60.30,328.05,70.0419,8.0211,5.6576,0.13,100.00,33.69,-0.02,93.78,359.95,0.06,70.3879,11.0393,5.6306,70.0689,11.0388,5.8553,0.08,0.02,33.69,70.9010,11.0401,5.3006,0.08,0.02,33.69,250.0675,11.9445,279.8723,0.00,100.00,182.67,-11.86,182.67,11.86,12.52
60.36,328.05,70.0419,7.9906,5.6576,0.53,100.00,33.69,-0.02,93.78,359.95,0.06,70.3879,11.0089,5.6306,70.0689,11.0084,5.8553,0.08,0.02,33.69,70.9010,11.0097,5.3006,0.08,0.02,33.69,250.0675,11.9445,279.8723,0.00,100.00,182.67,-11.86,182.67,11.86,12.52
60.42,328.05,70.0443,7.9942,5.6575,0.07,100.00,33.69,-0.02,93.78,359.95,0.06,70.3902,11.0124,5.6305,70.0713,11.0119,5.8551,0.08,0.02,33.69,70.9033,11.0132,5.3004,0.08,0.02,33.69,250.0675,11.9445,279.8723,0.00,100.00,182.67,-11.86,182.67,11.86,12.52
60.47,328.05,70.0491,7.9994,5.6571,0.13,100.00,33.69,-0.02,93.78,359.95,0.06,70.3951,11.0176,5.6301,70.0761,11.0171,5.8548,0.08,0.02,33.69,70.9082,11.0184,5.3001,0.08,0.02,33.69,250.0675,11.9445,279.8723,0.00,100.00,182.67,-11.86,182.67,11.86,12.52
60.53,328.05,70.0563,8.0032,5.6567,0.14,100.00,33.69,-0.10,93.78,359.62,0.34,70.3859,11.0234,5.6457,70.0669,11.0200,5.8704,0.50,0.10,33.69,70.8990,11.0287,5.3157,0.50,0.10,33.69,250.0675,11.9445,279.8723,0.00,100.00,182.67,-11.86,182.67,11.86,12.52
60.59,328.04,70.0660,8.0103,5.6560,0.21,100.00,33.69,-0.11,93.78,359.58,0.37,70.3938,11.0307,5.6469,70.0748,11.0269,5.8715,0.55,0.11,33.69,70.9068,11.0365,5.3168,0.55,0.11,33.69,250.0675,11.9445,279.8723,0.00,100.00,182.67,-11.86,182.67,11.86,12.52
60.64,328.03,70.0776,8.0172,5.6553,0.24,100.00,33.69,-0.22,93.77,359.16,0.73,70.3848,11.0397,5.6667,70.0659,11.0323,5.8913,1.09,0.22,33.69,70.8978,11.0513,5.3367,1.09,0.22,33.69,250.0675,11.9445,279.8723,0.00,100.00,182.67,-11.86,182.67,11.86,12.52
60.70,328.03,70.0916,8.0200,5.6543,0.24,100.00,33.69,-0.24,93.77,359.09,0.80,70.3951,11.0429,5.6694,70.0763,11.0348,5.8940,1.19,0.24,33.69,70.9082,11.0555,5.3394,1.19,0.24,33.69,250.0675,11.9445,279.8723,0.00,100.00,182.67,-11.86,182.67,11.86,12.52
60.76,328.02,70.1087,8.0229,5.6532,0.30,100.00,33.69,-0.24,93.77,359.09,0.80,70.4122,11.0458,5.6682,70.0933,11.0376,5.8928,1.19,0.24,33.69,70.9252,11.0584,5.3383,1.19,0.24,33.69,250.0675,11.9445,279.8723,0.00,100.00,182.67,-11.86,182.67,11.86,12.52
60.82,328.01,70.1282,8.0257,5.6519,0.34,100.00,33.69,-0.24,93.77,359.09,0.80,70.4318,11.0486,5.6670,70.1129,11.0404,5.8915,1.19,0.24,33.69,70.9448,11.0612,5.3370,1.19,0.24,33.69,250.0675,11.9445,279.8723,0.00,100.00,182.67,-11.86,182.67,11.86,12.52
60.88,328.00,70.1395,7.9973,5.6512,0.54,100.00,33.69,-0.24,93.77,359.09,0.80,70.4430,11.0202,5.6662,70.1241,11.0120,5.8908,1.19,0.24,33.69,70.9560,11.0327,5.3363,1.19,0.24,33.69,250.0675,11.9445,279.8723,0.00,100.00,182.67,-11.86,182.67,11.86,12.52
60.93,328.00,70.1426,7.9981,5.6510,0.05,100.00,33.69,-0.24,93.77,359.09,0.80,70.4462,11.0210,5.6660,70.1273,11.0128,5.8906,1.19,0.24,33.69,70.9592,11.0335,5.3360,1.19,0.24,33.69,250.0675,11.9445,279.8723,0.00,100.00,182.67,-11.86,182.67,11.86,12.52
60.99,328.00,70.1426,8.0031,5.6510,0.09,100.00,33.69,-0.24,93.77,359.09,0.80,70.4462,11.0260,5.6660,70.1273,11.0179,5.8906,1.19,0.24,33.69,70.9592,11.0386,5.3360,1.19,0.24,33.69,250.0675,11.9445,279.8723,0.00,100.00,182.67,-11.86,182.67,11.86,12.52
61.05,328.00,70.1426,8.0072,5.6510,0.07,100.00,33.69,-0.24,93.77,359.09,0.80,70.4462,11.0301,5.6660,70.1273,11.0220,5.8906,1.19,0.24,33.69,70.9592,11.0427,5.3360,1.19,0.24,33.69,250.0675,11.9445,279.8723,0.00,100.00,182.67,-11.86,182.67,11.86,12.52
61.11,328.00,70.1426,8.0117,5.6510,0.08,100.00,33.69,-0.24,93.77,359.09,0.80,70.4462,11.0345,5.6660,70.1273,11.0264,5.8906,1.19,0.24,33.69,70.9592,11.0471,5.3360,1.19,0.24,33.69,250.0675,11.9445,279.8723,0.00,100.00,182.67,-11.86,182.67,11.86,12.52
61.16,328.00,70.1426,8.0175,5.6510,0.10,100.00,33.69,-0.24,93.77,359.09,0.80,70.4462,11.0404,5.6660,70.1273,11.0322,5.8906,1.19,0.24,33.69,70.9592,11.0529,5.3360,1.19,0.24,33.69,250.0675,11.9445,279.8723,0.00,100.00,182.67,-11.86,182.67,11.86,12.52
61.22,328.00,70.1426,8.0234,5.6510,0.11,100.00,33.69,-0.24,93.77,359.09,0.80,70.4462,11.0463,5.6660,70.1273,11.0382,5.8906,1.19,0.24,33.69,70.9592,11.0589,5.3360,1.19,0.24,33.69,250.0675,11.9445,279.8723,0.00,100.00,182.67,-11.86,182.67,11.86,12.52
61.28,328.00,70.1426,7.9948,5.6510,0.51,100.00,33.69,-0.24,93.77,359.09,0.80,70.4462,11.0176,5.6660,70.1273,11.0095,5.8906,1.19,0.24,33.69,70.9592,11.0302,5.3360,1.19,0.24,33.69,250.0675,11.9445,279.8723,0.00,100.00,182.67,-11.86,182.67,11.86,12.52
61.33,328.00,70.1449,8.0003,5.6508,0.11,100.00,33.69,-0.24,93.77,359.09,0.80,70.4485,11.0232,5.6658,70.1296,11.0151,5.8904,1.19,0.24,33.69,70.9615,11.0358,5.3359,1.19,0.24,33.69,250.0675,11.9445,279.8723,0.00,100.00,182.67,-11.86,182.67,11.86,12.52
61.39,328.00,70.1496,8.0043,5.6505,0.11,100.00,33.69,-0.24,93.77,359.09,0.80,70.4531,11.0271,5.6655,70.1343,11.0190,5.8901,1.19,0.24,33.69,70.9661,11.0397,5.3356,1.19,0.24,33.69,250.0675,11.9445,279.8723,0.00,100.00,182.67,-11.86,182.67,11.86,12.52
61.45,328.00,70.1568,8.0102,5.6500,0.17,100.00,33.69,-0.24,93.77,359.09,0.80,70.4603,11.0331,5.6651,70.1414,11.0250,5.8897,1.19,0.24,33.69,70.9733,11.0457,5.3351,1.19,0.24,33.69,250.0675,11.9445,279.8723,0.00,100.00,182.67,-11.86,182.67,11.86,12.52
61.51,327.99,70.1662,8.0126,5.6494,0.17,100.00,33.70,-0.34,93.77,358.68,1.15,70.4496,11.0373,5.6845,70.1308,11.0256,5.9091,1.72,0.34,33.70,70.9625,11.0555,5.3547,1.72,0.34,33.70,250.0675,11.9445,279.8723,0.00,100.00,182.67,-11.86,182.67,11.86,12.52
61.56,327.99,70.1675,8.0171,5.6493,0.08,100.00,33.70,-0.36,93.77,358.61,1.22,70.4474,11.0420,5.6880,70.1286,11.0297,5.9125,1.81,0.36,33.70,70.9603,11.0612,5.3582,1.81,0.36,33.70,250.0675,11.9445,279.8723,0.00,100.00,182.67,-11.86,182.67,11.86,12.52
61.62,327.99,70.1675,8.0197,5.6493,0.05,100.00,33.70,-0.36,93.77,358.61,1.22,70.4474,11.0447,5.6880,70.1286,11.0323,5.9125,1.81,0.36,33.70,70.9603,11.0639,5.3581,1.81,0.36,33.70,250.0675,11.9445,279.8723,0.00,100.00,182.67,-11.86,182.67,11.86,12.52
61.68,327.99,70.1700,8.0254,5.6492,0.11,100.00,33.70,-0.36,93.77,358.61,1.22,70.4499,11.0504,5.6878,70.1311,11.0380,5.9124,1.81,0.36,33.70,70.9628,11.0696,5.3580,1.81,0.36,33.70,250.0675,11.9445,279.8723,0.00,100.00,182.67,-11.86,182.67,11.86,12.52
61.74,327.99,70.1748,7.9921,5.6488,0.57,100.00,33.70,-0.36,93.77,358.61,1.22,70.4546,11.0170,5.6875,70.1359,11.0047,5.9121,1.81,0.36,33.70,70.9675,11.0362,5.3577,1.81,0.36,33.70,250.0675,11.9445,279.8723,0.00,100.00,182.67,-11.86,182.67,11.86,12.52
61.79,327.98,70.1823,8.0015,5.6483,0.22,100.00,33.70,-0.36,93.77,358.61,1.22,70.4621,11.0265,5.6870,70.1433,11.0141,5.9116,1.81,0.36,33.70,70.9750,11.0457,5.3571,1.81,0.36,33.70,250.0675,11.9445,279.8723,0.00,100.00,182.67,-11.86,182.67,11.86,12.52
61.85,327.98,70.1914,8.0083,5.6477,0.20,100.00,33.70,-0.36,93.77,358.61,1.22,70.4712,11.0333,5.6864,70.1524,11.0209,5.9110,1.81,0.36,33.70,70.9841,11.0525,5.3565,1.81,0.36,33.70,250.0675,11.9445,279.8723,0.00,100.00,182.67,-11.86,182.67,11.86,12.52
61.91,327.98,70.1931,8.0118,5.6476,0.07,100.00,33.70,-0.36,93.77,358.61,1.22,70.4729,11.0367,5.6863,70.1541,11.0244,5.9108,1.81,0.36,33.70,70.9858,11.0559,5.3564,1.81,0.36,33.70,250.0675,11.9445,279.8723,0.00,100.00,182.67,-11.86,182.67,11.86,12.52
61.97,327.98,70.1931,8.0133,5.6476,0.03,100.00,33.70,-0.36,93.77,358.61,1.22,70.4729,11.0383,5.6863,70.1541,11.0259,5.9108,1.81,0.36,33.70,70.9858,11.0575,5.3564,1.81,0.36,33.70,250.0675,11.9445,279.8723,0.00,100.00,182.67,-11.86,182.67,11.86,12.52
62.02,327.98,70.1956,8.0170,5.6475,0.08,100.00,33.70,-0.36,93.77,358.61,1.22,70.4755,11.0420,5.6861,70.1567,11.0296,5.9107,1.81,0.36,33.70,70.9883,11.0612,5.3562,1.81,0.36,33.70,250.0675,11.9445,279.8723,0.00,100.00,182.67,-11.86,182.67,11.86,12.52
62.08,327.97,70.2005,8.0204,5.6471,0.10,100.00,33.70,-0.36,93.77,358.61,1.22,70.4804,11.0453,5.6858,70.1616,11.0330,5.9103,1.81,0.36,33.70,70.9932,11.0645,5.3559,1.81,0.36,33.70,250.0675,11.9445,279.8723,0.00,100.00,182.67,-11.86,182.67,11.86,12.52
62.14,327.97,70.2080,8.0247,5.6467,0.15,100.00,33.71,-0.36,93.77,358.61,1.22,70.4878,11.0497,5.6853,70.1690,11.0373,5.9099,1.81,0.36,33.71,71.0006,11.0689,5.3554,1.81,0.36,33.71,250.0675,11.9445,279.8723,0.00,100.00,182.67,-11.86,182.67,11.86,12.52
62.20,327.97,70.2177,7.9948,5.6460,0.55,100.00,33.71,-0.36,93.77,358.61,1.22,70.4976,11.0198,5.6847,70.1788,11.0074,5.9092,1.81,0.36,33.71,71.0104,11.0390,5.3547,1.81,0.36,33.71,250.0675,11.9445,279.8723,0.00,100.00,182.67,-11.86,182.67,11.86,12.52
62.26,327.97,70.2195,7.9989,5.6459,0.08,100.00,33.71,-0.36,93.77,358.61,1.22,70.4993,11.0238,5.6845,70.1806,11.0115,5.9091,1.81,0.36,33.71,71.0122,11.0430,5.3546,1.81,0.36,33.71,250.0675,11.9445,279.8723,0.00,100.00,182.67,-11.86,182.67,11.86,12.52
62.31,327.96,70.2195,8.0051,5.6459,0.11,100.00,33.71,-0.36,93.77,358.61,1.22,70.4993,11.0300,5.6845,70.1806,11.0177,5.9091,1.81,0.36,33.71,71.0122,11.0492,5.3546,1.81,0.36,33.71,250.0675,11.9445,279.8723,0.00,100.00,182.67,-11.86,182.67,11.86,12.52
62.37,327.96,70.2218,8.0109,5.6457,0.11,100.00,33.71,-0.36,93.77,358.61,1.22,70.5017,11.0359,5.6844,70.1829,11.0235,5.9090,1.81,0.36,33.71,71.0145,11.0551,5.3545,1.81,0.36,33.71,250.0675,11.9445,279.8723,0.00,100.00,182.67,-11.86,182.67,11.86,12.52
62.43,327.96,70.2265,8.0137,5.6454,0.09,100.00,33.71,-0.36,93.78,358.61,1.22,70.5063,11.0386,5.6841,70.1876,11.0263,5.9086,1.81,0.36,33.71,71.0192,11.0578,5.3541,1.81,0.36,33.71,250.0675,11.9445,279.8723,0.00,100.00,182.67,-11.86,182.67,11.86,12.52
62.49,327.96,70.2338,8.0168,5.6450,0.14,100.00,33.71,-0.36,93.78,358.61,1.22,70.5136,11.0418,5.6836,70.1949,11.0294,5.9082,1.81,0.36,33.71,71.0265,11.0610,5.3536,1.81,0.36,33.71,250.0675,11.9445,279.8723,0.00,100.00,182.67,-11.86,182.67,11.86,12.52
62.54,327.95,70.2435,8.0198,5.6443,0.17,100.00,33.71,-0.36,93.78,358.61,1.22,70.5234,11.0447,5.6829,70.2046,11.0324,5.9075,1.81,0.36,33.71,71.0362,11.0639,5.3530,1.81,0.36,33.71,250.0675,11.9445,279.8723,0.00,100.00,182.67,-11.86,182.67,11.86,12.52
62.61,327.95,70.2558,8.0181,5.6435,0.20,100.00,33.71,-0.36,93.78,358.61,1.22,70.5357,11.0431,5.6821,70.2169,11.0307,5.9067,1.81,0.36,33.71,71.0485,11.0623,5.3522,1.81,0.36,33.71,250.0675,11.9445,279.8723,0.00,100.00,182.67,-11.86,182.67,11.86,12.52
62.66,327.94,70.2714,8.0265,5.6425,0.32,100.00,33.71,-0.36,93.78,358.61,1.22,70.5512,11.0515,5.6811,70.2324,11.0391,5.9057,1.81,0.36,33.71,71.0640,11.0706,5.3512,1.81,0.36,33.71,250.0675,11.9445,279.8723,0.00,100.00,182.67,-11.86,182.67,11.86,12.52
62.72,327.93,70.2877,7.9947,5.6414,0.61,100.00,33.71,-0.36,93.78,358.61,1.22,70.5676,11.0197,5.6800,70.2488,11.0073,5.9046,1.81,0.36,33.71,71.0804,11.0389,5.3501,1.81,0.36,33.71,250.0675,11.9445,279.8723,0.00,100.00,182.67,-11.86,182.67,11.86,12.52
62.77,327.92,70.3073,8.0020,5.6401,0.37,100.00,33.72,-0.56,93.78,358.93,1.27,70.6041,11.0253,5.6802,70.2853,11.0146,5.9049,1.56,0.56,33.72,71.1170,11.0418,5.3502,1.56,0.56,33.72,250.0675,11.9445,279.8723,0.00,100.00,182.67,-11.86,182.67,11.86,12.52
62.83,327.92,70.3186,8.0022,5.6394,0.19,100.00,33.72,-0.59,93.78,358.97,1.27,70.6173,11.0253,5.6797,70.2985,11.0148,5.9043,1.53,0.59,33.72,71.1301,11.0415,5.3496,1.53,0.59,33.72,250.0675,11.9445,279.8723,0.00,100.00,182.67,-11.86,182.67,11.86,12.52
62.89,327.91,70.3219,8.0090,5.6391,0.13,100.00,33.72,-0.59,93.78,358.97,1.27,70.6206,11.0321,5.6794,70.3018,11.0216,5.9041,1.53,0.59,33.72,71.1335,11.0483,5.3494,1.53,0.59,33.72,250.0675,11.9445,279.8723,0.00,100.00,182.67,-11.86,182.67,11.86,12.52
62.95,327.91,70.3219,8.0113,5.6391,0.04,100.00,33.72,-0.59,93.78,358.97,1.27,70.6206,11.0344,5.6794,70.3018,11.0239,5.9041,1.53,0.59,33.72,71.1335,11.0506,5.3494,1.53,0.59,33.72,250.0675,11.9445,279.8723,0.00,100.00,182.67,-11.86,182.67,11.86,12.52
63.01,327.91,70.3219,8.0172,5.6391,0.11,100.00,33.72,-0.59,93.78,358.97,1.27,70.6206,11.0404,5.6794,70.3018,11.0298,5.9041,1.53,0.59,33.72,71.1335,11.0565,5.3494,1.53,0.59,33.72,250.0675,11.9445,279.8723,0.00,100.00,182.67,-11.86,182.67,11.86,12.52
63.06,327.91,70.3219,8.0208,5.6391,0.06,100.00,33.72,-0.59,93.78,358.97,1.27,70.6206,11.0439,5.6794,70.3018,11.0334,5.9041,1.53,0.59,33.72,71.1335,11.0601,5.3494,1.53,0.59,33.72,250.0675,11.9445,279.8723,0.00,100.00,182.67,-11.86,182.67,11.86,12.52
63.12,327.91,70.3219,8.0274,5.6391,0.12,100.00,33.72,-0.59,93.78,358.97,1.27,70.6206,11.0505,5.6794,70.3018,11.0400,5.9041,1.53,0.59,33.72,71.1335,11.0667,5.3494,1.53,0.59,33.72,250.0675,11.9445,279.8723,0.00,100.00,182.67,-11.86,182.67,11.86,12.52
63.18,327.91,70.3242,7.9982,5.6390,0.52,100.00,33.71,-0.59,93.78,358.97,1.27,70.6229,11.0213,5.6793,70.3041,11.0108,5.9039,1.53,0.59,33.71,71.1358,11.0375,5.3493,1.53,0.59,33.71,250.0675,11.9445,279.8723,0.00,100.00,182.67,-11.86,182.67,11.86,12.52
63.24,327.91,70.3289,7.9998,5.6387,0.08,100.00,33.71,-0.59,93.78,358.97,1.27,70.6275,11.0230,5.6790,70.3087,11.0125,5.9036,1.53,0.59,33.71,71.1404,11.0392,5.3490,1.53,0.59,33.71,250.0675,11.9445,279.8723,0.00,100.00,182.67,-11.86,182.67,11.86,12.52
63.29,327.91,70.3362,8.0050,5.6382,0.16,100.00,33.71,-0.59,93.78,358.97,1.27,70.6349,11.0281,5.6785,70.3161,11.0176,5.9031,1.53,0.59,33.71,71.1478,11.0443,5.3485,1.53,0.59,33.71,250.0675,11.9445,279.8723,0.00,100.00,182.67,-11.86,182.67,11.86,12.52
63.35,327.90,70.3458,8.0078,5.6375,0.17,100.00,33.71,-0.59,93.78,358.97,1.27,70.6444,11.0309,5.6779,70.3256,11.0204,5.9025,1.53,0.59,33.71,71.1573,11.0471,5.3479,1.53,0.59,33.71,250.0675,11.9445,279.8723,0.00,100.00,182.67,-11.86,182.67,11.86,12.52
63.41,327.90,70.3472,8.0120,5.6375,0.08,100.00,33.71,-0.59,93.78,358.97,1.27,70.6459,11.0351,5.6778,70.3271,11.0246,5.9024,1.53,0.59,33.71,71.1588,11.0513,5.3478,1.53,0.59,33.71,250.0675,11.9445,279.8723,0.00,100.00,182.67,-11.86,182.67,11.86,12.52
63.47,327.90,70.3472,8.0177,5.6375,0.10,100.00,33.71,-0.59,93.78,358.97,1.27,70.6459,11.0409,5.6778,70.3271,11.0303,5.9024,1.53,0.59,33.71,71.1588,11.0570,5.3478,1.53,0.59,33.71,250.0675,11.9445,279.8723,0.00,100.00,182.67,-11.86,182.67,11.86,12.52
63.52,327.90,70.3472,8.0229,5.6375,0.09,100.00,33.71,-0.59,93.78,358.97,1.27,70.6459,11.0460,5.6778,70.3271,11.0355,5.9024,1.53,0.59,33.71,71.1588,11.0622,5.3478,1.53,0.59,33.71,250.0675,11.9445,279.8723,0.00,100.00,182.67,-11.86,182.67,11.86,12.52
63.58,327.90,70.3472,8.0264,5.6375,0.06,100.00,33.71,-0.59,93.78,358.97,1.27,70.6459,11.0495,5.6778,70.3271,11.0390,5.9024,1.53,0.59,33.71,71.1588,11.0657,5.3478,1.53,0.59,33.71,250.0675,11.9445,279.8723,0.00,100.00,182.67,-11.86,182.67,11.86,12.52
63.64,327.90,70.3497,7.9959,5.6373,0.53,100.00,33.71,-0.59,93.78,358.97,1.27,70.6483,11.0190,5.6776,70.3295,11.0085,5.9022,1.53,0.59,33.71,71.1612,11.0352,5.3476,1.53,0.59,33.71,250.0675,11.9445,279.8723,0.00,100.00,182.67,-11.86,182.67,11.86,12.52
63.69,327.90,70.3545,8.0045,5.6370,0.18,100.00,33.71,-0.59,93.78,358.97,1.27,70.6531,11.0276,5.6773,70.3343,11.0171,5.9019,1.53,0.59,33.71,71.1660,11.0438,5.3473,1.53,0.59,33.71,250.0675,11.9445,279.8723,0.00,100.00,182.67,-11.86,182.67,11.86,12.52
63.75,327.90,70.3545,8.0104,5.6370,0.10,100.00,33.71,-0.59,93.78,358.97,1.27,70.6531,11.0335,5.6773,70.3343,11.0230,5.9019,1.53,0.59,33.71,71.1660,11.0497,5.3473,1.53,0.59,33.71,250.0675,11.9445,279.8723,0.00,100.00,182.67,-11.86,182.67,11.86,12.52
63.81,327.90,70.3545,8.0129,5.6370,0.04,100.00,33.71,-0.59,93.78,358.97,1.27,70.6531,11.0360,5.6773,70.3343,11.0255,5.9019,1.53,0.59,33.71,71.1660,11.0522,5.3473,1.53,0.59,33.71,250.0675,11.9445,279.8723,0.00,100.00,182.67,-11.86,182.67,11.86,12.52
63.87,327.90,70.3545,8.0138,5.6370,0.01,100.00,33.71,-0.59,93.78,358.97,1.27,70.6531,11.0369,5.6773,70.3343,11.0264,5.9019,1.53,0.59,33.71,71.1660,11.0531,5.3473,1.53,0.59,33.71,250.0675,11.9445,279.8723,0.00,100.00,182.67,-11.86,182.67,11.86,12.52
63.93,327.90,70.3545,8.0162,5.6370,0.04,100.00,33.71,-0.59,93.78,358.97,1.27,70.6531,11.0394,5.6773,70.3343,11.0288,5.9019,1.53,0.59,33.71,71.1660,11.0555,5.3473,1.53,0.59,33.71,250.0675,11.9445,279.8723,0.00,100.00,182.67,-11.86,182.67,11.86,12.52
63.99,327.90,70.3570,8.0176,5.6368,0.05,100.00,33.71,-0.59,93.78,358.97,1.27,70.6556,11.0408,5.6771,70.3368,11.0302,5.9018,1.53,0.59,33.71,71.1685,11.0570,5.3472,1.53,0.59,33.71,250.0675,11.9445,279.8723,0.00,100.00,182.67,-11.86,182.67,11.86,12.52
64.04,327.89,70.3620,8.0231,5.6365,0.13,100.00,33.71,-0.59,93.78,358.97,1.27,70.6607,11.0462,5.6768,70.3419,11.0357,5.9014,1.53,0.59,33.71,71.1736,11.0624,5.3468,1.53,0.59,33.71,250.0675,11.9445,279.8723,0.00,100.00,182.67,-11.86,182.67,11.86,12.52
64.10,327.89,70.3620,8.0263,5.6365,0.06,100.00,33.71,-0.59,93.78,358.97,1.27,70.6607,11.0494,5.6768,70.3419,11.0389,5.9014,1.53,0.59,33.71,71.1736,11.0656,5.3468,1.53,0.59,33.71,250.0675,11.9445,279.8723,0.00,100.00,182.67,-11.86,182.67,11.86,12.52
64.16,327.89,70.3620,8.0264,5.6365,0.00,100.00,33.71,-0.59,93.78,358.97,1.27,70.6607,11.0495,5.6768,70.3419,11.0390,5.9014,1.53,0.59,33.71,71.1736,11.0657,5.3468,1.53,0.59,33.71,250.0675,11.9445,279.8723,0.00,100.00,182.67,-11.86,182.67,11.86,12.52
64.22,327.89,70.3620,7.9977,5.6365,0.51,100.00,33.71,-0.59,93.78,358.97,1.27,70.6607,11.0208,5.6768,70.3419,11.0103,5.9014,1.53,0.59,33.71,71.1736,11.0370,5.3468,1.53,0.59,33.71,250.0675,11.9445,279.8723,0.00,100.00,182.67,-11.86,182.67,11.86,12.52
64.28,327.89,70.3620,7.9997,5.6365,0.04,100.00,33.71,-0.59,93.78,358.97,1.27,70.6607,11.0229,5.6768,70.3419,11.0123,5.9014,1.53,0.59,33.71,71.1736,11.0390,5.3468,1.53,0.59,33.71,250.0675,11.9445,279.8723,0.00,100.00,182.67,-11.86,182.67,11.86,12.52
64.34,327.89,70.3646,8.0011,5.6363,0.05,100.00,33.71,-0.59,93.78,358.97,1.27,70.6632,11.0242,5.6766,70.3444,11.0137,5.9013,1.53,0.59,33.71,71.1761,11.0404,5.3467,1.53,0.59,33.71,250.0675,11.9445,279.8723,0.00,100.00,182.67,-11.86,182.67,11.86,12.52
64.40,327.89,70.3696,8.0015,5.6360,0.09,100.00,33.71,-0.59,93.78,358.97,1.27,70.6683,11.0246,5.6763,70.3495,11.0141,5.9009,1.53,0.59,33.71,71.1812,11.0408,5.3463,1.53,0.59,33.71,250.0675,11.9445,279.8723,0.00,100.00,182.67,-11.86,182.67,11.86,12.52
64.45,327.89,70.3774,8.0099,5.6355,0.21,100.00,33.71,-0.59,93.78,358.97,1.27,70.6761,11.0330,5.6758,70.3573,11.0225,5.9004,1.53,0.59,33.71,71.1890,11.0492,5.3458,1.53,0.59,33.71,250.0675,11.9445,279.8723,0.00,100.00,182.67,-11.86,182.67,11.86,12.52
64.51,327.88,70.3868,8.0167,5.6348,0.21,100.00,33.71,-0.59,93.78,358.97,1.27,70.6854,11.0398,5.6752,70.3666,11.0293,5.8998,1.53,0.59,33.71,71.1983,11.0560,5.3452,1.53,0.59,33.71,250.0675,11.9445,279.8723,0.00,100.00,182.67,-11.86,182.67,11.86,12.52
64.56,327.88,70.3986,8.0216,5.6341,0.22,100.00,33.71,-0.59,93.78,358.97,1.27,70.6973,11.0447,5.6744,70.3785,11.0342,5.8990,1.53,0.59,33.71,71.2102,11.0609,5.3444,1.53,0.59,33.71,250.0675,11.9445,279.8723,0.00,100.00,182.67,-11.86,182.67,11.86,12.52
64.62,327.87,70.4131,8.0266,5.6331,0.27,100.00,33.71,-0.59,93.78,358.97,1.27,70.7118,11.0497,5.6735,70.3929,11.0392,5.8981,1.53,0.59,33.71,71.2247,11.0659,5.3435,1.53,0.59,33.71,250.0675,11.9445,279.8723,0.00,100.00,182.67,-11.86,182.67,11.86,12.52
64.68,327.87,70.4196,8.0292,5.6327,0.12,100.00,33.71,-0.59,93.78,358.97,1.27,70.7183,11.0523,5.6730,70.3994,11.0418,5.8976,1.53,0.59,33.71,71.2311,11.0685,5.3431,1.53,0.59,33.71,250.0675,11.9445,279.8723,0.00,100.00,182.67,-11.86,182.67,11.86,12.52
64.74,327.87,70.4196,8.0307,5.6327,0.03,100.00,33.71,-0.59,93.78,358.97,1.27,70.7183,11.0538,5.6730,70.3994,11.0433,5.8976,1.53,0.59,33.71,71.2311,11.0700,5.3431,1.53,0.59,33.71,250.0675,11.9445,279.8723,0.00,100.00,182.67,-11.86,182.67,11.86,12.52
64.80,327.87,70.4221,8.0023,5.6325,0.51,100.00,33.71,-0.59,93.78,358.97,1.27,70.7208,11.0255,5.6729,70.4020,11.0149,5.8975,1.53,0.59,33.71,71.2337,11.0417,5.3429,1.53,0.59,33.71,250.0675,11.9445,279.8723,0.00,100.00,182.67,-11.86,182.67,11.86,12.52
64.85,327.86,70.4268,8.0049,5.6322,0.09,100.00,33.71,-0.59,93.78,358.97,1.27,70.7255,11.0280,5.6725,70.4067,11.0175,5.8971,1.53,0.59,33.71,71.2384,11.0442,5.3426,1.53,0.59,33.71,250.0675,11.9445,279.8723,0.00,100.00,182.67,-11.86,182.67,11.86,12.52
64.91,327.86,70.4342,8.0125,5.6317,0.19,100.00,33.71,-0.59,93.78,358.97,1.27,70.7329,11.0356,5.6721,70.4141,11.0251,5.8967,1.53,0.59,33.71,71.2458,11.0518,5.3421,1.53,0.59,33.71,250.0675,11.9445,279.8723,0.00,100.00,182.67,-11.86,182.67,11.86,12.52
64.97,327.85,70.4435,8.0144,5.6311,0.16,100.00,33.71,-0.59,93.78,358.97,1.27,70.7422,11.0375,5.6714,70.4234,11.0270,5.8960,1.53,0.59,33.71,71.2551,11.0537,5.3415,1.53,0.59,33.71,250.0675,11.9445,279.8723,0.00,100.00,182.67,-11.86,182.67,11.86,12.52
65.02,327.85,70.4449,8.0221,5.6310,0.14,100.00,33.71,-0.59,93.78,358.97,1.27,70.7436,11.0452,5.6713,70.4248,11.0347,5.8959,1.53,0.59,33.71,71.2565,11.0614,5.3414,1.53,0.59,33.71,250.0675,11.9445,279.8723,0.00,100.00,182.67,-11.86,182.67,11.86,12.52
65.08,327.85,70.4449,8.0245,5.6310,0.04,100.00,33.71,-0.59,93.78,358.97,1.27,70.7436,11.0476,5.6713,70.4248,11.0371,5.8959,1.53,0.59,33.71,71.2565,11.0638,5.3414,1.53,0.59,33.71,250.0675,11.9445,279.8723,0.00,100.00,182.67,-11.86,182.67,11.86,12.52
65.14,327.85,70.4474,8.0269,5.6308,0.06,100.00,33.71,-0.59,93.78,358.97,1.27,70.7461,11.0500,5.6712,70.4273,11.0395,5.8958,1.53,0.59,33.71,71.2590,11.0662,5.3412,1.53,0.59,33.71,250.0675,11.9445,279.8723,0.00,100.00,182.67,-11.86,182.67,11.86,12.52
65.20,327.85,70.4525,8.0002,5.6305,0.49,100.00,33.71,-0.59,93.78,358.97,1.27,70.7511,11.0233,5.6709,70.4323,11.0128,5.8955,1.53,0.59,33.71,71.2640,11.0395,5.3409,1.53,0.59,33.71,250.0675,11.9445,279.8723,0.00,100.00,182.67,-11.86,182.67,11.86,12.52
65.26,327.85,70.4525,8.0037,5.6305,0.06,100.00,33.71,-0.59,93.78,358.97,1.27,70.7511,11.0268,5.6709,70.4323,11.0163,5.8955,1.53,0.59,33.71,71.2640,11.0430,5.3409,1.53,0.59,33.71,250.0675,11.9445,279.8723,0.00,100.00,182.67,-11.86,182.67,11.86,12.52
65.31,327.85,70.4525,8.0105,5.6305,0.12,100.00,33.71,-0.59,93.78,358.97,1.27,70.7511,11.0336,5.6709,70.4323,11.0231,5.8955,1.53,0.59,33.71,71.2640,11.0498,5.3409,1.53,0.59,33.71,250.0675,11.9445,279.8723,0.00,100.00,182.67,-11.86,182.67,11.86,12.52
65.37,327.85,70.4547,8.0145,5.6304,0.08,100.00,33.71,-0.59,93.78,358.97,1.27,70.7534,11.0377,5.6707,70.4346,11.0272,5.8953,1.53,0.59,33.71,71.2663,11.0539,5.3407,1.53,0.59,33.71,250.0675,11.9445,279.8723,0.00,100.00,182.67,-11.86,182.67,11.86,12.52
65.43,327.85,70.4595,8.0189,5.6300,0.11,100.00,33.71,-0.59,93.78,358.97,1.27,70.7582,11.0420,5.6704,70.4394,11.0315,5.8950,1.53,0.59,33.71,71.2711,11.0582,5.3404,1.53,0.59,33.71,250.0675,11.9445,279.8723,0.00,100.00,182.67,-11.86,182.67,11.86,12.52
65.48,327.84,70.4667,8.0232,5.6296,0.15,100.00,33.71,-0.59,93.78,358.97,1.27,70.7654,11.0464,5.6699,70.4466,11.0359,5.8945,1.53,0.59,33.71,71.2783,11.0626,5.3400,1.53,0.59,33.71,250.0675,11.9445,279.8723,0.00,100.00,182.67,-11.86,182.67,11.86,12.52
65.54,327.84,70.4763,8.0240,5.6289,0.16,100.00,33.71,-0.59,93.78,358.97,1.27,70.7750,11.0471,5.6693,70.4562,11.0366,5.8939,1.53,0.59,33.71,71.2879,11.0633,5.3393,1.53,0.59,33.71,250.0675,11.9445,279.8723,0.00,100.00,182.67,-11.86,182.67,11.86,12.52
65.60,327.83,70.4888,8.0303,5.6281,0.25,100.00,33.71,-0.59,93.78,358.97,1.27,70.7875,11.0534,5.6685,70.4687,11.0429,5.8931,1.53,0.59,33.71,71.3004,11.0696,5.3385,1.53,0.59,33.71,250.0675,11.9445,279.8723,0.00,100.00,182.67,-11.86,182.67,11.86,12.52
65.66,327.83,70.5030,8.0027,5.6272,0.56,100.00,33.71,-0.59,93.78,358.97,1.27,70.8017,11.0258,5.6675,70.4829,11.0153,5.8921,1.53,0.59,33.71,71.3146,11.0420,5.3376,1.53,0.59,33.71,250.0675,11.9445,279.8723,0.00,100.00,182.67,-11.86,182.67,11.86,12.52
65.71,327.82,70.5193,8.0058,5.6261,0.28,100.00,33.71,-0.59,93.78,358.97,1.27,70.8180,11.0289,5.6664,70.4992,11.0184,5.8910,1.53,0.59,33.71,71.3309,11.0451,5.3365,1.53,0.59,33.71,250.0675,11.9445,279.8723,0.00,100.00,182.67,-11.86,182.67,11.86,12.52
65.77,327.81,70.5388,8.0094,5.6248,0.34,100.00,33.71,-0.59,93.78,358.97,1.27,70.8375,11.0326,5.6652,70.5187,11.0220,5.8898,1.53,0.59,33.71,71.3504,11.0488,5.3352,1.53,0.59,33.71,250.0675,11.9445,279.8723,0.00,100.00,182.67,-11.86,182.67,11.86,12.52
65.83,327.80,70.5501,8.0163,5.6241,0.24,100.00,33.71,-0.59,93.78,358.97,1.27,70.8487,11.0395,5.6644,70.5299,11.0290,5.8890,1.53,0.59,33.71,71.3616,11.0557,5.3345,1.53,0.59,33.71,250.0675,11.9445,279.8723,0.00,100.00,182.67,-11.86,182.67,11.86,12.52
65.89,327.80,70.5533,8.0197,5.6239,0.08,100.00,33.71,-0.59,93.78,358.97,1.27,70.8519,11.0428,5.6642,70.5331,11.0323,5.8888,1.53,0.59,33.71,71.3648,11.0590,5.3342,1.53,0.59,33.71,250.0675,11.9445,279.8723,0.00,100.00,182.67,-11.86,182.67,11.86,12.52
65.94,327.80,70.5590,8.0248,5.6235,0.14,100.00,33.71,-0.59,93.78,358.97,1.27,70.8577,11.0480,5.6638,70.5389,11.0375,5.8884,1.53,0.59,33.71,71.3706,11.0642,5.3339,1.53,0.59,33.71,250.0675,11.9445,279.8723,0.00,100.00,182.67,-11.86,182.67,11.86,12.52
66.00,327.79,70.5671,8.0317,5.6229,0.19,100.00,33.71,-0.59,93.78,358.97,1.27,70.8658,11.0548,5.6633,70.5469,11.0443,5.8879,1.53,0.59,33.71,71.3787,11.0710,5.3333,1.53,0.59,33.71,250.0675,11.9445,279.8723,0.00,100.00,182.67,-11.86,182.67,11.86,12.52
66.06,327.79,70.5773,7.9998,5.6223,0.57,100.00,33.71,-0.59,93.78,358.97,1.27,70.8760,11.0230,5.6626,70.5572,11.0125,5.8872,1.53,0.59,33.71,71.3889,11.0392,5.3327,1.53,0.59,33.71,250.0675,11.9445,279.8723,0.00,100.00,182.67,-11.86,182.67,11.86,12.52
66.12,327.78,70.5903,8.0024,5.6214,0.23,100.00,33.71,-0.59,93.78,358.97,1.27,70.8890,11.0256,5.6618,70.5702,11.0151,5.8864,1.53,0.59,33.71,71.4019,11.0418,5.3318,1.53,0.59,33.71,250.0675,11.9445,279.8723,0.00,100.00,182.67,-11.86,182.67,11.86,12.52
66.17,327.77,70.6060,8.0096,5.6204,0.31,100.00,33.71,-0.52,93.79,359.38,0.95,70.9253,11.0308,5.6424,70.6065,11.0238,5.8671,1.01,0.52,33.71,71.4383,11.0415,5.3123,1.01,0.52,33.71,250.0675,11.9445,279.8723,0.00,100.00,182.67,-11.86,182.67,11.86,12.52
66.23,327.77,70.6232,8.0166,5.6192,0.33,100.00,33.71,-0.50,93.79,359.45,0.90,70.9462,11.0374,5.6380,70.6274,11.0311,5.8627,0.92,0.50,33.71,71.4592,11.0471,5.3080,0.92,0.50,33.71,250.0675,11.9445,279.8723,0.00,100.00,182.67,-11.86,182.67,11.86,12.52
66.29,327.76,70.6328,8.0199,5.6186,0.18,100.00,33.71,-0.50,93.79,359.45,0.90,70.9558,11.0407,5.6374,70.6370,11.0344,5.8621,0.92,0.50,33.71,71.4688,11.0505,5.3073,0.92,0.50,33.71,250.0675,11.9445,279.8723,0.00,100.00,182.67,-11.86,182.67,11.86,12.52
66.34,327.76,70.6346,8.0250,5.6185,0.09,100.00,33.71,-0.50,93.79,359.45,0.90,70.9576,11.0459,5.6373,70.6387,11.0395,5.8620,0.92,0.50,33.71,71.4706,11.0556,5.3072,0.92,0.50,33.71,250.0675,11.9445,279.8723,0.00,100.00,182.67,-11.86,182.67,11.86,12.52
66.40,327.76,70.6346,8.0326,5.6185,0.14,100.00,33.71,-0.50,93.79,359.45,0.90,70.9576,11.0534,5.6373,70.6387,11.0471,5.8620,0.92,0.50,33.71,71.4706,11.0631,5.3072,0.92,0.50,33.71,250.0675,11.9445,279.8723,0.00,100.00,182.67,-11.86,182.67,11.86,12.52
66.46,327.76,70.6346,8.0015,5.6185,0.54,100.00,33.71,-0.50,93.79,359.45,0.90,70.9576,11.0223,5.6373,70.6387,11.0160,5.8620,0.92,0.50,33.71,71.4706,11.0320,5.3072,0.92,0.50,33.71,250.0675,11.9445,279.8723,0.00,100.00,182.67,-11.86,182.67,11.86,12.52
66.51,327.76,70.6346,8.0078,5.6185,0.11,100.00,33.71,-0.50,93.79,359.45,0.90,70.9576,11.0286,5.6373,70.6387,11.0222,5.8620,0.92,0.50,33.71,71.4706,11.0383,5.3072,0.92,0.50,33.71,250.0675,11.9445,279.8723,0.00,100.00,182.67,-11.86,182.67,11.86,12.52
66.57,327.76,70.6346,8.0138,5.6185,0.11,100.00,33.71,-0.50,93.79,359.45,0.90,70.9576,11.0347,5.6373,70.6387,11.0283,5.8620,0.92,0.50,33.71,71.4706,11.0444,5.3072,0.92,0.50,33.71,250.0675,11.9445,279.8723,0.00,100.00,182.67,-11.86,182.67,11.86,12.52
66.63,327.76,70.6369,8.0166,5.6183,0.06,100.00,33.71,-0.50,93.79,359.45,0.90,70.9600,11.0374,5.6371,70.6411,11.0311,5.8618,0.92,0.50,33.71,71.4729,11.0471,5.3071,0.92,0.50,33.71,250.0675,11.9445,279.8723,0.00,100.00,182.67,-11.86,182.67,11.86,12.52
66.69,327.76,70.6418,8.0242,5.6180,0.16,100.00,33.71,-0.50,93.79,359.45,0.90,70.9648,11.0450,5.6368,70.6460,11.0387,5.8615,0.92,0.50,33.71,71.4778,11.0547,5.3068,0.92,0.50,33.71,250.0675,11.9445,279.8723,0.00,100.00,182.67,-11.86,182.67,11.86,12.52
66.74,327.75,70.6487,8.0267,5.6175,0.13,100.00,33.70,-0.50,93.78,359.45,0.90,70.9718,11.0475,5.6364,70.6529,11.0412,5.8610,0.92,0.50,33.70,71.4848,11.0573,5.3063,0.92,0.50,33.70,250.0675,11.9445,279.8723,0.00,100.00,182.67,-11.86,182.67,11.86,12.52
66.80,327.75,70.6585,8.0327,5.6169,0.20,100.00,33.70,-0.50,93.78,359.45,0.90,70.9815,11.0535,5.6357,70.6627,11.0472,5.8604,0.92,0.50,33.70,71.4945,11.0632,5.3057,0.92,0.50,33.70,250.0675,11.9445,279.8723,0.00,100.00,182.67,-11.86,182.67,11.86,12.52
66.86,327.75,70.6602,8.0067,5.6168,0.48,100.00,33.70,-0.50,93.78,359.45,0.90,70.9832,11.0275,5.6356,70.6643,11.0212,5.8603,0.92,0.50,33.70,71.4962,11.0372,5.3056,0.92,0.50,33.70,250.0675,11.9445,279.8723,0.00,100.00,182.67,-11.86,182.67,11.86,12.52
66.91,327.75,70.6602,8.0110,5.6168,0.07,100.00,33.70,-0.50,93.78,359.45,0.90,70.9832,11.0318,5.6356,70.6643,11.0254,5.8603,0.92,0.50,33.70,71.4962,11.0415,5.3056,0.92,0.50,33.70,250.0675,11.9445,279.8723,0.00,100.00,182.67,-11.86,182.67,11.86,12.52
66.97,327.75,70.6626,8.0158,5.6166,0.09,100.00,33.70,-0.50,93.78,359.45,0.90,70.9856,11.0366,5.6355,70.6667,11.0303,5.8601,0.92,0.50,33.70,71.4986,11.0464,5.3054,0.92,0.50,33.70,250.0675,11.9445,279.8723,0.00,100.00,182.67,-11.86,182.67,11.86,12.52
67.03,327.74,70.6674,8.0167,5.6163,0.08,100.00,33.68,-0.50,93.78,359.45,0.90,70.9904,11.0375,5.6352,70.6714,11.0312,5.8597,0.92,0.50,33.68,71.5036,11.0472,5.3053,0.92,0.50,33.68,250.0675,11.9445,279.8723,0.00,100.00,182.67,-11.86,182.67,11.86,12.52
67.08,327.74,70.6749,8.0269,5.6158,0.23,100.00,33.65,-0.50,93.78,359.45,0.90,70.9980,11.0477,5.6347,70.6789,11.0414,5.8590,0.92,0.50,33.65,71.5112,11.0574,5.3051,0.92,0.50,33.65,250.0675,11.9445,279.8723,0.00,100.00,182.67,-11.86,182.67,11.86,12.52
67.14,327.74,70.6839,8.0329,5.6152,0.19,100.00,33.65,-0.50,93.78,359.45,0.90,71.0070,11.0538,5.6341,70.6879,11.0474,5.8584,0.92,0.50,33.65,71.5202,11.0635,5.3045,0.92,0.50,33.65,250.0675,11.9445,279.8723,0.00,100.00,182.67,-11.86,182.67,11.86,12.52
67.20,327.73,70.6957,8.0023,5.6144,0.57,100.00,33.65,-0.50,93.78,359.45,0.90,71.0187,11.0232,5.6333,70.6996,11.0168,5.8577,0.92,0.50,33.65,71.5320,11.0329,5.3037,0.92,0.50,33.65,250.0675,11.9445,279.8723,0.00,100.00,182.67,-11.86,182.67,11.86,12.52
67.26,327.72,70.7100,8.0062,5.6135,0.26,100.00,33.65,-0.50,93.78,359.45,0.90,71.0330,11.0270,5.6323,70.7139,11.0207,5.8567,0.92,0.50,33.65,71.5463,11.0367,5.3027,0.92,0.50,33.65,250.0675,11.9445,279.8723,0.00,100.00,182.67,-11.86,182.67,11.86,12.52
67.31,327.72,70.7268,8.0115,5.6124,0.31,100.00,33.65,-0.50,93.78,359.45,0.90,71.0499,11.0323,5.6312,70.7308,11.0259,5.8556,0.92,0.50,33.65,71.5632,11.0420,5.3016,0.92,0.50,33.65,250.0675,11.9445,279.8723,0.00,100.00,182.67,-11.86,182.67,11.86,12.52
67.37,327.71,70.7458,8.0142,5.6111,0.33,100.00,33.65,-0.50,93.78,359.45,0.90,71.0689,11.0350,5.6300,70.7498,11.0287,5.8543,0.92,0.50,33.65,71.5822,11.0447,5.3004,0.92,0.50,33.65,250.0675,11.9445,279.8723,0.00,100.00,182.67,-11.86,182.67,11.86,12.52
67.45,327.70,70.7570,8.0133,5.6104,0.14,100.00,33.65,-0.50,93.78,359.45,0.90,71.0801,11.0341,5.6292,70.7610,11.0278,5.8536,0.92,0.50,33.65,71.5933,11.0438,5.2996,0.92,0.50,33.65,250.0675,11.9445,279.8723,0.00,100.00,182.67,-11.86,182.67,11.86,12.52
67.53,327.70,70.7570,8.0218,5.6104,0.11,100.00,33.65,-0.50,93.78,359.45,0.90,71.0801,11.0427,5.6292,70.7610,11.0363,5.8536,0.92,0.50,33.65,71.5933,11.0524,5.2996,0.92,0.50,33.65,250.0675,11.9445,279.8723,0.00,100.00,182.67,-11.86,182.67,11.86,12.52
67.60,327.70,70.7611,8.0277,5.6101,0.09,100.00,33.65,-0.50,93.78,359.45,0.90,71.0842,11.0486,5.6289,70.7651,11.0422,5.8533,0.92,0.50,33.65,71.5975,11.0583,5.2993,0.92,0.50,33.65,250.0675,11.9445,279.8723,0.00,100.00,182.67,-11.86,182.67,11.86,12.52
67.68,327.69,70.7696,8.0295,5.6095,0.11,100.00,33.65,-0.50,93.78,359.45,0.90,71.0926,11.0503,5.6284,70.7735,11.0440,5.8527,0.92,0.50,33.65,71.6059,11.0600,5.2988,0.92,0.50,33.65,250.0675,11.9445,279.8723,0.00,100.00,182.67,-11.86,182.67,11.86,12.52
67.76,327.69,70.7829,8.0356,5.6086,0.19,100.00,33.65,-0.50,93.78,359.45,0.90,71.1059,11.0564,5.6275,70.7868,11.0500,5.8519,0.92,0.50,33.65,71.6192,11.0661,5.2979,0.92,0.50,33.65,250.0675,11.9445,279.8723,0.00,100.00,182.67,-11.86,182.67,11.86,12.52
67.84,327.68,70.8000,8.0054,5.6075,0.45,100.00,33.65,-0.50,93.78,359.45,0.90,71.1230,11.0263,5.6264,70.8039,11.0199,5.8507,0.92,0.50,33.65,71.6363,11.0360,5.2968,0.92,0.50,33.65,250.0675,11.9445,279.8723,0.00,100.00,182.67,-11.86,182.67,11.86,12.52
67.91,327.68,70.8028,8.0129,5.6073,0.11,100.00,33.65,-0.50,93.78,359.45,0.90,71.1259,11.0338,5.6262,70.8068,11.0274,5.8505,0.92,0.50,33.65,71.6391,11.0435,5.2966,0.92,0.50,33.65,250.0675,11.9445,279.8723,0.00,100.00,182.67,-11.86,182.67,11.86,12.52
67.99,327.68,70.8028,8.0120,5.6073,0.01,100.00,33.65,-0.50,93.78,359.45,0.90,71.1259,11.0328,5.6262,70.8068,11.0264,5.8505,0.92,0.50,33.65,71.6391,11.0425,5.2966,0.92,0.50,33.65,250.0675,11.9445,279.8723,0.00,100.00,182.67,-11.86,182.67,11.86,12.52
68.07,327.68,70.8075,8.0163,5.6070,0.08,100.00,33.65,-0.50,93.78,359.45,0.90,71.1306,11.0371,5.6258,70.8115,11.0308,5.8502,0.92,0.50,33.65,71.6439,11.0468,5.2962,0.92,0.50,33.65,250.0675,11.9445,279.8723,0.00,100.00,182.67,-11.86,182.67,11.86,12.52
68.15,327.67,70.8165,8.0247,5.6064,0.16,100.00,33.65,-0.50,93.78,359.45,0.90,71.1395,11.0455,5.6252,70.8204,11.0392,5.8496,0.92,0.50,33.65,71.6528,11.0552,5.2957,0.92,0.50,33.65,250.0675,11.9445,279.8723,0.00,100.00,182.67,-11.86,182.67,11.86,12.52
68.22,327.66,70.8292,8.0293,5.6055,0.18,100.00,33.65,-0.50,93.78,359.45,0.90,71.1523,11.0501,5.6244,70.8332,11.0438,5.8488,0.92,0.50,33.65,71.6656,11.0598,5.2948,0.92,0.50,33.65,250.0675,11.9445,279.8723,0.00,100.00,182.67,-11.86,182.67,11.86,12.52
68.30,327.66,70.8468,8.0326,5.6044,0.23,100.00,33.65,-0.50,93.78,359.45,0.90,71.1698,11.0534,5.6232,70.8507,11.0471,5.8476,0.92,0.50,33.65,71.6831,11.0632,5.2937,0.92,0.50,33.65,250.0675,11.9445,279.8723,0.00,100.00,182.67,-11.86,182.67,11.86,12.52
68.38,327.64,70.8689,8.0372,5.6029,0.29,100.00,33.65,-0.50,93.78,359.45,0.90,71.1919,11.0581,5.6218,70.8728,11.0517,5.8461,0.92,0.50,33.65,71.7052,11.0678,5.2922,0.92,0.50,33.65,250.0675,11.9445,279.8723,0.00,100.00,182.67,-11.86,182.67,11.86,12.52
68.46,327.63,70.8952,8.0082,5.6012,0.51,100.00,33.65,-0.30,93.77,359.14,0.85,71.2013,11.0308,5.6186,70.8822,11.0228,5.8430,1.17,0.30,33.65,71.7146,11.0432,5.2891,1.17,0.30,33.65,250.0675,11.9445,279.8723,0.00,100.00,182.67,-11.86,182.67,11.86,12.52
68.53,327.62,70.9255,8.0134,5.5992,0.40,100.00,33.65,-0.28,93.77,359.10,0.84,71.2297,11.0362,5.6165,70.9107,11.0280,5.8408,1.20,0.28,33.65,71.7430,11.0489,5.2869,1.20,0.28,33.65,250.0675,11.9445,279.8723,0.00,100.00,182.67,-11.86,182.67,11.86,12.52
68.61,327.60,70.9603,8.0191,5.5968,0.46,100.00,33.65,-0.28,93.77,359.10,0.84,71.2646,11.0419,5.6142,70.9455,11.0337,5.8385,1.20,0.28,33.65,71.7779,11.0546,5.2846,1.20,0.28,33.65,250.0675,11.9445,279.8723,0.00,100.00,182.67,-11.86,182.67,11.86,12.52
68.69,327.58,70.9994,8.0264,5.5943,0.52,100.00,33.65,-0.28,93.77,359.10,0.84,71.3037,11.0492,5.6116,70.9846,11.0410,5.8359,1.20,0.28,33.65,71.8170,11.0619,5.2820,1.20,0.28,33.65,250.0675,11.9445,279.8723,0.00,100.00,182.67,-11.86,182.67,11.86,12.52
68.76,327.56,71.0423,8.0348,5.5914,0.58,100.00,33.65,-0.28,93.77,359.10,0.84,71.3466,11.0576,5.6087,71.0275,11.0494,5.8331,1.20,0.28,33.65,71.8599,11.0703,5.2792,1.20,0.28,33.65,250.0675,11.9445,279.8723,0.00,100.00,182.67,-11.86,182.67,11.86,12.52
68.84,327.54,71.0891,8.0062,5.5883,0.72,100.00,33.65,-0.28,93.77,359.10,0.84,71.3933,11.0290,5.6056,71.0743,11.0208,5.8300,1.20,0.28,33.65,71.9066,11.0417,5.2761,1.20,0.28,33.65,250.0675,11.9445,279.8723,0.00,100.00,182.67,-11.86,182.67,11.86,12.52
68.92,327.51,71.1407,8.0112,5.5849,0.67,100.00,33.62,-0.28,93.77,359.10,0.84,71.4450,11.0340,5.6022,71.1258,11.0258,5.8264,1.20,0.28,33.62,71.9584,11.0467,5.2730,1.20,0.28,33.62,250.0675,11.9445,279.8723,0.00,100.00,182.67,-11.86,182.67,11.86,12.52
68.99,327.48,71.1974,8.0155,5.5812,0.73,100.00,33.58,-0.28,93.78,359.10,0.84,71.5017,11.0383,5.5985,71.1824,11.0301,5.8225,1.20,0.28,33.58,72.0153,11.0510,5.2695,1.20,0.28,33.58,250.0675,11.9445,279.8723,0.00,100.00,182.67,-11.86,182.67,11.86,12.52
69.07,327.45,71.2588,8.0217,5.5771,0.80,100.00,33.59,-0.28,93.78,359.10,0.84,71.5631,11.0445,5.5944,71.2438,11.0363,5.8184,1.20,0.28,33.59,72.0767,11.0572,5.2654,1.20,0.28,33.59,250.0675,11.9445,279.8723,0.00,100.00,182.67,-11.86,182.67,11.86,12.52
69.15,327.42,71.3239,8.0305,5.5728,0.87,100.00,33.59,-0.47,93.78,359.44,0.86,71.6463,11.0514,5.5899,71.3269,11.0451,5.8139,0.91,0.47,33.59,72.1599,11.0610,5.2609,0.91,0.47,33.59,250.0675,11.9445,279.8723,0.00,100.00,182.67,-11.86,182.67,11.86,12.52
69.22,327.39,71.3917,8.0373,5.5684,0.89,100.00,33.59,-0.47,93.78,359.44,0.86,71.7141,11.0583,5.5854,71.3948,11.0520,5.8094,0.91,0.47,33.59,72.2278,11.0679,5.2564,0.91,0.47,33.59,250.0675,11.9445,279.8723,0.00,100.00,182.67,-11.86,182.67,11.86,12.52
69.30,327.35,71.4646,8.0126,5.5635,1.04,100.00,33.59,-0.47,93.78,359.44,0.86,71.7870,11.0335,5.5806,71.4677,11.0272,5.8046,0.91,0.47,33.59,72.3007,11.0431,5.2515,0.91,0.47,33.59,250.0675,11.9445,279.8723,0.00,100.00,182.67,-11.86,182.67,11.86,12.52
69.38,327.32,71.5396,8.0143,5.5586,0.95,100.00,33.59,-0.47,93.78,359.44,0.86,71.8620,11.0352,5.5756,71.5426,11.0289,5.7997,0.91,0.47,33.59,72.3756,11.0448,5.2466,0.91,0.47,33.59,250.0675,11.9445,279.8723,0.00,100.00,182.67,-11.86,182.67,11.86,12.52
69.45,327.27,71.6242,8.0219,5.5530,1.12,100.00,33.59,-0.47,93.78,359.44,0.86,71.9466,11.0428,5.5701,71.6273,11.0365,5.7941,0.91,0.47,33.59,72.4603,11.0524,5.2410,0.91,0.47,33.59,250.0675,11.9445,279.8723,0.00,100.00,182.67,-11.86,182.67,11.86,12.52
69.52,327.23,71.7095,8.0409,5.5474,1.25,100.00,33.56,-0.39,93.76,358.69,1.20,71.9932,11.0655,5.5850,71.6738,11.0536,5.8087,1.74,0.39,33.56,72.5069,11.0839,5.2564,1.74,0.39,33.56,250.0675,11.9445,279.8723,0.00,100.00,182.67,-11.86,182.67,11.86,12.52
69.59,327.19,71.7914,8.0276,5.5420,1.21,100.00,33.53,-0.39,93.76,358.64,1.22,72.0728,11.0524,5.5808,71.7533,11.0402,5.8044,1.79,0.39,33.53,72.5866,11.0713,5.2525,1.79,0.39,33.53,250.0675,11.9445,279.8723,0.00,100.00,182.67,-11.86,182.67,11.86,12.52
69.66,327.15,71.8753,8.0523,5.5365,1.30,100.00,33.53,-0.39,93.76,358.64,1.22,72.1567,11.0771,5.5753,71.8372,11.0649,5.7989,1.79,0.39,33.53,72.6705,11.0960,5.2470,1.79,0.39,33.53,250.0675,11.9445,279.8723,0.00,100.00,182.67,-11.86,182.67,11.86,12.52
69.72,327.11,71.9607,8.0469,5.5308,1.33,100.00,33.53,-0.39,93.76,358.64,1.22,72.2420,11.0718,5.5697,71.9226,11.0595,5.7933,1.79,0.39,33.53,72.7559,11.0907,5.2414,1.79,0.39,33.53,250.0675,11.9445,279.8723,0.00,100.00,182.67,-11.86,182.67,11.86,12.52
69.79,327.07,72.0452,8.0389,5.5253,1.30,100.00,33.50,-0.39,93.76,358.64,1.22,72.3266,11.0637,5.5641,72.0070,11.0515,5.7876,1.79,0.39,33.50,72.8406,11.0827,5.2361,1.79,0.39,33.50,250.0675,11.9445,279.8723,0.00,100.00,182.67,-11.86,182.67,11.86,12.52
69.86,327.03,72.1213,8.0291,5.5203,1.15,100.00,33.47,-0.39,93.76,358.64,1.22,72.4027,11.0539,5.5591,72.0830,11.0417,5.7824,1.79,0.39,33.47,72.9169,11.0729,5.2313,1.79,0.39,33.47,250.0675,11.9445,279.8723,0.00,100.00,182.67,-11.86,182.67,11.86,12.52
69.92,327.00,72.1877,8.0502,5.5159,1.01,100.00,33.44,-0.39,93.76,358.64,1.22,72.4691,11.0750,5.5548,72.1493,11.0628,5.7779,1.78,0.39,33.44,72.9835,11.0940,5.2273,1.78,0.39,33.44,250.0675,11.9445,279.8723,0.00,100.00,182.67,-11.86,182.67,11.86,12.52
70.01,326.96,72.2599,8.0410,5.5112,0.85,100.00,33.41,-0.49,93.75,358.17,1.61,72.5178,11.0676,5.5721,72.1979,11.0513,5.7949,2.39,0.49,33.41,73.0322,11.0929,5.2451,2.39,0.49,33.41,250.0675,11.9445,279.8723,0.00,100.00,182.67,-11.86,182.67,11.86,12.52
70.09,326.92,72.3555,8.0383,5.5049,1.14,100.00,33.38,-0.62,93.74,357.70,2.02,72.5900,11.0661,5.5891,72.2701,11.0456,5.8116,3.00,0.62,33.38,73.1043,11.0979,5.2626,3.00,0.62,33.38,250.0675,11.9445,279.8723,0.00,100.00,182.67,-11.86,182.67,11.86,12.52
70.18,326.87,72.4535,8.0699,5.4985,1.22,100.00,33.34,-0.63,93.74,357.67,2.04,72.6865,11.0978,5.5841,72.3665,11.0771,5.8063,3.04,0.63,33.34,73.2011,11.1300,5.2579,3.04,0.63,33.34,250.0675,11.9445,279.8723,0.00,100.00,182.67,-11.86,182.67,11.86,12.52
70.24,326.82,72.5573,8.0677,5.4917,1.64,100.00,33.33,-0.35,93.74,357.66,1.73,72.7887,11.0962,5.5605,72.4687,11.0765,5.7828,2.89,0.35,33.33,73.3033,11.1269,5.2343,2.89,0.35,33.33,250.0675,11.9445,279.8723,0.00,100.00,182.67,-11.86,182.67,11.86,12.52
70.31,326.78,72.6386,8.0668,5.4864,1.31,100.00,33.34,-0.31,93.75,357.66,1.69,72.8697,11.0954,5.5533,72.5498,11.0758,5.7757,2.87,0.31,33.34,73.3843,11.1259,5.2270,2.87,0.31,33.34,250.0675,11.9445,279.8723,0.00,100.00,182.67,-11.86,182.67,11.86,12.52
70.37,326.74,72.7211,8.0685,5.4809,1.36,100.00,33.34,-0.31,93.75,357.66,1.69,72.9522,11.0970,5.5479,72.6323,11.0774,5.7702,2.87,0.31,33.34,73.4668,11.1275,5.2216,2.87,0.31,33.34,250.0675,11.9445,279.8723,0.00,100.00,182.67,-11.86,182.67,11.86,12.52
70.43,326.70,72.8044,8.0679,5.4755,1.34,100.00,33.34,-0.18,93.77,358.03,1.32,73.0539,11.0954,5.5218,72.7338,11.0793,5.7442,2.37,0.18,33.34,73.5686,11.1206,5.1953,2.37,0.18,33.34,250.0675,11.9445,279.8723,0.00,100.00,182.67,-11.86,182.67,11.86,12.52
70.49,326.65,72.8924,8.0685,5.4697,1.44,100.00,35.77,-0.26,93.78,358.46,1.27,73.1641,11.0941,5.5115,72.8537,11.0806,5.7474,1.98,0.26,35.77,73.6647,11.1151,5.1633,1.98,0.26,35.77,250.0675,11.9445,279.8723,0.00,100.00,182.67,-11.86,182.67,11.86,12.52
70.55,326.61,72.9814,8.0676,5.4638,1.43,100.00,35.81,-0.66,91.33,358.24,2.01,73.2404,11.0932,5.5564,72.9302,11.0755,5.7923,2.59,0.66,35.81,73.7406,11.1207,5.2082,2.59,0.66,35.81,250.0675,11.9445,279.8723,0.00,100.00,182.67,-11.86,182.67,11.86,12.52
70.61,326.56,73.0751,8.0658,5.4616,1.50,100.00,35.81,-0.82,88.82,357.93,2.59,73.3132,11.0916,5.5957,73.0031,11.0696,5.8314,3.21,0.82,35.81,73.8132,11.1256,5.2479,3.21,0.82,35.81,250.0675,11.9445,279.8723,0.00,100.00,182.67,-11.86,182.67,11.86,12.52
70.68,326.51,73.1724,8.0655,5.4636,1.59,100.00,35.74,-1.07,86.33,358.31,2.77,73.4240,11.0892,5.6186,73.1135,11.0682,5.8539,3.06,1.07,35.74,73.9246,11.1216,5.2714,3.06,1.07,35.74,250.0675,11.9445,279.8723,0.00,100.00,182.67,-11.86,182.67,11.86,12.52
70.74,326.45,73.2697,8.0953,5.4699,1.60,100.00,35.24,-0.70,83.85,357.73,2.94,73.4827,11.1211,5.6412,73.1704,11.0962,5.8737,3.64,0.70,35.24,73.9859,11.1598,5.2985,3.64,0.70,35.24,250.0675,11.9445,279.8723,0.00,100.00,182.67,-11.86,182.67,11.86,12.52
70.80,326.38,73.3740,8.0946,5.4811,1.71,100.00,34.85,-0.59,81.58,358.06,2.64,73.5996,11.1197,5.6479,73.2857,11.0977,5.8784,3.22,0.59,34.85,74.1053,11.1539,5.3084,3.22,0.59,34.85,250.0675,11.9445,279.8723,0.00,100.00,182.67,-11.86,182.67,11.86,12.52
70.86,326.32,73.4763,8.0942,5.4962,1.70,100.00,34.49,-0.60,79.40,358.18,2.67,73.7016,11.1187,5.6742,73.3862,11.0971,5.9028,3.17,0.60,34.49,74.2095,11.1524,5.3379,3.17,0.60,34.49,250.0675,11.9445,279.8723,0.00,100.00,182.67,-11.86,182.67,11.86,12.52
70.92,326.24,73.5799,8.0977,5.5156,1.80,100.00,34.13,-0.62,77.29,358.28,2.73,73.8029,11.1216,5.7063,73.4860,11.0999,5.9329,3.17,0.62,34.13,74.3128,11.1552,5.3731,3.17,0.62,34.13,250.0675,11.9445,279.8723,0.00,100.00,182.67,-11.86,182.67,11.86,12.52
70.98,326.17,73.6813,8.1012,5.5385,1.78,100.00,33.48,-0.66,75.25,358.38,2.79,73.9016,11.1245,5.7413,73.5822,11.1029,5.9643,3.16,0.66,33.48,74.4153,11.1580,5.4139,3.16,0.66,33.48,250.0675,11.9445,279.8723,0.00,100.00,182.67,-11.86,182.67,11.86,12.52
71.04,326.10,73.7736,8.0709,5.5628,1.71,100.00,34.87,-0.58,75.25,358.38,2.79,73.9939,11.0942,5.7656,73.6800,11.0725,5.9962,3.18,0.58,34.87,74.4995,11.1279,5.4258,3.18,0.58,34.87,250.0675,11.9445,279.8723,0.00,100.00,182.67,-11.86,182.67,11.86,12.52
71.10,326.03,73.8581,8.0774,5.5850,1.52,100.00,35.61,-0.54,75.25,358.38,2.79,74.0784,11.1007,5.7878,73.7675,11.0790,6.0225,3.18,0.54,35.61,74.5795,11.1345,5.4415,3.18,0.54,35.61,250.0675,11.9445,279.8723,0.00,100.00,182.67,-11.86,182.67,11.86,12.52
71.15,325.98,73.9334,8.0847,5.6048,1.37,100.00,36.34,-0.27,75.24,358.07,2.83,74.1369,11.1094,5.8053,73.8292,11.0861,6.0439,3.42,0.27,36.34,74.6335,11.1457,5.4527,3.42,0.27,36.34,250.0675,11.9445,279.8723,0.00,100.00,182.67,-11.86,182.67,11.86,12.52
71.21,325.93,74.0002,8.0905,5.6224,1.19,100.00,36.54,-0.24,75.23,358.03,2.83,74.2019,11.1153,5.8226,73.8950,11.0918,6.0623,3.44,0.24,36.54,74.6971,11.1519,5.4682,3.44,0.24,36.54,250.0675,11.9445,279.8723,0.00,100.00,182.67,-11.86,182.67,11.86,12.52
71.27,325.88,74.0603,8.0950,5.6382,1.06,100.00,36.75,-0.22,75.23,358.03,2.83,74.2620,11.1198,5.8384,73.9559,11.0964,6.0793,3.44,0.22,36.75,74.7559,11.1564,5.4823,3.44,0.22,36.75,250.0675,11.9445,279.8723,0.00,100.00,182.67,-11.86,182.67,11.86,12.52
71.33,325.84,74.1128,8.0979,5.6521,0.92,100.00,37.30,-0.19,75.23,358.03,2.83,74.3145,11.1227,5.8523,74.0109,11.0992,6.0961,3.45,0.19,37.30,74.8051,11.1593,5.4914,3.45,0.19,37.30,250.0675,11.9445,279.8723,0.00,100.00,182.67,-11.86,182.67,11.86,12.52
71.39,325.80,74.1686,8.1052,5.6668,1.03,100.00,36.99,-0.21,74.41,358.07,2.86,74.3691,11.1298,5.8719,74.0641,11.1063,6.1140,3.44,0.21,36.99,74.8615,11.1664,5.5136,3.44,0.21,36.99,250.0675,11.9445,279.8723,0.00,100.00,182.67,-11.86,182.67,11.86,12.52
71.44,325.75,74.2238,8.1072,5.6821,0.96,100.00,36.67,-0.23,73.62,358.11,2.89,74.4230,11.1315,5.8919,74.1167,11.1080,6.1323,3.44,0.23,36.67,74.9175,11.1681,5.5364,3.44,0.23,36.67,250.0675,11.9445,279.8723,0.00,100.00,182.67,-11.86,182.67,11.86,12.52
71.50,325.71,74.2841,8.1153,5.6998,1.13,100.00,36.27,-0.25,72.78,358.15,2.92,74.4820,11.1394,5.9145,74.1739,11.1159,6.1528,3.44,0.25,36.27,74.9789,11.1760,5.5625,3.44,0.25,36.27,250.0675,11.9445,279.8723,0.00,100.00,182.67,-11.86,182.67,11.86,12.52
71.56,325.66,74.3428,8.1165,5.7181,1.02,100.00,35.88,-0.28,71.99,358.19,2.94,74.5394,11.1403,5.9374,74.2297,11.1168,6.1736,3.44,0.28,35.88,75.0387,11.1768,5.5887,3.44,0.28,35.88,250.0675,11.9445,279.8723,0.00,100.00,182.67,-11.86,182.67,11.86,12.52
71.62,325.61,74.4079,8.0891,5.7392,1.30,100.00,35.70,-0.33,71.41,358.01,3.33,74.5866,11.1127,5.9767,74.2764,11.0863,6.2118,3.86,0.33,35.70,75.0868,11.1537,5.6298,3.86,0.33,35.70,250.0675,11.9445,279.8723,0.00,100.00,182.67,-11.86,182.67,11.86,12.52
71.67,325.56,74.4713,8.0960,5.7605,1.18,100.00,35.19,-0.67,70.89,358.06,3.84,74.6417,11.1177,6.0259,74.3294,11.0887,6.2579,4.25,0.67,35.19,75.1449,11.1627,5.6839,4.25,0.67,35.19,250.0675,11.9445,279.8723,0.00,100.00,182.67,-11.86,182.67,11.86,12.52
71.73,325.50,74.5373,8.0988,5.7834,1.17,100.00,34.80,-0.75,70.49,358.09,3.94,74.7056,11.1200,6.0554,74.3917,11.0906,6.2853,4.31,0.75,34.80,75.2112,11.1657,5.7170,4.31,0.75,34.80,250.0675,11.9445,279.8723,0.00,100.00,182.67,-11.86,182.67,11.86,12.52
71.79,325.44,74.6083,8.1075,5.8086,1.35,100.00,34.38,-0.78,70.07,358.12,3.95,74.7758,11.1286,6.0830,74.4603,11.0992,6.3105,4.30,0.78,34.38,75.2838,11.1742,5.7483,4.30,0.78,34.38,250.0675,11.9445,279.8723,0.00,100.00,182.67,-11.86,182.67,11.86,12.52
71.85,325.38,74.6773,8.1138,5.8336,1.28,100.00,34.11,-0.74,69.82,358.35,3.55,74.8622,11.1352,6.0931,74.5455,11.1089,6.3193,3.84,0.74,34.11,75.3720,11.1759,5.7605,3.84,0.74,34.11,250.0675,11.9445,279.8723,0.00,100.00,182.67,-11.86,182.67,11.86,12.52
71.91,325.32,74.7502,8.1183,5.8604,1.33,100.00,33.84,-0.75,69.54,358.39,3.51,74.9365,11.1396,6.1196,74.6186,11.1137,6.3443,3.79,0.75,33.84,75.4479,11.1798,5.7894,3.79,0.75,33.84,250.0675,11.9445,279.8723,0.00,100.00,182.67,-11.86,182.67,11.86,12.52
71.97,325.26,74.8266,8.1202,5.8889,1.36,100.00,33.63,-0.76,69.34,358.40,3.52,75.0125,11.1415,6.1493,74.6938,11.1156,6.3728,3.79,0.76,33.63,75.5251,11.1816,5.8210,3.79,0.76,33.63,250.0675,11.9445,279.8723,0.00,100.00,182.67,-11.86,182.67,11.86,12.52
72.03,325.19,74.9073,8.1251,5.9193,1.48,100.00,33.37,-0.78,69.13,358.42,3.52,75.0927,11.1462,6.1810,74.7731,11.1204,6.4031,3.78,0.78,33.37,75.6068,11.1864,5.8549,3.78,0.78,33.37,250.0675,11.9445,279.8723,0.00,100.00,182.67,-11.86,182.67,11.86,12.52
72.08,325.12,74.9881,8.1349,5.9501,1.56,100.00,33.15,-0.79,68.95,358.43,3.53,75.1732,11.1559,6.2128,74.8527,11.1301,6.4337,3.78,0.79,33.15,75.6885,11.1960,5.8888,3.78,0.79,33.15,250.0675,11.9445,279.8723,0.00,100.00,182.67,-11.86,182.67,11.86,12.52
72.14,325.05,75.0671,8.1380,5.9805,1.42,100.00,32.98,-0.80,68.77,358.44,3.53,75.2518,11.1590,6.2442,74.9306,11.1332,6.4641,3.78,0.80,32.98,75.7681,11.1990,5.9217,3.78,0.80,32.98,250.0675,11.9445,279.8723,0.00,100.00,182.67,-11.86,182.67,11.86,12.52
72.20,324.97,75.1537,8.1135,6.0141,1.74,100.00,32.86,-0.56,68.66,358.36,3.22,75.3400,11.1358,6.2616,75.0184,11.1114,6.4810,3.57,0.56,32.86,75.8571,11.1737,5.9400,3.57,0.56,32.86,250.0675,11.9445,279.8723,0.00,100.00,182.67,-11.86,182.67,11.86,12.52
72.25,324.90,75.2361,8.1210,6.0463,1.55,100.00,32.76,-0.56,68.55,358.14,3.53,75.4050,11.1434,6.3050,75.0831,11.1164,6.5237,3.95,0.56,32.76,75.9224,11.1853,5.9844,3.95,0.56,32.76,250.0675,11.9445,279.8723,0.00,100.00,182.67,-11.86,182.67,11.86,12.52
72.31,324.83,75.3236,8.1281,6.0807,1.63,100.00,32.66,-0.57,68.44,358.12,3.57,75.4904,11.1504,6.3411,75.1681,11.1232,6.5592,4.00,0.57,32.66,76.0084,11.1928,6.0215,4.00,0.57,32.66,250.0675,11.9445,279.8723,0.00,100.00,182.67,-11.86,182.67,11.86,12.52
72.37,324.75,75.4140,8.1378,6.1164,1.74,100.00,32.56,-0.76,68.35,358.42,3.49,75.5966,11.1591,6.3789,75.2738,11.1334,6.5965,3.76,0.76,32.56,76.1152,11.1989,6.0602,3.76,0.76,32.56,250.0675,11.9445,279.8723,0.00,100.00,182.67,-11.86,182.67,11.86,12.52
72.43,324.67,75.5041,8.1422,6.1521,1.64,100.00,32.50,-0.62,68.28,358.16,3.60,75.6714,11.1642,6.4153,75.3485,11.1369,6.6325,4.00,0.62,32.50,76.1903,11.2067,6.0972,4.00,0.62,32.50,250.0675,11.9445,279.8723,0.00,100.00,182.67,-11.86,182.67,11.86,12.52
72.48,324.58,75.6013,8.1484,6.1908,1.79,100.00,32.42,-0.30,68.21,357.98,3.31,75.7651,11.1721,6.4363,75.4419,11.1458,6.6532,3.87,0.30,32.42,76.2844,11.2132,6.1187,3.87,0.30,32.42,250.0675,11.9445,279.8723,0.00,100.00,182.67,-11.86,182.67,11.86,12.52
72.54,324.50,75.6996,8.1571,6.2301,1.86,100.00,32.39,-0.52,68.18,358.07,3.57,75.8627,11.1797,6.4903,75.5394,11.1522,6.7070,4.03,0.52,32.39,76.3821,11.2224,6.1731,4.03,0.52,32.39,250.0675,11.9445,279.8723,0.00,100.00,182.67,-11.86,182.67,11.86,12.52
72.60,324.41,75.7979,8.1628,6.2694,1.80,100.00,32.35,-0.53,68.14,358.07,3.57,75.9609,11.1854,6.5299,75.6374,11.1579,6.7463,4.03,0.53,32.35,76.4805,11.2281,6.2131,4.03,0.53,32.35,250.0675,11.9445,279.8723,0.00,100.00,182.67,-11.86,182.67,11.86,12.52
72.66,324.33,75.8912,8.1395,6.3069,1.87,100.00,32.35,-0.53,68.14,358.07,3.57,76.0542,11.1621,6.5673,75.7307,11.1346,6.7837,4.03,0.53,32.35,76.5738,11.2048,6.2505,4.03,0.53,32.35,250.0675,11.9445,279.8723,0.00,100.00,182.67,-11.86,182.67,11.86,12.52
72.71,324.26,75.9718,8.1458,6.3392,1.50,100.00,32.35,-0.53,68.14,358.07,3.57,76.1348,11.1683,6.5997,75.8114,11.1408,6.8161,4.03,0.53,32.35,76.6544,11.2110,6.2828,4.03,0.53,32.35,250.0675,11.9445,279.8723,0.00,100.00,182.67,-11.86,182.67,11.86,12.52
72.77,324.18,76.0592,8.1504,6.3742,1.59,100.00,32.33,-0.53,68.12,358.07,3.57,76.2221,11.1729,6.6348,75.8986,11.1454,6.8511,4.03,0.53,32.33,76.7419,11.2156,6.3182,4.03,0.53,32.33,250.0675,11.9445,279.8723,0.00,100.00,182.67,-11.86,182.67,11.86,12.52
72.83,324.10,76.1505,8.1571,6.4109,1.70,100.00,32.31,-0.53,68.09,358.07,3.57,76.3134,11.1796,6.6716,75.9897,11.1521,6.8878,4.03,0.53,32.31,76.8332,11.2223,6.3552,4.03,0.53,32.31,250.0675,11.9445,279.8723,0.00,100.00,182.67,-11.86,182.67,11.86,12.52
72.89,324.02,76.2423,8.1677,6.4478,1.78,100.00,32.29,-0.69,68.06,357.90,4.08,76.3869,11.1893,6.7298,76.0634,11.1583,6.9456,4.53,0.69,32.29,76.9066,11.2373,6.4139,4.53,0.69,32.29,250.0675,11.9445,279.8723,0.00,100.00,182.67,-11.86,182.67,11.86,12.52
72.94,323.94,76.3326,8.1756,6.4842,1.70,100.00,32.27,-0.72,68.03,357.88,4.17,76.4740,11.1970,6.7701,76.1505,11.1654,6.9857,4.62,0.72,32.27,76.9938,11.2460,6.4544,4.62,0.72,32.27,250.0675,11.9445,279.8723,0.00,100.00,182.67,-11.86,182.67,11.86,12.52
73.00,323.87,76.4183,8.1817,6.5187,1.58,100.00,32.27,-0.72,68.03,357.88,4.17,76.5597,11.2030,6.8046,76.2362,11.1715,7.0203,4.62,0.72,32.27,77.0795,11.2520,6.4889,4.62,0.72,32.27,250.0675,11.9445,279.8723,0.00,100.00,182.67,-11.86,182.67,11.86,12.52
73.06,323.80,76.4978,8.1563,6.5508,1.59,100.00,32.28,-0.82,68.02,357.71,4.57,76.6230,11.1767,6.8530,76.2997,11.1423,7.0686,5.05,0.82,32.28,77.1425,11.2302,6.5376,5.05,0.82,32.28,250.0675,11.9445,279.8723,0.00,100.00,182.67,-11.86,182.67,11.86,12.52
73.12,323.73,76.5762,8.1641,6.5824,1.48,100.00,32.27,-0.86,68.00,357.64,4.75,76.6943,11.1841,6.8920,76.3710,11.1484,7.1073,5.23,0.86,32.27,77.2138,11.2396,6.5768,5.23,0.86,32.27,250.0675,11.9445,279.8723,0.00,100.00,182.67,-11.86,182.67,11.86,12.52
73.17,323.66,76.6587,8.1709,6.6157,1.53,100.00,32.27,-1.06,68.01,357.94,4.66,76.7937,11.1900,6.9269,76.4702,11.1560,7.1423,4.98,1.06,32.27,77.3133,11.2427,6.6117,4.98,1.06,32.27,250.0675,11.9445,279.8723,0.00,100.00,182.67,-11.86,182.67,11.86,12.52
73.23,323.59,76.7344,8.1752,6.6463,1.38,100.00,32.27,-1.08,68.01,357.98,4.65,76.8713,11.1942,6.9576,76.5478,11.1604,7.1730,4.95,1.08,32.27,77.3910,11.2466,6.6424,4.95,1.08,32.27,250.0675,11.9445,279.8723,0.00,100.00,182.67,-11.86,182.67,11.86,12.52
73.29,323.53,76.8036,8.1812,6.6743,1.29,100.00,32.27,-1.00,68.03,358.21,4.18,76.9611,11.2010,6.9673,76.6374,11.1707,7.1829,4.43,1.00,32.27,77.4812,11.2480,6.6518,4.43,1.00,32.27,250.0675,11.9445,279.8723,0.00,100.00,182.67,-11.86,182.67,11.86,12.52
73.35,323.47,76.8737,8.1918,6.7025,1.38,100.00,32.26,-0.98,68.02,358.25,4.10,77.0349,11.2118,6.9924,76.7111,11.1821,7.2080,4.34,0.98,32.26,77.5550,11.2578,6.6769,4.34,0.98,32.26,250.0675,11.9445,279.8723,0.00,100.00,182.67,-11.86,182.67,11.86,12.52
73.40,323.41,76.9427,8.2002,6.7303,1.32,100.00,32.24,-0.79,68.00,357.95,4.19,77.0868,11.2212,7.0189,76.7631,11.1898,7.2344,4.60,0.79,32.24,77.6068,11.2700,6.7036,4.60,0.79,32.24,250.0675,11.9445,279.8723,0.00,100.00,182.67,-11.86,182.67,11.86,12.52
73.46,323.35,77.0061,8.2058,6.7559,1.17,100.00,32.22,-0.56,67.97,357.56,4.34,77.1280,11.2277,7.0443,76.8045,11.1939,7.2596,4.95,0.56,32.22,77.6478,11.2803,6.7292,4.95,0.56,32.22,250.0675,11.9445,279.8723,0.00,100.00,182.67,-11.86,182.67,11.86,12.52
73.52,323.30,77.0638,8.2102,6.7793,1.06,100.00,32.22,-0.53,67.96,357.51,4.36,77.1833,11.2322,7.0676,76.8597,11.1982,7.2829,4.99,0.53,32.22,77.7030,11.2852,6.7525,4.99,0.53,32.22,250.0675,11.9445,279.8723,0.00,100.00,182.67,-11.86,182.67,11.86,12.52
73.58,323.25,77.1244,8.2153,6.8038,1.12,100.00,32.22,-0.80,67.95,357.59,4.71,77.2411,11.2356,7.1105,76.9176,11.2000,7.3257,5.22,0.80,32.22,77.7607,11.2910,6.7957,5.22,0.80,32.22,250.0675,11.9445,279.8723,0.00,100.00,182.67,-11.86,182.67,11.86,12.52
73.64,323.19,77.1869,8.2172,6.8291,1.12,100.00,32.23,-1.05,67.96,357.93,4.65,77.3212,11.2364,7.1400,76.9975,11.2024,7.3551,4.98,1.05,32.23,77.8411,11.2892,6.8252,4.98,1.05,32.23,250.0675,11.9445,279.8723,0.00,100.00,182.67,-11.86,182.67,11.86,12.52
73.70,323.14,77.2537,8.1884,6.8561,1.34,100.00,32.22,-0.94,67.95,357.73,4.75,77.3760,11.2080,7.1677,77.0524,11.1727,7.3828,5.18,0.94,32.22,77.8957,11.2630,6.8530,5.18,0.94,32.22,250.0675,11.9445,279.8723,0.00,100.00,182.67,-11.86,182.67,11.86,12.52
73.76,323.08,77.3200,8.1951,6.8830,1.24,100.00,32.22,-0.91,67.95,357.68,4.77,77.4397,11.2148,7.1947,77.1161,11.1791,7.4098,5.23,0.91,32.22,77.9594,11.2702,6.8801,5.23,0.91,32.22,250.0675,11.9445,279.8723,0.00,100.00,182.67,-11.86,182.67,11.86,12.52
73.81,323.03,77.3788,8.2045,6.9068,1.14,100.00,32.22,-0.91,67.95,357.68,4.77,77.4985,11.2242,7.2185,77.1749,11.1885,7.4336,5.23,0.91,32.22,78.0182,11.2796,6.9039,5.23,0.91,32.22,250.0675,11.9445,279.8723,0.00,100.00,182.67,-11.86,182.67,11.86,12.52
73.87,322.98,77.4288,8.2100,6.9270,0.93,100.00,32.22,-0.91,67.95,357.68,4.77,77.5484,11.2297,7.2388,77.2249,11.1940,7.4538,5.23,0.91,32.22,78.0681,11.2851,6.9241,5.23,0.91,32.22,250.0675,11.9445,279.8723,0.00,100.00,182.67,-11.86,182.67,11.86,12.52
73.93,322.94,77.4728,8.2173,6.9448,0.84,100.00,32.22,-0.91,67.95,357.68,4.77,77.5925,11.2370,7.2566,77.2689,11.2014,7.4717,5.23,0.91,32.22,78.1122,11.2924,6.9419,5.23,0.91,32.22,250.0675,11.9445,279.8723,0.00,100.00,182.67,-11.86,182.67,11.86,12.52
73.99,322.91,77.5087,8.2212,6.9594,0.66,100.00,32.22,-0.91,67.95,357.68,4.77,77.6284,11.2409,7.2711,77.3048,11.2052,7.4862,5.23,0.91,32.22,78.1481,11.2963,6.9564,5.23,0.91,32.22,250.0675,11.9445,279.8723,0.00,100.00,182.67,-11.86,182.67,11.86,12.52
74.04,322.89,77.5379,8.2260,6.9712,0.55,100.00,32.22,-0.91,67.95,357.68,4.77,77.6576,11.2458,7.2830,77.3341,11.2101,7.4980,5.23,0.91,32.22,78.1773,11.3011,6.9683,5.23,0.91,32.22,250.0675,11.9445,279.8723,0.00,100.00,182.67,-11.86,182.67,11.86,12.52
74.10,322.87,77.5592,8.2276,6.9798,0.39,100.00,32.23,-1.07,67.97,357.95,4.67,77.6943,11.2467,7.2917,77.3706,11.2126,7.5069,4.98,1.07,32.23,78.2142,11.2995,6.9769,4.98,1.07,32.23,250.0675,11.9445,279.8723,0.00,100.00,182.67,-11.86,182.67,11.86,12.52
74.16,322.85,77.5835,8.2354,6.9896,0.49,100.00,32.23,-1.07,67.97,357.95,4.67,77.7186,11.2545,7.3015,77.3949,11.2204,7.5167,4.98,1.07,32.23,78.2385,11.3072,6.9867,4.98,1.07,32.23,250.0675,11.9445,279.8723,0.00,100.00,182.67,-11.86,182.67,11.86,12.52
74.22,322.82,77.6085,8.2347,6.9997,0.44,100.00,34.66,-0.86,67.96,357.95,4.67,77.7436,11.2537,7.3117,77.4294,11.2194,7.5404,5.02,0.86,34.66,78.2495,11.3070,6.9750,5.02,0.86,34.66,250.0675,11.9445,279.8723,0.00,100.00,182.67,-11.86,182.67,11.86,12.52
74.28,322.81,77.6273,8.2052,7.0073,0.63,100.00,36.94,-0.66,67.96,357.95,4.67,77.7623,11.2243,7.3193,77.4576,11.1898,7.5604,5.05,0.66,36.94,78.2544,11.2779,6.9626,5.05,0.66,36.94,250.0675,11.9445,279.8723,0.00,100.00,182.67,-11.86,182.67,11.86,12.52
74.33,322.80,77.6376,8.2121,7.0115,0.23,100.00,36.94,-0.66,67.96,357.95,4.67,77.7726,11.2311,7.3234,77.4679,11.1967,7.5646,5.05,0.66,36.94,78.2647,11.2847,6.9668,5.05,0.66,36.94,250.0675,11.9445,279.8723,0.00,100.00,182.67,-11.86,182.67,11.86,12.52
74.39,322.80,77.6406,8.2157,7.0127,0.08,100.00,36.94,-0.66,67.96,357.95,4.67,77.7756,11.2348,7.3246,77.4708,11.2003,7.5658,5.05,0.66,36.94,78.2676,11.2883,6.9680,5.05,0.66,36.94,250.0675,11.9445,279.8723,0.00,100.00,182.67,-11.86,182.67,11.86,12.52
74.45,322.80,77.6406,8.2188,7.0127,0.05,100.00,36.51,-0.70,67.96,357.95,4.67,77.7756,11.2378,7.3246,77.4690,11.2034,7.5634,5.05,0.70,36.51,78.2703,11.2914,6.9717,5.05,0.70,36.51,250.0675,11.9445,279.8723,0.00,100.00,182.67,-11.86,182.67,11.86,12.52
74.51,322.79,77.6438,8.2184,7.0140,0.06,100.00,34.35,-0.89,66.24,358.09,4.73,77.7750,11.2366,7.3357,77.4596,11.2023,7.5627,5.02,0.89,34.35,78.2828,11.2898,7.0017,5.02,0.89,34.35,250.0675,11.9445,279.8723,0.00,100.00,182.67,-11.86,182.67,11.86,12.52
74.57,322.79,77.6505,8.2158,7.0169,0.13,100.00,33.94,-0.92,64.50,358.24,4.78,77.7774,11.2331,7.3484,77.4604,11.1989,7.5732,5.01,0.92,33.94,78.2876,11.2862,7.0182,5.01,0.92,33.94,250.0675,11.9445,279.8723,0.00,100.00,182.67,-11.86,182.67,11.86,12.52
74.63,322.78,77.6606,8.2222,7.0218,0.23,100.00,33.41,-1.20,62.69,358.15,5.75,77.7495,11.2354,7.4000,77.4307,11.1950,7.6212,5.92,1.20,33.41,78.2622,11.2981,7.0754,5.92,1.20,33.41,250.0675,11.9445,279.8723,0.00,100.00,182.67,-11.86,182.67,11.86,12.52
74.68,322.77,77.6727,8.2236,7.0280,0.23,100.00,32.72,-1.33,61.05,358.26,6.00,77.7498,11.2349,7.4231,77.4285,11.1932,7.6403,6.10,1.33,32.72,78.2663,11.2995,7.1048,6.10,1.33,32.72,250.0675,11.9445,279.8723,0.00,100.00,182.67,-11.86,182.67,11.86,12.52
74.74,322.75,77.6892,8.2290,7.0371,0.34,100.00,32.47,-1.07,59.89,358.20,5.78,77.7613,11.2418,7.4220,77.4390,11.2012,7.6380,5.95,1.07,32.47,78.2792,11.3049,7.1057,5.95,1.07,32.47,250.0675,11.9445,279.8723,0.00,100.00,182.67,-11.86,182.67,11.86,12.52
74.80,322.73,77.7088,8.2331,7.0484,0.40,100.00,32.31,-1.06,58.78,358.29,5.78,77.7773,11.2454,7.4374,77.4544,11.2049,7.6526,5.94,1.06,32.31,78.2961,11.3083,7.1226,5.94,1.06,32.31,250.0675,11.9445,279.8723,0.00,100.00,182.67,-11.86,182.67,11.86,12.52
74.86,322.70,77.7327,8.2037,7.0629,0.71,100.00,32.43,-1.05,57.97,358.37,5.81,77.7988,11.2156,7.4561,77.4763,11.1751,7.6720,5.94,1.05,32.43,78.3169,11.2785,7.1402,5.94,1.05,32.43,250.0675,11.9445,279.8723,0.00,100.00,182.67,-11.86,182.67,11.86,12.52
74.91,322.68,77.7601,8.2115,7.0801,0.59,100.00,32.20,-1.07,57.19,358.45,5.83,77.8237,11.2228,7.4774,77.5004,11.1823,7.6920,5.93,1.07,32.20,78.3431,11.2857,7.1635,5.93,1.07,32.20,250.0675,11.9445,279.8723,0.00,100.00,182.67,-11.86,182.67,11.86,12.52
74.97,322.64,77.7912,8.2142,7.1001,0.63,100.00,32.21,-1.07,56.60,358.51,5.84,77.8530,11.2252,7.5005,77.5297,11.1847,7.7151,5.93,1.07,32.21,78.3723,11.2880,7.1865,5.93,1.07,32.21,250.0675,11.9445,279.8723,0.00,100.00,182.67,-11.86,182.67,11.86,12.52
75.03,322.60,77.8286,8.2173,7.1247,0.76,100.00,31.60,-1.13,55.99,358.58,5.86,77.8883,11.2279,7.5282,77.5627,11.1875,7.7393,5.92,1.13,31.60,78.4109,11.2906,7.2198,5.92,1.13,31.60,250.0675,11.9445,279.8723,0.00,100.00,182.67,-11.86,182.67,11.86,12.52
75.09,322.55,77.8708,8.2197,7.1532,0.86,100.00,31.17,-1.18,55.56,358.62,5.87,77.9291,11.2301,7.5589,77.6019,11.1897,7.7675,5.91,1.18,31.17,78.4541,11.2927,7.2545,5.91,1.18,31.17,250.0675,11.9445,279.8723,0.00,100.00,182.67,-11.86,182.67,11.86,12.52
75.15,322.50,77.9184,8.2230,7.1858,0.98,100.00,30.73,-1.22,55.12,358.67,5.88,77.9752,11.2330,7.5938,77.6464,11.1927,7.7999,5.90,1.22,30.73,78.5025,11.2956,7.2934,5.90,1.22,30.73,250.0675,11.9445,279.8723,0.00,100.00,182.67,-11.86,182.67,11.86,12.52
75.21,322.46,77.9585,8.2300,7.2138,0.87,100.00,30.73,-1.22,55.12,358.67,5.88,78.0153,11.2401,7.6217,77.6865,11.1998,7.8278,5.90,1.22,30.73,78.5427,11.3026,7.3214,5.90,1.22,30.73,250.0675,11.9445,279.8723,0.00,100.00,182.67,-11.86,182.67,11.86,12.52
75.26,322.42,77.9907,8.2359,7.2362,0.69,100.00,30.99,-1.20,55.12,358.67,5.88,78.0475,11.2459,7.6441,77.7196,11.2056,7.8517,5.91,1.20,30.99,78.5734,11.3085,7.3414,5.91,1.20,30.99,250.0675,11.9445,279.8723,0.00,100.00,182.67,-11.86,182.67,11.86,12.52
75.32,322.38,78.0289,8.2421,7.2629,0.82,100.00,31.08,-1.19,54.96,358.68,5.88,78.0852,11.2521,7.6716,77.7577,11.2117,7.8798,5.91,1.19,31.08,78.6107,11.3147,7.3681,5.91,1.19,31.08,250.0675,11.9445,279.8723,0.00,100.00,182.67,-11.86,182.67,11.86,12.52
75.38,322.33,78.0728,8.2457,7.2936,0.92,100.00,31.24,-1.17,54.79,358.70,5.89,78.1284,11.2556,7.7032,77.8015,11.2152,7.9122,5.92,1.17,31.24,78.6531,11.3182,7.3982,5.92,1.17,31.24,250.0675,11.9445,279.8723,0.00,100.00,182.67,-11.86,182.67,11.86,12.52
75.43,322.28,78.1108,8.2201,7.3205,0.96,100.00,31.54,-1.14,54.79,358.70,5.89,78.1665,11.2300,7.7301,77.8407,11.1895,7.9409,5.92,1.14,31.54,78.6895,11.2927,7.4223,5.92,1.14,31.54,250.0675,11.9445,279.8723,0.00,100.00,182.67,-11.86,182.67,11.86,12.52
75.49,322.25,78.1406,8.2219,7.3415,0.61,100.00,31.90,-1.10,54.79,358.70,5.89,78.1963,11.2318,7.7511,77.8718,11.1913,7.9639,5.93,1.10,31.90,78.7173,11.2946,7.4400,5.93,1.10,31.90,250.0675,11.9445,279.8723,0.00,100.00,182.67,-11.86,182.67,11.86,12.52
75.55,322.21,78.1787,8.2270,7.3683,0.81,100.00,32.01,-1.09,54.55,358.72,5.89,78.2335,11.2367,7.7791,77.9095,11.1962,7.9926,5.93,1.09,32.01,78.7540,11.2995,7.4670,5.93,1.09,32.01,250.0675,11.9445,279.8723,0.00,100.00,182.67,-11.86,182.67,11.86,12.52
75.61,322.16,78.2211,8.2333,7.3985,0.92,100.00,32.01,-0.94,54.33,358.80,5.38,78.2933,11.2452,7.7900,77.9690,11.2081,8.0038,5.43,0.94,32.01,78.8140,11.3028,7.4775,5.43,0.94,32.01,250.0675,11.9445,279.8723,0.00,100.00,182.67,-11.86,182.67,11.86,12.52
75.66,322.12,78.2564,8.2412,7.4239,0.79,100.00,32.24,-0.89,54.33,358.81,5.29,78.3318,11.2535,7.8118,78.0084,11.2170,8.0269,5.35,0.89,32.24,78.8513,11.3102,7.4970,5.35,0.89,32.24,250.0675,11.9445,279.8723,0.00,100.00,182.67,-11.86,182.67,11.86,12.52
75.72,322.09,78.2850,8.2431,7.4444,0.59,100.00,32.24,-0.89,54.33,358.81,5.29,78.3604,11.2554,7.8323,78.0370,11.2189,8.0474,5.35,0.89,32.24,78.8799,11.3121,7.5175,5.35,0.89,32.24,250.0675,11.9445,279.8723,0.00,100.00,182.67,-11.86,182.67,11.86,12.52
75.78,322.06,78.3083,8.2499,7.4611,0.52,100.00,32.26,-1.07,54.35,359.10,5.05,78.4035,11.2619,7.8474,78.0799,11.2276,8.0627,5.01,1.07,32.26,78.9232,11.3150,7.5324,5.01,1.07,32.26,250.0675,11.9445,279.8723,0.00,100.00,182.67,-11.86,182.67,11.86,12.52
75.84,322.04,78.3242,8.2181,7.4725,0.64,100.00,32.27,-1.19,54.35,359.08,5.40,78.4081,11.2285,7.8733,78.0847,11.1920,8.0885,5.34,1.19,32.27,78.9276,11.2851,7.5585,5.34,1.19,32.27,250.0675,11.9445,279.8723,0.00,100.00,182.67,-11.86,182.67,11.86,12.52
75.89,322.02,78.3465,8.2260,7.4885,0.51,100.00,32.13,-1.24,54.21,359.09,5.53,78.4259,11.2358,7.8953,78.1020,11.1984,8.1096,5.46,1.24,32.13,78.9461,11.2936,7.5819,5.46,1.24,32.13,250.0675,11.9445,279.8723,0.00,100.00,182.67,-11.86,182.67,11.86,12.52
75.95,321.99,78.3734,8.2291,7.5079,0.57,100.00,31.99,-1.26,54.07,359.11,5.53,78.4523,11.2387,7.9154,78.1279,11.2014,8.1289,5.46,1.26,31.99,78.9733,11.2965,7.6033,5.46,1.26,31.99,250.0675,11.9445,279.8723,0.00,100.00,182.67,-11.86,182.67,11.86,12.52
76.01,321.95,78.4077,8.2304,7.5327,0.71,100.00,31.83,-1.27,53.91,359.12,5.53,78.4860,11.2400,7.9410,78.1610,11.2027,8.1536,5.45,1.27,31.83,79.0079,11.2977,7.6303,5.45,1.27,31.83,250.0675,11.9445,279.8723,0.00,100.00,182.67,-11.86,182.67,11.86,12.52
76.07,321.90,78.4487,8.2390,7.5626,0.93,100.00,31.67,-1.29,53.76,359.14,5.53,78.5265,11.2484,7.9717,78.2009,11.2112,8.1833,5.45,1.29,31.67,79.0492,11.3061,7.6624,5.45,1.29,31.67,250.0675,11.9445,279.8723,0.00,100.00,182.67,-11.86,182.67,11.86,12.52
76.13,321.85,78.4924,8.2431,7.5946,0.94,100.00,31.57,-1.30,53.65,359.15,5.53,78.5699,11.2525,8.0043,78.2439,11.2153,8.2154,5.45,1.30,31.57,79.0932,11.3102,7.6960,5.45,1.30,31.57,250.0675,11.9445,279.8723,0.00,100.00,182.67,-11.86,182.67,11.86,12.52
76.19,321.79,78.5442,8.2455,7.6327,1.09,100.00,30.34,-1.74,53.57,359.36,5.87,78.6198,11.2520,8.0632,78.2893,11.2134,8.2669,5.64,1.74,30.34,79.1497,11.3116,7.7668,5.64,1.74,30.34,250.0675,11.9445,279.8723,0.00,100.00,182.67,-11.86,182.67,11.86,12.52
76.24,321.73,78.5989,8.2505,7.6731,1.18,100.00,29.63,-1.84,53.99,359.34,5.90,78.6758,11.2569,8.1037,78.3428,11.2183,8.3032,5.64,1.84,29.63,79.2093,11.3166,7.8139,5.64,1.84,29.63,250.0675,11.9445,279.8723,0.00,100.00,182.67,-11.86,182.67,11.86,12.52
76.30,321.66,78.6543,8.2568,7.7134,1.21,100.00,29.64,-1.84,54.40,359.30,5.89,78.7326,11.2636,8.1419,78.3997,11.2249,8.3415,5.64,1.84,29.64,79.2661,11.3232,7.8520,5.64,1.84,29.64,250.0675,11.9445,279.8723,0.00,100.00,182.67,-11.86,182.67,11.86,12.52
76.36,321.60,78.7113,8.2281,7.7541,1.33,100.00,29.67,-1.84,54.83,359.25,5.89,78.7910,11.2351,8.1805,78.4582,11.1964,8.3802,5.64,1.84,29.67,79.3244,11.2947,7.8903,5.64,1.84,29.67,250.0675,11.9445,279.8723,0.00,100.00,182.67,-11.86,182.67,11.86,12.52
76.41,321.53,78.7703,8.2353,7.7957,1.29,100.00,29.85,-1.99,55.25,359.15,6.41,78.8332,11.2400,8.2406,78.5011,11.1979,8.4410,6.15,1.99,29.85,79.3653,11.3050,7.9494,6.15,1.99,29.85,250.0675,11.9445,279.8723,0.00,100.00,182.67,-11.86,182.67,11.86,12.52
76.47,321.47,78.8230,8.2411,7.8323,1.12,100.00,29.59,-2.05,55.25,359.14,6.50,78.8827,11.2453,8.2809,78.5497,11.2027,8.4796,6.23,2.05,29.59,79.4161,11.3111,7.9922,6.23,2.05,29.59,250.0675,11.9445,279.8723,0.00,100.00,182.67,-11.86,182.67,11.86,12.52
76.53,321.42,78.8700,8.2445,7.8649,0.98,100.00,29.59,-2.05,55.25,359.14,6.50,78.9296,11.2487,8.3134,78.5966,11.2061,8.5122,6.23,2.05,29.59,79.4630,11.3145,8.0248,6.23,2.05,29.59,250.0675,11.9445,279.8723,0.00,100.00,182.67,-11.86,182.67,11.86,12.52
76.58,321.36,78.9201,8.2540,7.8996,1.12,100.00,29.87,-2.02,55.53,359.10,6.49,78.9806,11.2584,8.3467,78.6487,11.2157,8.5472,6.24,2.02,29.87,79.5126,11.3243,8.0554,6.24,2.02,29.87,250.0675,11.9445,279.8723,0.00,100.00,182.67,-11.86,182.67,11.86,12.52
76.64,321.31,78.9692,8.2542,7.9334,0.99,100.00,30.20,-1.98,55.80,359.07,6.49,79.0307,11.2588,8.3791,78.6999,11.2160,8.5815,6.25,1.98,30.20,79.5610,11.3249,8.0847,6.25,1.98,30.20,250.0675,11.9445,279.8723,0.00,100.00,182.67,-11.86,182.67,11.86,12.52
76.70,321.26,79.0159,8.2597,7.9651,0.99,100.00,30.25,-1.98,55.80,359.07,6.49,79.0774,11.2644,8.4108,78.7468,11.2216,8.6135,6.25,1.98,30.25,79.6074,11.3304,8.1159,6.25,1.98,30.25,250.0675,11.9445,279.8723,0.00,100.00,182.67,-11.86,182.67,11.86,12.52
76.76,321.21,79.0536,8.2603,7.9907,0.76,100.00,30.22,-1.69,55.78,358.87,6.25,79.1134,11.2673,8.4200,78.7828,11.2255,8.6228,6.12,1.69,30.22,79.6435,11.3320,8.1250,6.12,1.69,30.22,250.0675,11.9445,279.8723,0.00,100.00,182.67,-11.86,182.67,11.86,12.52
76.82,321.18,79.0859,8.2627,8.0127,0.66,100.00,30.22,-1.66,55.78,358.85,6.22,79.1455,11.2700,8.4401,78.8148,11.2283,8.6429,6.10,1.66,30.22,79.6756,11.3346,8.1451,6.10,1.66,30.22,250.0675,11.9445,279.8723,0.00,100.00,182.67,-11.86,182.67,11.86,12.52
76.88,321.15,79.1105,8.2346,8.0294,0.73,100.00,30.30,-1.91,55.83,359.30,5.88,79.2000,11.2414,8.4551,78.8693,11.2030,8.6585,5.60,1.91,30.30,79.7302,11.3006,8.1592,5.60,1.91,30.30,250.0675,11.9445,279.8723,0.00,100.00,182.67,-11.86,182.67,11.86,12.52
76.93,321.13,79.1277,8.2416,8.0410,0.39,100.00,30.36,-2.02,55.85,359.50,5.73,79.2302,11.2481,8.4660,78.8996,11.2112,8.6698,5.38,2.02,30.36,79.7603,11.3049,8.1694,5.38,2.02,30.36,250.0675,11.9445,279.8723,0.00,100.00,182.67,-11.86,182.67,11.86,12.52
76.99,321.12,79.1384,8.2450,8.0483,0.23,100.00,30.36,-2.02,55.85,359.50,5.73,79.2410,11.2515,8.4733,78.9104,11.2146,8.6771,5.38,2.02,30.36,79.7711,11.3084,8.1766,5.38,2.02,30.36,250.0675,11.9445,279.8723,0.00,100.00,182.67,-11.86,182.67,11.86,12.52
77.05,321.12,79.1428,8.2467,8.0513,0.09,100.00,30.36,-2.02,55.85,359.50,5.73,79.2453,11.2532,8.4762,78.9147,11.2163,8.6800,5.38,2.02,30.36,79.7754,11.3101,8.1796,5.38,2.02,30.36,250.0675,11.9445,279.8723,0.00,100.00,182.67,-11.86,182.67,11.86,12.52
77.11,321.12,79.1428,8.2508,8.0513,0.07,100.00,30.36,-2.02,55.85,359.50,5.73,79.2453,11.2573,8.4762,78.9147,11.2204,8.6800,5.38,2.02,30.36,79.7754,11.3141,8.1796,5.38,2.02,30.36,250.0675,11.9445,279.8723,0.00,100.00,182.67,-11.86,182.67,11.86,12.52
77.17,321.12,79.1428,8.2533,8.0513,0.04,100.00,30.36,-2.02,55.85,359.50,5.73,79.2453,11.2598,8.4762,78.9147,11.2228,8.6800,5.38,2.02,30.36,79.7754,11.3166,8.1796,5.38,2.02,30.36,250.0675,11.9445,279.8723,0.00,100.00,182.67,-11.86,182.67,11.86,12.52
77.22,321.12,79.1428,8.2585,8.0513,0.09,100.00,30.36,-2.02,55.85,359.50,5.73,79.2454,11.2650,8.4762,78.9147,11.2280,8.6800,5.38,2.02,30.36,79.7754,11.3218,8.1796,5.38,2.02,30.36,250.0675,11.9445,279.8723,0.00,100.00,182.67,-11.86,182.67,11.86,12.52
77.28,321.11,79.1447,8.2628,8.0526,0.09,100.00,30.54,-2.00,56.02,359.48,5.72,79.2479,11.2694,8.4767,78.9179,11.2324,8.6815,5.39,2.00,30.54,79.7770,11.3263,8.1784,5.39,2.00,30.54,250.0675,11.9445,279.8723,0.00,100.00,182.67,-11.86,182.67,11.86,12.52
77.34,321.11,79.1487,8.2651,8.0553,0.09,100.00,30.72,-1.98,56.20,359.46,5.72,79.2524,11.2718,8.4784,78.9231,11.2348,8.6842,5.40,1.98,30.72,79.7807,11.3288,8.1785,5.40,1.98,30.72,250.0675,11.9445,279.8723,0.00,100.00,182.67,-11.86,182.67,11.86,12.52
77.40,321.11,79.1487,8.2660,8.0553,0.01,100.00,30.72,-1.98,56.20,359.46,5.72,79.2524,11.2727,8.4784,78.9231,11.2357,8.6842,5.40,1.98,30.72,79.7807,11.3297,8.1785,5.40,1.98,30.72,250.0675,11.9445,279.8723,0.00,100.00,182.67,-11.86,182.67,11.86,12.52
77.46,321.11,79.1487,8.2339,8.0553,0.55,100.00,30.72,-1.98,56.20,359.46,5.72,79.2524,11.2407,8.4784,78.9231,11.2036,8.6842,5.40,1.98,30.72,79.7807,11.2976,8.1785,5.40,1.98,30.72,250.0675,11.9445,279.8723,0.00,100.00,182.67,-11.86,182.67,11.86,12.52
77.52,321.11,79.1508,8.2354,8.0566,0.05,100.00,30.84,-1.97,56.32,359.45,5.72,79.2549,11.2422,8.4791,78.9260,11.2052,8.6857,5.40,1.97,30.84,79.7825,11.2993,8.1781,5.40,1.97,30.84,250.0675,11.9445,279.8723,0.00,100.00,182.67,-11.86,182.67,11.86,12.52
77.57,321.10,79.1550,8.2426,8.0594,0.16,100.00,30.96,-1.96,56.44,359.44,5.72,79.2595,11.2495,8.4813,78.9311,11.2124,8.6885,5.40,1.96,30.96,79.7864,11.3065,8.1791,5.40,1.96,30.96,250.0675,11.9445,279.8723,0.00,100.00,182.67,-11.86,182.67,11.86,12.52
77.63,321.10,79.1609,8.2453,8.0633,0.13,100.00,31.10,-1.95,56.58,359.42,5.72,79.2658,11.2523,8.4845,78.9379,11.2152,8.6925,5.41,1.95,31.10,79.7920,11.3094,8.1811,5.41,1.95,31.10,250.0675,11.9445,279.8723,0.00,100.00,182.67,-11.86,182.67,11.86,12.52
77.69,321.09,79.1691,8.2509,8.0687,0.20,100.00,31.26,-1.93,56.71,359.41,5.72,79.2745,11.2579,8.4892,78.9472,11.2208,8.6982,5.41,1.93,31.26,79.7998,11.3151,8.1843,5.41,1.93,31.26,250.0675,11.9445,279.8723,0.00,100.00,182.67,-11.86,182.67,11.86,12.52
77.75,321.08,79.1791,8.2560,8.0753,0.23,100.00,31.38,-1.92,56.81,359.40,5.72,79.2848,11.2631,8.4953,78.9579,11.2260,8.7049,5.42,1.92,31.38,79.8095,11.3204,8.1893,5.42,1.92,31.38,250.0675,11.9445,279.8723,0.00,100.00,182.67,-11.86,182.67,11.86,12.52
77.80,321.06,79.1912,8.2603,8.0832,0.26,100.00,31.50,-1.91,56.91,359.39,5.72,79.2972,11.2675,8.5027,78.9708,11.2303,8.7130,5.42,1.91,31.50,79.8212,11.3248,8.1955,5.42,1.91,31.50,250.0675,11.9445,279.8723,0.00,100.00,182.67,-11.86,182.67,11.86,12.52
77.86,321.06,79.1966,8.2646,8.0867,0.13,100.00,31.53,-1.91,56.91,359.39,5.72,79.3026,11.2718,8.5062,78.9763,11.2346,8.7167,5.42,1.91,31.53,79.8265,11.3291,8.1988,5.42,1.91,31.53,250.0675,11.9445,279.8723,0.00,100.00,182.67,-11.86,182.67,11.86,12.52
77.92,321.06,79.1966,8.2343,8.0867,0.53,100.00,31.53,-1.91,56.91,359.39,5.72,79.3026,11.2414,8.5062,78.9763,11.2042,8.7167,5.42,1.91,31.53,79.8265,11.2987,8.1988,5.42,1.91,31.53,250.0675,11.9445,279.8723,0.00,100.00,182.67,-11.86,182.67,11.86,12.52
77.98,321.06,79.1966,8.2386,8.0867,0.08,100.00,31.53,-1.91,56.91,359.39,5.72,79.3026,11.2458,8.5062,78.9763,11.2086,8.7167,5.42,1.91,31.53,79.8265,11.3031,8.1988,5.42,1.91,31.53,250.0675,11.9445,279.8723,0.00,100.00,182.67,-11.86,182.67,11.86,12.52
78.03,321.06,79.1966,8.2418,8.0867,0.05,100.00,31.53,-1.91,56.91,359.39,5.72,79.3026,11.2490,8.5062,78.9763,11.2118,8.7167,5.42,1.91,31.53,79.8265,11.3063,8.1988,5.42,1.91,31.53,250.0675,11.9445,279.8723,0.00,100.00,182.67,-11.86,182.67,11.86,12.52
78.09,321.06,79.1987,8.2454,8.0880,0.08,100.00,31.58,-1.90,56.96,359.38,5.72,79.3049,11.2526,8.5073,78.9787,11.2154,8.7181,5.43,1.90,31.58,79.8284,11.3099,8.1993,5.43,1.90,31.58,250.0675,11.9445,279.8723,0.00,100.00,182.67,-11.86,182.67,11.86,12.52
78.15,321.05,79.2028,8.2515,8.0907,0.14,100.00,31.64,-1.90,57.02,359.38,5.71,79.3092,11.2588,8.5096,78.9832,11.2216,8.7208,5.43,1.90,31.64,79.8324,11.3161,8.2012,5.43,1.90,31.64,250.0675,11.9445,279.8723,0.00,100.00,182.67,-11.86,182.67,11.86,12.52
78.21,321.04,79.2087,8.2547,8.0946,0.13,100.00,31.69,-1.89,57.07,359.37,5.71,79.3153,11.2620,8.5132,78.9896,11.2248,8.7247,5.43,1.89,31.69,79.8383,11.3193,8.2043,5.43,1.89,31.69,250.0675,11.9445,279.8723,0.00,100.00,182.67,-11.86,182.67,11.86,12.52
78.26,321.04,79.2170,8.2583,8.0999,0.18,100.00,31.72,-1.89,57.13,359.37,5.71,79.3237,11.2656,8.5183,78.9981,11.2284,8.7299,5.43,1.89,31.72,79.8465,11.3230,8.2091,5.43,1.89,31.72,250.0675,11.9445,279.8723,0.00,100.00,182.67,-11.86,182.67,11.86,12.52
78.32,321.03,79.2183,8.2657,8.1008,0.14,100.00,31.70,-1.89,57.13,359.37,5.71,79.3251,11.2730,8.5191,78.9993,11.2358,8.7306,5.43,1.89,31.70,79.8480,11.3304,8.2102,5.43,1.89,31.70,250.0675,11.9445,279.8723,0.00,100.00,182.67,-11.86,182.67,11.86,12.52
78.38,321.03,79.2183,8.2666,8.1008,0.01,100.00,31.70,-1.89,57.13,359.37,5.71,79.3251,11.2739,8.5191,78.9993,11.2367,8.7306,5.43,1.89,31.70,79.8480,11.3313,8.2102,5.43,1.89,31.70,250.0675,11.9445,279.8723,0.00,100.00,182.67,-11.86,182.67,11.86,12.52
78.44,321.03,79.2205,8.2373,8.1022,0.52,100.00,31.72,-1.89,57.15,359.37,5.71,79.3273,11.2446,8.5204,79.0017,11.2074,8.7320,5.43,1.89,31.72,79.8501,11.3020,8.2112,5.43,1.89,31.72,250.0675,11.9445,279.8723,0.00,100.00,182.67,-11.86,182.67,11.86,12.52
78.50,321.03,79.2245,8.2391,8.1048,0.09,100.00,31.74,-1.89,57.17,359.36,5.71,79.3314,11.2464,8.5229,79.0058,11.2092,8.7346,5.43,1.89,31.74,79.8541,11.3038,8.2135,5.43,1.89,31.74,250.0675,11.9445,279.8723,0.00,100.00,182.67,-11.86,182.67,11.86,12.52
78.55,321.02,79.2308,8.2422,8.1089,0.14,100.00,31.77,-1.88,57.20,359.36,5.71,79.3378,11.2495,8.5268,79.0124,11.2123,8.7387,5.43,1.88,31.77,79.8603,11.3069,8.2172,5.43,1.88,31.77,250.0675,11.9445,279.8723,0.00,100.00,182.67,-11.86,182.67,11.86,12.52
78.61,321.01,79.2392,8.2474,8.1142,0.20,100.00,31.80,-1.88,57.23,359.36,5.71,79.3463,11.2548,8.5320,79.0209,11.2175,8.7441,5.43,1.88,31.80,79.8686,11.3122,8.2221,5.43,1.88,31.80,250.0675,11.9445,279.8723,0.00,100.00,182.67,-11.86,182.67,11.86,12.52
78.67,321.00,79.2493,8.2484,8.1208,0.20,100.00,31.83,-1.88,57.26,359.36,5.71,79.3565,11.2558,8.5385,79.0313,11.2186,8.7507,5.43,1.88,31.83,79.8787,11.3132,8.2283,5.43,1.88,31.83,250.0675,11.9445,279.8723,0.00,100.00,182.67,-11.86,182.67,11.86,12.52
78.73,320.99,79.2621,8.2513,8.1290,0.26,100.00,31.82,-1.61,57.26,359.21,5.39,79.3720,11.2611,8.5283,79.0467,11.2254,8.7408,5.21,1.61,31.82,79.8942,11.3161,8.2178,5.21,1.61,31.82,250.0675,11.9445,279.8723,0.00,100.00,182.67,-11.86,182.67,11.86,12.52
78.79,320.97,79.2768,8.2479,8.1384,0.29,100.00,31.84,-1.58,57.28,359.19,5.36,79.3870,11.2579,8.5356,79.0618,11.2224,8.7482,5.18,1.58,31.84,79.9091,11.3127,8.2249,5.18,1.58,31.84,250.0675,11.9445,279.8723,0.00,100.00,182.67,-11.86,182.67,11.86,12.52
78.85,320.95,79.2947,8.2484,8.1499,0.36,100.00,31.86,-1.57,57.30,359.19,5.35,79.4049,11.2585,8.5470,79.0798,11.2230,8.7597,5.18,1.57,31.86,79.9270,11.3133,8.2361,5.18,1.57,31.86,250.0675,11.9445,279.8723,0.00,100.00,182.67,-11.86,182.67,11.86,12.52
78.91,320.93,79.3142,8.2530,8.1624,0.41,100.00,31.87,-1.57,57.32,359.19,5.35,79.4245,11.2630,8.5595,79.0994,11.2275,8.7722,5.18,1.57,31.87,79.9464,11.3178,8.2485,5.18,1.57,31.87,250.0675,11.9445,279.8723,0.00,100.00,182.67,-11.86,182.67,11.86,12.52
78.97,320.91,79.3349,8.2558,8.1758,0.42,100.00,31.86,-1.35,57.30,358.87,5.50,79.4271,11.2668,8.5705,79.1022,11.2295,8.7832,5.45,1.35,31.86,79.9488,11.3245,8.2596,5.45,1.35,31.86,250.0675,11.9445,279.8723,0.00,100.00,182.67,-11.86,182.67,11.86,12.52
79.02,320.88,79.3582,8.2608,8.1907,0.49,100.00,31.87,-1.33,57.30,358.84,5.52,79.4484,11.2719,8.5851,79.1236,11.2344,8.7979,5.48,1.33,31.87,79.9701,11.3299,8.2741,5.48,1.33,31.87,250.0675,11.9445,279.8723,0.00,100.00,182.67,-11.86,182.67,11.86,12.52
79.08,320.86,79.3831,8.2673,8.2066,0.53,100.00,31.88,-1.33,57.31,358.84,5.52,79.4733,11.2783,8.6010,79.1485,11.2409,8.8138,5.48,1.33,31.88,79.9949,11.3364,8.2899,5.48,1.33,31.88,250.0675,11.9445,279.8723,0.00,100.00,182.67,-11.86,182.67,11.86,12.52
79.14,320.84,79.4010,8.2702,8.2181,0.37,100.00,31.88,-1.33,57.31,358.84,5.52,79.4912,11.2813,8.6125,79.1664,11.2438,8.8253,5.48,1.33,31.88,80.0128,11.3393,8.3014,5.48,1.33,31.88,250.0675,11.9445,279.8723,0.00,100.00,182.67,-11.86,182.67,11.86,12.52
79.20,320.82,79.4125,8.2703,8.2255,0.23,100.00,31.88,-1.33,57.31,358.84,5.52,79.5027,11.2813,8.6199,79.1779,11.2438,8.8327,5.48,1.33,31.88,80.0243,11.3393,8.3088,5.48,1.33,31.88,250.0675,11.9445,279.8723,0.00,100.00,182.67,-11.86,182.67,11.86,12.52
79.26,320.81,79.4265,8.2396,8.2345,0.61,100.00,31.90,-1.33,57.33,358.84,5.52,79.5167,11.2507,8.6288,79.1920,11.2132,8.8417,5.48,1.33,31.90,80.0382,11.3087,8.3176,5.48,1.33,31.90,250.0675,11.9445,279.8723,0.00,100.00,182.67,-11.86,182.67,11.86,12.52
79.31,320.79,79.4419,8.2457,8.2444,0.34,100.00,31.91,-1.33,57.34,358.84,5.52,79.5322,11.2568,8.6386,79.2075,11.2193,8.8516,5.48,1.33,31.91,80.0537,11.3148,8.3273,5.48,1.33,31.91,250.0675,11.9445,279.8723,0.00,100.00,182.67,-11.86,182.67,11.86,12.52
79.37,320.78,79.4591,8.2456,8.2555,0.34,100.00,31.92,-1.32,57.35,358.84,5.52,79.5495,11.2567,8.6496,79.2248,11.2192,8.8626,5.48,1.32,31.92,80.0709,11.3147,8.3382,5.48,1.32,31.92,250.0675,11.9445,279.8723,0.00,100.00,182.67,-11.86,182.67,11.86,12.52
79.43,320.75,79.4796,8.2536,8.2686,0.46,100.00,31.93,-1.32,57.36,358.83,5.52,79.5700,11.2646,8.6627,79.2454,11.2272,8.8758,5.48,1.32,31.93,80.0914,11.3227,8.3512,5.48,1.32,31.93,250.0675,11.9445,279.8723,0.00,100.00,182.67,-11.86,182.67,11.86,12.52
79.49,320.73,79.5005,8.2576,8.2820,0.43,100.00,31.93,-1.32,57.36,358.83,5.52,79.5909,11.2687,8.6761,79.2663,11.2312,8.8892,5.48,1.32,31.93,80.1122,11.3267,8.3646,5.48,1.32,31.93,250.0675,11.9445,279.8723,0.00,100.00,182.67,-11.86,182.67,11.86,12.52
79.54,320.70,79.5243,8.2648,8.2973,0.52,100.00,31.93,-1.32,57.36,358.83,5.52,79.6147,11.2759,8.6913,79.2901,11.2384,8.9044,5.48,1.32,31.93,80.1360,11.3339,8.3798,5.48,1.32,31.93,250.0675,11.9445,279.8723,0.00,100.00,182.67,-11.86,182.67,11.86,12.52
79.60,320.69,79.5409,8.2688,8.3079,0.35,100.00,31.93,-1.32,57.36,358.83,5.52,79.6313,11.2799,8.7020,79.3067,11.2424,8.9151,5.48,1.32,31.93,80.1526,11.3379,8.3904,5.48,1.32,31.93,250.0675,11.9445,279.8723,0.00,100.00,182.67,-11.86,182.67,11.86,12.52
79.66,320.68,79.5512,8.2699,8.3145,0.20,100.00,31.93,-1.32,57.36,358.83,5.52,79.6416,11.2810,8.7085,79.3169,11.2435,8.9216,5.48,1.32,31.93,80.1629,11.3390,8.3970,5.48,1.32,31.93,250.0675,11.9445,279.8723,0.00,100.00,182.67,-11.86,182.67,11.86,12.52
79.72,320.66,79.5639,8.2414,8.3226,0.57,100.00,31.93,-1.32,57.37,358.83,5.52,79.6543,11.2525,8.7167,79.3296,11.2150,8.9298,5.48,1.32,31.93,80.1756,11.3105,8.4051,5.48,1.32,31.93,250.0675,11.9445,279.8723,0.00,100.00,182.67,-11.86,182.67,11.86,12.52
79.78,320.65,79.5778,8.2436,8.3315,0.28,100.00,31.94,-1.32,57.37,358.83,5.52,79.6682,11.2547,8.7256,79.3436,11.2172,8.9387,5.48,1.32,31.94,80.1895,11.3127,8.4140,5.48,1.32,31.94,250.0675,11.9445,279.8723,0.00,100.00,182.67,-11.86,182.67,11.86,12.52
79.84,320.63,79.5946,8.2464,8.3422,0.34,100.00,31.94,-1.32,57.37,358.83,5.52,79.6850,11.2575,8.7363,79.3603,11.2200,8.9494,5.48,1.32,31.94,80.2062,11.3155,8.4247,5.48,1.32,31.94,250.0675,11.9445,279.8723,0.00,100.00,182.67,-11.86,182.67,11.86,12.52
79.89,320.61,79.6133,8.2511,8.3543,0.40,100.00,31.94,-1.32,57.37,358.83,5.52,79.7037,11.2622,8.7483,79.3791,11.2247,8.9614,5.48,1.32,31.94,80.2250,11.3202,8.4367,5.48,1.32,31.94,250.0675,11.9445,279.8723,0.00,100.00,182.67,-11.86,182.67,11.86,12.52
79.95,320.60,79.6250,8.2573,8.3617,0.27,100.00,31.94,-1.32,57.37,358.83,5.52,79.7154,11.2684,8.7558,79.3908,11.2309,8.9689,5.48,1.32,31.94,80.2367,11.3264,8.4441,5.48,1.32,31.94,250.0675,11.9445,279.8723,0.00,100.00,182.67,-11.86,182.67,11.86,12.52
80.01,320.59,79.6298,8.2592,8.3648,0.10,100.00,31.94,-1.32,57.37,358.83,5.52,79.7203,11.2703,8.7589,79.3957,11.2328,8.9720,5.48,1.32,31.94,80.2415,11.3283,8.4473,5.48,1.32,31.94,250.0675,11.9445,279.8723,0.00,100.00,182.67,-11.86,182.67,11.86,12.52
80.07,320.59,79.6298,8.2625,8.3649,0.06,100.00,31.94,-1.32,57.37,358.83,5.52,79.7203,11.2736,8.7589,79.3957,11.2361,8.9720,5.48,1.32,31.94,80.2415,11.3316,8.4473,5.48,1.32,31.94,250.0675,11.9445,279.8723,0.00,100.00,182.67,-11.86,182.67,11.86,12.52
80.12,320.59,79.6298,8.2692,8.3649,0.12,100.00,31.94,-1.32,57.37,358.83,5.52,79.7203,11.2803,8.7589,79.3957,11.2428,8.9720,5.48,1.32,31.94,80.2415,11.3383,8.4473,5.48,1.32,31.94,250.0675,11.9445,279.8723,0.00,100.00,182.67,-11.86,182.67,11.86,12.52
80.18,320.59,79.6318,8.2701,8.3661,0.04,100.00,31.94,-1.32,57.37,358.83,5.52,79.7222,11.2812,8.7601,79.3976,11.2438,8.9733,5.48,1.32,31.94,80.2435,11.3393,8.4485,5.48,1.32,31.94,250.0675,11.9445,279.8723,0.00,100.00,182.67,-11.86,182.67,11.86,12.52
80.24,320.58,79.6360,8.2766,8.3688,0.14,100.00,31.95,-1.41,57.36,358.69,6.02,79.7058,11.2858,8.7809,79.3814,11.2448,8.9938,6.00,1.41,31.95,80.2266,11.3493,8.4696,6.00,1.41,31.95,250.0675,11.9445,279.8723,0.00,100.00,182.67,-11.86,182.67,11.86,12.52
80.30,320.58,79.6420,8.2437,8.3726,0.57,100.00,31.96,-1.42,57.36,358.66,6.11,79.7081,11.2526,8.7878,79.3838,11.2110,9.0007,6.09,1.42,31.96,80.2288,11.3171,8.4766,6.09,1.42,31.96,250.0675,11.9445,279.8723,0.00,100.00,182.67,-11.86,182.67,11.86,12.52
80.35,320.57,79.6503,8.2503,8.3779,0.21,100.00,31.96,-1.42,57.36,358.66,6.11,79.7164,11.2592,8.7931,79.3921,11.2176,9.0060,6.09,1.42,31.96,80.2372,11.3236,8.4819,6.09,1.42,31.96,250.0675,11.9445,279.8723,0.00,100.00,182.67,-11.86,182.67,11.86,12.52
80.41,320.57,79.6518,8.2544,8.3789,0.08,100.00,31.96,-1.42,57.36,358.66,6.11,79.7179,11.2633,8.7941,79.3936,11.2217,9.0070,6.09,1.42,31.96,80.2386,11.3277,8.4829,6.09,1.42,31.96,250.0675,11.9445,279.8723,0.00,100.00,182.67,-11.86,182.67,11.86,12.52
80.47,320.57,79.6518,8.2579,8.3789,0.06,100.00,31.96,-1.42,57.36,358.66,6.11,79.7179,11.2668,8.7941,79.3936,11.2252,9.0070,6.09,1.42,31.96,80.2386,11.3312,8.4829,6.09,1.42,31.96,250.0675,11.9445,279.8723,0.00,100.00,182.67,-11.86,182.67,11.86,12.52
80.53,320.57,79.6538,8.2622,8.3802,0.09,100.00,31.96,-1.42,57.37,358.66,6.11,79.7200,11.2711,8.7954,79.3957,11.2295,9.0083,6.09,1.42,31.96,80.2407,11.3355,8.4841,6.09,1.42,31.96,250.0675,11.9445,279.8723,0.00,100.00,182.67,-11.86,182.67,11.86,12.52
80.58,320.56,79.6579,8.2672,8.3828,0.12,100.00,31.97,-1.42,57.37,358.66,6.11,79.7241,11.2761,8.7980,79.3998,11.2345,9.0109,6.09,1.42,31.97,80.2448,11.3405,8.4867,6.09,1.42,31.97,250.0675,11.9445,279.8723,0.00,100.00,182.67,-11.86,182.67,11.86,12.52
80.65,320.55,79.6640,8.2668,8.3867,0.12,100.00,31.97,-1.42,57.38,358.66,6.11,79.7301,11.2757,8.8019,79.4059,11.2341,9.0148,6.09,1.42,31.97,80.2508,11.3402,8.4905,6.09,1.42,31.97,250.0675,11.9445,279.8723,0.00,100.00,182.67,-11.86,182.67,11.86,12.52
80.70,320.55,79.6726,8.2719,8.3922,0.20,100.00,31.98,-1.42,57.38,358.66,6.11,79.7388,11.2808,8.8074,79.4146,11.2392,9.0203,6.09,1.42,31.98,80.2594,11.3452,8.4960,6.09,1.42,31.98,250.0675,11.9445,279.8723,0.00,100.00,182.67,-11.86,182.67,11.86,12.52
80.76,320.53,79.6828,8.2739,8.3988,0.21,100.00,31.98,-1.42,57.38,358.66,6.11,79.7490,11.2828,8.8139,79.4248,11.2412,9.0269,6.09,1.42,31.98,80.2697,11.3472,8.5025,6.09,1.42,31.98,250.0675,11.9445,279.8723,0.00,100.00,182.67,-11.86,182.67,11.86,12.52
80.82,320.52,79.6955,8.2786,8.4069,0.27,100.00,31.98,-1.42,57.38,358.66,6.11,79.7617,11.2875,8.8220,79.4375,11.2459,9.0350,6.09,1.42,31.98,80.2823,11.3520,8.5106,6.09,1.42,31.98,250.0675,11.9445,279.8723,0.00,100.00,182.67,-11.86,182.67,11.86,12.52
80.88,320.52,79.7010,8.2501,8.4104,0.52,100.00,31.98,-1.42,57.38,358.66,6.11,79.7672,11.2590,8.8255,79.4430,11.2174,9.0385,6.09,1.42,31.98,80.2879,11.3235,8.5141,6.09,1.42,31.98,250.0675,11.9445,279.8723,0.00,100.00,182.67,-11.86,182.67,11.86,12.52
80.93,320.52,79.7010,8.2525,8.4104,0.04,100.00,31.98,-1.42,57.38,358.66,6.11,79.7672,11.2614,8.8255,79.4430,11.2198,9.0385,6.09,1.42,31.98,80.2879,11.3259,8.5141,6.09,1.42,31.98,250.0675,11.9445,279.8723,0.00,100.00,182.67,-11.86,182.67,11.86,12.52
80.99,320.51,79.7032,8.2579,8.4118,0.10,100.00,31.98,-1.42,57.38,358.66,6.11,79.7693,11.2668,8.8269,79.4451,11.2252,9.0399,6.09,1.42,31.98,80.2900,11.3312,8.5155,6.09,1.42,31.98,250.0675,11.9445,279.8723,0.00,100.00,182.67,-11.86,182.67,11.86,12.52
81.05,320.51,79.7072,8.2634,8.4144,0.13,100.00,31.98,-1.42,57.38,358.66,6.11,79.7734,11.2723,8.8295,79.4492,11.2307,9.0425,6.09,1.42,31.98,80.2940,11.3367,8.5181,6.09,1.42,31.98,250.0675,11.9445,279.8723,0.00,100.00,182.67,-11.86,182.67,11.86,12.52
81.10,320.50,79.7132,8.2690,8.4182,0.16,100.00,31.98,-1.42,57.38,358.66,6.11,79.7794,11.2779,8.8333,79.4552,11.2363,9.0463,6.09,1.42,31.98,80.3001,11.3423,8.5219,6.09,1.42,31.98,250.0675,11.9445,279.8723,0.00,100.00,182.67,-11.86,182.67,11.86,12.52
81.16,320.49,79.7212,8.2742,8.4234,0.19,100.00,31.98,-1.42,57.38,358.66,6.11,79.7874,11.2831,8.8385,79.4632,11.2415,9.0515,6.09,1.42,31.98,80.3081,11.3476,8.5270,6.09,1.42,31.98,250.0675,11.9445,279.8723,0.00,100.00,182.67,-11.86,182.67,11.86,12.52
81.22,320.48,79.7313,8.2763,8.4298,0.21,100.00,31.98,-1.42,57.38,358.66,6.11,79.7975,11.2852,8.8449,79.4733,11.2436,9.0579,6.09,1.42,31.98,80.3181,11.3496,8.5335,6.09,1.42,31.98,250.0675,11.9445,279.8723,0.00,100.00,182.67,-11.86,182.67,11.86,12.52
81.28,320.47,79.7438,8.2791,8.4378,0.26,100.00,31.98,-1.42,57.39,358.66,6.11,79.8100,11.2880,8.8529,79.4858,11.2464,9.0659,6.09,1.42,31.98,80.3306,11.3524,8.5415,6.09,1.42,31.98,250.0675,11.9445,279.8723,0.00,100.00,182.67,-11.86,182.67,11.86,12.52
81.34,320.45,79.7584,8.2500,8.4471,0.60,100.00,31.98,-1.42,57.39,358.66,6.11,79.8246,11.2589,8.8622,79.5004,11.2173,9.0752,6.09,1.42,31.98,80.3452,11.3233,8.5508,6.09,1.42,31.98,250.0675,11.9445,279.8723,0.00,100.00,182.67,-11.86,182.67,11.86,12.52
81.39,320.44,79.7744,8.2574,8.4574,0.36,100.00,31.98,-1.42,57.39,358.66,6.11,79.8406,11.2663,8.8725,79.5164,11.2247,9.0855,6.09,1.42,31.98,80.3612,11.3307,8.5610,6.09,1.42,31.98,250.0675,11.9445,279.8723,0.00,100.00,182.67,-11.86,182.67,11.86,12.52
81.45,320.42,79.7922,8.2585,8.4688,0.35,100.00,31.98,-1.42,57.39,358.66,6.11,79.8584,11.2674,8.8839,79.5342,11.2258,9.0969,6.09,1.42,31.98,80.3790,11.3318,8.5724,6.09,1.42,31.98,250.0675,11.9445,279.8723,0.00,100.00,182.67,-11.86,182.67,11.86,12.52
81.51,320.39,79.8133,8.2635,8.4823,0.44,100.00,31.98,-1.42,57.39,358.66,6.11,79.8795,11.2724,8.8974,79.5553,11.2308,9.1104,6.09,1.42,31.98,80.4002,11.3368,8.5859,6.09,1.42,31.98,250.0675,11.9445,279.8723,0.00,100.00,182.67,-11.86,182.67,11.86,12.52
81.57,320.37,79.8357,8.2649,8.4966,0.45,100.00,31.98,-1.42,57.39,358.66,6.11,79.9019,11.2738,8.9117,79.5777,11.2322,9.1247,6.09,1.42,31.98,80.4226,11.3382,8.6003,6.09,1.42,31.98,250.0675,11.9445,279.8723,0.00,100.00,182.67,-11.86,182.67,11.86,12.52
81.63,320.34,79.8611,8.2724,8.5129,0.55,100.00,31.98,-1.42,57.39,358.66,6.11,79.9273,11.2813,8.9279,79.6031,11.2397,9.1409,6.09,1.42,31.98,80.4479,11.3457,8.6165,6.09,1.42,31.98,250.0675,11.9445,279.8723,0.00,100.00,182.67,-11.86,182.67,11.86,12.52
81.68,320.32,79.8870,8.2747,8.5294,0.52,100.00,31.98,-1.42,57.39,358.66,6.11,79.9531,11.2836,8.9445,79.6290,11.2420,9.1575,6.09,1.42,31.98,80.4738,11.3480,8.6330,6.09,1.42,31.98,250.0675,11.9445,279.8723,0.00,100.00,182.67,-11.86,182.67,11.86,12.52
81.74,320.28,79.9163,8.2790,8.5482,0.61,100.00,31.98,-1.42,57.39,358.66,6.11,79.9825,11.2879,8.9633,79.6583,11.2463,9.1763,6.09,1.42,31.98,80.5031,11.3524,8.6518,6.09,1.42,31.98,250.0675,11.9445,279.8723,0.00,100.00,182.67,-11.86,182.67,11.86,12.52
81.80,320.25,79.9472,8.2521,8.5679,0.82,100.00,31.98,-1.42,57.39,358.66,6.11,80.0134,11.2610,8.9830,79.6892,11.2194,9.1960,6.09,1.42,31.98,80.5340,11.3254,8.6716,6.09,1.42,31.98,250.0675,11.9445,279.8723,0.00,100.00,182.67,-11.86,182.67,11.86,12.52
81.86,320.22,79.9788,8.2538,8.5881,0.63,100.00,31.98,-1.42,57.39,358.66,6.11,80.0449,11.2627,9.0032,79.7208,11.2211,9.2162,6.09,1.42,31.98,80.5656,11.3271,8.6918,6.09,1.42,31.98,250.0675,11.9445,279.8723,0.00,100.00,182.67,-11.86,182.67,11.86,12.52
81.91,320.18,80.0147,8.2607,8.6111,0.76,100.00,31.98,-1.42,57.39,358.66,6.11,80.0809,11.2696,9.0262,79.7567,11.2280,9.2392,6.09,1.42,31.98,80.6015,11.3340,8.7147,6.09,1.42,31.98,250.0675,11.9445,279.8723,0.00,100.00,182.67,-11.86,182.67,11.86,12.52
81.97,320.14,80.0508,8.2643,8.6343,0.74,100.00,31.98,-1.42,57.39,358.66,6.11,80.1170,11.2732,9.0493,79.7928,11.2316,9.2623,6.09,1.42,31.98,80.6376,11.3377,8.7379,6.09,1.42,31.98,250.0675,11.9445,279.8723,0.00,100.00,182.67,-11.86,182.67,11.86,12.52
82.03,320.10,80.0902,8.2649,8.6595,0.78,100.00,32.02,-1.72,57.41,358.83,6.43,80.1550,11.2711,9.0940,79.8310,11.2279,9.3069,6.31,1.72,32.02,80.6755,11.3378,8.7827,6.31,1.72,32.02,250.0675,11.9445,279.8723,0.00,100.00,182.67,-11.86,182.67,11.86,12.52
82.09,320.05,80.1330,8.2717,8.6868,0.90,100.00,32.02,-1.75,57.41,358.85,6.47,80.1977,11.2775,9.1235,79.8736,11.2342,9.3363,6.34,1.75,32.02,80.7181,11.3445,8.8122,6.34,1.75,32.02,250.0675,11.9445,279.8723,0.00,100.00,182.67,-11.86,182.67,11.86,12.52
82.15,320.01,80.1753,8.2727,8.7138,0.84,100.00,32.02,-1.75,57.41,358.85,6.47,80.2400,11.2786,9.1505,79.9159,11.2352,9.3634,6.34,1.75,32.02,80.7604,11.3455,8.8393,6.34,1.75,32.02,250.0675,11.9445,279.8723,0.00,100.00,182.67,-11.86,182.67,11.86,12.52
82.21,319.96,80.2222,8.2772,8.7439,0.96,100.00,32.02,-1.75,57.41,358.85,6.47,80.2869,11.2831,9.1805,79.9629,11.2398,9.3934,6.34,1.75,32.02,80.8073,11.3501,8.8693,6.34,1.75,32.02,250.0675,11.9445,279.8723,0.00,100.00,182.67,-11.86,182.67,11.86,12.52
82.26,319.91,80.2608,8.2836,8.7685,0.81,100.00,32.02,-1.75,57.41,358.85,6.47,80.3254,11.2895,9.2051,80.0014,11.2462,9.4180,6.34,1.75,32.02,80.8459,11.3564,8.8939,6.34,1.75,32.02,250.0675,11.9445,279.8723,0.00,100.00,182.67,-11.86,182.67,11.86,12.52
82.32,319.88,80.2919,8.2854,8.7884,0.62,100.00,32.02,-1.75,57.41,358.85,6.47,80.3566,11.2913,9.2250,80.0325,11.2480,9.4379,6.34,1.75,32.02,80.8770,11.3583,8.9138,6.34,1.75,32.02,250.0675,11.9445,279.8723,0.00,100.00,182.67,-11.86,182.67,11.86,12.52
82.38,319.84,80.3266,8.2925,8.8105,0.74,100.00,32.02,-1.75,57.41,358.85,6.47,80.3912,11.2984,9.2472,80.0672,11.2550,9.4601,6.33,1.75,32.02,80.9117,11.3653,8.9360,6.33,1.75,32.02,250.0675,11.9445,279.8723,0.00,100.00,182.67,-11.86,182.67,11.86,12.52
82.44,319.81,80.3615,8.2620,8.8329,0.89,100.00,32.02,-1.75,57.40,358.85,6.47,80.4261,11.2679,9.2696,80.1021,11.2246,9.4824,6.33,1.75,32.02,80.9466,11.3349,8.9584,6.33,1.75,32.02,250.0675,11.9445,279.8723,0.00,100.00,182.67,-11.86,182.67,11.86,12.52
82.50,319.77,80.3992,8.2646,8.8570,0.76,100.00,32.01,-1.75,57.40,358.85,6.47,80.4638,11.2705,9.2937,80.1398,11.2272,9.5065,6.33,1.75,32.01,80.9843,11.3375,8.9825,6.33,1.75,32.01,250.0675,11.9445,279.8723,0.00,100.00,182.67,-11.86,182.67,11.86,12.52
82.56,319.72,80.4399,8.2663,8.8830,0.81,100.00,32.01,-1.75,57.40,358.85,6.47,80.5046,11.2722,9.3197,80.1805,11.2288,9.5326,6.33,1.75,32.01,81.0250,11.3391,9.0086,6.33,1.75,32.01,250.0675,11.9445,279.8723,0.00,100.00,182.67,-11.86,182.67,11.86,12.52
82.61,319.69,80.4738,8.2739,8.9047,0.73,100.00,32.01,-1.75,57.40,358.85,6.47,80.5384,11.2798,9.3414,80.2143,11.2365,9.5542,6.33,1.75,32.01,81.0589,11.3468,9.0302,6.33,1.75,32.01,250.0675,11.9445,279.8723,0.00,100.00,182.67,-11.86,182.67,11.86,12.52
82.67,319.66,80.4992,8.2771,8.9210,0.52,100.00,32.01,-1.75,57.40,358.85,6.47,80.5638,11.2830,9.3577,80.2398,11.2397,9.5705,6.33,1.75,32.01,81.0843,11.3500,9.0465,6.33,1.75,32.01,250.0675,11.9445,279.8723,0.00,100.00,182.67,-11.86,182.67,11.86,12.52
82.73,319.63,80.5278,8.2752,8.9393,0.55,100.00,32.01,-1.75,57.40,358.85,6.47,80.5925,11.2810,9.3760,80.2684,11.2377,9.5888,6.33,1.75,32.01,81.1130,11.3480,9.0648,6.33,1.75,32.01,250.0675,11.9445,279.8723,0.00,100.00,182.67,-11.86,182.67,11.86,12.52
82.79,319.59,80.5602,8.2825,8.9600,0.70,100.00,32.01,-1.75,57.40,358.85,6.47,80.6249,11.2883,9.3967,80.3008,11.2450,9.6095,6.33,1.75,32.01,81.1454,11.3553,9.0856,6.33,1.75,32.01,250.0675,11.9445,279.8723,0.00,100.00,182.67,-11.86,182.67,11.86,12.52
82.85,319.56,80.5918,8.2861,8.9802,0.65,100.00,32.01,-1.75,57.40,358.85,6.47,80.6565,11.2919,9.4169,80.3324,11.2486,9.6297,6.33,1.75,32.01,81.1770,11.3589,9.1058,6.33,1.75,32.01,250.0675,11.9445,279.8723,0.00,100.00,182.67,-11.86,182.67,11.86,12.52
82.91,319.52,80.6267,8.2892,9.0025,0.71,100.00,32.01,-1.75,57.39,358.85,6.47,80.6913,11.2950,9.4392,80.3672,11.2517,9.6520,6.33,1.75,32.01,81.2118,11.3620,9.1281,6.33,1.75,32.01,250.0675,11.9445,279.8723,0.00,100.00,182.67,-11.86,182.67,11.86,12.52
82.96,319.49,80.6547,8.2927,9.0204,0.57,100.00,32.00,-1.71,57.35,358.48,7.17,80.6830,11.2961,9.4776,80.3593,11.2474,9.6899,7.13,1.71,32.00,81.2028,11.3714,9.1672,7.13,1.71,32.00,250.0675,11.9445,279.8723,0.00,100.00,182.67,-11.86,182.67,11.86,12.52
83.02,319.47,80.6756,8.2981,9.0338,0.44,100.00,32.00,-1.71,57.34,358.42,7.29,80.6974,11.3010,9.4946,80.3739,11.2514,9.7068,7.27,1.71,32.00,81.2171,11.3778,9.1844,7.27,1.71,32.00,250.0675,11.9445,279.8723,0.00,100.00,182.67,-11.86,182.67,11.86,12.52
83.08,319.44,80.6981,8.3024,9.0482,0.47,100.00,32.00,-1.71,57.34,358.42,7.29,80.7199,11.3053,9.5090,80.3963,11.2557,9.7212,7.27,1.71,32.00,81.2396,11.3821,9.1988,7.27,1.71,32.00,250.0675,11.9445,279.8723,0.00,100.00,182.67,-11.86,182.67,11.86,12.52
83.14,319.42,80.7229,8.3031,9.0641,0.49,100.00,32.00,-1.71,57.34,358.42,7.29,80.7447,11.3060,9.5249,80.4212,11.2564,9.7372,7.27,1.71,32.00,81.2644,11.3828,9.2147,7.27,1.71,32.00,250.0675,11.9445,279.8723,0.00,100.00,182.67,-11.86,182.67,11.86,12.52
83.20,319.39,80.7508,8.2747,9.0820,0.77,100.00,32.02,-1.71,57.36,358.42,7.29,80.7727,11.2776,9.5427,80.4492,11.2280,9.7551,7.27,1.71,32.02,81.2923,11.3544,9.2324,7.27,1.71,32.02,250.0675,11.9445,279.8723,0.00,100.00,182.67,-11.86,182.67,11.86,12.52
83.25,319.36,80.7791,8.2815,9.1001,0.61,100.00,32.03,-1.70,57.37,358.41,7.29,80.8010,11.2845,9.5608,80.4776,11.2349,9.7732,7.27,1.70,32.03,81.3205,11.3613,9.2503,7.27,1.70,32.03,250.0675,11.9445,279.8723,0.00,100.00,182.67,-11.86,182.67,11.86,12.52
83.31,319.33,80.8094,8.2834,9.1195,0.60,100.00,32.04,-1.70,57.38,358.41,7.29,80.8313,11.2863,9.5801,80.5079,11.2367,9.7926,7.27,1.70,32.04,81.3508,11.3632,9.2696,7.27,1.70,32.04,250.0675,11.9445,279.8723,0.00,100.00,182.67,-11.86,182.67,11.86,12.52
83.37,319.29,80.8434,8.2870,9.1413,0.69,100.00,32.04,-1.70,57.38,358.41,7.29,80.8653,11.2899,9.6019,80.5419,11.2403,9.8143,7.27,1.70,32.04,81.3848,11.3667,9.2912,7.27,1.70,32.04,250.0675,11.9445,279.8723,0.00,100.00,182.67,-11.86,182.67,11.86,12.52
83.43,319.26,80.8698,8.2913,9.1582,0.55,100.00,32.04,-1.70,57.38,358.41,7.29,80.8918,11.2942,9.6188,80.5684,11.2446,9.8313,7.27,1.70,32.04,81.4112,11.3711,9.3082,7.27,1.70,32.04,250.0675,11.9445,279.8723,0.00,100.00,182.67,-11.86,182.67,11.86,12.52
83.49,319.24,80.8891,8.2978,9.1706,0.42,100.00,32.04,-1.70,57.38,358.41,7.29,80.9111,11.3007,9.6311,80.5877,11.2511,9.8436,7.27,1.70,32.04,81.4305,11.3775,9.3205,7.27,1.70,32.04,250.0675,11.9445,279.8723,0.00,100.00,182.67,-11.86,182.67,11.86,12.52
83.54,319.22,80.9099,8.3019,9.1839,0.43,100.00,32.04,-1.70,57.38,358.41,7.29,80.9319,11.3048,9.6445,80.6085,11.2552,9.8569,7.27,1.70,32.04,81.4513,11.3816,9.3338,7.27,1.70,32.04,250.0675,11.9445,279.8723,0.00,100.00,182.67,-11.86,182.67,11.86,12.52
83.60,319.19,80.9333,8.3051,9.1988,0.48,100.00,32.06,-1.88,57.42,358.67,7.16,80.9707,11.3076,9.6611,80.6471,11.2595,9.8737,7.04,1.88,32.06,81.4903,11.3820,9.3502,7.04,1.88,32.06,250.0675,11.9445,279.8723,0.00,100.00,182.67,-11.86,182.67,11.86,12.52
83.66,319.17,80.9499,8.3124,9.2094,0.37,100.00,32.06,-1.88,57.42,358.67,7.16,80.9873,11.3149,9.6717,80.6637,11.2668,9.8843,7.04,1.88,32.06,81.5069,11.3893,9.3608,7.04,1.88,32.06,250.0675,11.9445,279.8723,0.00,100.00,182.67,-11.86,182.67,11.86,12.52
83.72,319.16,80.9593,8.3117,9.2155,0.19,100.00,32.06,-1.88,57.42,358.67,7.16,80.9967,11.3142,9.6777,80.6732,11.2661,9.8903,7.04,1.88,32.06,81.5164,11.3886,9.3668,7.04,1.88,32.06,250.0675,11.9445,279.8723,0.00,100.00,182.67,-11.86,182.67,11.86,12.52
83.78,319.15,80.9718,8.2833,9.2234,0.57,100.00,32.07,-1.88,57.42,358.67,7.16,81.0092,11.2858,9.6856,80.6856,11.2377,9.8983,7.04,1.88,32.07,81.5288,11.3602,9.3748,7.04,1.88,32.07,250.0675,11.9445,279.8723,0.00,100.00,182.67,-11.86,182.67,11.86,12.52
83.83,319.14,80.9853,8.2917,9.2321,0.33,100.00,32.07,-1.88,57.42,358.67,7.16,81.0227,11.2942,9.6943,80.6991,11.2461,9.9069,7.04,1.88,32.07,81.5423,11.3686,9.3834,7.04,1.88,32.07,250.0675,11.9445,279.8723,0.00,100.00,182.67,-11.86,182.67,11.86,12.52
83.89,319.12,81.0005,8.2900,9.2418,0.30,100.00,32.06,-1.88,57.41,358.67,7.16,81.0379,11.2926,9.7040,80.7143,11.2445,9.9166,7.04,1.88,32.06,81.5575,11.3669,9.3932,7.04,1.88,32.06,250.0675,11.9445,279.8723,0.00,100.00,182.67,-11.86,182.67,11.86,12.52
83.96,319.10,81.0196,8.2860,9.2540,0.37,100.00,32.06,-1.88,57.41,358.67,7.16,81.0569,11.2885,9.7162,80.7333,11.2405,9.9288,7.04,1.88,32.06,81.5766,11.3629,9.4054,7.04,1.88,32.06,250.0675,11.9445,279.8723,0.00,100.00,182.67,-11.86,182.67,11.86,12.52
84.02,319.09,81.0310,8.2814,9.2613,0.23,100.00,32.06,-1.88,57.41,358.67,7.16,81.0684,11.2839,9.7235,80.7448,11.2358,9.9361,7.04,1.88,32.06,81.5881,11.3583,9.4127,7.04,1.88,32.06,250.0675,11.9445,279.8723,0.00,100.00,182.67,-11.86,182.67,11.86,12.52
84.08,319.08,81.0345,8.2800,9.2635,0.07,100.00,32.06,-1.88,57.41,358.67,7.16,81.0718,11.2825,9.7257,80.7483,11.2344,9.9383,7.04,1.88,32.06,81.5915,11.3569,9.4150,7.04,1.88,32.06,250.0675,11.9445,279.8723,0.00,100.00,182.67,-11.86,182.67,11.86,12.52
84.14,319.08,81.0401,8.2834,9.2671,0.13,100.00,32.06,-1.88,57.41,358.67,7.16,81.0775,11.2859,9.7293,80.7539,11.2378,9.9419,7.04,1.88,32.06,81.5972,11.3602,9.4186,7.04,1.88,32.06,250.0675,11.9445,279.8723,0.00,100.00,182.67,-11.86,182.67,11.86,12.52
84.20,319.07,81.0476,8.2828,9.2719,0.15,100.00,32.05,-1.88,57.41,358.67,7.16,81.0849,11.2854,9.7341,80.7613,11.2373,9.9467,7.04,1.88,32.05,81.6046,11.3597,9.4234,7.04,1.88,32.05,250.0675,11.9445,279.8723,0.00,100.00,182.67,-11.86,182.67,11.86,12.52
84.26,319.06,81.0575,8.2848,9.2782,0.20,100.00,32.05,-1.89,57.40,358.67,7.16,81.0949,11.2873,9.7405,80.7713,11.2392,9.9531,7.04,1.89,32.05,81.6146,11.3617,9.4298,7.04,1.89,32.05,250.0675,11.9445,279.8723,0.00,100.00,182.67,-11.86,182.67,11.86,12.52
84.31,319.05,81.0694,8.2894,9.2858,0.26,100.00,32.05,-1.89,57.40,358.67,7.16,81.1067,11.2919,9.7481,80.7831,11.2439,9.9607,7.04,1.89,32.05,81.6265,11.3663,9.4374,7.04,1.89,32.05,250.0675,11.9445,279.8723,0.00,100.00,182.67,-11.86,182.67,11.86,12.52
84.37,319.03,81.0831,8.2907,9.2946,0.27,100.00,32.02,-1.63,57.38,358.55,6.85,81.1234,11.2959,9.7392,80.7997,11.2494,9.9519,6.81,1.63,32.02,81.6434,11.3678,9.4283,6.81,1.63,32.02,250.0675,11.9445,279.8723,0.00,100.00,182.67,-11.86,182.67,11.86,12.52
84.43,319.01,81.0993,8.2919,9.3050,0.32,100.00,32.01,-1.61,57.38,358.53,6.81,81.1400,11.2973,9.7477,80.8162,11.2510,9.9603,6.78,1.61,32.01,81.6600,11.3691,9.4368,6.78,1.61,32.01,250.0675,11.9445,279.8723,0.00,100.00,182.67,-11.86,182.67,11.86,12.52
84.49,319.00,81.1083,8.2939,9.3107,0.18,100.00,32.01,-1.61,57.38,358.53,6.81,81.1490,11.2993,9.7534,80.8252,11.2530,9.9661,6.78,1.61,32.01,81.6690,11.3711,9.4425,6.78,1.61,32.01,250.0675,11.9445,279.8723,0.00,100.00,182.67,-11.86,182.67,11.86,12.52
84.55,319.00,81.1101,8.2966,9.3119,0.06,100.00,32.01,-1.61,57.38,358.53,6.81,81.1508,11.3020,9.7546,80.8270,11.2557,9.9672,6.78,1.61,32.01,81.6708,11.3737,9.4437,6.78,1.61,32.01,250.0675,11.9445,279.8723,0.00,100.00,182.67,-11.86,182.67,11.86,12.52
84.61,319.00,81.1140,8.2975,9.3144,0.08,100.00,32.02,-1.60,57.38,358.53,6.81,81.1547,11.3030,9.7570,80.8310,11.2567,9.9697,6.78,1.60,32.02,81.6747,11.3747,9.4461,6.78,1.60,32.02,250.0675,11.9445,279.8723,0.00,100.00,182.67,-11.86,182.67,11.86,12.52
84.67,318.99,81.1201,8.3026,9.3183,0.15,100.00,32.02,-1.60,57.39,358.53,6.81,81.1608,11.3080,9.7609,80.8371,11.2617,9.9737,6.78,1.60,32.02,81.6808,11.3797,9.4499,6.78,1.60,32.02,250.0675,11.9445,279.8723,0.00,100.00,182.67,-11.86,182.67,11.86,12.52
84.73,318.98,81.1280,8.3054,9.3234,0.17,100.00,32.02,-1.60,57.39,358.53,6.81,81.1688,11.3108,9.7660,80.8450,11.2645,9.9787,6.78,1.60,32.02,81.6887,11.3825,9.4550,6.78,1.60,32.02,250.0675,11.9445,279.8723,0.00,100.00,182.67,-11.86,182.67,11.86,12.52
84.78,318.97,81.1382,8.3075,9.3299,0.21,100.00,32.02,-1.60,57.39,358.53,6.81,81.1790,11.3129,9.7725,80.8552,11.2666,9.9852,6.78,1.60,32.02,81.6989,11.3846,9.4615,6.78,1.60,32.02,250.0675,11.9445,279.8723,0.00,100.00,182.67,-11.86,182.67,11.86,12.52
84.84,318.96,81.1506,8.3104,9.3378,0.26,100.00,32.02,-1.60,57.39,358.53,6.81,81.1914,11.3158,9.7804,80.8676,11.2695,9.9932,6.78,1.60,32.02,81.7113,11.3876,9.4694,6.78,1.60,32.02,250.0675,11.9445,279.8723,0.00,100.00,182.67,-11.86,182.67,11.86,12.52
84.90,318.94,81.1650,8.3175,9.3470,0.33,100.00,32.02,-1.60,57.39,358.53,6.81,81.2058,11.3229,9.7897,80.8820,11.2766,10.0024,6.78,1.60,32.02,81.7257,11.3946,9.4787,6.78,1.60,32.02,250.0675,11.9445,279.8723,0.00,100.00,182.67,-11.86,182.67,11.86,12.52
84.96,318.94,81.1724,8.3185,9.3518,0.15,100.00,32.02,-1.60,57.39,358.53,6.81,81.2131,11.3239,9.7944,80.8894,11.2776,10.0071,6.78,1.60,32.02,81.7331,11.3956,9.4834,6.78,1.60,32.02,250.0675,11.9445,279.8723,0.00,100.00,182.67,-11.86,182.67,11.86,12.52
85.01,318.94,81.1729,8.2908,9.3521,0.50,100.00,32.02,-1.60,57.39,358.53,6.81,81.2137,11.2962,9.7947,80.8900,11.2499,10.0075,6.78,1.60,32.02,81.7336,11.3679,9.4837,6.78,1.60,32.02,250.0675,11.9445,279.8723,0.00,100.00,182.67,-11.86,182.67,11.86,12.52
85.07,318.94,81.1729,8.2917,9.3521,0.02,100.00,32.02,-1.60,57.39,358.53,6.81,81.2137,11.2971,9.7947,80.8900,11.2508,10.0075,6.78,1.60,32.02,81.7336,11.3688,9.4837,6.78,1.60,32.02,250.0675,11.9445,279.8723,0.00,100.00,182.67,-11.86,182.67,11.86,12.52
85.14,318.94,81.1729,8.2900,9.3521,0.03,100.00,32.02,-1.60,57.39,358.53,6.81,81.2137,11.2954,9.7948,80.8900,11.2491,10.0075,6.78,1.60,32.02,81.7336,11.3671,9.4837,6.78,1.60,32.02,250.0675,11.9445,279.8723,0.00,100.00,182.67,-11.86,182.67,11.86,12.52
85.19,318.93,81.1752,8.2909,9.3536,0.05,100.00,32.02,-1.60,57.39,358.53,6.81,81.2160,11.2963,9.7962,80.8922,11.2500,10.0089,6.78,1.60,32.02,81.7359,11.3680,9.4852,6.78,1.60,32.02,250.0675,11.9445,279.8723,0.00,100.00,182.67,-11.86,182.67,11.86,12.52
85.25,318.93,81.1796,8.2969,9.3564,0.14,100.00,32.02,-1.60,57.39,358.53,6.81,81.2204,11.3024,9.7990,80.8966,11.2561,10.0118,6.78,1.60,32.02,81.7403,11.3741,9.4880,6.78,1.60,32.02,250.0675,11.9445,279.8723,0.00,100.00,182.67,-11.86,182.67,11.86,12.52
85.31,318.93,81.1796,8.2987,9.3564,0.03,100.00,32.02,-1.60,57.39,358.53,6.81,81.2204,11.3042,9.7990,80.8966,11.2579,10.0118,6.78,1.60,32.02,81.7403,11.3759,9.4880,6.78,1.60,32.02,250.0675,11.9445,279.8723,0.00,100.00,182.67,-11.86,182.67,11.86,12.52
85.37,318.93,81.1796,8.3029,9.3564,0.07,100.00,32.02,-1.60,57.39,358.53,6.81,81.2204,11.3083,9.7990,80.8966,11.2620,10.0118,6.78,1.60,32.02,81.7403,11.3800,9.4880,6.78,1.60,32.02,250.0675,11.9445,279.8723,0.00,100.00,182.67,-11.86,182.67,11.86,12.52
85.43,318.93,81.1796,8.3070,9.3564,0.07,100.00,32.02,-1.60,57.39,358.53,6.81,81.2204,11.3124,9.7990,80.8966,11.2661,10.0118,6.78,1.60,32.02,81.7403,11.3841,9.4880,6.78,1.60,32.02,250.0675,11.9445,279.8723,0.00,100.00,182.67,-11.86,182.67,11.86,12.52
85.49,318.93,81.1796,8.3063,9.3564,0.01,100.00,32.02,-1.60,57.39,358.53,6.81,81.2204,11.3117,9.7990,80.8966,11.2654,10.0118,6.78,1.60,32.02,81.7403,11.3834,9.4880,6.78,1.60,32.02,250.0675,11.9445,279.8723,0.00,100.00,182.67,-11.86,182.67,11.86,12.52
85.54,318.93,81.1796,8.3128,9.3564,0.12,100.00,32.02,-1.60,57.39,358.53,6.81,81.2204,11.3183,9.7990,80.8966,11.2720,10.0118,6.78,1.60,32.02,81.7403,11.3900,9.4880,6.78,1.60,32.02,250.0675,11.9445,279.8723,0.00,100.00,182.67,-11.86,182.67,11.86,12.52
85.60,318.93,81.1796,8.3111,9.3564,0.03,100.00,32.02,-1.60,57.39,358.53,6.81,81.2204,11.3165,9.7990,80.8966,11.2702,10.0118,6.78,1.60,32.02,81.7403,11.3882,9.4880,6.78,1.60,32.02,250.0675,11.9445,279.8723,0.00,100.00,182.67,-11.86,182.67,11.86,12.52
85.66,318.93,81.1819,8.3155,9.3579,0.09,100.00,32.02,-1.60,57.39,358.53,6.81,81.2226,11.3209,9.8005,80.8989,11.2746,10.0132,6.78,1.60,32.02,81.7426,11.3926,9.4895,6.78,1.60,32.02,250.0675,11.9445,279.8723,0.00,100.00,182.67,-11.86,182.67,11.86,12.52
85.72,318.92,81.1861,8.3182,9.3605,0.10,100.00,32.02,-1.60,57.39,358.53,6.81,81.2268,11.3237,9.8032,80.9031,11.2774,10.0159,6.78,1.60,32.02,81.7468,11.3954,9.4922,6.78,1.60,32.02,250.0675,11.9445,279.8723,0.00,100.00,182.67,-11.86,182.67,11.86,12.52
85.78,318.91,81.1924,8.2880,9.3646,0.54,100.00,32.02,-1.60,57.39,358.53,6.81,81.2332,11.2935,9.8072,80.9095,11.2472,10.0200,6.78,1.60,32.02,81.7531,11.3652,9.4963,6.78,1.60,32.02,250.0675,11.9445,279.8723,0.00,100.00,182.67,-11.86,182.67,11.86,12.52
85.84,318.91,81.2007,8.2901,9.3699,0.17,100.00,32.02,-1.60,57.39,358.53,6.81,81.2414,11.2955,9.8125,80.9177,11.2492,10.0252,6.78,1.60,32.02,81.7614,11.3672,9.5015,6.78,1.60,32.02,250.0675,11.9445,279.8723,0.00,100.00,182.67,-11.86,182.67,11.86,12.52
85.89,318.90,81.2020,8.2959,9.3707,0.11,100.00,32.02,-1.60,57.39,358.53,6.81,81.2428,11.3014,9.8134,80.9190,11.2551,10.0261,6.78,1.60,32.02,81.7627,11.3731,9.5024,6.78,1.60,32.02,250.0675,11.9445,279.8723,0.00,100.00,182.67,-11.86,182.67,11.86,12.52
85.95,318.90,81.2020,8.3035,9.3707,0.14,100.00,32.02,-1.60,57.39,358.53,6.81,81.2428,11.3089,9.8134,80.9190,11.2626,10.0261,6.78,1.60,32.02,81.7627,11.3806,9.5024,6.78,1.60,32.02,250.0675,11.9445,279.8723,0.00,100.00,182.67,-11.86,182.67,11.86,12.52
86.01,318.90,81.2039,8.3053,9.3720,0.05,100.00,32.02,-1.60,57.39,358.53,6.81,81.2447,11.3107,9.8146,80.9209,11.2644,10.0273,6.78,1.60,32.02,81.7646,11.3824,9.5036,6.78,1.60,32.02,250.0675,11.9445,279.8723,0.00,100.00,182.67,-11.86,182.67,11.86,12.52
86.07,318.90,81.2081,8.3036,9.3746,0.09,100.00,32.02,-1.60,57.39,358.53,6.81,81.2488,11.3090,9.8173,80.9251,11.2627,10.0300,6.78,1.60,32.02,81.7688,11.3807,9.5063,6.78,1.60,32.02,250.0675,11.9445,279.8723,0.00,100.00,182.67,-11.86,182.67,11.86,12.52
86.13,318.89,81.2147,8.3089,9.3788,0.17,100.00,32.02,-1.60,57.39,358.53,6.81,81.2554,11.3143,9.8215,80.9317,11.2680,10.0342,6.78,1.60,32.02,81.7754,11.3860,9.5105,6.78,1.60,32.02,250.0675,11.9445,279.8723,0.00,100.00,182.67,-11.86,182.67,11.86,12.52
86.18,318.88,81.2228,8.3106,9.3841,0.17,100.00,32.02,-1.60,57.39,358.53,6.81,81.2636,11.3160,9.8267,80.9398,11.2697,10.0394,6.78,1.60,32.02,81.7835,11.3877,9.5157,6.78,1.60,32.02,250.0675,11.9445,279.8723,0.00,100.00,182.67,-11.86,182.67,11.86,12.52
86.24,318.87,81.2335,8.3164,9.3908,0.24,100.00,32.04,-1.75,57.42,358.80,6.59,81.2928,11.3218,9.8312,80.9689,11.2777,10.0442,6.46,1.75,32.04,81.8130,11.3901,9.5200,6.46,1.75,32.04,250.0675,11.9445,279.8723,0.00,100.00,182.67,-11.86,182.67,11.86,12.52
86.30,318.86,81.2456,8.2873,9.3986,0.57,100.00,32.04,-1.77,57.42,358.83,6.56,81.3071,11.2927,9.8388,80.9831,11.2488,10.0517,6.43,1.77,32.04,81.8273,11.3606,9.5275,6.43,1.77,32.04,250.0675,11.9445,279.8723,0.00,100.00,182.67,-11.86,182.67,11.86,12.52
86.36,318.84,81.2598,8.3210,9.4077,0.62,100.00,32.04,-1.77,57.42,358.83,6.56,81.3212,11.3264,9.8478,80.9972,11.2825,10.0607,6.43,1.77,32.04,81.8414,11.3944,9.5365,6.43,1.77,32.04,250.0675,11.9445,279.8723,0.00,100.00,182.67,-11.86,182.67,11.86,12.52
86.42,318.82,81.2773,8.2902,9.4188,0.64,100.00,32.04,-1.77,57.42,358.83,6.56,81.3387,11.2957,9.8590,81.0147,11.2517,10.0719,6.43,1.77,32.04,81.8589,11.3636,9.5477,6.43,1.77,32.04,250.0675,11.9445,279.8723,0.00,100.00,182.67,-11.86,182.67,11.86,12.52
86.47,318.81,81.2870,8.2949,9.4251,0.22,100.00,32.04,-1.77,57.42,358.83,6.56,81.3484,11.3004,9.8652,81.0245,11.2564,10.0781,6.43,1.77,32.04,81.8687,11.3683,9.5539,6.43,1.77,32.04,250.0675,11.9445,279.8723,0.00,100.00,182.67,-11.86,182.67,11.86,12.52
86.53,318.81,81.2899,8.2947,9.4269,0.06,100.00,32.04,-1.77,57.42,358.83,6.56,81.3513,11.3002,9.8671,81.0274,11.2562,10.0800,6.43,1.77,32.04,81.8716,11.3681,9.5558,6.43,1.77,32.04,250.0675,11.9445,279.8723,0.00,100.00,182.67,-11.86,182.67,11.86,12.52
86.59,318.81,81.2899,8.2957,9.4269,0.02,100.00,32.04,-1.77,57.42,358.83,6.56,81.3513,11.3012,9.8671,81.0274,11.2572,10.0800,6.43,1.77,32.04,81.8716,11.3691,9.5558,6.43,1.77,32.04,250.0675,11.9445,279.8723,0.00,100.00,182.67,-11.86,182.67,11.86,12.52
86.65,318.81,81.2899,8.3006,9.4269,0.09,100.00,32.04,-1.77,57.42,358.83,6.56,81.3513,11.3060,9.8671,81.0274,11.2621,10.0800,6.43,1.77,32.04,81.8716,11.3740,9.5558,6.43,1.77,32.04,250.0675,11.9445,279.8723,0.00,100.00,182.67,-11.86,182.67,11.86,12.52
86.71,318.81,81.2919,8.3000,9.4282,0.04,100.00,32.03,-1.77,57.42,358.83,6.56,81.3533,11.3055,9.8684,81.0294,11.2615,10.0813,6.43,1.77,32.03,81.8736,11.3734,9.5571,6.43,1.77,32.03,250.0675,11.9445,279.8723,0.00,100.00,182.67,-11.86,182.67,11.86,12.52
86.77,318.80,81.2963,8.3033,9.4310,0.11,100.00,32.03,-1.77,57.41,358.83,6.56,81.3577,11.3088,9.8712,81.0337,11.2649,10.0841,6.42,1.77,32.03,81.8780,11.3767,9.5600,6.42,1.77,32.03,250.0675,11.9445,279.8723,0.00,100.00,182.67,-11.86,182.67,11.86,12.52
86.83,318.80,81.3026,8.3077,9.4350,0.15,100.00,32.03,-1.77,57.41,358.83,6.56,81.3639,11.3131,9.8752,81.0400,11.2692,10.0881,6.42,1.77,32.03,81.8843,11.3810,9.5640,6.42,1.77,32.03,250.0675,11.9445,279.8723,0.00,100.00,182.67,-11.86,182.67,11.86,12.52
86.89,318.79,81.3108,8.3104,9.4403,0.17,100.00,32.02,-1.77,57.41,358.84,6.56,81.3722,11.3158,9.8805,81.0482,11.2719,10.0934,6.42,1.77,32.02,81.8925,11.3837,9.5694,6.42,1.77,32.02,250.0675,11.9445,279.8723,0.00,100.00,182.67,-11.86,182.67,11.86,12.52
86.94,318.78,81.3213,8.3149,9.4470,0.23,100.00,32.02,-1.77,57.40,358.84,6.56,81.3827,11.3203,9.8873,81.0587,11.2764,10.1001,6.42,1.77,32.02,81.9031,11.3882,9.5761,6.42,1.77,32.02,250.0675,11.9445,279.8723,0.00,100.00,182.67,-11.86,182.67,11.86,12.52
87.00,318.76,81.3337,8.3201,9.4549,0.27,100.00,32.02,-1.77,57.40,358.84,6.56,81.3950,11.3256,9.8952,81.0710,11.2816,10.1080,6.42,1.77,32.02,81.9154,11.3935,9.5841,6.42,1.77,32.02,250.0675,11.9445,279.8723,0.00,100.00,182.67,-11.86,182.67,11.86,12.52
87.06,318.76,81.3393,8.3221,9.4585,0.12,100.00,32.02,-1.77,57.40,358.84,6.56,81.4006,11.3275,9.8987,81.0766,11.2836,10.1116,6.42,1.77,32.02,81.9210,11.3954,9.5876,6.42,1.77,32.02,250.0675,11.9445,279.8723,0.00,100.00,182.67,-11.86,182.67,11.86,12.52
87.12,318.76,81.3393,8.2926,9.4585,0.52,100.00,32.02,-1.77,57.40,358.84,6.56,81.4006,11.2980,9.8987,81.0766,11.2541,10.1116,6.42,1.77,32.02,81.9210,11.3659,9.5876,6.42,1.77,32.02,250.0675,11.9445,279.8723,0.00,100.00,182.67,-11.86,182.67,11.86,12.52
87.18,318.76,81.3413,8.2943,9.4597,0.05,100.00,32.02,-1.77,57.40,358.84,6.56,81.4026,11.2998,9.9000,81.0786,11.2558,10.1128,6.42,1.77,32.02,81.9230,11.3677,9.5889,6.42,1.77,32.02,250.0675,11.9445,279.8723,0.00,100.00,182.67,-11.86,182.67,11.86,12.52
87.24,318.75,81.3454,8.2942,9.4624,0.08,100.00,32.01,-1.77,57.40,358.84,6.56,81.4068,11.2997,9.9027,81.0827,11.2557,10.1155,6.42,1.77,32.01,81.9272,11.3676,9.5916,6.42,1.77,32.01,250.0675,11.9445,279.8723,0.00,100.00,182.67,-11.86,182.67,11.86,12.52
87.29,318.74,81.3519,8.2972,9.4666,0.14,100.00,32.01,-1.77,57.40,358.84,6.56,81.4133,11.3026,9.9069,81.0892,11.2587,10.1196,6.42,1.77,32.01,81.9337,11.3705,9.5958,6.42,1.77,32.01,250.0675,11.9445,279.8723,0.00,100.00,182.67,-11.86,182.67,11.86,12.52
87.35,318.73,81.3603,8.2980,9.4720,0.17,100.00,32.01,-1.77,57.39,358.84,6.56,81.4217,11.3034,9.9123,81.0976,11.2595,10.1250,6.42,1.77,32.01,81.9421,11.3713,9.6012,6.42,1.77,32.01,250.0675,11.9445,279.8723,0.00,100.00,182.67,-11.86,182.67,11.86,12.52
87.41,318.72,81.3711,8.3011,9.4788,0.22,100.00,32.01,-1.77,57.39,358.84,6.56,81.4324,11.3065,9.9191,81.1084,11.2625,10.1319,6.42,1.77,32.01,81.9528,11.3744,9.6081,6.42,1.77,32.01,250.0675,11.9445,279.8723,0.00,100.00,182.67,-11.86,182.67,11.86,12.52
87.47,318.71,81.3837,8.3038,9.4869,0.26,100.00,32.01,-1.77,57.39,358.84,6.56,81.4450,11.3092,9.9272,81.1210,11.2653,10.1400,6.42,1.77,32.01,81.9655,11.3771,9.6162,6.42,1.77,32.01,250.0675,11.9445,279.8723,0.00,100.00,182.67,-11.86,182.67,11.86,12.52
87.53,318.70,81.3894,8.3089,9.4905,0.15,100.00,32.01,-1.77,57.39,358.84,6.56,81.4507,11.3143,9.9308,81.1266,11.2704,10.1436,6.42,1.77,32.01,81.9711,11.3822,9.6198,6.42,1.77,32.01,250.0675,11.9445,279.8723,0.00,100.00,182.67,-11.86,182.67,11.86,12.52
87.59,318.70,81.3894,8.3072,9.4905,0.03,100.00,32.01,-1.77,57.39,358.84,6.56,81.4507,11.3126,9.9308,81.1266,11.2687,10.1436,6.42,1.77,32.01,81.9711,11.3806,9.6198,6.42,1.77,32.01,250.0675,11.9445,279.8723,0.00,100.00,182.67,-11.86,182.67,11.86,12.52
87.65,318.70,81.3917,8.3131,9.4920,0.11,100.00,32.01,-1.77,57.39,358.84,6.56,81.4530,11.3185,9.9323,81.1289,11.2746,10.1451,6.42,1.77,32.01,81.9734,11.3864,9.6213,6.42,1.77,32.01,250.0675,11.9445,279.8723,0.00,100.00,182.67,-11.86,182.67,11.86,12.52
87.70,318.70,81.3957,8.3167,9.4946,0.10,100.00,32.01,-1.77,57.39,358.84,6.56,81.4571,11.3221,9.9349,81.1330,11.2781,10.1477,6.42,1.77,32.01,81.9775,11.3900,9.6239,6.42,1.77,32.01,250.0675,11.9445,279.8723,0.00,100.00,182.67,-11.86,182.67,11.86,12.52
87.76,318.69,81.4020,8.3237,9.4986,0.18,100.00,32.01,-1.77,57.39,358.84,6.56,81.4633,11.3291,9.9389,81.1393,11.2851,10.1517,6.42,1.77,32.01,81.9838,11.3970,9.6279,6.42,1.77,32.01,250.0675,11.9445,279.8723,0.00,100.00,182.67,-11.86,182.67,11.86,12.52
87.82,318.68,81.4100,8.2917,9.5037,0.57,100.00,32.01,-1.77,57.39,358.84,6.56,81.4713,11.2971,9.9440,81.1473,11.2531,10.1568,6.42,1.77,32.01,81.9918,11.3650,9.6330,6.42,1.77,32.01,250.0675,11.9445,279.8723,0.00,100.00,182.67,-11.86,182.67,11.86,12.52
87.88,318.67,81.4204,8.2921,9.5104,0.21,100.00,32.01,-1.77,57.39,358.84,6.56,81.4817,11.2975,9.9507,81.1576,11.2536,10.1634,6.42,1.77,32.01,82.0021,11.3655,9.6397,6.42,1.77,32.01,250.0675,11.9445,279.8723,0.00,100.00,182.67,-11.86,182.67,11.86,12.52
87.94,318.66,81.4332,8.2956,9.5186,0.27,100.00,32.01,-1.77,57.39,358.84,6.56,81.4945,11.3010,9.9589,81.1705,11.2571,10.1717,6.42,1.77,32.01,82.0150,11.3689,9.6479,6.42,1.77,32.01,250.0675,11.9445,279.8723,0.00,100.00,182.67,-11.86,182.67,11.86,12.52
87.99,318.64,81.4478,8.2985,9.5279,0.30,100.00,32.01,-1.77,57.39,358.84,6.56,81.5091,11.3039,9.9682,81.1851,11.2600,10.1810,6.42,1.77,32.01,82.0296,11.3719,9.6572,6.42,1.77,32.01,250.0675,11.9445,279.8723,0.00,100.00,182.67,-11.86,182.67,11.86,12.52
88.05,318.62,81.4646,8.3039,9.5386,0.36,100.00,32.00,-1.77,57.39,358.84,6.56,81.5259,11.3093,9.9790,81.2018,11.2653,10.1917,6.42,1.77,32.00,82.0463,11.3772,9.6680,6.42,1.77,32.00,250.0675,11.9445,279.8723,0.00,100.00,182.67,-11.86,182.67,11.86,12.52
88.11,318.60,81.4830,8.3044,9.5504,0.36,100.00,32.00,-1.77,57.39,358.84,6.56,81.5443,11.3098,9.9907,81.2202,11.2659,10.2035,6.42,1.77,32.00,82.0647,11.3777,9.6798,6.42,1.77,32.00,250.0675,11.9445,279.8723,0.00,100.00,182.67,-11.86,182.67,11.86,12.52
88.17,318.58,81.5045,8.3075,9.5642,0.44,100.00,32.00,-1.77,57.39,358.84,6.56,81.5658,11.3129,10.0045,81.2417,11.2690,10.2172,6.42,1.77,32.00,82.0862,11.3808,9.6935,6.42,1.77,32.00,250.0675,11.9445,279.8723,0.00,100.00,182.67,-11.86,182.67,11.86,12.52
88.23,318.56,81.5275,8.3105,9.5789,0.47,100.00,32.00,-1.77,57.39,358.84,6.56,81.5888,11.3159,10.0193,81.2648,11.2720,10.2320,6.42,1.77,32.00,82.1093,11.3838,9.7083,6.42,1.77,32.00,250.0675,11.9445,279.8723,0.00,100.00,182.67,-11.86,182.67,11.86,12.52
88.29,318.53,81.5528,8.3159,9.5951,0.53,100.00,32.00,-1.77,57.39,358.84,6.56,81.6140,11.3213,10.0354,81.2900,11.2774,10.2481,6.42,1.77,32.00,82.1345,11.3893,9.7244,6.42,1.77,32.00,250.0675,11.9445,279.8723,0.00,100.00,182.67,-11.86,182.67,11.86,12.52
88.34,318.50,81.5794,8.3184,9.6121,0.54,100.00,32.00,-1.77,57.39,358.84,6.56,81.6407,11.3238,10.0525,81.3166,11.2798,10.2652,6.42,1.77,32.00,82.1612,11.3917,9.7415,6.42,1.77,32.00,250.0675,11.9445,279.8723,0.00,100.00,182.67,-11.86,182.67,11.86,12.52
88.41,318.47,81.6090,8.3182,9.6310,0.58,100.00,32.00,-1.77,57.39,358.84,6.56,81.6703,11.3236,10.0714,81.3462,11.2797,10.2841,6.42,1.77,32.00,82.1908,11.3915,9.7604,6.42,1.77,32.00,250.0675,11.9445,279.8723,0.00,100.00,182.67,-11.86,182.67,11.86,12.52
88.46,318.43,81.6416,8.3248,9.6519,0.69,100.00,32.00,-1.77,57.39,358.84,6.56,81.7029,11.3302,10.0922,81.3788,11.2863,10.3050,6.42,1.77,32.00,82.2233,11.3981,9.7813,6.42,1.77,32.00,250.0675,11.9445,279.8723,0.00,100.00,182.67,-11.86,182.67,11.86,12.52
88.52,318.40,81.6741,8.3256,9.6727,0.64,100.00,32.00,-1.77,57.39,358.84,6.56,81.7354,11.3310,10.1131,81.4113,11.2871,10.3258,6.42,1.77,32.00,82.2559,11.3989,9.8021,6.42,1.77,32.00,250.0675,11.9445,279.8723,0.00,100.00,182.67,-11.86,182.67,11.86,12.52
88.58,318.37,81.7011,8.3305,9.6900,0.56,100.00,32.00,-1.77,57.39,358.84,6.56,81.7624,11.3359,10.1304,81.4384,11.2919,10.3431,6.42,1.77,32.00,82.2829,11.4038,9.8194,6.42,1.77,32.00,250.0675,11.9445,279.8723,0.00,100.00,182.67,-11.86,182.67,11.86,12.52
88.64,318.35,81.7203,8.2996,9.7023,0.66,100.00,32.00,-1.70,57.40,358.95,6.15,81.7984,11.3068,10.1277,81.4741,11.2657,10.3406,6.00,1.70,32.00,82.3192,11.3702,9.8163,6.00,1.70,32.00,250.0675,11.9445,279.8723,0.00,100.00,182.67,-11.86,182.67,11.86,12.52
88.70,318.33,81.7416,8.3004,9.7159,0.42,100.00,31.99,-1.67,57.41,359.00,5.97,81.8271,11.3083,10.1347,81.5027,11.2685,10.3477,5.82,1.67,31.99,82.3480,11.3698,9.8231,5.82,1.67,31.99,250.0675,11.9445,279.8723,0.00,100.00,182.67,-11.86,182.67,11.86,12.52
88.75,318.30,81.7659,8.3075,9.7314,0.53,100.00,31.99,-1.67,57.41,359.00,5.97,81.8513,11.3154,10.1502,81.5270,11.2756,10.3632,5.82,1.67,31.99,82.3723,11.3769,9.8386,5.82,1.67,31.99,250.0675,11.9445,279.8723,0.00,100.00,182.67,-11.86,182.67,11.86,12.52
88.81,318.28,81.7822,8.3138,9.7418,0.36,100.00,31.99,-1.67,57.41,359.00,5.97,81.8677,11.3217,10.1606,81.5433,11.2819,10.3737,5.82,1.67,31.99,82.3886,11.3832,9.8491,5.82,1.67,31.99,250.0675,11.9445,279.8723,0.00,100.00,182.67,-11.86,182.67,11.86,12.52
88.87,318.27,81.7920,8.3121,9.7481,0.19,100.00,31.99,-1.67,57.41,359.00,5.97,81.8775,11.3200,10.1669,81.5532,11.2802,10.3800,5.82,1.67,31.99,82.3985,11.3815,9.8554,5.82,1.67,31.99,250.0675,11.9445,279.8723,0.00,100.00,182.67,-11.86,182.67,11.86,12.52
88.93,318.27,81.7950,8.3147,9.7501,0.08,100.00,31.99,-1.67,57.41,359.00,5.97,81.8805,11.3226,10.1688,81.5562,11.2828,10.3819,5.82,1.67,31.99,82.4015,11.3841,9.8573,5.82,1.67,31.99,250.0675,11.9445,279.8723,0.00,100.00,182.67,-11.86,182.67,11.86,12.52
88.99,318.27,81.7950,8.3182,9.7501,0.06,100.00,31.99,-1.67,57.41,359.00,5.97,81.8805,11.3261,10.1688,81.5562,11.2863,10.3819,5.82,1.67,31.99,82.4015,11.3876,9.8573,5.82,1.67,31.99,250.0675,11.9445,279.8723,0.00,100.00,182.67,-11.86,182.67,11.86,12.52
89.05,318.27,81.7971,8.3223,9.7514,0.08,100.00,31.99,-1.67,57.40,359.00,5.97,81.8826,11.3302,10.1702,81.5582,11.2904,10.3832,5.82,1.67,31.99,82.4035,11.3917,9.8587,5.82,1.67,31.99,250.0675,11.9445,279.8723,0.00,100.00,182.67,-11.86,182.67,11.86,12.52
89.11,318.26,81.8012,8.3208,9.7540,0.08,100.00,31.99,-1.67,57.40,359.00,5.97,81.8867,11.3287,10.1728,81.5623,11.2889,10.3858,5.82,1.67,31.99,82.4077,11.3902,9.8613,5.82,1.67,31.99,250.0675,11.9445,279.8723,0.00,100.00,182.67,-11.86,182.67,11.86,12.52
89.17,318.25,81.8078,8.3165,9.7582,0.14,100.00,31.99,-1.67,57.40,359.00,5.97,81.8933,11.3244,10.1770,81.5689,11.2846,10.3901,5.82,1.67,31.99,82.4143,11.3859,9.8656,5.82,1.67,31.99,250.0675,11.9445,279.8723,0.00,100.00,182.67,-11.86,182.67,11.86,12.52
89.23,318.24,81.8170,8.3220,9.7641,0.21,100.00,31.96,-1.48,57.37,358.72,6.11,81.8857,11.3305,10.1815,81.5614,11.2890,10.3944,6.07,1.48,31.96,82.4065,11.3947,9.8703,6.07,1.48,31.96,250.0675,11.9445,279.8723,0.00,100.00,182.67,-11.86,182.67,11.86,12.52
89.28,318.24,81.8187,8.3245,9.7652,0.05,100.00,31.96,-1.46,57.36,358.69,6.13,81.8855,11.3331,10.1824,81.5613,11.2914,10.3953,6.10,1.46,31.96,82.4063,11.3976,9.8712,6.10,1.46,31.96,250.0675,11.9445,279.8723,0.00,100.00,182.67,-11.86,182.67,11.86,12.52
89.34,318.24,81.8187,8.3255,9.7652,0.02,100.00,31.96,-1.46,57.36,358.69,6.13,81.8855,11.3341,10.1824,81.5613,11.2924,10.3953,6.10,1.46,31.96,82.4063,11.3986,9.8712,6.10,1.46,31.96,250.0675,11.9445,279.8723,0.00,100.00,182.67,-11.86,182.67,11.86,12.52
89.40,318.24,81.8187,8.3320,9.7652,0.12,100.00,31.96,-1.46,57.36,358.69,6.13,81.8855,11.3406,10.1824,81.5613,11.2989,10.3953,6.10,1.46,31.96,82.4063,11.4051,9.8712,6.10,1.46,31.96,250.0675,11.9445,279.8723,0.00,100.00,182.67,-11.86,182.67,11.86,12.52
89.46,318.24,81.8187,8.3011,9.7652,0.54,100.00,31.96,-1.46,57.36,358.69,6.13,81.8855,11.3097,10.1824,81.5613,11.2680,10.3953,6.10,1.46,31.96,82.4063,11.3742,9.8712,6.10,1.46,31.96,250.0675,11.9445,279.8723,0.00,100.00,182.67,-11.86,182.67,11.86,12.52
89.52,318.24,81.8207,8.3001,9.7665,0.04,100.00,31.96,-1.46,57.37,358.69,6.13,81.8876,11.3087,10.1837,81.5633,11.2671,10.3966,6.10,1.46,31.96,82.4083,11.3732,9.8725,6.10,1.46,31.96,250.0675,11.9445,279.8723,0.00,100.00,182.67,-11.86,182.67,11.86,12.52
89.58,318.24,81.8251,8.3028,9.7693,0.10,100.00,31.97,-1.46,57.37,358.69,6.13,81.8920,11.3114,10.1865,81.5677,11.2698,10.3994,6.10,1.46,31.97,82.4127,11.3759,9.8753,6.10,1.46,31.97,250.0675,11.9445,279.8723,0.00,100.00,182.67,-11.86,182.67,11.86,12.52
89.64,318.23,81.8315,8.3048,9.7734,0.13,100.00,31.97,-1.46,57.37,358.69,6.13,81.8983,11.3134,10.1906,81.5741,11.2717,10.4035,6.10,1.46,31.97,82.4190,11.3779,9.8793,6.10,1.46,31.97,250.0675,11.9445,279.8723,0.00,100.00,182.67,-11.86,182.67,11.86,12.52
89.69,318.22,81.8400,8.3100,9.7788,0.20,100.00,31.97,-1.46,57.38,358.69,6.13,81.9069,11.3186,10.1960,81.5827,11.2769,10.4090,6.10,1.46,31.97,82.4276,11.3831,9.8847,6.10,1.46,31.97,250.0675,11.9445,279.8723,0.00,100.00,182.67,-11.86,182.67,11.86,12.52
89.75,318.21,81.8503,8.3135,9.7854,0.22,100.00,31.97,-1.46,57.38,358.69,6.13,81.9172,11.3221,10.2026,81.5929,11.2805,10.4155,6.10,1.46,31.97,82.4378,11.3867,9.8913,6.10,1.46,31.97,250.0675,11.9445,279.8723,0.00,100.00,182.67,-11.86,182.67,11.86,12.52
89.81,318.20,81.8628,8.3148,9.7934,0.25,100.00,31.98,-1.46,57.38,358.69,6.13,81.9297,11.3234,10.2106,81.6055,11.2818,10.4235,6.10,1.46,31.98,82.4504,11.3880,9.8993,6.10,1.46,31.98,250.0675,11.9445,279.8723,0.00,100.00,182.67,-11.86,182.67,11.86,12.52
89.87,318.19,81.8684,8.3209,9.7970,0.16,100.00,31.98,-1.46,57.38,358.69,6.13,81.9353,11.3295,10.2142,81.6111,11.2878,10.4271,6.10,1.46,31.98,82.4559,11.3940,9.9028,6.10,1.46,31.98,250.0675,11.9445,279.8723,0.00,100.00,182.67,-11.86,182.67,11.86,12.52
89.93,318.19,81.8684,8.3211,9.7970,0.00,100.00,31.98,-1.46,57.38,358.69,6.13,81.9353,11.3297,10.2142,81.6111,11.2880,10.4271,6.10,1.46,31.98,82.4560,11.3942,9.9028,6.10,1.46,31.98,250.0675,11.9445,279.8723,0.00,100.00,182.67,-11.86,182.67,11.86,12.52
89.99,318.19,81.8706,8.3244,9.7984,0.07,100.00,31.98,-1.46,57.38,358.69,6.13,81.9375,11.3330,10.2156,81.6133,11.2913,10.4285,6.10,1.46,31.98,82.4582,11.3975,9.9042,6.10,1.46,31.98,250.0675,11.9445,279.8723,0.00,100.00,182.67,-11.86,182.67,11.86,12.52
90.04,318.18,81.8748,8.3276,9.8011,0.10,100.00,31.98,-1.46,57.38,358.69,6.13,81.9417,11.3362,10.2183,81.6175,11.2946,10.4312,6.10,1.46,31.98,82.4624,11.4008,9.9069,6.10,1.46,31.98,250.0675,11.9445,279.8723,0.00,100.00,182.67,-11.86,182.67,11.86,12.52
90.10,318.18,81.8811,8.3346,9.8051,0.18,100.00,31.98,-1.46,57.38,358.69,6.13,81.9480,11.3432,10.2223,81.6238,11.3015,10.4353,6.10,1.46,31.98,82.4687,11.4077,9.9109,6.10,1.46,31.98,250.0675,11.9445,279.8723,0.00,100.00,182.67,-11.86,182.67,11.86,12.52
90.16,318.17,81.8891,8.3020,9.8103,0.58,100.00,31.98,-1.46,57.38,358.69,6.13,81.9560,11.3106,10.2274,81.6318,11.2689,10.4404,6.10,1.46,31.98,82.4767,11.3751,9.9160,6.10,1.46,31.98,250.0675,11.9445,279.8723,0.00,100.00,182.67,-11.86,182.67,11.86,12.52
90.22,318.16,81.8996,8.3050,9.8170,0.22,100.00,31.98,-1.46,57.38,358.69,6.13,81.9665,11.3136,10.2341,81.6423,11.2719,10.4471,6.10,1.46,31.98,82.4871,11.3781,9.9227,6.10,1.46,31.98,250.0675,11.9445,279.8723,0.00,100.00,182.67,-11.86,182.67,11.86,12.52
90.28,318.14,81.9122,8.3062,9.8250,0.25,100.00,31.98,-1.46,57.38,358.69,6.13,81.9790,11.3148,10.2421,81.6549,11.2732,10.4551,6.10,1.46,31.98,82.4997,11.3793,9.9307,6.10,1.46,31.98,250.0675,11.9445,279.8723,0.00,100.00,182.67,-11.86,182.67,11.86,12.52
90.33,318.13,81.9271,8.3152,9.8345,0.36,100.00,31.98,-1.46,57.38,358.69,6.13,81.9940,11.3238,10.2517,81.6698,11.2822,10.4647,6.10,1.46,31.98,82.5146,11.3884,9.9403,6.10,1.46,31.98,250.0675,11.9445,279.8723,0.00,100.00,182.67,-11.86,182.67,11.86,12.52
90.39,318.11,81.9428,8.3155,9.8446,0.31,100.00,31.98,-1.46,57.38,358.69,6.13,82.0097,11.3241,10.2617,81.6855,11.2825,10.4747,6.10,1.46,31.98,82.5303,11.3886,9.9503,6.10,1.46,31.98,250.0675,11.9445,279.8723,0.00,100.00,182.67,-11.86,182.67,11.86,12.52
90.45,318.09,81.9621,8.3227,9.8570,0.43,100.00,31.98,-1.46,57.39,358.69,6.13,82.0290,11.3313,10.2741,81.7048,11.2896,10.4871,6.10,1.46,31.98,82.5497,11.3958,9.9627,6.10,1.46,31.98,250.0675,11.9445,279.8723,0.00,100.00,182.67,-11.86,182.67,11.86,12.52
90.51,318.07,81.9822,8.3257,9.8698,0.41,100.00,31.98,-1.46,57.39,358.69,6.13,82.0491,11.3343,10.2869,81.7249,11.2927,10.4999,6.10,1.46,31.98,82.5697,11.3988,9.9755,6.10,1.46,31.98,250.0675,11.9445,279.8723,0.00,100.00,182.67,-11.86,182.67,11.86,12.52
90.56,318.04,82.0052,8.3293,9.8845,0.47,100.00,31.98,-1.46,57.39,358.69,6.13,82.0721,11.3379,10.3016,81.7479,11.2963,10.5146,6.10,1.46,31.98,82.5927,11.4025,9.9902,6.10,1.46,31.98,250.0675,11.9445,279.8723,0.00,100.00,182.67,-11.86,182.67,11.86,12.52
90.62,318.02,82.0301,8.3329,9.9005,0.51,100.00,31.98,-1.46,57.39,358.69,6.13,82.0970,11.3415,10.3176,81.7728,11.2999,10.5306,6.10,1.46,31.98,82.6177,11.4061,10.0062,6.10,1.46,31.98,250.0675,11.9445,279.8723,0.00,100.00,182.67,-11.86,182.67,11.86,12.52
90.68,318.00,82.0481,8.3402,9.9120,0.40,100.00,31.98,-1.46,57.39,358.69,6.13,82.1150,11.3488,10.3291,81.7909,11.3072,10.5421,6.10,1.46,31.98,82.6357,11.4133,10.0177,6.10,1.46,31.98,250.0675,11.9445,279.8723,0.00,100.00,182.67,-11.86,182.67,11.86,12.52
90.74,317.99,82.0590,8.3069,9.9190,0.61,100.00,31.98,-1.46,57.39,358.69,6.13,82.1259,11.3155,10.3361,81.8017,11.2738,10.5491,6.10,1.46,31.98,82.6466,11.3800,10.0247,6.10,1.46,31.98,250.0675,11.9445,279.8723,0.00,100.00,182.67,-11.86,182.67,11.86,12.52
90.80,317.98,82.0633,8.3120,9.9217,0.13,100.00,31.98,-1.46,57.39,358.69,6.13,82.1302,11.3206,10.3389,81.8060,11.2789,10.5518,6.10,1.46,31.98,82.6509,11.3851,10.0275,6.10,1.46,31.98,250.0675,11.9445,279.8723,0.00,100.00,182.67,-11.86,182.67,11.86,12.52
90.85,317.98,82.0633,8.3127,9.9217,0.01,100.00,31.98,-1.46,57.39,358.69,6.13,82.1302,11.3213,10.3389,81.8060,11.2797,10.5518,6.10,1.46,31.98,82.6509,11.3859,10.0275,6.10,1.46,31.98,250.0675,11.9445,279.8723,0.00,100.00,182.67,-11.86,182.67,11.86,12.52
90.91,317.98,82.0633,8.3147,9.9217,0.03,100.00,31.98,-1.46,57.39,358.69,6.13,82.1302,11.3233,10.3389,81.8060,11.2816,10.5518,6.10,1.46,31.98,82.6509,11.3878,10.0275,6.10,1.46,31.98,250.0675,11.9445,279.8723,0.00,100.00,182.67,-11.86,182.67,11.86,12.52
90.97,317.98,82.0633,8.3155,9.9217,0.01,100.00,31.98,-1.46,57.39,358.69,6.13,82.1302,11.3241,10.3388,81.8060,11.2824,10.5518,6.10,1.46,31.98,82.6509,11.3886,10.0275,6.10,1.46,31.98,250.0675,11.9445,279.8723,0.00,100.00,182.67,-11.86,182.67,11.86,12.52
91.03,317.98,82.0633,8.3222,9.9217,0.12,100.00,31.98,-1.46,57.39,358.69,6.13,82.1302,11.3308,10.3388,81.8060,11.2892,10.5518,6.10,1.46,31.98,82.6509,11.3954,10.0274,6.10,1.46,31.98,250.0675,11.9445,279.8723,0.00,100.00,182.67,-11.86,182.67,11.86,12.52
91.09,317.98,82.0633,8.3255,9.9217,0.06,100.00,31.98,-1.46,57.39,358.69,6.13,82.1302,11.3341,10.3388,81.8060,11.2924,10.5518,6.10,1.46,31.98,82.6509,11.3986,10.0274,6.10,1.46,31.98,250.0675,11.9445,279.8723,0.00,100.00,182.67,-11.86,182.67,11.86,12.52
91.15,317.98,82.0654,8.3256,9.9230,0.04,100.00,31.98,-1.46,57.39,358.69,6.13,82.1323,11.3342,10.3402,81.8081,11.2925,10.5532,6.10,1.46,31.98,82.6529,11.3987,10.0288,6.10,1.46,31.98,250.0675,11.9445,279.8723,0.00,100.00,182.67,-11.86,182.67,11.86,12.52
91.21,317.97,82.0697,8.3290,9.9258,0.11,100.00,31.98,-1.46,57.39,358.69,6.13,82.1366,11.3376,10.3429,81.8124,11.2959,10.5559,6.10,1.46,31.98,82.6573,11.4021,10.0316,6.10,1.46,31.98,250.0675,11.9445,279.8723,0.00,100.00,182.67,-11.86,182.67,11.86,12.52
91.26,317.97,82.0697,8.3308,9.9258,0.03,100.00,31.98,-1.46,57.39,358.69,6.13,82.1366,11.3394,10.3429,81.8124,11.2977,10.5559,6.10,1.46,31.98,82.6573,11.4039,10.0315,6.10,1.46,31.98,250.0675,11.9445,279.8723,0.00,100.00,182.67,-11.86,182.67,11.86,12.52
91.32,317.97,82.0697,8.3323,9.9258,0.03,100.00,31.98,-1.46,57.39,358.69,6.13,82.1366,11.3409,10.3429,81.8124,11.2993,10.5559,6.10,1.46,31.98,82.6573,11.4054,10.0315,6.10,1.46,31.98,250.0675,11.9445,279.8723,0.00,100.00,182.67,-11.86,182.67,11.86,12.52
91.38,317.97,82.0697,8.3392,9.9258,0.12,100.00,31.98,-1.46,57.39,358.69,6.13,82.1366,11.3479,10.3429,81.8124,11.3062,10.5559,6.10,1.46,31.98,82.6573,11.4124,10.0315,6.10,1.46,31.98,250.0675,11.9445,279.8723,0.00,100.00,182.67,-11.86,182.67,11.86,12.52
91.44,317.97,82.0697,8.3407,9.9258,0.02,100.00,31.98,-1.46,57.39,358.69,6.13,82.1366,11.3493,10.3429,81.8124,11.3077,10.5559,6.10,1.46,31.98,82.6573,11.4138,10.0315,6.10,1.46,31.98,250.0675,11.9445,279.8723,0.00,100.00,182.67,-11.86,182.67,11.86,12.52
91.50,317.97,82.0719,8.3115,9.9272,0.52,100.00,31.98,-1.46,57.39,358.69,6.13,82.1388,11.3201,10.3443,81.8146,11.2784,10.5573,6.10,1.46,31.98,82.6594,11.3846,10.0329,6.10,1.46,31.98,250.0675,11.9445,279.8723,0.00,100.00,182.67,-11.86,182.67,11.86,12.52
91.55,317.97,82.0759,8.3131,9.9298,0.08,100.00,31.98,-1.46,57.39,358.69,6.13,82.1428,11.3217,10.3469,81.8186,11.2800,10.5599,6.10,1.46,31.98,82.6634,11.3862,10.0355,6.10,1.46,31.98,250.0675,11.9445,279.8723,0.00,100.00,182.67,-11.86,182.67,11.86,12.52
91.61,317.97,82.0759,8.3168,9.9298,0.06,100.00,31.98,-1.46,57.39,358.69,6.13,82.1428,11.3254,10.3469,81.8186,11.2837,10.5599,6.10,1.46,31.98,82.6634,11.3899,10.0355,6.10,1.46,31.98,250.0675,11.9445,279.8723,0.00,100.00,182.67,-11.86,182.67,11.86,12.52
91.67,317.97,82.0759,8.3157,9.9298,0.02,100.00,31.98,-1.46,57.39,358.69,6.13,82.1428,11.3244,10.3469,81.8186,11.2827,10.5599,6.10,1.46,31.98,82.6634,11.3889,10.0355,6.10,1.46,31.98,250.0675,11.9445,279.8723,0.00,100.00,182.67,-11.86,182.67,11.86,12.52
91.73,317.97,82.0781,8.3196,9.9312,0.08,100.00,31.98,-1.46,57.39,358.69,6.13,82.1450,11.3282,10.3483,81.8209,11.2866,10.5613,6.10,1.46,31.98,82.6657,11.3928,10.0369,6.10,1.46,31.98,250.0675,11.9445,279.8723,0.00,100.00,182.67,-11.86,182.67,11.86,12.52
91.79,317.96,82.0823,8.3228,9.9339,0.10,100.00,31.98,-1.46,57.39,358.69,6.13,82.1493,11.3314,10.3510,81.8251,11.2897,10.5640,6.10,1.46,31.98,82.6699,11.3959,10.0396,6.10,1.46,31.98,250.0675,11.9445,279.8723,0.00,100.00,182.67,-11.86,182.67,11.86,12.52
91.85,317.95,82.0887,8.3229,9.9379,0.13,100.00,32.00,-1.62,57.41,358.95,5.96,82.1718,11.3311,10.3549,81.8475,11.2912,10.5680,5.84,1.62,32.00,82.6926,11.3928,10.0433,5.84,1.62,32.00,250.0675,11.9445,279.8723,0.00,100.00,182.67,-11.86,182.67,11.86,12.52
91.91,317.94,82.0974,8.3238,9.9435,0.17,100.00,32.00,-1.63,57.42,358.97,5.95,82.1823,11.3320,10.3604,81.8580,11.2922,10.5736,5.81,1.63,32.00,82.7032,11.3934,10.0488,5.81,1.63,32.00,250.0675,11.9445,279.8723,0.00,100.00,182.67,-11.86,182.67,11.86,12.52
91.96,317.93,82.1082,8.3317,9.9505,0.27,100.00,32.00,-1.63,57.42,358.97,5.95,82.1931,11.3399,10.3674,81.8688,11.3001,10.5805,5.81,1.63,32.00,82.7140,11.4013,10.0557,5.81,1.63,32.00,250.0675,11.9445,279.8723,0.00,100.00,182.67,-11.86,182.67,11.86,12.52
92.03,317.92,82.1203,8.3312,9.9582,0.24,100.00,32.00,-1.63,57.42,358.97,5.95,82.2052,11.3394,10.3751,81.8808,11.2997,10.5882,5.81,1.63,32.00,82.7260,11.4008,10.0634,5.81,1.63,32.00,250.0675,11.9445,279.8723,0.00,100.00,182.67,-11.86,182.67,11.86,12.52
92.09,317.91,82.1259,8.3313,9.9617,0.11,100.00,32.00,-1.63,57.42,358.97,5.95,82.2108,11.3395,10.3786,81.8864,11.2997,10.5918,5.81,1.63,32.00,82.7316,11.4009,10.0670,5.81,1.63,32.00,250.0675,11.9445,279.8723,0.00,100.00,182.67,-11.86,182.67,11.86,12.52
92.15,317.91,82.1259,8.3313,9.9617,0.00,100.00,32.00,-1.63,57.42,358.97,5.95,82.2108,11.3395,10.3786,81.8864,11.2998,10.5918,5.81,1.63,32.00,82.7316,11.4010,10.0670,5.81,1.63,32.00,250.0675,11.9445,279.8723,0.00,100.00,182.67,-11.86,182.67,11.86,12.52
92.20,317.91,82.1281,8.3380,9.9631,0.13,100.00,32.00,-1.63,57.41,358.97,5.95,82.2129,11.3462,10.3801,81.8886,11.3064,10.5932,5.81,1.63,32.00,82.7338,11.4076,10.0684,5.81,1.63,32.00,250.0675,11.9445,279.8723,0.00,100.00,182.67,-11.86,182.67,11.86,12.52
92.26,317.91,82.1321,8.3406,9.9657,0.09,100.00,32.00,-1.63,57.41,358.97,5.95,82.2169,11.3488,10.3826,81.8926,11.3091,10.5957,5.81,1.63,32.00,82.7379,11.4102,10.0711,5.81,1.63,32.00,250.0675,11.9445,279.8723,0.00,100.00,182.67,-11.86,182.67,11.86,12.52
92.32,317.90,82.1384,8.3399,9.9697,0.12,100.00,31.99,-1.63,57.41,358.97,5.95,82.2232,11.3481,10.3867,81.8989,11.3084,10.5998,5.81,1.63,31.99,82.7441,11.4095,10.0751,5.81,1.63,31.99,250.0675,11.9445,279.8723,0.00,100.00,182.67,-11.86,182.67,11.86,12.52
92.38,317.89,82.1471,8.3082,9.9753,0.57,100.00,31.99,-1.63,57.40,358.98,5.95,82.2319,11.3164,10.3923,81.9076,11.2767,10.6053,5.81,1.63,31.99,82.7529,11.3778,10.0808,5.81,1.63,31.99,250.0675,11.9445,279.8723,0.00,100.00,182.67,-11.86,182.67,11.86,12.52
92.44,317.88,82.1576,8.3133,9.9820,0.23,100.00,31.99,-1.64,57.40,358.98,5.95,82.2424,11.3215,10.3990,81.9180,11.2818,10.6120,5.81,1.64,31.99,82.7633,11.3829,10.0875,5.81,1.64,31.99,250.0675,11.9445,279.8723,0.00,100.00,182.67,-11.86,182.67,11.86,12.52
92.49,317.87,82.1699,8.3153,9.9899,0.25,100.00,31.98,-1.64,57.40,358.98,5.95,82.2547,11.3235,10.4069,81.9303,11.2838,10.6199,5.81,1.64,31.98,82.7757,11.3849,10.0954,5.81,1.64,31.98,250.0675,11.9445,279.8723,0.00,100.00,182.67,-11.86,182.67,11.86,12.52
92.55,317.85,82.1847,8.3173,9.9994,0.30,100.00,31.98,-1.64,57.40,358.98,5.95,82.2695,11.3254,10.4164,81.9451,11.2857,10.6294,5.81,1.64,31.98,82.7905,11.3868,10.1049,5.81,1.64,31.98,250.0675,11.9445,279.8723,0.00,100.00,182.67,-11.86,182.67,11.86,12.52
92.61,317.83,82.2017,8.3243,10.0102,0.38,100.00,31.98,-1.64,57.39,358.98,5.95,82.2865,11.3325,10.4272,81.9621,11.2927,10.6403,5.81,1.64,31.98,82.8075,11.3939,10.1158,5.81,1.64,31.98,250.0675,11.9445,279.8723,0.00,100.00,182.67,-11.86,182.67,11.86,12.52
92.67,317.82,82.2114,8.3245,10.0164,0.19,100.00,31.98,-1.64,57.39,358.98,5.95,82.2962,11.3326,10.4335,81.9718,11.2929,10.6465,5.81,1.64,31.98,82.8172,11.3940,10.1220,5.81,1.64,31.98,250.0675,11.9445,279.8723,0.00,100.00,182.67,-11.86,182.67,11.86,12.52
92.73,317.82,82.2144,8.3295,10.0184,0.11,100.00,31.98,-1.64,57.39,358.98,5.95,82.2992,11.3377,10.4354,81.9748,11.2980,10.6484,5.81,1.64,31.98,82.8202,11.3991,10.1239,5.81,1.64,31.98,250.0675,11.9445,279.8723,0.00,100.00,182.67,-11.86,182.67,11.86,12.52
92.79,317.81,82.2192,8.3298,10.0215,0.10,100.00,31.98,-1.64,57.39,358.98,5.95,82.3041,11.3379,10.4385,81.9796,11.2982,10.6515,5.81,1.64,31.98,82.8251,11.3993,10.1270,5.81,1.64,31.98,250.0675,11.9445,279.8723,0.00,100.00,182.67,-11.86,182.67,11.86,12.52
92.84,317.81,82.2265,8.3366,10.0261,0.20,100.00,31.98,-1.64,57.39,358.98,5.95,82.3114,11.3448,10.4431,81.9869,11.3051,10.6562,5.81,1.64,31.98,82.8324,11.4062,10.1317,5.81,1.64,31.98,250.0675,11.9445,279.8723,0.00,100.00,182.67,-11.86,182.67,11.86,12.52
92.90,317.80,82.2353,8.3368,10.0317,0.17,100.00,31.98,-1.64,57.39,358.98,5.95,82.3201,11.3450,10.4488,81.9957,11.3052,10.6618,5.81,1.64,31.98,82.8411,11.4064,10.1373,5.81,1.64,31.98,250.0675,11.9445,279.8723,0.00,100.00,182.67,-11.86,182.67,11.86,12.52
92.96,317.78,82.2469,8.3413,10.0391,0.25,100.00,31.98,-1.64,57.39,358.98,5.95,82.3317,11.3494,10.4562,82.0073,11.3097,10.6692,5.81,1.64,31.98,82.8527,11.4108,10.1448,5.81,1.64,31.98,250.0675,11.9445,279.8723,0.00,100.00,182.67,-11.86,182.67,11.86,12.52
93.02,317.78,82.2512,8.3446,10.0419,0.11,100.00,31.99,-1.77,57.38,358.90,6.40,82.3200,11.3507,10.4770,81.9958,11.3079,10.6897,6.25,1.77,31.99,82.8407,11.4167,10.1659,6.25,1.77,31.99,250.0675,11.9445,279.8723,0.00,100.00,182.67,-11.86,182.67,11.86,12.52
93.08,317.78,82.2512,8.3127,10.0419,0.55,100.00,31.99,-1.75,57.39,358.92,6.33,82.3227,11.3190,10.4746,81.9985,11.2767,10.6874,6.18,1.75,31.99,82.8434,11.3843,10.1635,6.18,1.75,31.99,250.0675,11.9445,279.8723,0.00,100.00,182.67,-11.86,182.67,11.86,12.52
93.14,317.78,82.2533,8.3447,10.0432,0.52,100.00,31.99,-1.78,57.38,358.90,6.46,82.3202,11.3504,10.4806,81.9960,11.3073,10.6934,6.30,1.78,31.99,82.8408,11.4171,10.1697,6.30,1.78,31.99,250.0675,11.9445,279.8723,0.00,100.00,182.67,-11.86,182.67,11.86,12.52
93.20,317.77,82.2579,8.3128,10.0462,0.56,100.00,31.99,-1.78,57.38,358.90,6.46,82.3248,11.3185,10.4836,82.0006,11.2754,10.6963,6.30,1.78,31.99,82.8454,11.3852,10.1726,6.30,1.78,31.99,250.0675,11.9445,279.8723,0.00,100.00,182.67,-11.86,182.67,11.86,12.52
93.26,317.77,82.2579,8.3112,10.0462,0.03,100.00,31.99,-1.78,57.38,358.90,6.46,82.3248,11.3170,10.4836,82.0006,11.2739,10.6963,6.30,1.78,31.99,82.8454,11.3836,10.1726,6.30,1.78,31.99,250.0675,11.9445,279.8723,0.00,100.00,182.67,-11.86,182.67,11.86,12.52
93.32,317.77,82.2579,8.3119,10.0462,0.01,100.00,31.99,-1.78,57.38,358.90,6.46,82.3248,11.3176,10.4836,82.0006,11.2745,10.6963,6.30,1.78,31.99,82.8454,11.3842,10.1726,6.30,1.78,31.99,250.0675,11.9445,279.8723,0.00,100.00,182.67,-11.86,182.67,11.86,12.52
93.38,317.77,82.2601,8.3145,10.0476,0.06,100.00,31.99,-1.78,57.38,358.90,6.46,82.3270,11.3202,10.4850,82.0028,11.2771,10.6977,6.30,1.78,31.99,82.8476,11.3868,10.1740,6.30,1.78,31.99,250.0675,11.9445,279.8723,0.00,100.00,182.67,-11.86,182.67,11.86,12.52
93.44,317.77,82.2643,8.3129,10.0503,0.09,100.00,31.99,-1.78,57.38,358.90,6.46,82.3312,11.3186,10.4877,82.0071,11.2755,10.7004,6.30,1.78,31.99,82.8518,11.3852,10.1767,6.30,1.78,31.99,250.0675,11.9445,279.8723,0.00,100.00,182.67,-11.86,182.67,11.86,12.52
93.50,317.77,82.2643,8.3131,10.0503,0.00,100.00,31.99,-1.78,57.38,358.90,6.46,82.3312,11.3188,10.4877,82.0071,11.2757,10.7004,6.30,1.78,31.99,82.8518,11.3854,10.1767,6.30,1.78,31.99,250.0675,11.9445,279.8723,0.00,100.00,182.67,-11.86,182.67,11.86,12.52
93.56,317.77,82.2643,8.3156,10.0503,0.04,100.00,31.99,-1.78,57.38,358.90,6.46,82.3312,11.3213,10.4877,82.0071,11.2782,10.7004,6.30,1.78,31.99,82.8518,11.3879,10.1767,6.30,1.78,31.99,250.0675,11.9445,279.8723,0.00,100.00,182.67,-11.86,182.67,11.86,12.52
93.62,317.76,82.2664,8.3146,10.0516,0.04,100.00,31.99,-1.78,57.38,358.90,6.46,82.3333,11.3203,10.4890,82.0092,11.2772,10.7018,6.30,1.78,31.99,82.8539,11.3869,10.1780,6.30,1.78,31.99,250.0675,11.9445,279.8723,0.00,100.00,182.67,-11.86,182.67,11.86,12.52
93.68,317.76,82.2708,8.3165,10.0545,0.10,100.00,31.99,-1.78,57.38,358.90,6.46,82.3378,11.3222,10.4919,82.0136,11.2791,10.7046,6.30,1.78,31.99,82.8584,11.3889,10.1809,6.30,1.78,31.99,250.0675,11.9445,279.8723,0.00,100.00,182.67,-11.86,182.67,11.86,12.52
93.73,317.75,82.2773,8.3237,10.0586,0.19,100.00,31.99,-1.78,57.38,358.90,6.46,82.3442,11.3295,10.4960,82.0200,11.2863,10.7087,6.30,1.78,31.99,82.8648,11.3961,10.1850,6.30,1.78,31.99,250.0675,11.9445,279.8723,0.00,100.00,182.67,-11.86,182.67,11.86,12.52
93.79,317.74,82.2854,8.3249,10.0638,0.16,100.00,32.00,-1.78,57.39,358.90,6.46,82.3523,11.3307,10.5011,82.0281,11.2876,10.7139,6.30,1.78,32.00,82.8729,11.3973,10.1901,6.30,1.78,32.00,250.0675,11.9445,279.8723,0.00,100.00,182.67,-11.86,182.67,11.86,12.52
93.85,317.73,82.2961,8.3270,10.0706,0.22,100.00,32.00,-1.78,57.39,358.90,6.46,82.3630,11.3327,10.5080,82.0388,11.2896,10.7207,6.30,1.78,32.00,82.8836,11.3994,10.1970,6.30,1.78,32.00,250.0675,11.9445,279.8723,0.00,100.00,182.67,-11.86,182.67,11.86,12.52
93.91,317.72,82.3088,8.3317,10.0788,0.28,100.00,32.00,-1.78,57.39,358.90,6.46,82.3757,11.3374,10.5162,82.0516,11.2943,10.7289,6.30,1.78,32.00,82.8964,11.4040,10.2051,6.30,1.78,32.00,250.0675,11.9445,279.8723,0.00,100.00,182.67,-11.86,182.67,11.86,12.52
93.97,317.70,82.3233,8.3317,10.0880,0.29,100.00,32.00,-1.78,57.39,358.90,6.46,82.3902,11.3375,10.5254,82.0661,11.2943,10.7382,6.30,1.78,32.00,82.9108,11.4041,10.2144,6.30,1.78,32.00,250.0675,11.9445,279.8723,0.00,100.00,182.67,-11.86,182.67,11.86,12.52
94.03,317.68,82.3407,8.3358,10.0992,0.36,100.00,32.00,-1.78,57.39,358.90,6.46,82.4076,11.3415,10.5365,82.0834,11.2984,10.7493,6.30,1.78,32.00,82.9282,11.4081,10.2255,6.30,1.78,32.00,250.0675,11.9445,279.8723,0.00,100.00,182.67,-11.86,182.67,11.86,12.52
94.08,317.67,82.3505,8.3386,10.1055,0.21,100.00,32.00,-1.78,57.39,358.90,6.46,82.4174,11.3443,10.5428,82.0933,11.3012,10.7556,6.30,1.78,32.00,82.9381,11.4110,10.2318,6.30,1.78,32.00,250.0675,11.9445,279.8723,0.00,100.00,182.67,-11.86,182.67,11.86,12.52
94.14,317.67,82.3535,8.3369,10.1073,0.06,100.00,32.00,-1.78,57.39,358.90,6.46,82.4204,11.3426,10.5447,82.0962,11.2995,10.7575,6.30,1.78,32.00,82.9410,11.4092,10.2337,6.30,1.78,32.00,250.0675,11.9445,279.8723,0.00,100.00,182.67,-11.86,182.67,11.86,12.52
94.20,317.66,82.3588,8.3404,10.1108,0.13,100.00,32.00,-1.78,57.39,358.90,6.46,82.4258,11.3461,10.5482,82.1016,11.3030,10.7609,6.30,1.78,32.00,82.9464,11.4127,10.2371,6.30,1.78,32.00,250.0675,11.9445,279.8723,0.00,100.00,182.67,-11.86,182.67,11.86,12.52
94.26,317.66,82.3660,8.3423,10.1154,0.15,100.00,32.00,-1.78,57.39,358.90,6.46,82.4329,11.3480,10.5528,82.1088,11.3049,10.7655,6.30,1.78,32.00,82.9535,11.4147,10.2417,6.30,1.78,32.00,250.0675,11.9445,279.8723,0.00,100.00,182.67,-11.86,182.67,11.86,12.52
94.32,317.65,82.3754,8.3131,10.1214,0.55,100.00,32.00,-1.78,57.39,358.90,6.46,82.4423,11.3188,10.5588,82.1182,11.2757,10.7715,6.30,1.78,32.00,82.9630,11.3855,10.2478,6.30,1.78,32.00,250.0675,11.9445,279.8723,0.00,100.00,182.67,-11.86,182.67,11.86,12.52
94.38,317.63,82.3864,8.3149,10.1285,0.22,100.00,32.00,-1.78,57.39,358.90,6.46,82.4534,11.3206,10.5658,82.1292,11.2775,10.7786,6.30,1.78,32.00,82.9740,11.3872,10.2548,6.30,1.78,32.00,250.0675,11.9445,279.8723,0.00,100.00,182.67,-11.86,182.67,11.86,12.52
94.43,317.62,82.4001,8.3203,10.1372,0.30,100.00,32.00,-1.78,57.39,358.90,6.46,82.4670,11.3260,10.5746,82.1429,11.2829,10.7873,6.30,1.78,32.00,82.9876,11.3927,10.2635,6.30,1.78,32.00,250.0675,11.9445,279.8723,0.00,100.00,182.67,-11.86,182.67,11.86,12.52
94.50,317.60,82.4153,8.3162,10.1469,0.30,100.00,32.00,-1.78,57.39,358.90,6.46,82.4822,11.3219,10.5843,82.1580,11.2788,10.7970,6.30,1.78,32.00,83.0028,11.3885,10.2733,6.30,1.78,32.00,250.0675,11.9445,279.8723,0.00,100.00,182.67,-11.86,182.67,11.86,12.52
94.56,317.58,82.4343,8.3488,10.1591,0.64,100.00,32.00,-1.78,57.39,358.90,6.46,82.5012,11.3545,10.5965,82.1771,11.3114,10.8092,6.30,1.78,32.00,83.0218,11.4212,10.2854,6.30,1.78,32.00,250.0675,11.9445,279.8723,0.00,100.00,182.67,-11.86,182.67,11.86,12.52
94.62,317.56,82.4554,8.3157,10.1726,0.70,100.00,32.00,-1.78,57.39,358.90,6.46,82.5224,11.3214,10.6100,82.1982,11.2783,10.8227,6.30,1.78,32.00,83.0430,11.3881,10.2990,6.30,1.78,32.00,250.0675,11.9445,279.8723,0.00,100.00,182.67,-11.86,182.67,11.86,12.52
94.67,317.55,82.4685,8.3219,10.1810,0.29,100.00,32.00,-1.78,57.39,358.90,6.46,82.5354,11.3276,10.6183,82.2113,11.2845,10.8311,6.30,1.78,32.00,83.0560,11.3942,10.3073,6.30,1.78,32.00,250.0675,11.9445,279.8723,0.00,100.00,182.67,-11.86,182.67,11.86,12.52
94.73,317.54,82.4745,8.3221,10.1848,0.12,100.00,32.00,-1.78,57.39,358.90,6.46,82.5414,11.3279,10.6222,82.2172,11.2848,10.8349,6.30,1.78,32.00,83.0620,11.3945,10.3111,6.30,1.78,32.00,250.0675,11.9445,279.8723,0.00,100.00,182.67,-11.86,182.67,11.86,12.52
94.79,317.53,82.4830,8.3241,10.1902,0.17,100.00,32.00,-1.78,57.39,358.90,6.46,82.5499,11.3298,10.6276,82.2258,11.2867,10.8404,6.30,1.78,32.00,83.0705,11.3964,10.3166,6.30,1.78,32.00,250.0675,11.9445,279.8723,0.00,100.00,182.67,-11.86,182.67,11.86,12.52
94.85,317.52,82.4935,8.3275,10.1970,0.22,100.00,32.00,-1.78,57.39,358.90,6.46,82.5605,11.3332,10.6343,82.2363,11.2901,10.8471,6.30,1.78,32.00,83.0811,11.3998,10.3233,6.30,1.78,32.00,250.0675,11.9445,279.8723,0.00,100.00,182.67,-11.86,182.67,11.86,12.52
94.91,317.51,82.5060,8.3311,10.2050,0.26,100.00,32.00,-1.78,57.39,358.90,6.46,82.5729,11.3369,10.6423,82.2488,11.2938,10.8551,6.30,1.78,32.00,83.0935,11.4035,10.3313,6.30,1.78,32.00,250.0675,11.9445,279.8723,0.00,100.00,182.67,-11.86,182.67,11.86,12.52
94.97,317.49,82.5205,8.3313,10.2142,0.29,100.00,32.00,-1.78,57.39,358.90,6.46,82.5874,11.3371,10.6516,82.2633,11.2940,10.8644,6.30,1.78,32.00,83.1080,11.4037,10.3406,6.30,1.78,32.00,250.0675,11.9445,279.8723,0.00,100.00,182.67,-11.86,182.67,11.86,12.52
95.03,317.47,82.5377,8.3378,10.2253,0.38,100.00,32.00,-1.78,57.39,358.90,6.46,82.6047,11.3436,10.6626,82.2805,11.3004,10.8754,6.30,1.78,32.00,83.1253,11.4102,10.3516,6.30,1.78,32.00,250.0675,11.9445,279.8723,0.00,100.00,182.67,-11.86,182.67,11.86,12.52
95.08,317.45,82.5559,8.3423,10.2369,0.38,100.00,33.51,-1.62,57.39,358.90,6.46,82.6228,11.3480,10.6743,82.3045,11.3046,10.8956,6.35,1.62,33.51,83.1349,11.4151,10.3495,6.35,1.62,33.51,250.0675,11.9445,279.8723,0.00,100.00,182.67,-11.86,182.67,11.86,12.52
95.14,317.43,82.5776,8.3441,10.2508,0.43,100.00,33.55,-1.61,55.86,359.07,6.48,82.6396,11.3488,10.6960,82.3214,11.3054,10.9176,6.35,1.61,33.55,83.1514,11.4159,10.3708,6.35,1.61,33.55,250.0675,11.9445,279.8723,0.00,100.00,182.67,-11.86,182.67,11.86,12.52
95.20,317.40,82.6028,8.3451,10.2678,0.51,100.00,31.98,-1.79,54.30,359.25,6.51,82.6594,11.3487,10.7210,82.3352,11.3056,10.9337,6.30,1.79,31.98,83.1801,11.4153,10.4101,6.30,1.79,31.98,250.0675,11.9445,279.8723,0.00,100.00,182.67,-11.86,182.67,11.86,12.52
95.26,317.38,82.6206,8.3512,10.2806,0.40,100.00,31.98,-1.79,54.30,359.25,6.51,82.6773,11.3548,10.7338,82.3530,11.3117,10.9465,6.30,1.79,31.98,83.1979,11.4214,10.4229,6.30,1.79,31.98,250.0675,11.9445,279.8723,0.00,100.00,182.67,-11.86,182.67,11.86,12.52
95.32,317.37,82.6311,8.3498,10.2881,0.21,100.00,32.49,-1.73,54.30,359.25,6.51,82.6877,11.3534,10.7414,82.3655,11.3102,10.9569,6.32,1.73,32.49,83.2056,11.4202,10.4258,6.32,1.73,32.49,250.0675,11.9445,279.8723,0.00,100.00,182.67,-11.86,182.67,11.86,12.52
95.38,317.35,82.6472,8.3199,10.2997,0.63,100.00,32.30,-1.75,53.63,359.32,6.51,82.7016,11.3230,10.7563,82.3786,11.2799,10.9708,6.31,1.75,32.30,83.2205,11.3898,10.4425,6.31,1.75,32.30,250.0675,11.9445,279.8723,0.00,100.00,182.67,-11.86,182.67,11.86,12.52
95.44,317.33,82.6666,8.3202,10.3140,0.40,100.00,31.67,-1.82,53.00,359.40,6.52,82.7187,11.3229,10.7736,82.3933,11.2799,10.9845,6.29,1.82,31.67,83.2411,11.3894,10.4656,6.29,1.82,31.67,250.0675,11.9445,279.8723,0.00,100.00,182.67,-11.86,182.67,11.86,12.52
95.50,317.31,82.6797,8.3248,10.3238,0.30,100.00,31.67,-1.82,53.00,359.40,6.52,82.7318,11.3275,10.7835,82.4065,11.2844,10.9944,6.29,1.82,31.67,83.2542,11.3940,10.4755,6.29,1.82,31.67,250.0675,11.9445,279.8723,0.00,100.00,182.67,-11.86,182.67,11.86,12.52
95.56,317.31,82.6859,8.3255,10.3285,0.13,100.00,31.67,-1.82,53.00,359.40,6.52,82.7380,11.3282,10.7881,82.4126,11.2851,10.9990,6.29,1.82,31.67,83.2604,11.3947,10.4801,6.29,1.82,31.67,250.0675,11.9445,279.8723,0.00,100.00,182.67,-11.86,182.67,11.86,12.52
95.61,317.29,82.6988,8.3284,10.3382,0.28,100.00,31.60,-1.83,52.94,359.40,6.52,82.7507,11.3310,10.7982,82.4251,11.2880,11.0087,6.29,1.83,31.60,83.2735,11.3975,10.4908,6.29,1.83,31.60,250.0675,11.9445,279.8723,0.00,100.00,182.67,-11.86,182.67,11.86,12.52
95.67,317.27,82.7178,8.3284,10.3525,0.40,100.00,31.54,-1.83,52.87,359.41,6.52,82.7695,11.3310,10.8129,82.4436,11.2880,11.0230,6.29,1.83,31.54,83.2926,11.3975,10.5061,6.29,1.83,31.54,250.0675,11.9445,279.8723,0.00,100.00,182.67,-11.86,182.67,11.86,12.52
95.73,317.25,82.7303,8.3296,10.3620,0.26,100.00,31.54,-1.83,52.87,359.41,6.52,82.7820,11.3322,10.8223,82.4561,11.2891,11.0324,6.29,1.83,31.54,83.3051,11.3986,10.5155,6.29,1.83,31.54,250.0675,11.9445,279.8723,0.00,100.00,182.67,-11.86,182.67,11.86,12.52
95.79,317.25,82.7358,8.3354,10.3662,0.16,100.00,31.54,-1.83,52.87,359.41,6.52,82.7875,11.3380,10.8265,82.4616,11.2950,11.0366,6.29,1.83,31.54,83.3106,11.4045,10.5197,6.29,1.83,31.54,250.0675,11.9445,279.8723,0.00,100.00,182.67,-11.86,182.67,11.86,12.52
95.85,317.24,82.7468,8.3366,10.3745,0.23,100.00,31.42,-1.85,52.76,359.42,6.52,82.7981,11.3391,10.8354,82.4718,11.2961,11.0448,6.28,1.85,31.42,83.3218,11.4055,10.5296,6.28,1.85,31.42,250.0675,11.9445,279.8723,0.00,100.00,182.67,-11.86,182.67,11.86,12.52
95.91,317.21,82.7646,8.3419,10.3880,0.40,100.00,31.29,-1.69,52.61,359.16,6.79,82.7950,11.3443,10.8516,82.4684,11.2990,11.0602,6.63,1.69,31.29,83.3191,11.4144,10.5472,6.63,1.69,31.29,250.0675,11.9445,279.8723,0.00,100.00,182.67,-11.86,182.67,11.86,12.52
95.96,317.20,82.7753,8.3474,10.3962,0.26,100.00,31.29,-1.68,52.60,359.12,6.82,82.8035,11.3497,10.8600,82.4769,11.3042,11.0686,6.67,1.68,31.29,83.3275,11.4203,10.5557,6.67,1.68,31.29,250.0675,11.9445,279.8723,0.00,100.00,182.67,-11.86,182.67,11.86,12.52
96.02,317.20,82.7798,8.3499,10.3996,0.10,100.00,31.29,-1.68,52.60,359.12,6.82,82.8079,11.3523,10.8634,82.4814,11.3067,11.0720,6.67,1.68,31.29,83.3320,11.4228,10.5591,6.67,1.68,31.29,250.0675,11.9445,279.8723,0.00,100.00,182.67,-11.86,182.67,11.86,12.52
96.08,317.20,82.7798,8.3566,10.3995,0.12,100.00,31.29,-1.68,52.60,359.12,6.82,82.8079,11.3589,10.8634,82.4814,11.3134,11.0719,6.67,1.68,31.29,83.3320,11.4295,10.5590,6.67,1.68,31.29,250.0675,11.9445,279.8723,0.00,100.00,182.67,-11.86,182.67,11.86,12.52
96.14,317.20,82.7798,8.3221,10.3995,0.58,100.00,31.38,-1.66,52.60,359.12,6.82,82.8079,11.3244,10.8634,82.4817,11.2789,11.0725,6.67,1.66,31.38,83.3315,11.3950,10.5582,6.67,1.66,31.38,250.0675,11.9445,279.8723,0.00,100.00,182.67,-11.86,182.67,11.86,12.52
96.20,317.20,82.7798,8.3245,10.3995,0.04,100.00,31.47,-1.65,52.60,359.12,6.82,82.8079,11.3269,10.8633,82.4821,11.2813,11.0729,6.67,1.65,31.47,83.3310,11.3975,10.5574,6.67,1.65,31.47,250.0675,11.9445,279.8723,0.00,100.00,182.67,-11.86,182.67,11.86,12.52
96.25,317.20,82.7798,8.3304,10.3995,0.10,100.00,31.58,-1.64,52.60,359.12,6.82,82.8079,11.3328,10.8633,82.4825,11.2872,11.0736,6.68,1.64,31.58,83.3304,11.4034,10.5563,6.68,1.64,31.58,250.0675,11.9445,279.8723,0.00,100.00,182.67,-11.86,182.67,11.86,12.52
96.31,317.19,82.7856,8.3330,10.4039,0.13,100.00,31.60,-1.64,52.52,359.13,6.82,82.8134,11.3354,10.8682,82.4881,11.2897,11.0786,6.68,1.64,31.60,83.3357,11.4060,10.5609,6.68,1.64,31.60,250.0675,11.9445,279.8723,0.00,100.00,182.67,-11.86,182.67,11.86,12.52
96.37,317.18,82.7978,8.3374,10.4133,0.28,100.00,31.52,-1.65,52.43,359.15,6.82,82.8253,11.3396,10.8779,82.4996,11.2940,11.0878,6.68,1.65,31.52,83.3481,11.4102,10.5715,6.68,1.65,31.52,250.0675,11.9445,279.8723,0.00,100.00,182.67,-11.86,182.67,11.86,12.52
96.43,317.15,82.8157,8.3386,10.4271,0.38,100.00,31.45,-1.82,52.37,359.39,6.65,82.8588,11.3406,10.8924,82.5326,11.2967,11.1020,6.42,1.82,31.45,83.3823,11.4085,10.5866,6.42,1.82,31.45,250.0675,11.9445,279.8723,0.00,100.00,182.67,-11.86,182.67,11.86,12.52
96.49,317.12,82.8406,8.3424,10.4463,0.55,100.00,31.36,-1.85,52.29,359.43,6.63,82.8851,11.3442,10.9121,82.5586,11.3005,11.1211,6.39,1.85,31.36,83.4091,11.4118,10.6070,6.39,1.85,31.36,250.0675,11.9445,279.8723,0.00,100.00,182.67,-11.86,182.67,11.86,12.52
96.55,317.09,82.8711,8.3436,10.4699,0.65,100.00,31.30,-1.85,52.23,359.44,6.63,82.9154,11.3454,10.9359,82.5887,11.3017,11.1446,6.39,1.85,31.30,83.4397,11.4130,10.6314,6.39,1.85,31.30,250.0675,11.9445,279.8723,0.00,100.00,182.67,-11.86,182.67,11.86,12.52
96.61,317.04,82.9088,8.3456,10.4991,0.81,100.00,31.24,-1.86,52.17,359.45,6.63,82.9528,11.3474,10.9655,82.6259,11.3037,11.1738,6.39,1.86,31.24,83.4775,11.4149,10.6615,6.39,1.86,31.24,250.0675,11.9445,279.8723,0.00,100.00,182.67,-11.86,182.67,11.86,12.52
96.66,316.99,82.9527,8.3530,10.5331,1.00,100.00,31.19,-1.87,52.11,359.45,6.63,82.9965,11.3547,10.9998,82.6694,11.3110,11.2078,6.39,1.87,31.19,83.5214,11.4222,10.6963,6.39,1.87,31.19,250.0675,11.9445,279.8723,0.00,100.00,182.67,-11.86,182.67,11.86,12.52
96.72,316.94,83.0001,8.3575,10.5701,1.04,100.00,31.11,-1.60,52.04,359.28,6.33,83.0456,11.3619,11.0189,82.7182,11.3197,11.2268,6.17,1.60,31.11,83.5709,11.4272,10.7157,6.17,1.60,31.11,250.0675,11.9445,279.8723,0.00,100.00,182.67,-11.86,182.67,11.86,12.52
96.78,316.87,83.0551,8.3603,10.6130,1.19,100.00,31.07,-1.57,52.01,359.26,6.30,83.1007,11.3650,11.0600,82.7731,11.3230,11.2677,6.15,1.57,31.07,83.6262,11.4301,10.7571,6.15,1.57,31.07,250.0675,11.9445,279.8723,0.00,100.00,182.67,-11.86,182.67,11.86,12.52
96.84,316.80,83.1176,8.3278,10.6618,1.45,100.00,31.04,-1.64,51.96,359.20,6.67,83.1483,11.3307,11.1220,82.8208,11.2861,11.3293,6.52,1.64,31.04,83.6737,11.3996,10.8197,6.52,1.64,31.04,250.0675,11.9445,279.8723,0.00,100.00,182.67,-11.86,182.67,11.86,12.52
96.90,316.71,83.1869,8.3308,10.7160,1.49,100.00,31.03,-1.70,51.94,359.15,6.95,83.2067,11.3322,11.1865,82.8793,11.2858,11.3935,6.79,1.70,31.03,83.7320,11.4040,10.8846,6.79,1.70,31.03,250.0675,11.9445,279.8723,0.00,100.00,182.67,-11.86,182.67,11.86,12.52
96.96,316.62,83.2627,8.3348,10.7753,1.64,100.00,31.03,-1.80,51.92,359.10,7.38,83.2665,11.3338,11.2615,82.9393,11.2845,11.4682,7.21,1.80,31.03,83.7914,11.4099,10.9602,7.21,1.80,31.03,250.0675,11.9445,279.8723,0.00,100.00,182.67,-11.86,182.67,11.86,12.52
97.01,316.54,83.3313,8.3388,10.8291,1.49,100.00,31.03,-1.82,51.92,359.10,7.42,83.3333,11.3375,11.3170,83.0061,11.2880,11.5237,7.25,1.82,31.03,83.8583,11.4142,11.0158,7.25,1.82,31.03,250.0675,11.9445,279.8723,0.00,100.00,182.67,-11.86,182.67,11.86,12.52
97.07,316.47,83.3933,8.3455,10.8776,1.39,100.00,31.05,-2.01,51.95,359.36,7.26,83.4116,11.3438,11.3676,83.0843,11.2959,11.5744,7.01,2.01,31.05,83.9368,11.4179,11.0661,7.01,2.01,31.05,250.0675,11.9445,279.8723,0.00,100.00,182.67,-11.86,182.67,11.86,12.52
97.13,316.39,83.4596,8.3471,10.9295,1.41,100.00,31.05,-2.03,51.94,359.39,7.24,83.4797,11.3453,11.4197,83.1523,11.2976,11.6265,6.98,2.03,31.05,84.0050,11.4191,11.1183,6.98,2.03,31.05,250.0675,11.9445,279.8723,0.00,100.00,182.67,-11.86,182.67,11.86,12.52
97.19,316.30,83.5359,8.3511,10.9893,1.66,100.00,31.00,-1.76,51.91,359.21,6.95,83.5579,11.3522,11.4616,83.2303,11.3059,11.6685,6.77,1.76,31.00,84.0834,11.4238,11.1601,6.77,1.76,31.00,250.0675,11.9445,279.8723,0.00,100.00,182.67,-11.86,182.67,11.86,12.52
97.25,316.22,83.6041,8.3565,11.0428,1.51,100.00,31.00,-1.73,51.91,359.19,6.92,83.6263,11.3579,11.5132,83.2988,11.3118,11.7200,6.75,1.73,31.00,84.1519,11.4293,11.2116,6.75,1.73,31.00,250.0675,11.9445,279.8723,0.00,100.00,182.67,-11.86,182.67,11.86,12.52
97.31,316.14,83.6651,8.3566,11.0906,1.28,100.00,31.02,-1.87,51.94,359.44,6.67,83.7058,11.3581,11.5587,83.3781,11.3142,11.7657,6.43,1.87,31.02,84.2316,11.4261,11.2568,6.43,1.87,31.02,250.0675,11.9445,279.8723,0.00,100.00,182.67,-11.86,182.67,11.86,12.52
97.37,316.06,83.7360,8.3588,11.1461,1.52,100.00,31.00,-1.89,51.93,359.47,6.64,83.7787,11.3604,11.6140,83.4509,11.3167,11.8210,6.39,1.89,31.00,84.3046,11.4279,11.3122,6.39,1.89,31.00,250.0675,11.9445,279.8723,0.00,100.00,182.67,-11.86,182.67,11.86,12.52
97.43,315.97,83.8120,8.3606,11.2056,1.62,100.00,31.03,-1.88,51.92,359.47,6.64,83.8546,11.3622,11.6736,83.5269,11.3185,11.8807,6.39,1.88,31.03,84.3804,11.4297,11.3716,6.39,1.88,31.03,250.0675,11.9445,279.8723,0.00,100.00,182.67,-11.86,182.67,11.86,12.52
97.48,315.87,83.8951,8.3694,11.2707,1.91,100.00,31.07,-1.88,51.91,359.47,6.64,83.9377,11.3710,11.7387,83.6102,11.3272,11.9461,6.39,1.88,31.07,84.4633,11.4385,11.4364,6.39,1.88,31.07,250.0675,11.9445,279.8723,0.00,100.00,182.67,-11.86,182.67,11.86,12.52
97.54,315.77,83.9787,8.3704,11.3362,1.77,100.00,31.09,-1.60,51.89,359.29,6.34,84.0234,11.3748,11.7858,83.6959,11.3325,11.9935,6.18,1.60,31.09,84.5489,11.4401,11.4828,6.18,1.60,31.09,250.0675,11.9445,279.8723,0.00,100.00,182.67,-11.86,182.67,11.86,12.52
97.60,315.65,84.0758,8.3733,11.4124,2.08,100.00,31.13,-1.56,51.88,359.27,6.30,84.1208,11.3779,11.8600,83.7934,11.3359,12.0680,6.15,1.56,31.13,84.6460,11.4430,11.5566,6.15,1.56,31.13,250.0675,11.9445,279.8723,0.00,100.00,182.67,-11.86,182.67,11.86,12.52
97.66,315.53,84.1784,8.3434,11.4929,2.31,100.00,31.16,-1.56,51.87,359.27,6.30,84.2233,11.3480,11.9405,83.8961,11.3060,12.1488,6.15,1.56,31.16,84.7484,11.4131,11.6368,6.15,1.56,31.16,250.0675,11.9445,279.8723,0.00,100.00,182.67,-11.86,182.67,11.86,12.52
97.72,315.40,84.2849,8.3489,11.5765,2.33,100.00,31.17,-1.34,51.83,358.98,6.48,84.3119,11.3541,12.0217,83.9849,11.3103,12.2300,6.42,1.34,31.17,84.8366,11.4221,11.7179,6.42,1.34,31.17,250.0675,11.9445,279.8723,0.00,100.00,182.67,-11.86,182.67,11.86,12.52
97.78,315.27,84.3984,8.3528,11.6657,2.43,100.00,31.19,-1.31,51.81,358.95,6.50,84.4234,11.3581,12.1107,84.0965,11.3140,12.3191,6.45,1.31,31.19,84.9479,11.4263,11.8067,6.45,1.31,31.19,250.0675,11.9445,279.8723,0.00,100.00,182.67,-11.86,182.67,11.86,12.52
97.83,315.12,84.5208,8.3598,11.7620,2.70,100.00,31.22,-1.31,51.81,358.95,6.50,84.5458,11.3650,12.2070,84.2190,11.3210,12.4155,6.45,1.31,31.22,85.0701,11.4333,11.9027,6.45,1.31,31.22,250.0675,11.9445,279.8723,0.00,100.00,182.67,-11.86,182.67,11.86,12.52
97.89,314.97,84.6462,8.3665,11.8606,2.73,100.00,31.19,-1.10,51.77,358.64,6.73,84.6504,11.3718,12.3053,84.3238,11.3256,12.5137,6.78,1.10,31.19,85.1745,11.4437,12.0014,6.78,1.10,31.19,250.0675,11.9445,279.8723,0.00,100.00,182.67,-11.86,182.67,11.86,12.52
97.95,314.81,84.7795,8.3716,11.9655,2.87,100.00,31.23,-1.35,51.80,358.78,7.06,84.7794,11.3743,12.4283,84.4530,11.3263,12.6366,7.03,1.35,31.23,85.3032,11.4487,12.1245,7.03,1.35,31.23,250.0675,11.9445,279.8723,0.00,100.00,182.67,-11.86,182.67,11.86,12.52
98.01,314.64,84.9211,8.3795,12.0769,3.16,100.00,31.26,-1.59,51.84,359.08,6.91,84.9384,11.3815,12.5437,84.6119,11.3351,12.7521,6.79,1.59,31.26,85.4623,11.4534,12.2396,6.79,1.59,31.26,250.0675,11.9445,279.8723,0.00,100.00,182.67,-11.86,182.67,11.86,12.52
98.07,314.47,85.0640,8.3822,12.1892,3.03,100.00,31.27,-1.61,51.85,359.12,6.90,85.0832,11.3841,12.6564,84.7567,11.3379,12.8648,6.77,1.61,31.27,85.6072,11.4557,12.3522,6.77,1.61,31.27,250.0675,11.9445,279.8723,0.00,100.00,182.67,-11.86,182.67,11.86,12.52
98.13,314.29,85.2211,8.3880,12.3126,3.43,100.00,31.27,-1.61,51.85,359.12,6.90,85.2403,11.3900,12.7798,84.9138,11.3438,12.9882,6.77,1.61,31.27,85.7643,11.4615,12.4756,6.77,1.61,31.27,250.0675,11.9445,279.8723,0.00,100.00,182.67,-11.86,182.67,11.86,12.52
98.19,314.10,85.3803,8.3929,12.4376,3.41,100.00,31.24,-1.35,51.83,358.94,6.61,85.4015,11.3974,12.8873,85.0749,11.3527,13.0959,6.56,1.35,31.24,85.9257,11.4669,12.5830,6.56,1.35,31.24,250.0675,11.9445,279.8723,0.00,100.00,182.67,-11.86,182.67,11.86,12.52
98.24,313.89,85.5492,8.4031,12.5704,3.78,100.00,31.20,-0.99,51.80,358.69,6.28,85.5706,11.4109,12.9982,85.2439,11.3677,13.2069,6.33,0.99,31.20,86.0950,11.4780,12.6937,6.33,0.99,31.20,250.0675,11.9445,279.8723,0.00,100.00,182.67,-11.86,182.67,11.86,12.52
98.30,313.71,85.7049,8.4093,12.6929,3.35,100.00,31.19,-0.95,51.80,358.66,6.24,85.7263,11.4174,13.1182,85.3995,11.3744,13.3269,6.31,0.95,31.19,86.2507,11.4843,12.8137,6.31,0.95,31.19,250.0675,11.9445,279.8723,0.00,100.00,182.67,-11.86,182.67,11.86,12.52
98.36,313.52,85.8599,8.4115,12.8149,3.24,100.00,31.21,-1.09,51.82,358.90,5.98,85.8998,11.4198,13.2373,85.5728,11.3790,13.4462,5.98,1.09,31.21,86.4245,11.4832,12.9326,5.98,1.09,31.21,250.0675,11.9445,279.8723,0.00,100.00,182.67,-11.86,182.67,11.86,12.52
98.42,313.34,86.0123,8.4208,12.9347,3.42,100.00,31.21,-1.10,51.83,358.93,5.95,86.0542,11.4291,13.3568,85.7272,11.3886,13.5657,5.95,1.10,31.21,86.5789,11.4921,13.0520,5.95,1.10,31.21,250.0675,11.9445,279.8723,0.00,100.00,182.67,-11.86,182.67,11.86,12.52
98.48,313.18,86.1481,8.4247,13.0415,2.90,100.00,31.21,-1.10,51.83,358.93,5.95,86.1900,11.4331,13.4636,85.8630,11.3925,13.6725,5.95,1.10,31.21,86.7147,11.4960,13.1588,5.95,1.10,31.21,250.0675,11.9445,279.8723,0.00,100.00,182.67,-11.86,182.67,11.86,12.52
98.54,313.02,86.2840,8.4286,13.1483,2.90,100.00,31.21,-1.10,51.83,358.93,5.95,86.3259,11.4369,13.5704,85.9989,11.3964,13.7793,5.95,1.10,31.21,86.8506,11.4999,13.2656,5.95,1.10,31.21,250.0675,11.9445,279.8723,0.00,100.00,182.67,-11.86,182.67,11.86,12.52
98.60,312.86,86.4132,8.4323,13.2498,2.72,100.00,31.17,-0.76,51.77,358.42,6.35,86.4206,11.4410,13.6716,86.0939,11.3967,13.8802,6.50,0.76,31.17,86.9448,11.5099,13.3672,6.50,0.76,31.17,250.0675,11.9445,279.8723,0.00,100.00,182.67,-11.86,182.67,11.86,12.52
98.66,312.71,86.5372,8.4084,13.3475,2.84,100.00,31.18,-0.85,51.78,358.55,6.24,86.5536,11.4170,13.7692,86.2268,11.3737,13.9779,6.35,0.85,31.18,87.0779,11.4844,13.4647,6.35,0.85,31.18,250.0675,11.9445,279.8723,0.00,100.00,182.67,-11.86,182.67,11.86,12.52
98.72,312.58,86.6465,8.4108,13.4336,2.30,100.00,31.18,-0.87,51.79,358.58,6.22,86.6649,11.4194,13.8553,86.3381,11.3763,14.0640,6.32,0.87,31.18,87.1893,11.4864,13.5508,6.32,0.87,31.18,250.0675,11.9445,279.8723,0.00,100.00,182.67,-11.86,182.67,11.86,12.52
98.77,312.45,86.7572,8.4185,13.5207,2.45,100.00,31.18,-0.87,51.79,358.58,6.22,86.7756,11.4271,13.9424,86.4488,11.3840,14.1511,6.32,0.87,31.18,87.3000,11.4941,13.6379,6.32,0.87,31.18,250.0675,11.9445,279.8723,0.00,100.00,182.67,-11.86,182.67,11.86,12.52
98.83,312.33,86.8562,8.4230,13.5986,2.13,100.00,31.18,-0.87,51.79,358.58,6.22,86.8746,11.4317,14.0203,86.5478,11.3886,14.2290,6.32,0.87,31.18,87.3990,11.4987,13.7158,6.32,0.87,31.18,250.0675,11.9445,279.8723,0.00,100.00,182.67,-11.86,182.67,11.86,12.52
98.89,312.22,86.9511,8.4309,13.6734,2.12,100.00,31.21,-1.07,51.82,358.89,5.98,86.9903,11.4394,14.0950,86.6634,11.3985,14.3039,5.98,1.07,31.21,87.5150,11.5028,13.7903,5.98,1.07,31.21,250.0675,11.9445,279.8723,0.00,100.00,182.67,-11.86,182.67,11.86,12.52
98.95,312.12,87.0366,8.4302,13.7405,1.77,100.00,31.21,-1.09,51.82,358.92,5.95,87.0781,11.4386,14.1622,86.7511,11.3980,14.3711,5.95,1.09,31.21,87.6028,11.5016,13.8574,5.95,1.09,31.21,250.0675,11.9445,279.8723,0.00,100.00,182.67,-11.86,182.67,11.86,12.52
99.01,312.02,87.1215,8.4357,13.8073,1.87,100.00,31.19,-0.94,51.80,358.69,6.13,87.1473,11.4443,14.2290,86.8205,11.4020,14.4378,6.20,0.94,31.19,87.6718,11.5100,13.9244,6.20,0.94,31.19,250.0675,11.9445,279.8723,0.00,100.00,182.67,-11.86,182.67,11.86,12.52
99.07,311.93,87.1952,8.4395,13.8653,1.59,100.00,31.19,-0.92,51.80,358.66,6.15,87.2192,11.4481,14.2869,86.8924,11.4057,14.4957,6.23,0.92,31.19,87.7437,11.5141,13.9823,6.23,0.92,31.19,250.0675,11.9445,279.8723,0.00,100.00,182.67,-11.86,182.67,11.86,12.52
99.13,311.85,87.2636,8.4459,13.9191,1.51,100.00,31.19,-0.92,51.80,358.66,6.15,87.2876,11.4545,14.3407,86.9608,11.4120,14.5495,6.23,0.92,31.19,87.8121,11.5205,14.0362,6.23,0.92,31.19,250.0675,11.9445,279.8723,0.00,100.00,182.67,-11.86,182.67,11.86,12.52
99.19,311.78,87.3238,8.4494,13.9665,1.30,100.00,31.19,-0.92,51.80,358.66,6.15,87.3479,11.4580,14.3882,87.0211,11.4155,14.5969,6.23,0.92,31.19,87.8724,11.5240,14.0836,6.23,0.92,31.19,250.0675,11.9445,279.8723,0.00,100.00,182.67,-11.86,182.67,11.86,12.52
99.25,311.71,87.3790,8.4503,14.0099,1.16,100.00,31.19,-0.92,51.80,358.66,6.15,87.4031,11.4589,14.4316,87.0762,11.4164,14.6403,6.23,0.92,31.19,87.9275,11.5249,14.1270,6.23,0.92,31.19,250.0675,11.9445,279.8723,0.00,100.00,182.67,-11.86,182.67,11.86,12.52
99.31,311.65,87.4285,8.4508,14.0489,1.04,100.00,31.19,-0.92,51.80,358.66,6.15,87.4526,11.4595,14.4705,87.1257,11.4170,14.6793,6.23,0.92,31.19,87.9770,11.5255,14.1659,6.23,0.92,31.19,250.0675,11.9445,279.8723,0.00,100.00,182.67,-11.86,182.67,11.86,12.52
99.37,311.60,87.4711,8.4503,14.0823,0.89,100.00,31.19,-0.92,51.80,358.66,6.15,87.4951,11.4589,14.5040,87.1683,11.4164,14.7128,6.23,0.92,31.19,88.0196,11.5249,14.1994,6.23,0.92,31.19,250.0675,11.9445,279.8723,0.00,100.00,182.67,-11.86,182.67,11.86,12.52
99.42,311.56,87.5069,8.4558,14.1105,0.80,100.00,31.16,-0.61,51.77,358.42,5.91,87.5287,11.4670,14.5140,87.2017,11.4255,14.7228,6.08,0.61,31.16,88.0533,11.5315,14.2093,6.08,0.61,31.16,250.0675,11.9445,279.8723,0.00,100.00,182.67,-11.86,182.67,11.86,12.52
99.49,311.52,87.5343,8.4554,14.1321,0.57,100.00,31.15,-0.57,51.77,358.39,5.88,87.5558,11.4668,14.5336,87.2289,11.4255,14.7424,6.07,0.57,31.15,88.0804,11.5312,14.2289,6.07,0.57,31.15,250.0675,11.9445,279.8723,0.00,100.00,182.67,-11.86,182.67,11.86,12.52
99.54,311.50,87.5562,8.4588,14.1494,0.48,100.00,31.15,-0.57,51.77,358.39,5.88,87.5777,11.4701,14.5509,87.2508,11.4288,14.7597,6.07,0.57,31.15,88.1024,11.5345,14.2462,6.07,0.57,31.15,250.0675,11.9445,279.8723,0.00,100.00,182.67,-11.86,182.67,11.86,12.52
99.60,311.48,87.5708,8.4625,14.1608,0.32,100.00,31.15,-0.57,51.77,358.39,5.88,87.5923,11.4739,14.5623,87.2654,11.4325,14.7712,6.07,0.57,31.15,88.1169,11.5382,14.2576,6.07,0.57,31.15,250.0675,11.9445,279.8723,0.00,100.00,182.67,-11.86,182.67,11.86,12.52
99.66,311.47,87.5788,8.4677,14.1671,0.20,100.00,31.15,-0.57,51.77,358.39,5.88,87.6003,11.4791,14.5686,87.2734,11.4378,14.7775,6.07,0.57,31.15,88.1249,11.5435,14.2639,6.07,0.57,31.15,250.0675,11.9445,279.8723,0.00,100.00,182.67,-11.86,182.67,11.86,12.52
99.72,311.45,87.5929,8.4682,14.1782,0.30,100.00,31.16,-0.57,51.78,358.39,5.88,87.6144,11.4796,14.5797,87.2875,11.4383,14.7885,6.07,0.57,31.16,88.1390,11.5440,14.2749,6.07,0.57,31.16,250.0675,11.9445,279.8723,0.00,100.00,182.67,-11.86,182.67,11.86,12.52
99.78,311.43,87.6145,8.4356,14.1952,0.72,100.00,31.17,-0.57,51.78,358.39,5.88,87.6361,11.4470,14.5966,87.3092,11.4057,14.8056,6.07,0.57,31.17,88.1606,11.5114,14.2918,6.07,0.57,31.17,250.0675,11.9445,279.8723,0.00,100.00,182.67,-11.86,182.67,11.86,12.52
99.84,311.41,87.6291,8.4403,14.2067,0.33,100.00,31.17,-0.57,51.78,358.39,5.88,87.6506,11.4517,14.6081,87.3238,11.4103,14.8170,6.07,0.57,31.17,88.1752,11.5160,14.3033,6.07,0.57,31.17,250.0675,11.9445,279.8723,0.00,100.00,182.67,-11.86,182.67,11.86,12.52
99.90,311.40,87.6370,8.4414,14.2129,0.17,100.00,31.17,-0.57,51.78,358.39,5.88,87.6586,11.4528,14.6143,87.3317,11.4114,14.8233,6.07,0.57,31.17,88.1831,11.5171,14.3095,6.07,0.57,31.17,250.0675,11.9445,279.8723,0.00,100.00,182.67,-11.86,182.67,11.86,12.52
99.96,311.38,87.6518,8.4705,14.2246,0.54,100.00,31.17,-0.57,51.79,358.39,5.88,87.6734,11.4819,14.6260,87.3466,11.4406,14.8350,6.07,0.57,31.17,88.1979,11.5463,14.3211,6.07,0.57,31.17,250.0675,11.9445,279.8723,0.00,100.00,182.67,-11.86,182.67,11.86,12.52
100.02,311.36,87.6755,8.4722,14.2433,0.51,100.00,31.18,-0.57,51.80,358.39,5.88,87.6972,11.4836,14.6447,87.3703,11.4423,14.8537,6.07,0.57,31.18,88.2216,11.5480,14.3397,6.07,0.57,31.18,250.0675,11.9445,279.8723,0.00,100.00,182.67,-11.86,182.67,11.86,12.52
100.08,311.34,87.6909,8.4431,14.2554,0.62,100.00,31.18,-0.57,51.80,358.39,5.88,87.7125,11.4546,14.6568,87.3857,11.4132,14.8658,6.07,0.57,31.18,88.2370,11.5189,14.3518,6.07,0.57,31.18,250.0675,11.9445,279.8723,0.00,100.00,182.67,-11.86,182.67,11.86,12.52
100.14,311.33,87.6994,8.4436,14.2621,0.18,100.00,31.18,-0.57,51.80,358.39,5.88,87.7211,11.4551,14.6635,87.3942,11.4137,14.8724,6.07,0.57,31.18,88.2455,11.5194,14.3585,6.07,0.57,31.18,250.0675,11.9445,279.8723,0.00,100.00,182.67,-11.86,182.67,11.86,12.52
100.20,311.32,87.7016,8.4399,14.2637,0.07,100.00,31.18,-0.57,51.80,358.39,5.88,87.7232,11.4514,14.6651,87.3964,11.4100,14.8741,6.07,0.57,31.18,88.2477,11.5157,14.3602,6.07,0.57,31.18,250.0675,11.9445,279.8723,0.00,100.00,182.67,-11.86,182.67,11.86,12.52
100.26,311.32,87.7016,8.4397,14.2637,0.00,100.00,31.18,-0.57,51.80,358.39,5.88,87.7232,11.4511,14.6651,87.3964,11.4098,14.8741,6.07,0.57,31.18,88.2477,11.5155,14.3602,6.07,0.57,31.18,250.0675,11.9445,279.8723,0.00,100.00,182.67,-11.86,182.67,11.86,12.52
100.32,311.32,87.7084,8.4413,14.2691,0.15,100.00,31.18,-0.57,51.80,358.39,5.88,87.7301,11.4528,14.6705,87.4033,11.4114,14.8795,6.07,0.57,31.18,88.2545,11.5171,14.3655,6.07,0.57,31.18,250.0675,11.9445,279.8723,0.00,100.00,182.67,-11.86,182.67,11.86,12.52
100.38,311.30,87.7218,8.4404,14.2797,0.28,100.00,31.19,-0.57,51.80,358.39,5.88,87.7435,11.4518,14.6811,87.4167,11.4105,14.8901,6.07,0.57,31.19,88.2679,11.5162,14.3760,6.07,0.57,31.19,250.0675,11.9445,279.8723,0.00,100.00,182.67,-11.86,182.67,11.86,12.52
100.44,311.28,87.7427,8.4462,14.2961,0.47,100.00,31.19,-0.57,51.81,358.39,5.88,87.7644,11.4576,14.6974,87.4376,11.4163,14.9065,6.07,0.57,31.19,88.2888,11.5220,14.3924,6.07,0.57,31.19,250.0675,11.9445,279.8723,0.00,100.00,182.67,-11.86,182.67,11.86,12.52
100.49,311.24,87.7685,8.4513,14.3164,0.58,100.00,31.20,-0.57,51.81,358.39,5.88,87.7901,11.4627,14.7177,87.4634,11.4214,14.9268,6.07,0.57,31.20,88.3145,11.5271,14.4126,6.07,0.57,31.20,250.0675,11.9445,279.8723,0.00,100.00,182.67,-11.86,182.67,11.86,12.52
100.55,311.21,87.8008,8.4524,14.3418,0.69,100.00,31.20,-0.57,51.82,358.39,5.88,87.8225,11.4638,14.7431,87.4958,11.4225,14.9522,6.07,0.57,31.20,88.3469,11.5282,14.4380,6.07,0.57,31.20,250.0675,11.9445,279.8723,0.00,100.00,182.67,-11.86,182.67,11.86,12.52
100.61,311.16,87.8414,8.4531,14.3738,0.85,100.00,31.20,-0.57,51.82,358.39,5.88,87.8631,11.4645,14.7750,87.5364,11.4232,14.9841,6.07,0.57,31.20,88.3875,11.5289,14.4699,6.07,0.57,31.20,250.0675,11.9445,279.8723,0.00,100.00,182.67,-11.86,182.67,11.86,12.52
100.67,311.10,87.8892,8.4564,14.4113,1.03,100.00,31.21,-0.57,51.82,358.38,5.88,87.9109,11.4679,14.8126,87.5842,11.4265,15.0217,6.07,0.57,31.21,88.4353,11.5322,14.5074,6.07,0.57,31.21,250.0675,11.9445,279.8723,0.00,100.00,182.67,-11.86,182.67,11.86,12.52
100.73,311.04,87.9426,8.4558,14.4533,1.11,100.00,31.21,-0.56,51.82,358.38,5.88,87.9644,11.4672,14.8546,87.6377,11.4259,15.0637,6.07,0.56,31.21,88.4887,11.5316,14.5494,6.07,0.56,31.21,250.0675,11.9445,279.8723,0.00,100.00,182.67,-11.86,182.67,11.86,12.52
100.79,310.96,88.0054,8.4602,14.5027,1.36,100.00,31.21,-0.56,51.82,358.38,5.88,88.0272,11.4716,14.9039,87.7004,11.4303,15.1131,6.07,0.56,31.21,88.5515,11.5360,14.5987,6.07,0.56,31.21,250.0675,11.9445,279.8723,0.00,100.00,182.67,-11.86,182.67,11.86,12.52
100.85,310.88,88.0721,8.4599,14.5551,1.38,100.00,31.21,-0.56,51.83,358.38,5.88,88.0938,11.4713,14.9563,87.7671,11.4300,15.1655,6.07,0.56,31.21,88.6181,11.5357,14.6511,6.07,0.56,31.21,250.0675,11.9445,279.8723,0.00,100.00,182.67,-11.86,182.67,11.86,12.52
100.91,310.79,88.1491,8.4624,14.6156,1.62,100.00,31.19,-0.34,51.80,358.08,6.06,88.1521,11.4742,15.0145,87.8256,11.4311,15.2235,6.35,0.34,31.19,88.6761,11.5416,14.7094,6.35,0.34,31.19,250.0675,11.9445,279.8723,0.00,100.00,182.67,-11.86,182.67,11.86,12.52
100.97,310.69,88.2316,8.4669,14.6806,1.77,100.00,31.22,-0.59,51.81,358.23,6.37,88.2309,11.4763,15.0971,87.9045,11.4315,15.3060,6.59,0.59,31.22,88.7547,11.5462,14.7922,6.59,0.59,31.22,250.0675,11.9445,279.8723,0.00,100.00,182.67,-11.86,182.67,11.86,12.52
101.03,310.60,88.3061,8.4714,14.7392,1.61,100.00,31.22,-0.62,51.81,358.24,6.41,88.3050,11.4806,15.1576,87.9786,11.4356,15.3666,6.61,0.62,31.22,88.8287,11.5507,14.8528,6.61,0.62,31.22,250.0675,11.9445,279.8723,0.00,100.00,182.67,-11.86,182.67,11.86,12.52
101.09,310.52,88.3735,8.4749,14.7921,1.44,100.00,31.22,-0.62,51.81,358.24,6.41,88.3723,11.4841,15.2106,88.0459,11.4391,15.4195,6.61,0.62,31.22,88.8960,11.5542,14.9057,6.61,0.62,31.22,250.0675,11.9445,279.8723,0.00,100.00,182.67,-11.86,182.67,11.86,12.52
101.16,310.43,88.4480,8.4736,14.8507,1.52,100.00,31.22,-0.62,51.82,358.24,6.40,88.4468,11.4828,15.2692,88.1204,11.4378,15.4781,6.61,0.62,31.22,88.9706,11.5529,14.9643,6.61,0.62,31.22,250.0675,11.9445,279.8723,0.00,100.00,182.67,-11.86,182.67,11.86,12.52
101.22,310.33,88.5335,8.4718,14.9179,1.73,100.00,31.22,-0.62,51.82,358.24,6.40,88.5323,11.4810,15.3364,88.2060,11.4360,15.5454,6.61,0.62,31.22,89.0561,11.5511,15.0315,6.61,0.62,31.22,250.0675,11.9445,279.8723,0.00,100.00,182.67,-11.86,182.67,11.86,12.52
101.28,310.24,88.6122,8.4749,14.9798,1.67,100.00,31.22,-0.62,51.82,358.24,6.40,88.6111,11.4841,15.3983,88.2847,11.4391,15.6072,6.61,0.62,31.22,89.1348,11.5542,15.0934,6.61,0.62,31.22,250.0675,11.9445,279.8723,0.00,100.00,182.67,-11.86,182.67,11.86,12.52
101.34,310.16,88.6805,8.5052,15.0335,1.43,100.00,31.22,-0.62,51.82,358.24,6.40,88.6793,11.5144,15.4519,88.3529,11.4694,15.6609,6.61,0.62,31.22,89.2030,11.5845,15.1470,6.61,0.62,31.22,250.0675,11.9445,279.8723,0.00,100.00,182.67,-11.86,182.67,11.86,12.52
101.41,310.08,88.7457,8.5002,15.0848,1.29,100.00,31.22,-0.62,51.82,358.24,6.40,88.7445,11.5093,15.5032,88.4182,11.4643,15.7122,6.61,0.62,31.22,89.2683,11.5795,15.1983,6.61,0.62,31.22,250.0675,11.9445,279.8723,0.00,100.00,182.67,-11.86,182.67,11.86,12.52
101.47,310.01,88.8030,8.4972,15.1298,1.16,100.00,31.22,-0.62,51.82,358.24,6.40,88.8019,11.5063,15.5483,88.4755,11.4613,15.7573,6.61,0.62,31.22,89.3256,11.5765,15.2434,6.61,0.62,31.22,250.0675,11.9445,279.8723,0.00,100.00,182.67,-11.86,182.67,11.86,12.52
101.53,309.93,88.8667,8.5007,15.1799,1.37,100.00,31.22,-0.62,51.82,358.24,6.40,88.8656,11.5099,15.5984,88.5392,11.4649,15.8073,6.61,0.62,31.22,89.3893,11.5800,15.2935,6.61,0.62,31.22,250.0675,11.9445,279.8723,0.00,100.00,182.67,-11.86,182.67,11.86,12.52
101.59,309.86,88.9336,8.5041,15.2324,1.43,100.00,31.23,-0.62,51.82,358.24,6.40,88.9324,11.5132,15.6509,88.6061,11.4682,15.8599,6.61,0.62,31.23,89.4561,11.5834,15.3459,6.61,0.62,31.23,250.0675,11.9445,279.8723,0.00,100.00,182.67,-11.86,182.67,11.86,12.52
101.65,309.77,89.0073,8.5084,15.2904,1.58,100.00,31.20,-0.35,51.80,358.05,6.17,89.0054,11.5197,15.6930,88.6790,11.4757,15.9020,6.46,0.35,31.20,89.5293,11.5883,15.3879,6.46,0.35,31.20,250.0675,11.9445,279.8723,0.00,100.00,182.67,-11.86,182.67,11.86,12.52
101.71,309.67,89.0874,8.5156,15.3535,1.77,100.00,31.20,-0.32,51.80,358.03,6.15,89.0855,11.5272,15.7543,88.7591,11.4833,15.9633,6.45,0.32,31.20,89.6094,11.5956,15.4492,6.45,0.32,31.20,250.0675,11.9445,279.8723,0.00,100.00,182.67,-11.86,182.67,11.86,12.52
101.76,309.57,89.1721,8.5215,15.4201,1.83,100.00,31.20,-0.32,51.80,358.03,6.15,89.1701,11.5330,15.8208,88.8437,11.4892,16.0299,6.45,0.32,31.20,89.6940,11.6015,15.5157,6.45,0.32,31.20,250.0675,11.9445,279.8723,0.00,100.00,182.67,-11.86,182.67,11.86,12.52
101.83,309.46,89.2646,8.5226,15.4929,1.91,100.00,31.22,-0.47,51.83,358.27,5.90,89.2810,11.5344,15.8916,88.9544,11.4927,16.1008,6.13,0.47,31.22,89.8052,11.5995,15.5862,6.13,0.47,31.22,250.0675,11.9445,279.8723,0.00,100.00,182.67,-11.86,182.67,11.86,12.52
101.89,309.35,89.3544,8.5269,15.5634,1.92,100.00,31.22,-0.49,51.83,358.30,5.88,89.3728,11.5387,15.9619,89.0462,11.4972,16.1712,6.10,0.49,31.22,89.8970,11.6034,15.6566,6.10,0.49,31.22,250.0675,11.9445,279.8723,0.00,100.00,182.67,-11.86,182.67,11.86,12.52
101.95,309.26,89.4343,8.5257,15.6262,1.63,100.00,31.22,-0.49,51.83,358.30,5.88,89.4527,11.5375,16.0247,89.1261,11.4960,16.2339,6.10,0.49,31.22,89.9769,11.6022,15.7193,6.10,0.49,31.22,250.0675,11.9445,279.8723,0.00,100.00,182.67,-11.86,182.67,11.86,12.52
102.01,309.17,89.5106,8.5234,15.6862,1.54,100.00,31.22,-0.49,51.83,358.30,5.88,89.5290,11.5352,16.0846,89.2024,11.4937,16.2939,6.10,0.49,31.22,90.0532,11.5999,15.7793,6.10,0.49,31.22,250.0675,11.9445,279.8723,0.00,100.00,182.67,-11.86,182.67,11.86,12.52
102.07,309.08,89.5801,8.5266,15.7407,1.48,100.00,31.22,-0.49,51.83,358.30,5.88,89.5985,11.5384,16.1392,89.2719,11.4969,16.3485,6.10,0.49,31.22,90.1227,11.6031,15.8339,6.10,0.49,31.22,250.0675,11.9445,279.8723,0.00,100.00,182.67,-11.86,182.67,11.86,12.52
102.13,309.00,89.6526,8.5285,15.7978,1.53,100.00,31.22,-0.49,51.83,358.30,5.88,89.6710,11.5403,16.1963,89.3444,11.4988,16.4055,6.10,0.49,31.22,90.1952,11.6050,15.8909,6.10,0.49,31.22,250.0675,11.9445,279.8723,0.00,100.00,182.67,-11.86,182.67,11.86,12.52
102.19,308.90,89.7332,8.5308,15.8611,1.70,100.00,31.22,-0.49,51.83,358.30,5.88,89.7516,11.5427,16.2596,89.4250,11.5012,16.4688,6.10,0.49,31.22,90.2758,11.6074,15.9542,6.10,0.49,31.22,250.0675,11.9445,279.8723,0.00,100.00,182.67,-11.86,182.67,11.86,12.52
102.25,308.80,89.8207,8.5303,15.9298,1.79,100.00,31.20,-0.33,51.81,358.06,6.06,89.8231,11.5422,16.3280,89.4966,11.4990,16.5372,6.35,0.33,31.20,90.3471,11.6097,16.0228,6.35,0.33,31.20,250.0675,11.9445,279.8723,0.00,100.00,182.67,-11.86,182.67,11.86,12.52
102.32,308.68,89.9180,8.5279,16.0063,1.93,100.00,31.14,0.19,51.75,357.52,6.04,89.8983,11.5421,16.3862,89.5720,11.4979,16.5953,6.52,359.81,31.14,90.4221,11.6115,16.0811,6.52,359.81,31.14,250.0675,11.9445,279.8723,0.00,100.00,182.67,-11.86,182.67,11.86,12.52
102.38,308.55,90.0263,8.5648,16.0917,2.28,100.00,31.14,0.28,51.74,357.43,6.04,90.0028,11.5794,16.4684,89.6765,11.5349,16.6774,6.55,359.72,31.14,90.5265,11.6490,16.1633,6.55,359.72,31.14,250.0675,11.9445,279.8723,0.00,100.00,182.67,-11.86,182.67,11.86,12.52
102.44,308.42,90.1396,8.5667,16.1810,2.33,100.00,31.17,-0.04,51.80,357.93,5.60,90.1512,11.5815,16.5562,89.8245,11.5409,16.7655,5.97,0.04,31.17,90.6755,11.6450,16.2508,5.97,0.04,31.17,250.0675,11.9445,279.8723,0.00,100.00,182.67,-11.86,182.67,11.86,12.52
102.50,308.28,90.2588,8.5709,16.2748,2.51,100.00,31.18,-0.10,51.81,358.02,5.53,90.2767,11.5858,16.6497,89.9499,11.5459,16.8591,5.87,0.10,31.18,90.8010,11.6481,16.3442,5.87,0.10,31.18,250.0675,11.9445,279.8723,0.00,100.00,182.67,-11.86,182.67,11.86,12.52
102.56,308.13,90.3823,8.5745,16.3719,2.58,100.00,31.19,-0.10,51.82,358.02,5.53,90.4002,11.5893,16.7468,90.0734,11.5494,16.9562,5.87,0.10,31.19,90.9245,11.6517,16.4412,5.87,0.10,31.19,250.0675,11.9445,279.8723,0.00,100.00,182.67,-11.86,182.67,11.86,12.52
102.62,307.99,90.4996,8.5796,16.4642,2.51,100.00,31.21,-0.30,51.85,358.33,5.28,90.5386,11.5943,16.8390,90.2117,11.5566,17.0486,5.53,0.30,31.21,91.0632,11.6530,16.5332,5.53,0.30,31.21,250.0675,11.9445,279.8723,0.00,100.00,182.67,-11.86,182.67,11.86,12.52
102.68,307.86,90.6075,8.5844,16.5490,2.31,100.00,31.23,-0.46,51.85,358.34,5.71,90.6328,11.5969,16.9420,90.3061,11.5565,17.1514,5.93,0.46,31.23,91.1570,11.6598,16.6364,5.93,0.46,31.23,250.0675,11.9445,279.8723,0.00,100.00,182.67,-11.86,182.67,11.86,12.52
102.74,307.72,90.7221,8.5884,16.6389,2.41,100.00,31.21,-0.32,51.82,358.07,6.02,90.7260,11.6004,17.0359,90.3995,11.5575,17.2452,6.32,0.32,31.21,91.2499,11.6675,16.7306,6.32,0.32,31.21,250.0675,11.9445,279.8723,0.00,100.00,182.67,-11.86,182.67,11.86,12.52
102.80,307.58,90.8454,8.5947,16.7359,2.64,100.00,31.21,-0.30,51.82,358.04,6.06,90.8470,11.6067,17.1333,90.5205,11.5634,17.3426,6.36,0.30,31.21,91.3708,11.6742,16.8280,6.36,0.30,31.21,250.0675,11.9445,279.8723,0.00,100.00,182.67,-11.86,182.67,11.86,12.52
102.86,307.42,90.9736,8.6020,16.8367,2.76,100.00,31.21,-0.30,51.81,358.04,6.06,90.9751,11.6140,17.2341,90.6487,11.5707,17.4433,6.36,0.30,31.21,91.4990,11.6815,16.9289,6.36,0.30,31.21,250.0675,11.9445,279.8723,0.00,100.00,182.67,-11.86,182.67,11.86,12.52
102.92,307.27,91.1075,8.6132,16.9420,2.97,100.00,31.18,-0.11,51.78,357.73,6.31,91.0879,11.6251,17.3400,90.7617,11.5795,17.5490,6.70,0.11,31.18,91.6115,11.6963,17.0350,6.70,0.11,31.18,250.0675,11.9445,279.8723,0.00,100.00,182.67,-11.86,182.67,11.86,12.52
102.98,307.10,91.2441,8.6201,17.0495,2.90,100.00,31.20,-0.24,51.81,357.94,6.15,91.2384,11.6320,17.4476,90.9120,11.5879,17.6567,6.48,0.24,31.20,91.7621,11.7008,17.1424,6.48,0.24,31.20,250.0675,11.9445,279.8723,0.00,100.00,182.67,-11.86,182.67,11.86,12.52
103.04,306.92,91.3934,8.6276,17.1670,3.19,100.00,31.21,-0.24,51.81,357.94,6.15,91.3877,11.6395,17.5650,91.0614,11.5954,17.7742,6.48,0.24,31.21,91.9115,11.7083,17.2598,6.48,0.24,31.21,250.0675,11.9445,279.8723,0.00,100.00,182.67,-11.86,182.67,11.86,12.52
103.10,306.74,91.5483,8.6017,17.2888,3.36,100.00,31.19,-0.02,51.80,357.80,5.90,91.5449,11.6156,17.6719,91.2185,11.5728,17.8812,6.30,0.02,31.19,92.0688,11.6825,17.3665,6.30,0.02,31.19,250.0675,11.9445,279.8723,0.00,100.00,182.67,-11.86,182.67,11.86,12.52
103.16,306.55,91.7086,8.6390,17.4149,3.30,100.00,31.20,-0.12,51.83,358.03,5.54,91.7267,11.6538,17.7907,91.4000,11.6138,18.0002,5.88,0.12,31.20,92.2510,11.7162,17.4850,5.88,0.12,31.20,250.0675,11.9445,279.8723,0.00,100.00,182.67,-11.86,182.67,11.86,12.52
103.22,306.34,91.8838,8.6503,17.5527,3.84,100.00,30.26,-0.21,50.88,358.12,5.57,91.8984,11.6645,17.9330,91.5682,11.6246,18.1370,5.87,0.21,30.26,92.4277,11.7269,17.6361,5.87,0.21,30.26,250.0675,11.9445,279.8723,0.00,100.00,182.67,-11.86,182.67,11.86,12.52
103.28,306.14,92.0473,8.6576,17.6856,3.52,100.00,30.51,-0.19,50.01,358.21,5.60,92.0585,11.6713,18.0701,91.7293,11.6313,18.2756,5.87,0.19,30.51,92.5865,11.7337,17.7709,5.87,0.19,30.51,250.0675,11.9445,279.8723,0.00,100.00,182.67,-11.86,182.67,11.86,12.52
103.34,305.93,92.2173,8.6630,17.8282,3.63,100.00,30.38,-0.20,48.73,358.33,5.64,92.2236,11.6759,18.2188,91.8939,11.6360,18.4235,5.87,0.20,30.38,92.7523,11.7383,17.9207,5.87,0.20,30.38,250.0675,11.9445,279.8723,0.00,100.00,182.67,-11.86,182.67,11.86,12.52
103.40,305.71,92.3907,8.6707,17.9803,3.85,100.00,29.06,-0.17,47.41,358.23,5.86,92.3761,11.6829,18.3761,92.0420,11.6413,18.5731,6.12,0.17,29.06,92.9112,11.7479,18.0904,6.12,0.17,29.06,250.0675,11.9445,279.8723,0.00,100.00,182.67,-11.86,182.67,11.86,12.52
103.46,305.50,92.5509,8.6468,18.1276,3.82,100.00,29.09,-0.39,47.43,358.38,6.10,92.5337,11.6570,18.5380,92.1997,11.6141,18.7349,6.30,0.39,29.09,93.0686,11.7239,18.2523,6.30,0.39,29.09,250.0675,11.9445,279.8723,0.00,100.00,182.67,-11.86,182.67,11.86,12.52
103.52,305.31,92.6982,8.6522,18.2629,3.34,100.00,29.29,-0.45,47.43,358.44,6.19,92.6801,11.6617,18.6786,92.3468,11.6184,18.8766,6.37,0.45,29.29,93.2140,11.7293,18.3912,6.37,0.45,29.29,250.0675,11.9445,279.8723,0.00,100.00,182.67,-11.86,182.67,11.86,12.52
103.58,305.11,92.8548,8.6581,18.4067,3.54,100.00,27.11,-0.88,45.05,358.72,6.77,92.8084,11.6628,18.8535,92.4680,11.6163,19.0383,6.84,0.88,27.11,93.3526,11.7353,18.5874,6.84,0.88,27.11,250.0675,11.9445,279.8723,0.00,100.00,182.67,-11.86,182.67,11.86,12.52
103.64,304.90,93.0077,8.6640,18.5593,3.58,100.00,24.71,-1.04,42.66,359.00,6.45,92.9651,11.6693,19.0028,92.6169,11.6253,19.1732,6.44,1.04,24.71,93.5204,11.7375,18.7596,6.44,1.04,24.71,250.0675,11.9445,279.8723,0.00,100.00,182.67,-11.86,182.67,11.86,12.52
103.69,304.69,93.1490,8.6752,18.7126,3.71,100.00,24.68,-0.70,42.64,358.74,6.13,93.1092,11.6835,19.1349,92.7608,11.6412,19.3054,6.22,0.70,24.68,93.6647,11.7495,18.8916,6.22,0.70,24.68,250.0675,11.9445,279.8723,0.00,100.00,182.67,-11.86,182.67,11.86,12.52
103.75,304.51,93.2753,8.6805,18.8499,3.14,100.00,24.67,-0.66,42.63,358.71,6.10,93.2358,11.6892,19.2698,92.8875,11.6470,19.4403,6.20,0.66,24.67,93.7914,11.7549,19.0264,6.20,0.66,24.67,250.0675,11.9445,279.8723,0.00,100.00,182.67,-11.86,182.67,11.86,12.52
103.81,304.33,93.4030,8.6883,18.9886,3.25,100.00,24.63,-0.30,42.60,358.42,5.82,93.3636,11.6998,19.3876,93.0151,11.6589,19.5582,6.02,0.30,24.63,93.9193,11.7638,19.1442,6.02,0.30,24.63,250.0675,11.9445,279.8723,0.00,100.00,182.67,-11.86,182.67,11.86,12.52
103.87,304.15,93.5222,8.6975,19.1181,3.06,100.00,27.50,0.04,42.60,358.39,5.79,93.4828,11.7094,19.5149,93.1434,11.6685,19.7029,6.01,359.96,27.50,94.0255,11.7733,19.2436,6.01,359.96,27.50,250.0675,11.9445,279.8723,0.00,100.00,182.67,-11.86,182.67,11.86,12.52
103.93,303.98,93.6424,8.7049,19.2488,2.98,100.00,28.17,0.11,40.30,358.62,5.85,93.5927,11.7153,19.6551,93.2556,11.6745,19.8471,6.01,359.89,28.17,94.1321,11.7792,19.3774,6.01,359.89,28.17,250.0675,11.9445,279.8723,0.00,100.00,182.67,-11.86,182.67,11.86,12.52
103.99,303.80,93.7630,8.7163,19.3911,3.28,100.00,28.65,0.16,37.93,358.87,5.90,93.7023,11.7252,19.8067,93.3668,11.6844,20.0015,6.01,359.84,28.65,94.2394,11.7891,19.5245,6.01,359.84,28.65,250.0675,11.9445,279.8723,0.00,100.00,182.67,-11.86,182.67,11.86,12.52
104.04,303.62,93.8746,8.7248,19.5342,3.13,100.00,29.25,0.41,35.65,358.98,5.43,93.8210,11.7355,19.9374,93.4873,11.6982,20.1360,5.51,359.59,29.25,94.3555,11.7942,19.6490,5.51,359.59,29.25,250.0675,11.9445,279.8723,0.00,100.00,182.67,-11.86,182.67,11.86,12.52
104.10,303.43,93.9839,8.7296,19.6866,3.15,100.00,29.60,0.17,33.36,359.46,5.54,93.9232,11.7372,20.1118,93.5907,11.6994,20.3124,5.57,359.83,29.60,94.4559,11.7964,19.8205,5.57,359.83,29.60,250.0675,11.9445,279.8723,0.00,100.00,182.67,-11.86,182.67,11.86,12.52
104.16,303.23,94.0914,8.7365,19.8499,3.42,100.00,29.82,-0.30,31.04,0.17,6.23,94.0017,11.7363,20.3224,93.6702,11.6939,20.5236,6.23,0.30,29.82,94.5330,11.8024,20.0298,6.23,0.30,29.82,250.0675,11.9445,279.8723,0.00,100.00,182.67,-11.86,182.67,11.86,12.52
104.22,303.04,94.1897,8.7352,20.0132,3.15,100.00,30.18,-0.37,28.78,0.52,6.36,94.0845,11.7320,20.5014,93.7544,11.6887,20.7046,6.37,0.37,30.18,94.6138,11.7996,20.2056,6.37,0.37,30.18,250.0675,11.9445,279.8723,0.00,100.00,182.67,-11.86,182.67,11.86,12.52
104.28,302.85,94.2825,8.7341,20.1821,3.21,100.00,32.73,0.49,28.72,359.94,6.06,94.1760,11.7363,20.6357,93.8553,11.6953,20.8541,6.04,359.51,32.73,94.6914,11.8005,20.3157,6.04,359.51,32.73,250.0675,11.9445,279.8723,0.00,100.00,182.67,-11.86,182.67,11.86,12.52
104.34,302.67,94.3702,8.7336,20.3421,2.99,100.00,35.24,1.16,28.67,359.51,5.82,94.2631,11.7396,20.7700,93.9523,11.7008,21.0027,5.73,358.84,35.24,94.7638,11.8007,20.4270,5.73,358.84,35.24,250.0675,11.9445,279.8723,0.00,100.00,182.67,-11.86,182.67,11.86,12.52
104.40,302.48,94.4606,8.7374,20.5074,3.20,100.00,35.28,1.23,26.24,359.68,5.80,94.3404,11.7424,20.9379,94.0299,11.7041,21.1709,5.68,358.77,35.28,94.8409,11.8030,20.5944,5.68,358.77,35.28,250.0675,11.9445,279.8723,0.00,100.00,182.67,-11.86,182.67,11.86,12.52
104.46,302.29,94.5426,8.7372,20.6738,3.06,100.00,32.94,0.93,23.91,0.06,6.26,94.3914,11.7375,21.1269,94.0718,11.6956,21.3467,6.19,359.07,32.94,94.9052,11.8034,20.8046,6.19,359.07,32.94,250.0675,11.9445,279.8723,0.00,100.00,182.67,-11.86,182.67,11.86,12.52
104.52,302.10,94.6211,8.7371,20.8508,3.23,100.00,30.52,0.77,21.48,0.16,5.89,94.4705,11.7388,21.2952,94.1416,11.6992,21.5013,5.85,359.23,30.52,94.9979,11.8010,20.9949,5.85,359.23,30.52,250.0675,11.9445,279.8723,0.00,100.00,182.67,-11.86,182.67,11.86,12.52
104.58,301.91,94.6923,8.7349,21.0319,3.25,100.00,30.14,0.45,19.13,0.70,5.92,94.5315,11.7330,21.4966,94.2012,11.6927,21.7003,5.94,359.55,30.14,95.0610,11.7962,21.2002,5.94,359.55,30.14,250.0675,11.9445,279.8723,0.00,100.00,182.67,-11.86,182.67,11.86,12.52
104.64,301.72,94.7571,8.7296,21.2187,3.24,100.00,29.77,0.38,16.75,0.97,5.89,94.5829,11.7259,21.6898,94.2513,11.6855,21.8913,5.96,359.62,29.77,95.1143,11.7892,21.3969,5.96,359.62,29.77,250.0675,11.9445,279.8723,0.00,100.00,182.67,-11.86,182.67,11.86,12.52
104.70,301.52,94.8161,8.7241,21.4147,3.38,100.00,29.56,0.36,14.32,1.22,5.84,94.6277,11.7188,21.8900,94.2953,11.6784,22.0903,5.96,359.64,29.56,95.1601,11.7822,21.5991,5.96,359.64,29.56,250.0675,11.9445,279.8723,0.00,100.00,182.67,-11.86,182.67,11.86,12.52
104.76,301.32,94.8671,8.7195,21.6145,3.42,100.00,29.28,1.08,11.84,0.76,5.98,94.6460,11.7168,22.0587,94.3130,11.6767,22.2579,5.93,358.92,29.28,95.1796,11.7800,21.7696,5.93,358.92,29.28,250.0675,11.9445,279.8723,0.00,100.00,182.67,-11.86,182.67,11.86,12.52
104.82,301.12,94.9099,8.7165,21.8189,3.45,100.00,26.87,0.96,9.42,0.88,5.98,94.6713,11.7130,22.2600,94.3301,11.6726,22.4449,5.97,359.04,26.87,95.2165,11.7766,21.9938,5.97,359.04,26.87,250.0675,11.9445,279.8723,0.00,100.00,182.67,-11.86,182.67,11.86,12.52
104.88,300.94,94.9428,8.7140,22.0168,3.39,100.00,26.88,0.86,9.44,1.11,6.40,94.6848,11.7065,22.4735,94.3439,11.6629,22.6582,6.44,359.14,26.88,95.2295,11.7750,22.2074,6.44,359.14,26.88,250.0675,11.9445,279.8723,0.00,100.00,182.67,-11.86,182.67,11.86,12.52
104.94,300.76,94.9735,8.7138,22.2017,3.23,100.00,26.88,0.85,9.45,1.14,6.45,94.7134,11.7058,22.6601,94.3726,11.6619,22.8448,6.49,359.15,26.88,95.2581,11.7749,22.3941,6.49,359.15,26.88,250.0675,11.9445,279.8723,0.00,100.00,182.67,-11.86,182.67,11.86,12.52
105.00,300.59,95.0041,8.7090,22.3856,3.11,100.00,24.56,0.75,7.11,1.13,6.06,94.7455,11.7033,22.8300,94.3972,11.6619,23.0008,6.12,359.25,24.56,95.3010,11.7685,22.5862,6.12,359.25,24.56,250.0675,11.9445,279.8723,0.00,100.00,182.67,-11.86,182.67,11.86,12.52
105.06,300.41,95.0284,8.7080,22.5803,3.35,100.00,24.89,0.80,4.72,1.35,5.97,94.7570,11.7012,23.0247,94.4097,11.6601,23.1975,6.07,359.20,24.89,95.3111,11.7658,22.7776,6.07,359.20,24.89,250.0675,11.9445,279.8723,0.00,100.00,182.67,-11.86,182.67,11.86,12.52
105.11,300.24,95.0444,8.6760,22.7742,3.58,100.00,25.15,0.45,2.45,2.11,6.19,94.7461,11.6621,23.2477,94.3998,11.6179,23.4217,6.52,359.55,25.15,95.2988,11.7315,22.9987,6.52,359.55,25.15,250.0675,11.9445,279.8723,0.00,100.00,182.67,-11.86,182.67,11.86,12.52
105.17,300.07,95.0524,8.6736,22.9593,3.20,100.00,25.79,1.14,0.20,1.89,6.55,94.7165,11.6594,23.4088,94.3725,11.6140,23.5871,6.72,358.86,25.79,95.2657,11.7310,23.1530,6.72,358.86,25.79,250.0675,11.9445,279.8723,0.00,100.00,182.67,-11.86,182.67,11.86,12.52
105.23,299.91,95.0531,8.6743,23.1569,3.49,100.00,26.31,1.31,357.90,2.07,6.56,94.6990,11.6587,23.6021,94.3567,11.6131,23.7837,6.75,358.69,26.31,95.2457,11.7306,23.3411,6.75,358.69,26.31,250.0675,11.9445,279.8723,0.00,100.00,182.67,-11.86,182.67,11.86,12.52
105.29,299.74,95.0459,8.6695,23.3530,3.34,100.00,27.00,1.13,355.68,2.64,6.48,94.6765,11.6496,23.8141,94.3365,11.6029,23.9997,6.90,358.87,27.00,95.2199,11.7231,23.5468,6.90,358.87,27.00,250.0675,11.9445,279.8723,0.00,100.00,182.67,-11.86,182.67,11.86,12.52
105.35,299.57,95.0303,8.6547,23.5584,3.33,100.00,27.77,1.02,353.39,3.35,6.67,94.6288,11.6274,24.0401,94.2916,11.5774,24.2299,7.39,358.98,27.77,95.1681,11.7060,23.7659,7.39,358.98,27.77,250.0675,11.9445,279.8723,0.00,100.00,182.67,-11.86,182.67,11.86,12.52
105.41,299.40,95.0050,8.6407,23.7768,3.68,100.00,25.31,0.66,350.94,3.72,6.57,94.5854,11.6106,24.2605,94.2404,11.5597,24.4354,7.52,359.34,25.31,95.1360,11.6905,24.0101,7.52,359.34,25.31,250.0675,11.9445,279.8723,0.00,100.00,182.67,-11.86,182.67,11.86,12.52
105.47,299.24,94.9712,8.6299,23.9892,3.74,100.00,22.94,0.34,348.55,3.99,6.41,94.5372,11.5981,24.4705,94.1851,11.5470,24.6307,7.54,359.66,22.94,95.0978,11.6782,24.2436,7.54,359.66,22.94,250.0675,11.9445,279.8723,0.00,100.00,182.67,-11.86,182.67,11.86,12.52
105.52,299.08,94.9296,8.6228,24.1945,3.67,100.00,23.21,1.05,346.14,3.12,5.84,94.5153,11.6023,24.6203,94.1634,11.5581,24.7829,6.54,358.95,23.21,95.0757,11.6719,24.3895,6.54,358.95,23.21,250.0675,11.9445,279.8723,0.00,100.00,182.67,-11.86,182.67,11.86,12.52
105.58,298.93,94.8793,8.6102,24.3983,3.47,100.00,23.75,1.07,343.88,3.53,5.87,94.4411,11.5857,24.8275,94.0910,11.5400,24.9934,6.76,358.93,23.75,94.9990,11.6577,24.5914,6.76,358.93,23.75,250.0675,11.9445,279.8723,0.00,100.00,182.67,-11.86,182.67,11.86,12.52
105.64,298.78,94.8167,8.5976,24.6149,3.83,100.00,24.41,1.61,341.44,3.59,6.19,94.3438,11.5708,25.0230,93.9960,11.5237,25.1933,6.97,358.39,24.41,94.8984,11.6451,24.7800,6.97,358.39,24.41,250.0675,11.9445,279.8723,0.00,100.00,182.67,-11.86,182.67,11.86,12.52
105.70,298.64,94.7460,8.5889,24.8254,3.86,100.00,25.12,1.65,339.08,3.69,5.82,94.2730,11.5632,25.2252,93.9271,11.5181,25.3999,6.69,358.35,25.12,94.8249,11.6346,24.9752,6.69,358.35,25.12,250.0675,11.9445,279.8723,0.00,100.00,182.67,-11.86,182.67,11.86,12.52
105.76,298.50,94.6678,8.5447,25.0302,3.95,100.00,22.83,1.38,336.78,3.92,5.67,94.1817,11.5176,25.4249,93.8291,11.4720,25.5854,6.75,358.62,22.83,94.7432,11.5895,25.1974,6.75,358.62,22.83,250.0675,11.9445,279.8723,0.00,100.00,182.67,-11.86,182.67,11.86,12.52
105.81,298.38,94.5820,8.5354,25.2299,3.84,100.00,20.59,1.11,334.52,4.14,5.51,94.0834,11.5069,25.6191,93.7247,11.4610,25.7655,6.80,358.89,20.59,94.6534,11.5793,25.4142,6.80,358.89,20.59,250.0675,11.9445,279.8723,0.00,100.00,182.67,-11.86,182.67,11.86,12.52
105.87,298.26,94.4874,8.5190,25.4285,3.67,100.00,21.37,1.32,332.27,4.48,5.60,93.9614,11.4866,25.8110,93.6050,11.4390,25.9624,7.05,358.68,21.37,94.5282,11.5617,25.5981,7.05,358.68,21.37,250.0675,11.9445,279.8723,0.00,100.00,182.67,-11.86,182.67,11.86,12.52
105.93,298.14,94.3776,8.5032,25.6374,4.07,100.00,21.94,1.29,329.86,4.56,5.17,93.8533,11.4721,26.0129,93.4982,11.4264,26.1678,6.77,358.71,21.94,94.4183,11.5442,25.7943,6.77,358.71,21.94,250.0675,11.9445,279.8723,0.00,100.00,182.67,-11.86,182.67,11.86,12.52
105.99,298.03,94.2616,8.4928,25.8372,4.06,100.00,22.82,1.88,327.46,3.96,5.01,93.7458,11.4684,26.1687,93.3928,11.4273,26.3296,6.10,358.12,22.82,94.3079,11.5336,25.9408,6.10,358.12,22.82,250.0675,11.9445,279.8723,0.00,100.00,182.67,-11.86,182.67,11.86,12.52
106.05,297.93,94.1386,8.4848,26.0300,4.03,100.00,23.79,1.95,325.15,3.79,4.57,93.6338,11.4639,26.3461,93.2832,11.4262,26.5130,5.61,358.05,23.79,94.1925,11.5238,26.1085,5.61,358.05,23.79,250.0675,11.9445,279.8723,0.00,100.00,182.67,-11.86,182.67,11.86,12.52
106.10,297.84,94.0071,8.4698,26.2189,4.00,100.00,24.74,1.52,322.99,5.34,4.57,93.4426,11.4331,26.5801,93.0956,11.3868,26.7523,6.86,358.48,24.74,93.9960,11.5061,26.3339,6.86,358.48,24.74,250.0675,11.9445,279.8723,0.00,100.00,182.67,-11.86,182.67,11.86,12.52
106.16,297.75,93.8651,8.4560,26.4072,4.21,100.00,25.52,1.67,320.69,5.33,4.33,93.2967,11.4203,26.7533,92.9520,11.3754,26.9304,6.65,358.33,25.52,93.8469,11.4913,26.4994,6.65,358.33,25.52,250.0675,11.9445,279.8723,0.00,100.00,182.67,-11.86,182.67,11.86,12.52
106.22,297.68,93.7182,8.4071,26.5866,4.22,100.00,25.97,1.98,318.45,5.25,4.30,93.1405,11.3724,26.9080,92.7971,11.3288,27.0880,6.48,358.02,25.97,93.6887,11.4416,26.6495,6.48,358.02,25.97,250.0675,11.9445,279.8723,0.00,100.00,182.67,-11.86,182.67,11.86,12.52
106.28,297.61,93.5628,8.3858,26.7620,3.90,100.00,26.94,2.19,316.52,5.30,4.19,92.9769,11.3510,27.0697,92.6367,11.3080,27.2556,6.39,357.81,26.94,93.5207,11.4192,26.8017,6.39,357.81,26.94,250.0675,11.9445,279.8723,0.00,100.00,182.67,-11.86,182.67,11.86,12.52
106.34,297.54,93.3876,8.3638,26.9467,4.33,100.00,27.05,2.20,314.46,5.45,4.00,92.7927,11.3281,27.2457,92.4528,11.2851,27.4323,6.38,357.80,27.05,93.3360,11.3962,26.9766,6.38,357.80,27.05,250.0675,11.9445,279.8723,0.00,100.00,182.67,-11.86,182.67,11.86,12.52
106.39,297.49,93.2082,8.3444,27.1227,4.34,100.00,27.97,2.18,313.21,5.24,3.67,92.6263,11.3120,27.4138,92.2892,11.2716,27.6059,6.01,357.82,27.97,93.1656,11.3762,27.1360,6.01,357.82,27.97,250.0675,11.9445,279.8723,0.00,100.00,182.67,-11.86,182.67,11.86,12.52
106.45,297.44,93.0261,8.3313,27.2938,4.45,100.00,28.22,2.32,311.96,4.77,3.54,92.4607,11.3044,27.5607,92.1241,11.2676,27.7544,5.46,357.68,28.22,92.9994,11.3628,27.2803,5.46,357.68,28.22,250.0675,11.9445,279.8723,0.00,100.00,182.67,-11.86,182.67,11.86,12.52
106.51,297.40,92.8443,8.3128,27.4572,4.16,100.00,28.98,2.11,311.16,4.92,3.21,92.2807,11.2853,27.7348,91.9466,11.2484,27.9328,5.48,357.89,28.98,92.8157,11.3439,27.4475,5.48,357.89,28.98,250.0675,11.9445,279.8723,0.00,100.00,182.67,-11.86,182.67,11.86,12.52
106.57,297.36,92.6497,8.2960,27.6273,4.45,100.00,29.13,2.20,310.29,4.49,3.12,92.1018,11.2731,27.8857,91.7680,11.2394,28.0847,5.01,357.80,29.13,92.6365,11.3267,27.5968,5.01,357.80,29.13,250.0675,11.9445,279.8723,0.00,100.00,182.67,-11.86,182.67,11.86,12.52
106.63,297.32,92.4612,8.2807,27.7871,4.23,100.00,30.14,2.30,310.29,4.45,3.12,91.9153,11.2583,28.0438,91.5850,11.2253,28.2487,4.92,357.70,30.14,92.4449,11.3110,27.7455,4.92,357.70,30.14,250.0675,11.9445,279.8723,0.00,100.00,182.67,-11.86,182.67,11.86,12.52
106.68,297.29,92.2781,8.2681,27.9424,4.24,100.00,30.17,2.00,310.29,4.61,2.85,91.7349,11.2448,28.2155,91.4046,11.2109,28.4204,5.03,358.00,30.17,92.2643,11.2986,27.9172,5.03,358.00,30.17,250.0675,11.9445,279.8723,0.00,100.00,182.67,-11.86,182.67,11.86,12.52
106.74,297.25,92.0987,8.2523,28.0944,4.02,100.00,29.71,2.20,309.85,4.44,3.02,91.5542,11.2302,28.3508,91.2224,11.1973,28.5532,4.90,357.80,29.71,92.0861,11.2827,28.0565,4.90,357.80,29.71,250.0675,11.9445,279.8723,0.00,100.00,182.67,-11.86,182.67,11.86,12.52
106.80,297.22,91.9104,8.2346,28.2516,4.13,100.00,30.46,2.26,309.41,4.47,2.99,91.3642,11.2124,28.5060,91.0349,11.1797,28.7127,4.87,357.74,30.46,91.8921,11.2645,28.2047,4.87,357.74,30.46,250.0675,11.9445,279.8723,0.00,100.00,182.67,-11.86,182.67,11.86,12.52
106.86,297.19,91.7244,8.2201,28.4044,4.11,100.00,31.63,2.35,309.37,3.67,2.86,91.2141,11.2060,28.6373,90.8886,11.1791,28.8508,4.02,357.65,31.63,91.7365,11.2492,28.3252,4.02,357.65,31.63,250.0675,11.9445,279.8723,0.00,100.00,182.67,-11.86,182.67,11.86,12.52
106.92,297.16,91.5470,8.2079,28.5499,3.86,100.00,31.64,2.16,309.34,3.23,2.61,91.0627,11.1985,28.7781,90.7370,11.1747,28.9916,3.55,357.84,31.64,91.5855,11.2366,28.4660,3.55,357.84,31.64,250.0675,11.9445,279.8723,0.00,100.00,182.67,-11.86,182.67,11.86,12.52
106.98,297.14,91.3739,8.1625,28.6918,3.94,100.00,31.65,2.04,309.36,3.55,2.53,90.8793,11.1503,28.9342,90.5538,11.1244,29.1477,3.86,357.96,31.65,91.4019,11.1917,28.6222,3.86,357.96,31.65,250.0675,11.9445,279.8723,0.00,100.00,182.67,-11.86,182.67,11.86,12.52
107.04,297.11,91.2115,8.1503,28.8250,3.56,100.00,31.65,1.99,309.36,3.67,2.50,90.7133,11.1371,29.0725,90.3879,11.1105,29.2860,3.97,358.01,31.65,91.2358,11.1796,28.7604,3.97,358.01,31.65,250.0675,11.9445,279.8723,0.00,100.00,182.67,-11.86,182.67,11.86,12.52
107.09,297.09,91.0525,8.1446,28.9554,3.66,100.00,31.67,1.79,309.35,3.45,2.26,90.5710,11.1339,29.2052,90.2454,11.1089,29.4187,3.72,358.21,31.67,91.0937,11.1737,28.8931,3.72,358.21,31.67,250.0675,11.9445,279.8723,0.00,100.00,182.67,-11.86,182.67,11.86,12.52
107.15,297.06,90.9071,8.1334,29.0746,3.12,100.00,32.35,1.60,309.34,3.13,1.99,90.4475,11.1261,29.3249,90.1243,11.1037,29.5422,3.35,358.40,32.35,90.9668,11.1620,29.0067,3.35,358.40,32.35,250.0675,11.9445,279.8723,0.00,100.00,182.67,-11.86,182.67,11.86,12.52
107.21,297.04,90.7487,8.1274,29.2045,3.52,100.00,32.35,1.66,308.68,2.59,1.95,90.3095,11.1249,29.4335,89.9861,11.1062,29.6508,2.79,358.34,32.35,90.8291,11.1549,29.1152,2.79,358.34,32.35,250.0675,11.9445,279.8723,0.00,100.00,182.67,-11.86,182.67,11.86,12.52
107.27,297.02,90.5929,8.1245,29.3292,3.50,100.00,32.37,1.67,308.07,2.51,1.92,90.1554,11.1226,29.5521,89.8320,11.1046,29.7695,2.69,358.33,32.37,90.6749,11.1516,29.2336,2.69,358.33,32.37,250.0675,11.9445,279.8723,0.00,100.00,182.67,-11.86,182.67,11.86,12.52
107.33,297.00,90.4369,8.1196,29.4514,3.44,100.00,32.41,1.57,307.48,2.98,1.83,89.9806,11.1139,29.6884,89.6576,11.0929,29.9061,3.13,358.43,32.41,90.4997,11.1475,29.3696,3.13,358.43,32.41,250.0675,11.9445,279.8723,0.00,100.00,182.67,-11.86,182.67,11.86,12.52
107.39,296.98,90.2760,8.1071,29.5748,3.32,100.00,31.81,1.52,306.87,3.05,1.79,89.8156,11.1008,29.8108,89.4903,11.0794,30.0250,3.19,358.48,31.81,90.3380,11.1351,29.4975,3.19,358.48,31.81,250.0675,11.9445,279.8723,0.00,100.00,182.67,-11.86,182.67,11.86,12.52
107.44,296.96,90.1020,8.1013,29.7053,3.82,100.00,31.38,1.60,306.44,2.63,1.84,89.6561,11.0987,29.9231,89.3291,11.0800,30.1349,2.78,358.40,31.38,90.1811,11.1285,29.6136,2.78,358.40,31.38,250.0675,11.9445,279.8723,0.00,100.00,182.67,-11.86,182.67,11.86,12.52
107.50,296.95,89.9369,8.0999,29.8272,3.65,100.00,31.00,1.42,306.04,2.27,1.63,89.5112,11.1006,30.0396,89.1826,11.0845,30.2492,2.40,358.58,31.00,90.0384,11.1264,29.7337,2.40,358.58,31.00,250.0675,11.9445,279.8723,0.00,100.00,182.67,-11.86,182.67,11.86,12.52
107.56,296.94,89.7713,8.0935,29.9477,3.47,100.00,30.67,1.56,305.72,2.48,1.78,89.3308,11.0921,30.1577,89.0010,11.0745,30.3655,2.63,358.44,30.67,89.8596,11.1204,29.8548,2.63,358.44,30.67,250.0675,11.9445,279.8723,0.00,100.00,182.67,-11.86,182.67,11.86,12.52
107.62,296.93,89.5949,8.0507,30.0746,3.72,100.00,30.60,1.68,305.37,2.13,1.86,89.1656,11.0521,30.2677,88.8355,11.0369,30.4751,2.28,358.32,30.60,89.6949,11.0767,29.9654,2.28,358.32,30.60,250.0675,11.9445,279.8723,0.00,100.00,182.67,-11.86,182.67,11.86,12.52
107.68,296.92,89.4137,8.0465,30.2032,3.80,100.00,30.66,1.86,305.14,1.49,1.98,89.0074,11.0527,30.3701,88.6773,11.0418,30.5778,1.64,358.14,30.66,89.5367,11.0705,30.0673,1.64,358.14,30.66,250.0675,11.9445,279.8723,0.00,100.00,182.67,-11.86,182.67,11.86,12.52
107.74,296.91,89.2330,8.0418,30.3304,3.74,100.00,30.75,1.60,304.93,1.56,1.72,88.8312,11.0479,30.5093,88.5014,11.0368,30.7175,1.68,358.40,30.75,89.3600,11.0661,30.2057,1.68,358.40,30.75,250.0675,11.9445,279.8723,0.00,100.00,182.67,-11.86,182.67,11.86,12.52
107.79,296.90,89.0569,8.0440,30.4534,3.89,100.00,31.03,1.25,304.94,1.77,1.37,88.6563,11.0489,30.6536,88.3276,11.0365,30.8633,1.86,358.75,31.03,89.1837,11.0689,30.3475,1.86,358.75,31.03,250.0675,11.9445,279.8723,0.00,100.00,182.67,-11.86,182.67,11.86,12.52
107.85,296.89,88.8987,8.0412,30.5639,3.29,100.00,31.32,1.00,304.93,1.53,1.10,88.5168,11.0483,30.7687,88.1891,11.0376,30.9800,1.60,359.00,31.32,89.0428,11.0654,30.4600,1.60,359.00,31.32,250.0675,11.9445,279.8723,0.00,100.00,182.67,-11.86,182.67,11.86,12.52
107.91,296.89,88.7375,8.0430,30.6764,3.47,100.00,31.60,0.77,304.93,1.19,0.84,88.3779,11.0528,30.8822,88.0512,11.0445,31.0952,1.24,359.23,31.60,88.9025,11.0661,30.5710,1.24,359.23,31.60,250.0675,11.9445,279.8723,0.00,100.00,182.67,-11.86,182.67,11.86,12.52
107.97,296.88,88.5882,8.0404,30.7807,3.06,100.00,31.60,0.74,304.93,1.16,0.81,88.2311,11.0505,30.9866,87.9043,11.0424,31.1995,1.20,359.26,31.60,88.7557,11.0634,30.6754,1.20,359.26,31.60,250.0675,11.9445,279.8723,0.00,100.00,182.67,-11.86,182.67,11.86,12.52
108.02,296.87,88.4384,8.0401,30.8853,3.14,100.00,31.60,0.74,304.93,1.16,0.81,88.0813,11.0502,31.0912,87.7545,11.0421,31.3042,1.20,359.26,31.60,88.6058,11.0631,30.7800,1.20,359.26,31.60,250.0675,11.9445,279.8723,0.00,100.00,182.67,-11.86,182.67,11.86,12.52
108.08,296.87,88.2985,8.0378,30.9830,2.89,100.00,31.87,1.02,304.92,0.91,1.07,87.9443,11.0494,31.1705,87.6184,11.0430,31.3850,0.97,358.98,31.87,88.4675,11.0599,30.8569,0.97,358.98,31.87,250.0675,11.9445,279.8723,0.00,100.00,182.67,-11.86,182.67,11.86,12.52
108.14,296.86,88.1547,8.0346,31.0834,2.90,100.00,32.02,1.05,304.80,0.89,1.09,87.8003,11.0463,31.2683,87.4750,11.0401,31.4837,0.94,358.95,32.02,88.3226,11.0564,30.9533,0.94,358.95,32.02,250.0675,11.9445,279.8723,0.00,100.00,182.67,-11.86,182.67,11.86,12.52
108.20,296.86,88.0049,8.0334,31.1875,3.11,100.00,31.90,0.78,304.68,1.06,0.83,87.6505,11.0441,31.3879,87.3248,11.0368,31.6026,1.10,359.22,31.90,88.1735,11.0559,31.0740,1.10,359.22,31.90,250.0675,11.9445,279.8723,0.00,100.00,182.67,-11.86,182.67,11.86,12.52
108.26,296.85,87.8661,8.0016,31.2835,3.06,100.00,31.90,0.75,304.68,1.08,0.81,87.5118,11.0122,31.4857,87.1861,11.0047,31.7004,1.11,359.25,31.90,88.0347,11.0242,31.1718,1.11,359.25,31.90,250.0675,11.9445,279.8723,0.00,100.00,182.67,-11.86,182.67,11.86,12.52
108.32,296.85,87.7396,8.0003,31.3711,2.63,100.00,31.90,0.90,304.69,1.39,0.97,87.3668,11.0086,31.5754,87.0412,10.9990,31.7901,1.43,359.10,31.90,87.8897,11.0239,31.2615,1.43,359.10,31.90,250.0675,11.9445,279.8723,0.00,100.00,182.67,-11.86,182.67,11.86,12.52
108.37,296.84,87.6146,8.0018,31.4576,2.65,100.00,31.90,0.75,304.69,1.16,0.81,87.2563,11.0117,31.6623,86.9306,11.0037,31.8770,1.20,359.25,31.90,87.7793,11.0246,31.3484,1.20,359.25,31.90,250.0675,11.9445,279.8723,0.00,100.00,182.67,-11.86,182.67,11.86,12.52
108.44,296.84,87.4990,8.0262,31.5376,2.21,100.00,31.90,0.75,304.69,1.16,0.81,87.1406,11.0361,31.7424,86.8150,11.0281,31.9570,1.20,359.25,31.90,87.6636,11.0491,31.4284,1.20,359.25,31.90,250.0675,11.9445,279.8723,0.00,100.00,182.67,-11.86,182.67,11.86,12.52
108.50,296.84,87.3658,8.0221,31.6298,2.68,100.00,31.80,0.75,304.58,1.17,0.81,87.0071,11.0321,31.8340,86.6811,11.0240,32.0481,1.20,359.25,31.80,87.5306,11.0450,31.5210,1.20,359.25,31.80,250.0675,11.9445,279.8723,0.00,100.00,182.67,-11.86,182.67,11.86,12.52
108.56,296.83,87.2388,7.9917,31.7173,2.80,100.00,31.71,0.42,304.48,0.66,0.45,86.9124,11.0053,31.9212,86.5859,11.0008,32.1347,0.68,359.58,31.71,87.4366,11.0126,31.6090,0.68,359.58,31.71,250.0675,11.9445,279.8723,0.00,100.00,182.67,-11.86,182.67,11.86,12.52
108.61,296.83,87.1189,7.9927,31.7997,2.47,100.00,31.62,0.27,304.39,0.43,0.30,86.8066,11.0079,32.0031,86.4797,11.0049,32.2161,0.45,359.73,31.62,87.3312,11.0127,31.6918,0.45,359.73,31.62,250.0675,11.9445,279.8723,0.00,100.00,182.67,-11.86,182.67,11.86,12.52
108.67,296.83,86.9909,7.9971,31.8872,2.72,100.00,33.92,0.29,304.29,0.43,0.29,86.6783,11.0123,32.0902,86.3603,11.0094,32.3161,0.43,359.71,33.92,87.1900,11.0170,31.7581,0.43,359.71,33.92,250.0675,11.9445,279.8723,0.00,100.00,182.67,-11.86,182.67,11.86,12.52
108.73,296.82,86.8636,7.9981,31.9741,2.62,100.00,35.24,0.30,303.13,0.44,0.29,86.5469,11.0132,32.1712,86.2342,11.0103,32.4043,0.43,359.70,35.24,87.0509,11.0178,31.8274,0.43,359.70,35.24,250.0675,11.9445,279.8723,0.00,100.00,182.67,-11.86,182.67,11.86,12.52
108.79,296.83,86.7264,8.0002,32.0636,2.82,100.00,34.03,0.29,301.92,0.44,0.28,86.4057,11.0153,32.2545,86.0881,11.0124,32.4811,0.43,359.71,34.03,86.9168,11.0200,31.9214,0.43,359.71,34.03,250.0675,11.9445,279.8723,0.00,100.00,182.67,-11.86,182.67,11.86,12.52
108.85,296.83,86.5856,8.0004,32.1513,2.80,100.00,32.84,0.28,300.73,0.45,0.27,86.2609,11.0155,32.3362,85.9386,11.0125,32.5560,0.44,359.72,32.84,86.7788,11.0202,32.0138,0.44,359.72,32.84,250.0675,11.9445,279.8723,0.00,100.00,182.67,-11.86,182.67,11.86,12.52
108.91,296.84,86.4363,8.0015,32.2401,2.96,100.00,32.28,0.28,299.51,0.46,0.26,86.1077,11.0166,32.4185,85.7834,11.0136,32.6353,0.44,359.72,32.28,86.6287,11.0213,32.1012,0.44,359.72,32.28,250.0675,11.9445,279.8723,0.00,100.00,182.67,-11.86,182.67,11.86,12.52
108.96,296.85,86.2822,8.0039,32.3272,3.05,100.00,32.10,0.28,298.67,0.46,0.25,85.9511,11.0189,32.5013,85.6260,11.0159,32.7170,0.44,359.72,32.10,86.4731,11.0236,32.1856,0.44,359.72,32.10,250.0675,11.9445,279.8723,0.00,100.00,182.67,-11.86,182.67,11.86,12.52
109.02,296.86,86.1244,8.0067,32.4135,3.11,100.00,31.99,0.36,297.83,359.94,0.36,85.8124,11.0249,32.5646,85.4869,11.0256,32.7797,359.91,359.64,31.99,86.3351,11.0240,32.2500,359.91,359.64,31.99,250.0675,11.9445,279.8723,0.00,100.00,182.67,-11.86,182.67,11.86,12.52
109.08,296.88,85.9731,8.0099,32.4934,2.93,100.00,32.72,0.37,297.83,359.84,0.38,85.6648,11.0287,32.6412,85.3421,11.0301,32.8604,359.81,359.63,32.72,86.1835,11.0268,32.3200,359.81,359.63,32.72,250.0675,11.9445,279.8723,0.00,100.00,182.67,-11.86,182.67,11.86,12.52
109.14,296.90,85.8273,7.9813,32.5704,2.97,100.00,32.72,0.53,297.83,0.06,0.53,85.5054,10.9987,32.7170,85.1826,10.9987,32.9362,0.02,359.47,32.72,86.0240,10.9990,32.3957,0.02,359.47,32.72,250.0675,11.9445,279.8723,0.00,100.00,182.67,-11.86,182.67,11.86,12.52
109.20,296.92,85.6809,7.9833,32.6476,2.85,100.00,32.59,0.49,297.71,0.64,0.44,85.3341,10.9971,32.8116,85.0109,10.9931,33.0302,0.60,359.51,32.59,85.8534,11.0035,32.4914,0.60,359.51,32.59,250.0675,11.9445,279.8723,0.00,100.00,182.67,-11.86,182.67,11.86,12.52
109.25,296.93,85.5231,7.9860,32.7305,3.12,100.00,32.47,0.48,297.59,0.74,0.42,85.1716,10.9991,32.8970,84.8480,10.9944,33.1148,0.70,359.52,32.47,85.6915,11.0066,32.5780,0.70,359.52,32.47,250.0675,11.9445,279.8723,0.00,100.00,182.67,-11.86,182.67,11.86,12.52
109.31,296.95,85.3620,7.9870,32.8147,3.13,100.00,32.16,0.48,297.28,0.74,0.42,85.0096,11.0001,32.9796,84.6848,10.9954,33.1957,0.70,359.52,32.16,85.5312,11.0076,32.6633,0.70,359.52,32.16,250.0675,11.9445,279.8723,0.00,100.00,182.67,-11.86,182.67,11.86,12.52
109.37,296.97,85.1919,7.9860,32.9025,3.19,100.00,31.86,0.10,296.97,0.16,0.09,84.8736,11.0029,33.0671,84.5476,11.0019,33.2814,0.15,359.90,31.86,85.3970,11.0046,32.7536,0.15,359.90,31.86,250.0675,11.9445,279.8723,0.00,100.00,182.67,-11.86,182.67,11.86,12.52
109.43,297.00,85.0132,7.9927,32.9934,3.57,100.00,32.65,0.04,297.77,0.06,0.03,84.7034,11.0103,33.1625,84.3804,11.0099,33.3814,0.05,359.96,32.65,85.2224,11.0109,32.8418,0.05,359.96,32.65,250.0675,11.9445,279.8723,0.00,100.00,182.67,-11.86,182.67,11.86,12.52
109.48,297.02,84.8450,7.9977,33.0820,3.32,100.00,32.75,0.04,298.51,0.06,0.03,84.5374,11.0152,33.2550,84.2149,11.0148,33.4744,0.05,359.96,32.75,85.0559,11.0158,32.9335,0.05,359.96,32.75,250.0675,11.9445,279.8723,0.00,100.00,182.67,-11.86,182.67,11.86,12.52
109.54,297.04,84.6729,7.9996,33.1755,3.34,100.00,32.93,0.20,299.36,0.32,0.18,84.3522,11.0155,33.3531,84.0303,11.0134,33.5735,0.31,359.80,32.93,84.8696,11.0188,33.0299,0.31,359.80,32.93,250.0675,11.9445,279.8723,0.00,100.00,182.67,-11.86,182.67,11.86,12.52
109.60,297.05,84.4957,7.9712,33.2751,3.69,100.00,33.79,0.31,300.22,359.97,0.31,84.1900,10.9892,33.4422,83.8714,10.9896,33.6675,359.95,359.69,33.79,84.7025,10.9888,33.1113,359.95,359.69,33.79,250.0675,11.9445,279.8723,0.00,100.00,182.67,-11.86,182.67,11.86,12.52
109.66,297.06,84.3357,8.0053,33.3683,3.08,100.00,33.79,0.35,300.22,359.84,0.36,84.0344,11.0241,33.5300,83.7159,11.0254,33.7552,359.82,359.65,33.79,84.5469,11.0223,33.1990,359.82,359.65,33.79,250.0675,11.9445,279.8723,0.00,100.00,182.67,-11.86,182.67,11.86,12.52
109.72,297.08,84.1678,7.9749,33.4661,3.42,100.00,33.39,0.13,300.22,359.94,0.13,83.8681,10.9931,33.6409,83.5479,10.9936,33.8639,359.94,359.87,33.39,84.3829,10.9925,33.3136,359.94,359.87,33.39,250.0675,11.9445,279.8723,0.00,100.00,182.67,-11.86,182.67,11.86,12.52
109.78,297.09,84.0072,7.9763,33.5596,3.17,100.00,33.45,0.22,300.69,0.29,0.21,83.6913,10.9924,33.7426,83.3714,10.9905,33.9659,0.28,359.78,33.45,84.2058,10.9954,33.4148,0.28,359.78,33.45,250.0675,11.9445,279.8723,0.00,100.00,182.67,-11.86,182.67,11.86,12.52
109.84,297.10,83.8426,7.9736,33.6573,3.15,100.00,33.93,0.23,301.17,0.33,0.22,83.5263,10.9895,33.8435,83.2083,10.9874,34.0694,0.31,359.77,33.93,84.0380,10.9929,33.5113,0.31,359.77,33.93,250.0675,11.9445,279.8723,0.00,100.00,182.67,-11.86,182.67,11.86,12.52
109.89,297.11,83.6803,7.9773,33.7555,3.32,100.00,33.93,0.23,301.17,0.33,0.22,83.3640,10.9932,33.9416,83.0460,10.9911,34.1676,0.31,359.77,33.93,83.8757,10.9966,33.6095,0.31,359.77,33.93,250.0675,11.9445,279.8723,0.00,100.00,182.67,-11.86,182.67,11.86,12.52
109.95,297.12,83.5345,7.9753,33.8437,2.81,100.00,33.44,0.05,301.17,0.07,0.05,83.2343,10.9928,34.0306,82.9144,10.9923,34.2539,0.07,359.95,33.44,83.7488,10.9935,33.7028,0.07,359.95,33.44,250.0675,11.9445,279.8723,0.00,100.00,182.67,-11.86,182.67,11.86,12.52
110.01,297.13,83.3876,7.9781,33.9326,2.94,100.00,32.98,0.03,301.17,0.04,0.03,83.0892,10.9958,34.1195,82.7675,10.9955,34.3402,0.04,359.97,32.98,83.6064,10.9962,33.7959,0.04,359.97,32.98,250.0675,11.9445,279.8723,0.00,100.00,182.67,-11.86,182.67,11.86,12.52
110.07,297.13,83.2531,7.9836,34.0139,2.76,100.00,32.68,0.03,301.17,0.04,0.03,82.9547,11.0012,34.2009,82.6318,11.0009,34.4199,0.04,359.97,32.68,83.4735,11.0017,33.8799,0.04,359.97,32.68,250.0675,11.9445,279.8723,0.00,100.00,182.67,-11.86,182.67,11.86,12.52
110.13,297.14,83.1287,7.9830,34.0891,2.41,100.00,32.38,0.03,301.17,0.04,0.03,82.8304,11.0007,34.2761,82.5063,11.0004,34.4934,0.04,359.97,32.38,83.3509,11.0011,33.9579,0.04,359.97,32.38,250.0675,11.9445,279.8723,0.00,100.00,182.67,-11.86,182.67,11.86,12.52
110.19,297.15,83.0045,7.9855,34.1643,2.48,100.00,32.38,0.03,301.17,0.04,0.03,82.7061,11.0031,34.3513,82.3821,11.0028,34.5685,0.04,359.97,32.38,83.2267,11.0036,34.0331,0.04,359.97,32.38,250.0675,11.9445,279.8723,0.00,100.00,182.67,-11.86,182.67,11.86,12.52
110.25,297.16,82.8817,7.9882,34.2386,2.46,100.00,32.77,0.03,301.56,0.04,0.03,82.5846,11.0058,34.4276,82.2621,11.0055,34.6471,0.04,359.97,32.77,83.1029,11.0062,34.1058,0.04,359.97,32.77,250.0675,11.9445,279.8723,0.00,100.00,182.67,-11.86,182.67,11.86,12.52
110.30,297.16,82.7575,7.9921,34.3148,2.52,100.00,33.16,0.03,301.95,0.04,0.03,82.4617,11.0097,34.5059,82.1407,11.0095,34.7275,0.04,359.97,33.16,82.9778,11.0102,34.1806,0.04,359.97,33.16,250.0675,11.9445,279.8723,0.00,100.00,182.67,-11.86,182.67,11.86,12.52
110.36,297.17,82.6333,7.9942,34.3923,2.49,100.00,33.55,0.03,302.34,0.04,0.03,82.3388,11.0118,34.5853,82.0193,11.0115,34.8092,0.04,359.97,33.55,82.8527,11.0122,34.2565,0.04,359.97,33.55,250.0675,11.9445,279.8723,0.00,100.00,182.67,-11.86,182.67,11.86,12.52
110.42,297.18,82.5052,7.9949,34.4734,2.54,100.00,33.71,0.03,302.74,0.04,0.03,82.2121,11.0125,34.6684,81.8932,11.0122,34.8932,0.04,359.97,33.71,82.7250,11.0130,34.3382,0.04,359.97,33.71,250.0675,11.9445,279.8723,0.00,100.00,182.67,-11.86,182.67,11.86,12.52
110.48,297.18,82.3739,7.9977,34.5579,2.67,100.00,33.80,0.03,303.05,0.04,0.03,82.0818,11.0153,34.7545,81.7632,11.0151,34.9797,0.04,359.97,33.80,82.5942,11.0158,34.4234,0.04,359.97,33.80,250.0675,11.9445,279.8723,0.00,100.00,182.67,-11.86,182.67,11.86,12.52
110.54,297.18,82.2435,8.0005,34.6427,2.66,100.00,34.10,0.03,303.36,0.04,0.03,81.9525,11.0181,34.8408,81.6351,11.0179,35.0678,0.04,359.97,34.10,82.4631,11.0186,34.5071,0.04,359.97,34.10,250.0675,11.9445,279.8723,0.00,100.00,182.67,-11.86,182.67,11.86,12.52
110.60,297.19,82.1205,7.9683,34.7237,2.59,100.00,34.10,0.03,303.36,0.04,0.03,81.8294,10.9860,34.9218,81.5121,10.9857,35.1487,0.04,359.97,34.10,82.3401,10.9864,34.5880,0.04,359.97,34.10,250.0675,11.9445,279.8723,0.00,100.00,182.67,-11.86,182.67,11.86,12.52
110.66,297.19,82.0048,7.9697,34.7998,2.34,100.00,34.10,0.03,303.36,0.04,0.03,81.7137,10.9874,34.9980,81.3964,10.9871,35.2249,0.04,359.97,34.10,82.2244,10.9878,34.6642,0.04,359.97,34.10,250.0675,11.9445,279.8723,0.00,100.00,182.67,-11.86,182.67,11.86,12.52
110.72,297.19,81.8835,7.9697,34.8796,2.42,100.00,35.39,0.03,304.64,0.04,0.03,81.5970,10.9873,35.0842,81.2849,10.9871,35.3182,0.04,359.97,35.39,82.1001,10.9878,34.7391,0.04,359.97,35.39,250.0675,11.9445,279.8723,0.00,100.00,182.67,-11.86,182.67,11.86,12.52
110.78,297.19,81.7588,7.9697,34.9658,2.53,100.00,36.69,0.03,305.95,0.04,0.03,81.4770,10.9873,35.1768,81.1702,10.9871,35.4179,0.04,359.97,36.69,81.9721,10.9877,34.8203,0.04,359.97,36.69,250.0675,11.9445,279.8723,0.00,100.00,182.67,-11.86,182.67,11.86,12.52
110.83,297.19,81.6431,7.9735,35.0497,2.47,100.00,36.69,0.03,305.95,0.04,0.03,81.3613,10.9912,35.2607,81.0546,10.9909,35.5017,0.04,359.97,36.69,81.8564,10.9916,34.9042,0.04,359.97,36.69,250.0675,11.9445,279.8723,0.00,100.00,182.67,-11.86,182.67,11.86,12.52
110.89,297.18,81.5383,7.9737,35.1257,2.16,100.00,36.44,0.03,305.95,0.04,0.03,81.2565,10.9914,35.3366,80.9487,10.9911,35.5763,0.04,359.97,36.44,81.7532,10.9918,34.9824,0.04,359.97,36.44,250.0675,11.9445,279.8723,0.00,100.00,182.67,-11.86,182.67,11.86,12.52
110.96,297.18,81.4236,7.9721,35.2088,2.33,100.00,36.39,0.03,306.16,0.04,0.03,81.1426,10.9898,35.4208,80.8346,10.9895,35.6603,0.04,359.97,36.39,81.6396,10.9902,35.0670,0.04,359.97,36.39,250.0675,11.9445,279.8723,0.00,100.00,182.67,-11.86,182.67,11.86,12.52
111.01,297.18,81.3011,7.9742,35.2984,2.58,100.00,36.61,0.03,306.38,0.04,0.03,81.0209,10.9919,35.5114,80.7138,10.9916,35.7520,0.04,359.97,36.61,81.5165,10.9923,35.1557,0.04,359.97,36.61,250.0675,11.9445,279.8723,0.00,100.00,182.67,-11.86,182.67,11.86,12.52
111.07,297.17,81.1898,7.9738,35.3804,2.30,100.00,36.61,0.03,306.38,0.04,0.03,80.9096,10.9915,35.5934,80.6025,10.9912,35.8340,0.04,359.97,36.61,81.4052,10.9919,35.2377,0.04,359.97,36.61,250.0675,11.9445,279.8723,0.00,100.00,182.67,-11.86,182.67,11.86,12.52
111.13,297.17,81.0830,7.9746,35.4591,2.23,100.00,36.15,0.03,306.38,0.04,0.03,80.8028,10.9923,35.6721,80.4938,10.9920,35.9103,0.04,359.97,36.15,81.3013,10.9927,35.3204,0.04,359.97,36.15,250.0675,11.9445,279.8723,0.00,100.00,182.67,-11.86,182.67,11.86,12.52
111.19,297.17,80.9843,7.9738,35.5317,2.03,100.00,35.69,0.03,306.38,0.04,0.03,80.7041,10.9914,35.7448,80.3932,10.9912,35.9804,0.04,359.97,35.69,81.2054,10.9919,35.3971,0.04,359.97,35.69,250.0675,11.9445,279.8723,0.00,100.00,182.67,-11.86,182.67,11.86,12.52
111.26,297.16,80.8912,7.9679,35.6003,1.83,100.00,35.69,0.03,306.38,0.04,0.03,80.6110,10.9856,35.8134,80.3001,10.9853,36.0490,0.04,359.97,35.69,81.1123,10.9860,35.4657,0.04,359.97,35.69,250.0675,11.9445,279.8723,0.00,100.00,182.67,-11.86,182.67,11.86,12.52
111.32,297.16,80.7871,7.9679,35.6770,2.15,100.00,35.93,0.03,306.62,0.04,0.03,80.5078,10.9855,35.8912,80.1979,10.9853,36.1282,0.04,359.97,35.93,81.0076,10.9859,35.5414,0.04,359.97,35.93,250.0675,11.9445,279.8723,0.00,100.00,182.67,-11.86,182.67,11.86,12.52
111.38,297.15,80.6826,7.9723,35.7546,2.26,100.00,36.16,0.03,306.85,0.04,0.03,80.4042,10.9899,35.9700,80.0952,10.9896,36.2082,0.04,359.97,36.16,80.9026,10.9903,35.6181,0.04,359.97,36.16,250.0675,11.9445,279.8723,0.00,100.00,182.67,-11.86,182.67,11.86,12.52
111.44,297.15,80.5893,7.9721,35.8246,1.94,100.00,36.16,0.03,306.85,0.04,0.03,80.3109,10.9897,36.0399,80.0019,10.9895,36.2781,0.04,359.97,36.16,80.8093,10.9902,35.6881,0.04,359.97,36.16,250.0675,11.9445,279.8723,0.00,100.00,182.67,-11.86,182.67,11.86,12.52
111.49,297.15,80.4988,7.9736,35.8924,1.91,100.00,35.88,0.03,306.85,0.04,0.03,80.2204,10.9913,36.1077,79.9103,10.9910,36.3444,0.04,359.97,35.88,80.7205,10.9917,35.7583,0.04,359.97,35.88,250.0675,11.9445,279.8723,0.00,100.00,182.67,-11.86,182.67,11.86,12.52
111.56,297.14,80.4037,7.9721,35.9636,1.95,100.00,35.75,0.03,307.01,0.04,0.03,80.1259,10.9897,36.1797,79.8152,10.9895,36.4157,0.04,359.97,35.75,80.6268,10.9902,35.8314,0.04,359.97,35.75,250.0675,11.9445,279.8723,0.00,100.00,182.67,-11.86,182.67,11.86,12.52
111.62,297.14,80.2996,7.9711,36.0421,2.15,100.00,35.91,0.03,307.16,0.04,0.03,80.0223,10.9888,36.2590,79.7123,10.9885,36.4958,0.04,359.97,35.91,80.5223,10.9892,35.9093,0.04,359.97,35.91,250.0675,11.9445,279.8723,0.00,100.00,182.67,-11.86,182.67,11.86,12.52
111.68,297.13,80.2033,7.9705,36.1151,2.00,100.00,35.91,0.03,307.16,0.04,0.03,79.9261,10.9882,36.3319,79.6160,10.9879,36.5688,0.04,359.97,35.91,80.4260,10.9886,35.9823,0.04,359.97,35.91,250.0675,11.9445,279.8723,0.00,100.00,182.67,-11.86,182.67,11.86,12.52
111.74,297.13,80.1144,7.9721,36.1825,1.89,100.00,35.63,0.03,307.16,0.04,0.03,79.8371,10.9898,36.3994,79.5260,10.9895,36.6347,0.04,359.97,35.63,80.3387,10.9902,36.0521,0.04,359.97,35.63,250.0675,11.9445,279.8723,0.00,100.00,182.67,-11.86,182.67,11.86,12.52
111.79,297.12,80.0212,7.9771,36.2531,2.05,100.00,35.49,0.03,307.29,0.04,0.03,79.7444,10.9948,36.4706,79.4327,10.9945,36.7052,0.04,359.97,35.49,80.2469,10.9952,36.1246,0.04,359.97,35.49,250.0675,11.9445,279.8723,0.00,100.00,182.67,-11.86,182.67,11.86,12.52
111.85,297.12,79.9253,7.9772,36.3261,2.01,100.00,35.41,0.03,307.42,0.04,0.03,79.6491,10.9949,36.5442,79.3370,10.9946,36.7783,0.04,359.97,35.41,80.1520,10.9953,36.1989,0.04,359.97,35.41,250.0675,11.9445,279.8723,0.00,100.00,182.67,-11.86,182.67,11.86,12.52
111.91,297.11,79.8187,7.9822,36.4077,2.35,100.00,35.31,0.03,307.53,0.04,0.03,79.5429,10.9999,36.6263,79.2304,10.9996,36.8599,0.04,359.97,35.31,80.0464,11.0003,36.2818,0.04,359.97,35.31,250.0675,11.9445,279.8723,0.00,100.00,182.67,-11.86,182.67,11.86,12.52
111.97,297.11,79.7113,7.9807,36.4902,2.22,100.00,35.17,0.03,307.63,0.04,0.03,79.4358,10.9983,36.7093,79.1228,10.9981,36.9421,0.04,359.97,35.17,79.9402,10.9988,36.3660,0.04,359.97,35.17,250.0675,11.9445,279.8723,0.00,100.00,182.67,-11.86,182.67,11.86,12.52
112.03,297.10,79.5904,7.9847,36.5834,2.65,100.00,35.03,0.03,307.72,0.04,0.03,79.3153,11.0024,36.8029,79.0017,11.0021,37.0350,0.04,359.97,35.03,79.8205,11.0028,36.4609,0.04,359.97,35.03,250.0675,11.9445,279.8723,0.00,100.00,182.67,-11.86,182.67,11.86,12.52
112.09,297.09,79.4699,7.9864,36.6766,2.58,100.00,35.12,0.03,307.81,0.04,0.03,79.1951,11.0041,36.8965,78.8819,11.0038,37.1290,0.04,359.97,35.12,79.6998,11.0045,36.5538,0.04,359.97,35.12,250.0675,11.9445,279.8723,0.00,100.00,182.67,-11.86,182.67,11.86,12.52
112.14,297.08,79.3406,7.9932,36.7769,2.92,100.00,35.21,0.03,307.90,0.04,0.03,79.0662,11.0108,36.9973,78.7533,11.0106,37.2304,0.04,359.97,35.21,79.5703,11.0113,36.6537,0.04,359.97,35.21,250.0675,11.9445,279.8723,0.00,100.00,182.67,-11.86,182.67,11.86,12.52
112.20,297.08,79.2121,7.9941,36.8770,2.74,100.00,35.30,0.03,307.99,0.04,0.03,78.9380,11.0118,37.0978,78.6255,11.0115,37.3313,0.04,359.97,35.30,79.4416,11.0122,36.7534,0.04,359.97,35.30,250.0675,11.9445,279.8723,0.00,100.00,182.67,-11.86,182.67,11.86,12.52
112.26,297.07,79.0697,7.9972,36.9882,3.10,100.00,35.36,0.03,308.05,0.04,0.03,78.7958,11.0149,37.2093,78.4836,11.0146,37.4432,0.04,359.97,35.36,79.2991,11.0153,36.8644,0.04,359.97,35.36,250.0675,11.9445,279.8723,0.00,100.00,182.67,-11.86,182.67,11.86,12.52
112.32,297.06,78.9242,8.0005,37.1021,3.18,100.00,35.42,0.03,308.11,0.04,0.03,78.6505,11.0182,37.3234,78.3385,11.0179,37.5576,0.04,359.97,35.42,79.1535,11.0186,36.9781,0.04,359.97,35.42,250.0675,11.9445,279.8723,0.00,100.00,182.67,-11.86,182.67,11.86,12.52
112.38,297.05,78.7727,8.0006,37.2209,3.21,100.00,35.45,0.03,308.14,0.04,0.03,78.4992,11.0183,37.4424,78.1873,11.0180,37.6768,0.04,359.97,35.45,79.0019,11.0187,37.0968,0.04,359.97,35.45,250.0675,11.9445,279.8723,0.00,100.00,182.67,-11.86,182.67,11.86,12.52
112.44,297.04,78.6098,7.9711,37.3488,3.69,100.00,35.49,0.03,308.18,0.04,0.03,78.3365,10.9887,37.5705,78.0247,10.9885,37.8050,0.04,359.97,35.49,78.8390,10.9892,37.2245,0.04,359.97,35.49,250.0675,11.9445,279.8723,0.00,100.00,182.67,-11.86,182.67,11.86,12.52
112.50,297.03,78.4619,7.9729,37.4651,3.19,100.00,35.49,0.03,308.18,0.04,0.03,78.1886,10.9905,37.6867,77.8769,10.9903,37.9213,0.04,359.97,35.49,78.6911,10.9910,37.3407,0.04,359.97,35.49,250.0675,11.9445,279.8723,0.00,100.00,182.67,-11.86,182.67,11.86,12.52
112.55,297.02,78.3149,7.9763,37.5807,3.22,100.00,35.49,0.03,308.18,0.04,0.03,78.0415,10.9939,37.8024,77.7298,10.9937,38.0369,0.04,359.97,35.49,78.5440,10.9944,37.4564,0.04,359.97,35.49,250.0675,11.9445,279.8723,0.00,100.00,182.67,-11.86,182.67,11.86,12.52
112.61,297.01,78.1637,7.9771,37.6996,3.23,100.00,35.51,0.03,308.20,0.04,0.03,77.8904,10.9948,37.9213,77.5788,10.9945,38.1560,0.04,359.97,35.51,78.3928,10.9952,37.5752,0.04,359.97,35.51,250.0675,11.9445,279.8723,0.00,100.00,182.67,-11.86,182.67,11.86,12.52
112.67,297.00,78.0021,7.9813,37.8267,3.57,100.00,35.53,0.03,308.22,0.04,0.03,77.7290,10.9990,38.0486,77.4174,10.9987,38.2834,0.04,359.97,35.53,78.2312,10.9994,37.7022,0.04,359.97,35.53,250.0675,11.9445,279.8723,0.00,100.00,182.67,-11.86,182.67,11.86,12.52
112.73,296.99,77.8396,7.9822,37.9547,3.48,100.00,35.55,0.03,308.24,0.04,0.03,77.5665,10.9999,38.1767,77.2550,10.9996,38.4116,0.04,359.97,35.55,78.0686,11.0003,37.8301,0.04,359.97,35.55,250.0675,11.9445,279.8723,0.00,100.00,182.67,-11.86,182.67,11.86,12.52
112.79,296.98,77.6651,7.9864,38.0922,3.86,100.00,36.83,0.03,308.26,0.04,0.03,77.3921,11.0040,38.3143,77.0859,11.0038,38.5561,0.04,359.97,36.83,77.8863,11.0045,37.9566,0.04,359.97,36.83,250.0675,11.9445,279.8723,0.00,100.00,182.67,-11.86,182.67,11.86,12.52
112.85,296.97,77.4942,7.9880,38.2270,3.68,100.00,37.64,0.03,307.77,0.04,0.03,77.2193,11.0057,38.4467,76.9166,11.0054,38.6928,0.04,359.97,37.64,77.7085,11.0061,38.0822,0.04,359.97,37.64,250.0675,11.9445,279.8723,0.00,100.00,182.67,-11.86,182.67,11.86,12.52
112.90,296.96,77.3159,7.9931,38.3652,3.95,100.00,37.62,0.03,307.27,0.04,0.03,77.0391,11.0108,38.5826,76.7363,11.0105,38.8286,0.04,359.97,37.62,77.5283,11.0112,38.2181,0.04,359.97,37.62,250.0675,11.9445,279.8723,0.00,100.00,182.67,-11.86,182.67,11.86,12.52
112.96,296.95,77.1405,7.9965,38.4987,3.79,100.00,37.63,0.03,306.78,0.04,0.03,76.8618,11.0141,38.7137,76.5590,11.0139,38.9597,0.04,359.97,37.63,77.3510,11.0145,38.3492,0.04,359.97,37.63,250.0675,11.9445,279.8723,0.00,100.00,182.67,-11.86,182.67,11.86,12.52
113.02,296.95,76.9588,7.9958,38.6345,3.76,100.00,37.53,0.03,306.28,0.04,0.03,76.6783,11.0134,38.8471,76.3751,11.0132,39.0926,0.04,359.97,37.53,77.1681,11.0139,38.4834,0.04,359.97,37.53,250.0675,11.9445,279.8723,0.00,100.00,182.67,-11.86,182.67,11.86,12.52
113.08,296.95,76.7667,7.9977,38.7755,4.04,100.00,37.39,0.03,305.75,0.04,0.03,76.4842,11.0153,38.9855,76.1804,11.0151,39.2303,0.04,359.97,37.39,76.9749,11.0158,38.6231,0.04,359.97,37.39,250.0675,11.9445,279.8723,0.00,100.00,182.67,-11.86,182.67,11.86,12.52
113.14,296.95,76.5758,7.9981,38.9129,3.94,100.00,36.87,0.03,305.24,0.04,0.03,76.2915,11.0158,39.1204,75.9855,11.0155,39.3624,0.04,359.97,36.87,76.7855,11.0162,38.7623,0.04,359.97,36.87,250.0675,11.9445,279.8723,0.00,100.00,182.67,-11.86,182.67,11.86,12.52
113.20,296.95,76.3790,7.9987,39.0519,4.04,100.00,37.00,0.03,305.37,0.04,0.03,76.0951,11.0164,39.2600,75.7897,11.0161,39.5028,0.04,359.97,37.00,76.5883,11.0168,38.9009,0.04,359.97,37.00,250.0675,11.9445,279.8723,0.00,100.00,182.67,-11.86,182.67,11.86,12.52
113.26,296.95,76.1806,7.9679,39.1927,4.27,100.00,37.14,0.03,305.50,0.04,0.03,75.8972,10.9856,39.4015,75.5923,10.9853,39.6449,0.04,359.97,37.14,76.3895,10.9860,39.0412,0.04,359.97,37.14,250.0675,11.9445,279.8723,0.00,100.00,182.67,-11.86,182.67,11.86,12.52
113.32,296.95,75.9880,7.9679,39.3301,3.94,100.00,37.33,0.03,305.70,0.04,0.03,75.7053,10.9855,39.5399,75.4013,10.9853,39.7844,0.04,359.97,37.33,76.1964,10.9860,39.1779,0.04,359.97,37.33,250.0675,11.9445,279.8723,0.00,100.00,182.67,-11.86,182.67,11.86,12.52
113.38,296.95,75.7851,7.9696,39.4759,4.23,100.00,37.16,0.03,305.90,0.04,0.03,75.5032,10.9873,39.6867,75.1984,10.9870,39.9302,0.04,359.97,37.16,75.9954,10.9877,39.3262,0.04,359.97,37.16,250.0675,11.9445,279.8723,0.00,100.00,182.67,-11.86,182.67,11.86,12.52
113.44,296.95,75.5841,7.9719,39.6215,4.23,100.00,36.92,0.03,306.04,0.04,0.03,75.3026,10.9895,39.8329,74.9968,10.9893,40.0751,0.04,359.97,36.92,75.7963,10.9900,39.4744,0.04,359.97,36.92,250.0675,11.9445,279.8723,0.00,100.00,182.67,-11.86,182.67,11.86,12.52
113.50,296.95,75.3823,7.9731,39.7682,4.21,100.00,37.05,0.03,306.17,0.04,0.03,75.1014,10.9907,39.9803,74.7962,10.9905,40.2233,0.04,359.97,37.05,75.5942,10.9911,39.6207,0.04,359.97,37.05,250.0675,11.9445,279.8723,0.00,100.00,182.67,-11.86,182.67,11.86,12.52
113.56,296.95,75.1768,7.9721,39.9185,4.21,100.00,37.16,0.03,306.27,0.04,0.03,74.8963,10.9898,40.1310,74.5915,10.9895,40.3746,0.04,359.97,37.16,75.3885,10.9902,39.7706,0.04,359.97,37.16,250.0675,11.9445,279.8723,0.00,100.00,182.67,-11.86,182.67,11.86,12.52
113.61,296.95,74.9652,7.9781,40.0738,4.64,100.00,37.08,0.03,306.38,0.04,0.03,74.6850,10.9958,40.2868,74.3799,10.9955,40.5300,0.04,359.97,37.08,75.1777,10.9962,39.9270,0.04,359.97,37.08,250.0675,11.9445,279.8723,0.00,100.00,182.67,-11.86,182.67,11.86,12.52
113.67,296.95,74.7658,7.9798,40.2207,4.19,100.00,36.96,0.03,306.44,0.04,0.03,74.4858,10.9974,40.4340,74.1802,10.9972,40.6765,0.04,359.97,36.96,74.9792,10.9978,40.0752,0.04,359.97,36.96,250.0675,11.9445,279.8723,0.00,100.00,182.67,-11.86,182.67,11.86,12.52
113.73,296.95,74.5556,7.9800,40.3758,4.36,100.00,37.02,0.03,306.50,0.04,0.03,74.2759,10.9976,40.5894,73.9705,10.9974,40.8322,0.04,359.97,37.02,74.7690,10.9981,40.2301,0.04,359.97,37.02,250.0675,11.9445,279.8723,0.00,100.00,182.67,-11.86,182.67,11.86,12.52
113.79,296.95,74.3499,7.9822,40.5280,4.36,100.00,37.02,0.03,306.50,0.04,0.03,74.0701,10.9998,40.7417,73.7648,10.9996,40.9845,0.04,359.97,37.02,74.5632,11.0002,40.3824,0.04,359.97,37.02,250.0675,11.9445,279.8723,0.00,100.00,182.67,-11.86,182.67,11.86,12.52
113.85,296.95,74.1547,7.9859,40.6724,4.19,100.00,37.02,0.03,306.50,0.04,0.03,73.8750,11.0035,40.8861,73.5696,11.0033,41.1289,0.04,359.97,37.02,74.3680,11.0039,40.5268,0.04,359.97,37.02,250.0675,11.9445,279.8723,0.00,100.00,182.67,-11.86,182.67,11.86,12.52
113.91,296.95,73.9604,7.9788,40.8162,3.78,100.00,37.05,0.03,306.53,0.04,0.03,73.6808,10.9965,41.0300,73.3756,10.9962,41.2730,0.04,359.97,37.05,74.1736,10.9969,40.6704,0.04,359.97,37.05,250.0675,11.9445,279.8723,0.00,100.00,182.67,-11.86,182.67,11.86,12.52
113.97,296.95,73.7434,7.9823,40.9769,4.65,100.00,37.09,0.03,306.57,0.04,0.03,73.4640,10.9999,41.1909,73.1589,10.9997,41.4341,0.04,359.97,37.09,73.9566,11.0004,40.8310,0.04,359.97,37.09,250.0675,11.9445,279.8723,0.00,100.00,182.67,-11.86,182.67,11.86,12.52
114.03,296.95,73.5532,7.9830,41.1181,3.98,100.00,37.09,0.03,306.57,0.04,0.03,73.2737,11.0007,41.3321,72.9687,11.0004,41.5752,0.04,359.97,37.09,73.7664,11.0011,40.9721,0.04,359.97,37.09,250.0675,11.9445,279.8723,0.00,100.00,182.67,-11.86,182.67,11.86,12.52
114.09,296.95,73.3650,7.9822,41.2577,3.88,100.00,37.02,0.03,306.57,0.04,0.03,73.0855,10.9999,41.4717,72.7801,10.9996,41.7145,0.04,359.97,37.02,73.5785,11.0003,41.1124,0.04,359.97,37.02,250.0675,11.9445,279.8723,0.00,100.00,182.67,-11.86,182.67,11.86,12.52
114.15,296.95,73.1718,7.9872,41.4010,4.21,100.00,36.98,0.03,306.60,0.04,0.03,72.8924,11.0048,41.6152,72.5869,11.0046,41.8578,0.04,359.97,36.98,73.3857,11.0053,41.2562,0.04,359.97,36.98,250.0675,11.9445,279.8723,0.00,100.00,182.67,-11.86,182.67,11.86,12.52
114.21,296.95,72.9871,7.9879,41.5381,3.86,100.00,37.01,0.03,306.62,0.04,0.03,72.7079,11.0056,41.7523,72.4025,11.0053,41.9951,0.04,359.97,37.01,73.2010,11.0060,41.3931,0.04,359.97,37.01,250.0675,11.9445,279.8723,0.00,100.00,182.67,-11.86,182.67,11.86,12.52
114.26,296.95,72.8018,7.9929,41.6758,4.04,100.00,37.01,0.03,306.62,0.04,0.03,72.5225,11.0105,41.8901,72.2171,11.0103,42.1328,0.04,359.97,37.01,73.0156,11.0110,41.5309,0.04,359.97,37.01,250.0675,11.9445,279.8723,0.00,100.00,182.67,-11.86,182.67,11.86,12.52
114.32,296.95,72.6302,7.9947,41.8033,3.63,100.00,37.01,0.03,306.62,0.04,0.03,72.3509,11.0124,42.0176,72.0455,11.0121,42.2603,0.04,359.97,37.01,72.8440,11.0128,41.6584,0.04,359.97,37.01,250.0675,11.9445,279.8723,0.00,100.00,182.67,-11.86,182.67,11.86,12.52
114.38,296.95,72.4601,7.9923,41.9297,3.45,100.00,37.01,0.03,306.62,0.04,0.03,72.1808,11.0099,42.1439,71.8754,11.0097,42.3867,0.04,359.97,37.01,72.6739,11.0104,41.7847,0.04,359.97,37.01,250.0675,11.9445,279.8723,0.00,100.00,182.67,-11.86,182.67,11.86,12.52
114.44,296.95,72.2904,7.9949,42.0558,3.61,100.00,37.01,0.03,306.62,0.04,0.03,72.0111,11.0125,42.2700,71.7057,11.0123,42.5128,0.04,359.97,37.01,72.5042,11.0130,41.9108,0.04,359.97,37.01,250.0675,11.9445,279.8723,0.00,100.00,182.67,-11.86,182.67,11.86,12.52
114.50,296.95,72.1266,7.9981,42.1775,3.51,100.00,37.03,0.03,306.65,0.04,0.03,71.8474,11.0158,42.3919,71.5421,11.0155,42.6348,0.04,359.97,37.03,72.3404,11.0162,42.0325,0.04,359.97,37.03,250.0675,11.9445,279.8723,0.00,100.00,182.67,-11.86,182.67,11.86,12.52
114.56,296.95,71.9618,7.9989,42.3001,3.45,100.00,37.05,0.03,306.67,0.04,0.03,71.6827,11.0166,42.5145,71.3775,11.0163,42.7575,0.04,359.97,37.05,72.1756,11.0170,42.1550,0.04,359.97,37.05,250.0675,11.9445,279.8723,0.00,100.00,182.67,-11.86,182.67,11.86,12.52
114.62,296.95,71.8002,7.9669,42.4204,3.51,100.00,37.05,0.03,306.67,0.04,0.03,71.5210,10.9846,42.6349,71.2158,10.9843,42.8779,0.04,359.97,37.05,72.0139,10.9850,42.2753,0.04,359.97,37.05,250.0675,11.9445,279.8723,0.00,100.00,182.67,-11.86,182.67,11.86,12.52
114.68,296.95,71.6489,8.0004,42.5330,3.14,100.00,36.78,0.03,306.67,0.04,0.03,71.3698,11.0181,42.7475,71.0634,11.0178,42.9890,0.04,359.97,36.78,71.8644,11.0185,42.3903,0.04,359.97,36.78,250.0675,11.9445,279.8723,0.00,100.00,182.67,-11.86,182.67,11.86,12.52
114.74,296.95,71.4840,7.9713,42.6558,3.67,100.00,36.79,0.03,306.94,0.04,0.03,71.2059,10.9889,42.8715,70.8996,10.9887,43.1131,0.04,359.97,36.79,71.7005,10.9893,42.5142,0.04,359.97,36.79,250.0675,11.9445,279.8723,0.00,100.00,182.67,-11.86,182.67,11.86,12.52
114.80,296.95,71.3268,7.9722,42.7740,3.31,100.00,36.76,0.03,307.18,0.04,0.03,71.0496,10.9899,42.9909,70.7432,10.9896,43.2324,0.04,359.97,36.76,71.5443,10.9903,42.6338,0.04,359.97,36.76,250.0675,11.9445,279.8723,0.00,100.00,182.67,-11.86,182.67,11.86,12.52
114.85,296.95,71.1561,7.9772,42.9035,3.75,100.00,36.77,0.03,307.45,0.04,0.03,70.8799,10.9948,43.1217,70.5735,10.9946,43.3632,0.04,359.97,36.77,71.3746,10.9953,42.7645,0.04,359.97,36.77,250.0675,11.9445,279.8723,0.00,100.00,182.67,-11.86,182.67,11.86,12.52
114.91,296.95,70.9873,7.9771,43.0327,3.54,100.00,38.28,0.03,307.71,0.04,0.03,70.7121,10.9947,43.2522,70.4122,10.9945,43.5016,0.04,359.97,38.28,71.1972,10.9952,42.8821,0.04,359.97,38.28,250.0675,11.9445,279.8723,0.00,100.00,182.67,-11.86,182.67,11.86,12.52
114.97,296.95,70.8176,7.9829,43.1639,3.78,100.00,39.47,0.03,307.71,0.04,0.03,70.5424,11.0005,43.3834,70.2477,11.0003,43.6390,0.04,359.97,39.47,71.0197,11.0010,43.0034,0.04,359.97,39.47,250.0675,11.9445,279.8723,0.00,100.00,182.67,-11.86,182.67,11.86,12.52
115.03,296.94,70.6635,7.9822,43.2830,3.23,100.00,40.12,0.03,307.71,0.04,0.03,70.3883,10.9999,43.5025,70.0965,10.9996,43.7615,0.04,359.97,40.12,70.8612,11.0003,43.1170,0.04,359.97,40.12,250.0675,11.9445,279.8723,0.00,100.00,182.67,-11.86,182.67,11.86,12.52
115.09,296.94,70.5065,7.9854,43.4044,3.41,100.00,40.76,0.03,307.71,0.04,0.03,70.2313,11.0031,43.6239,69.9424,11.0029,43.8861,0.04,359.97,40.76,70.6999,11.0035,43.2332,0.04,359.97,40.76,250.0675,11.9445,279.8723,0.00,100.00,182.67,-11.86,182.67,11.86,12.52
115.15,296.94,70.3617,7.9873,43.5164,3.10,100.00,41.33,0.04,307.71,0.04,0.03,70.0865,11.0049,43.7358,69.8002,11.0047,44.0009,0.04,359.96,41.33,70.5511,11.0053,43.3405,0.04,359.96,41.33,250.0675,11.9445,279.8723,0.00,100.00,182.67,-11.86,182.67,11.86,12.52
115.20,296.94,70.2129,7.9933,43.6314,3.26,100.00,41.24,0.04,307.05,359.52,0.08,69.9558,11.0141,43.8293,69.6691,11.0174,44.0939,359.51,359.96,41.24,70.4211,11.0089,43.4347,359.51,359.96,41.24,250.0675,11.9445,279.8723,0.00,100.00,182.67,-11.86,182.67,11.86,12.52
115.26,296.94,70.0641,7.9947,43.7437,3.12,100.00,40.99,0.27,306.41,359.69,0.30,69.7906,11.0145,43.9346,69.5027,11.0168,44.1979,359.66,359.73,40.99,70.2576,11.0109,43.5420,359.66,359.73,40.99,250.0675,11.9445,279.8723,0.00,100.00,182.67,-11.86,182.67,11.86,12.52
115.32,296.94,69.9065,7.9993,43.8599,3.39,100.00,40.68,0.28,305.72,359.69,0.30,69.6305,11.0191,44.0474,69.3412,11.0214,44.3092,359.67,359.72,40.68,70.0996,11.0156,43.6574,359.67,359.72,40.68,250.0675,11.9445,279.8723,0.00,100.00,182.67,-11.86,182.67,11.86,12.52
115.38,296.95,69.7508,8.0020,43.9719,3.26,100.00,40.32,0.28,305.06,359.69,0.31,69.4723,11.0217,44.1562,69.1814,11.0241,44.4162,359.67,359.72,40.32,69.9439,11.0183,43.7691,359.67,359.72,40.32,250.0675,11.9445,279.8723,0.00,100.00,182.67,-11.86,182.67,11.86,12.52
115.44,296.96,69.5977,8.0035,44.0793,3.16,100.00,40.62,0.06,305.06,359.93,0.07,69.3162,11.0218,44.2812,69.0267,11.0223,44.5427,359.93,359.94,40.62,69.7858,11.0210,43.8917,359.93,359.94,40.62,250.0675,11.9445,279.8723,0.00,100.00,182.67,-11.86,182.67,11.86,12.52
115.50,296.96,69.4509,8.0052,44.1823,3.04,100.00,40.65,0.04,305.06,359.96,0.04,69.1691,11.0233,44.3862,68.8797,11.0236,44.6478,359.96,359.96,40.65,69.6384,11.0229,43.9964,359.96,359.96,40.65,250.0675,11.9445,279.8723,0.00,100.00,182.67,-11.86,182.67,11.86,12.52
115.56,296.97,69.3115,8.0055,44.2802,2.84,100.00,40.68,0.27,305.06,359.79,0.30,69.0292,11.0246,44.4679,68.7400,11.0263,44.7296,359.76,359.73,40.68,69.4984,11.0221,44.0779,359.76,359.73,40.68,250.0675,11.9445,279.8723,0.00,100.00,182.67,-11.86,182.67,11.86,12.52
115.62,296.98,69.1770,7.9767,44.3746,2.94,100.00,40.68,0.30,305.06,359.77,0.32,68.8947,10.9960,44.5604,68.6055,10.9978,44.8222,359.74,359.70,40.68,69.3639,10.9933,44.1704,359.74,359.70,40.68,250.0675,11.9445,279.8723,0.00,100.00,182.67,-11.86,182.67,11.86,12.52
115.67,296.99,69.0562,7.9800,44.4594,2.52,100.00,40.68,0.30,305.06,359.77,0.32,68.7739,10.9993,44.6452,68.4847,11.0011,44.9070,359.74,359.70,40.68,69.2431,10.9966,44.2552,359.74,359.70,40.68,250.0675,11.9445,279.8723,0.00,100.00,182.67,-11.86,182.67,11.86,12.52
115.74,296.99,68.9383,7.9781,44.5421,2.34,100.00,40.80,0.30,305.06,359.77,0.32,68.6560,10.9973,44.7279,68.3673,10.9991,44.9903,359.74,359.70,40.80,69.1244,10.9946,44.3369,359.74,359.70,40.80,250.0675,11.9445,279.8723,0.00,100.00,182.67,-11.86,182.67,11.86,12.52
115.80,297.00,68.8122,7.9794,44.6305,2.59,100.00,40.47,0.30,304.62,359.77,0.33,68.5284,10.9986,44.8142,68.2382,11.0004,45.0750,359.74,359.70,40.47,68.9989,10.9959,44.4259,359.74,359.70,40.47,250.0675,11.9445,279.8723,0.00,100.00,182.67,-11.86,182.67,11.86,12.52
115.85,297.01,68.6873,7.9831,44.7168,2.59,100.00,40.18,0.11,304.19,359.46,0.16,68.4203,11.0042,44.8962,68.1288,11.0079,45.1555,359.45,359.89,40.18,68.8929,10.9983,44.5104,359.45,359.89,40.18,250.0675,11.9445,279.8723,0.00,100.00,182.67,-11.86,182.67,11.86,12.52
115.91,297.01,68.5707,7.9911,44.7960,2.49,100.00,40.30,0.08,304.19,359.43,0.15,68.3058,11.0123,44.9752,68.0148,11.0163,45.2351,359.42,359.92,40.30,68.7774,11.0062,44.5883,359.42,359.92,40.30,250.0675,11.9445,279.8723,0.00,100.00,182.67,-11.86,182.67,11.86,12.52
115.97,297.02,68.4643,7.9942,44.8683,2.18,100.00,40.30,0.08,304.19,359.43,0.15,68.1994,11.0154,45.0475,67.9084,11.0194,45.3074,359.42,359.92,40.30,68.6711,11.0092,44.6606,359.42,359.92,40.30,250.0675,11.9445,279.8723,0.00,100.00,182.67,-11.86,182.67,11.86,12.52
116.03,297.03,68.3605,8.0023,44.9388,2.24,100.00,40.30,0.08,304.19,359.43,0.15,68.0956,11.0235,45.1180,67.8046,11.0275,45.3779,359.42,359.92,40.30,68.5672,11.0173,44.7311,359.42,359.92,40.30,250.0675,11.9445,279.8723,0.00,100.00,182.67,-11.86,182.67,11.86,12.52
116.09,297.04,68.2680,8.0027,45.0016,1.85,100.00,40.30,0.08,304.19,359.43,0.15,68.0031,11.0239,45.1808,67.7122,11.0279,45.4407,359.42,359.92,40.30,68.4748,11.0177,44.7939,359.42,359.92,40.30,250.0675,11.9445,279.8723,0.00,100.00,182.67,-11.86,182.67,11.86,12.52
116.14,297.04,68.1663,8.0098,45.0707,2.17,100.00,39.94,0.09,303.83,359.43,0.15,67.9002,11.0310,45.2481,67.6076,11.0350,45.5061,359.42,359.91,39.94,68.3742,11.0249,44.8642,359.42,359.91,39.94,250.0675,11.9445,279.8723,0.00,100.00,182.67,-11.86,182.67,11.86,12.52
116.20,297.05,68.0685,8.0122,45.1362,1.98,100.00,39.72,0.09,303.49,359.43,0.15,67.8012,11.0334,45.3119,67.5076,11.0374,45.5688,359.42,359.91,39.72,68.2768,11.0272,44.9298,359.42,359.91,39.72,250.0675,11.9445,279.8723,0.00,100.00,182.67,-11.86,182.67,11.86,12.52
116.26,297.06,67.9636,8.0158,45.2056,2.15,100.00,39.47,0.29,303.13,359.69,0.33,67.6789,11.0356,45.3793,67.3842,11.0380,45.6349,359.65,359.71,39.47,68.1561,11.0319,44.9992,359.65,359.71,39.47,250.0675,11.9445,279.8723,0.00,100.00,182.67,-11.86,182.67,11.86,12.52
116.32,297.07,67.8576,8.0185,45.2748,2.14,100.00,39.24,0.38,302.77,359.26,0.47,67.5867,11.0406,45.4280,67.2910,11.0461,45.6824,359.21,359.62,39.24,68.0655,11.0323,45.0500,359.21,359.62,39.24,250.0675,11.9445,279.8723,0.00,100.00,182.67,-11.86,182.67,11.86,12.52
116.38,297.08,67.7481,8.0219,45.3453,2.21,100.00,39.10,0.40,302.51,359.21,0.49,67.4779,11.0443,45.4952,67.1816,11.0501,45.7489,359.16,359.60,39.10,67.9576,11.0355,45.1183,359.16,359.60,39.10,250.0675,11.9445,279.8723,0.00,100.00,182.67,-11.86,182.67,11.86,12.52
116.44,297.10,67.6362,7.9945,45.4166,2.39,100.00,38.88,0.45,302.25,358.78,0.60,67.3818,11.0191,45.5481,67.0846,11.0280,45.8006,358.71,359.55,38.88,67.8629,11.0055,45.1732,358.71,359.55,38.88,250.0675,11.9445,279.8723,0.00,100.00,182.67,-11.86,182.67,11.86,12.52
116.49,297.11,67.5266,8.0012,45.4858,2.24,100.00,38.75,0.43,302.08,359.07,0.54,67.2605,11.0244,45.6274,66.9626,11.0312,45.8793,359.01,359.57,38.75,67.7424,11.0139,45.2535,359.01,359.57,38.75,250.0675,11.9445,279.8723,0.00,100.00,182.67,-11.86,182.67,11.86,12.52
116.55,297.12,67.4119,8.0048,45.5576,2.29,100.00,38.57,0.43,301.90,359.10,0.53,67.1440,11.0278,45.6996,66.8454,11.0343,45.9505,359.04,359.57,38.57,67.6271,11.0177,45.3271,359.04,359.57,38.57,250.0675,11.9445,279.8723,0.00,100.00,182.67,-11.86,182.67,11.86,12.52
116.61,297.14,67.2928,8.0088,45.6317,2.38,100.00,38.44,0.37,301.77,359.62,0.41,67.0046,11.0289,45.7929,66.7053,11.0318,46.0432,359.58,359.63,38.44,67.4886,11.0244,45.4215,359.58,359.63,38.44,250.0675,11.9445,279.8723,0.00,100.00,182.67,-11.86,182.67,11.86,12.52
116.67,297.15,67.1718,8.0127,45.7067,2.45,100.00,38.31,0.36,301.64,359.71,0.39,66.8796,11.0323,45.8707,66.5798,11.0346,46.1204,359.67,359.64,38.31,67.3644,11.0289,45.5004,359.67,359.64,38.31,250.0675,11.9445,279.8723,0.00,100.00,182.67,-11.86,182.67,11.86,12.52
116.73,297.17,67.0593,8.0144,45.7760,2.20,100.00,38.31,0.41,301.64,359.27,0.50,66.7840,11.0365,45.9231,66.4842,11.0419,46.1727,359.22,359.59,38.31,67.2689,11.0282,45.5528,359.22,359.59,38.31,250.0675,11.9445,279.8723,0.00,100.00,182.67,-11.86,182.67,11.86,12.52
116.79,297.18,66.9505,8.0164,45.8431,2.13,100.00,38.31,0.42,301.64,359.22,0.51,66.6771,11.0387,45.9883,66.3773,11.0445,46.2378,359.17,359.58,38.31,67.1619,11.0300,45.6180,359.17,359.58,38.31,250.0675,11.9445,279.8723,0.00,100.00,182.67,-11.86,182.67,11.86,12.52
116.85,297.20,66.8376,8.0180,45.9127,2.17,100.00,39.30,0.46,302.62,358.67,0.61,66.5882,11.0431,46.0422,66.2928,11.0527,46.2969,358.61,359.54,39.30,67.0665,11.0284,45.6638,358.61,359.54,39.30,250.0675,11.9445,279.8723,0.00,100.00,182.67,-11.86,182.67,11.86,12.52
116.91,297.21,66.7193,8.0214,45.9884,2.33,100.00,39.30,0.47,303.63,358.57,0.61,66.4770,11.0470,46.1193,66.1816,11.0572,46.3739,358.51,359.53,39.30,66.9553,11.0313,45.7410,358.51,359.53,39.30,250.0675,11.9445,279.8723,0.00,100.00,182.67,-11.86,182.67,11.86,12.52
116.97,297.22,66.5997,8.0275,46.0679,2.43,100.00,39.30,0.52,304.62,358.03,0.68,66.3811,11.0556,46.1837,66.0857,11.0694,46.4383,357.98,359.48,39.30,66.8592,11.0341,45.8055,357.98,359.48,39.30,250.0675,11.9445,279.8723,0.00,100.00,182.67,-11.86,182.67,11.86,12.52
117.03,297.23,66.4796,8.0376,46.1508,2.59,100.00,40.29,0.68,305.61,358.67,0.79,66.2319,11.0626,46.2857,65.9409,11.0721,46.5453,358.61,359.32,40.29,66.7036,11.0479,45.8991,358.61,359.32,40.29,250.0675,11.9445,279.8723,0.00,100.00,182.67,-11.86,182.67,11.86,12.52
117.09,297.24,66.3727,8.0426,46.2274,2.25,100.00,40.29,0.72,305.61,358.79,0.82,66.1192,11.0671,46.3647,65.8282,11.0758,46.6244,358.73,359.28,40.29,66.5909,11.0536,45.9781,358.73,359.28,40.29,250.0675,11.9445,279.8723,0.00,100.00,182.67,-11.86,182.67,11.86,12.52
117.15,297.24,66.2686,8.0461,46.3020,2.15,100.00,39.58,0.73,305.61,358.79,0.82,66.0151,11.0705,46.4393,65.7209,11.0793,46.6954,358.74,359.27,39.58,66.4916,11.0572,46.0585,358.74,359.27,39.58,250.0675,11.9445,279.8723,0.00,100.00,182.67,-11.86,182.67,11.86,12.52
117.20,297.25,66.1699,8.0547,46.3726,2.15,100.00,38.91,0.81,305.61,358.35,0.91,65.9324,11.0811,46.4925,65.6352,11.0928,46.7451,358.30,359.19,38.91,66.4133,11.0632,46.1175,358.30,359.19,38.91,250.0675,11.9445,279.8723,0.00,100.00,182.67,-11.86,182.67,11.86,12.52
117.26,297.25,66.0822,8.0541,46.4354,1.73,100.00,38.91,0.82,305.61,358.30,0.92,65.8465,11.0808,46.5534,65.5493,11.0928,46.8059,358.25,359.18,38.91,66.3273,11.0623,46.1784,358.25,359.18,38.91,250.0675,11.9445,279.8723,0.00,100.00,182.67,-11.86,182.67,11.86,12.52
117.32,297.26,65.9806,8.0634,46.5082,2.20,100.00,39.46,0.59,306.16,357.95,0.71,65.7675,11.0917,46.6266,65.4729,11.1060,46.8819,357.92,359.41,39.46,66.2446,11.0697,46.2470,357.92,359.41,39.46,250.0675,11.9445,279.8723,0.00,100.00,182.67,-11.86,182.67,11.86,12.52
117.38,297.26,65.8837,8.0724,46.5790,2.11,100.00,39.33,0.50,306.68,358.37,0.57,65.6583,11.0990,46.7180,65.3631,11.1104,46.9727,358.34,359.50,39.33,66.1364,11.0814,46.3394,358.34,359.50,39.33,250.0675,11.9445,279.8723,0.00,100.00,182.67,-11.86,182.67,11.86,12.52
117.44,297.27,65.7826,8.0732,46.6543,2.04,100.00,39.16,0.53,307.20,357.96,0.60,65.5746,11.1015,46.7813,65.2786,11.1156,47.0351,357.95,359.47,39.16,66.0537,11.0798,46.4043,357.95,359.47,39.16,250.0675,11.9445,279.8723,0.00,100.00,182.67,-11.86,182.67,11.86,12.52
117.50,297.27,65.6686,8.0795,46.7408,2.41,100.00,39.72,0.51,307.76,357.91,0.58,65.4645,11.1080,46.8689,65.1710,11.1224,47.1256,357.90,359.49,39.72,65.9398,11.0857,46.4872,357.90,359.49,39.72,250.0675,11.9445,279.8723,0.00,100.00,182.67,-11.86,182.67,11.86,12.52
117.56,297.27,65.5544,8.0525,46.8292,2.51,100.00,40.08,0.54,308.12,357.47,0.62,65.3684,11.0828,46.9424,65.0766,11.1002,47.2008,357.45,359.46,40.08,65.8413,11.0557,46.5579,357.45,359.46,40.08,250.0675,11.9445,279.8723,0.00,100.00,182.67,-11.86,182.67,11.86,12.52
117.62,297.27,65.4376,8.0642,46.9209,2.59,100.00,40.45,0.80,308.46,357.05,0.90,65.2603,11.0959,47.0099,64.9702,11.1163,47.2699,357.02,359.20,40.45,65.7306,11.0643,46.6226,357.02,359.20,40.45,250.0675,11.9445,279.8723,0.00,100.00,182.67,-11.86,182.67,11.86,12.52
117.68,297.27,65.3295,8.0715,47.0067,2.30,100.00,40.45,0.85,308.46,356.98,0.96,65.1535,11.1033,47.0911,64.8635,11.1243,47.3511,356.95,359.15,40.45,65.6239,11.0710,46.7039,356.95,359.15,40.45,250.0675,11.9445,279.8723,0.00,100.00,182.67,-11.86,182.67,11.86,12.52
117.73,297.27,65.2237,8.0831,47.0908,2.36,100.00,40.44,0.65,308.46,356.67,0.76,65.0668,11.1160,47.1731,64.7768,11.1389,47.4330,356.65,359.35,40.44,65.5371,11.0805,46.7861,356.65,359.35,40.44,250.0675,11.9445,279.8723,0.00,100.00,182.67,-11.86,182.67,11.86,12.52
117.80,297.27,65.1286,8.0878,47.1663,1.98,100.00,40.43,0.63,308.46,356.64,0.74,64.9738,11.1209,47.2484,64.6838,11.1440,47.5084,356.61,359.37,40.43,65.4440,11.0849,46.8614,356.61,359.37,40.43,250.0675,11.9445,279.8723,0.00,100.00,182.67,-11.86,182.67,11.86,12.52
117.85,297.27,65.0342,8.0967,47.2413,2.05,100.00,40.09,0.65,308.46,356.64,0.74,64.8794,11.1298,47.3234,64.5879,11.1529,47.5815,356.62,359.35,40.09,65.3520,11.0939,46.9391,356.62,359.35,40.09,250.0675,11.9445,279.8723,0.00,100.00,182.67,-11.86,182.67,11.86,12.52
117.91,297.27,64.9376,8.1041,47.3180,2.08,100.00,39.89,0.59,308.61,357.09,0.65,64.7673,11.1357,47.4191,64.4748,11.1557,47.6764,357.08,359.41,39.89,65.2414,11.1047,47.0363,357.08,359.41,39.89,250.0675,11.9445,279.8723,0.00,100.00,182.67,-11.86,182.67,11.86,12.52
117.97,297.27,64.8343,8.1145,47.4005,2.28,100.00,40.06,0.83,308.76,356.96,0.90,64.6613,11.1465,47.4877,64.3694,11.1674,47.7457,356.94,359.17,40.06,65.1343,11.1141,47.1037,356.94,359.17,40.06,250.0675,11.9445,279.8723,0.00,100.00,182.67,-11.86,182.67,11.86,12.52
118.03,297.27,64.7399,8.1229,47.4762,2.04,100.00,40.05,0.66,308.76,356.67,0.74,64.5846,11.1559,47.5603,64.2928,11.1788,47.8182,356.65,359.34,40.05,65.0574,11.1204,47.1764,356.65,359.34,40.05,250.0675,11.9445,279.8723,0.00,100.00,182.67,-11.86,182.67,11.86,12.52
118.09,297.27,64.6504,8.1330,47.5481,1.98,100.00,39.76,0.66,308.75,356.63,0.72,64.4970,11.1661,47.6318,64.2040,11.1892,47.8883,356.62,359.34,39.76,64.9718,11.1302,47.2503,356.62,359.34,39.76,250.0675,11.9445,279.8723,0.00,100.00,182.67,-11.86,182.67,11.86,12.52
118.15,297.27,64.5569,8.1429,47.6231,2.06,100.00,39.65,0.91,308.91,356.37,0.96,64.4065,11.1766,47.6888,64.1129,11.2015,47.9445,356.36,359.09,39.65,64.8820,11.1381,47.3085,356.36,359.09,39.65,250.0675,11.9445,279.8723,0.00,100.00,182.67,-11.86,182.67,11.86,12.52
118.21,297.27,64.4575,8.1503,47.7034,2.11,100.00,39.69,0.94,309.07,356.34,0.98,64.3079,11.1840,47.7677,64.0145,11.2091,48.0237,356.33,359.06,39.69,64.7831,11.1452,47.3871,356.33,359.06,39.69,250.0675,11.9445,279.8723,0.00,100.00,182.67,-11.86,182.67,11.86,12.52
118.27,297.27,64.3486,8.1636,47.7918,2.44,100.00,39.77,1.01,309.24,355.81,1.05,64.2186,11.1986,47.8359,63.9257,11.2273,48.0920,355.80,358.99,39.77,64.6931,11.1542,47.4550,355.80,358.99,39.77,250.0675,11.9445,279.8723,0.00,100.00,182.67,-11.86,182.67,11.86,12.52
118.33,297.26,64.2396,8.1752,47.8808,2.38,100.00,40.48,1.20,309.41,355.97,1.28,64.0957,11.2097,47.9212,63.8059,11.2375,48.1809,355.94,358.80,40.48,64.5656,11.1668,47.5345,355.94,358.80,40.48,250.0675,11.9445,279.8723,0.00,100.00,182.67,-11.86,182.67,11.86,12.52
118.39,297.26,64.1343,8.1852,47.9673,2.28,100.00,41.02,1.25,309.40,355.52,1.37,64.0056,11.2205,47.9885,63.7184,11.2515,48.2507,355.48,358.75,41.02,64.4716,11.1727,47.5977,355.48,358.75,41.02,250.0675,11.9445,279.8723,0.00,100.00,182.67,-11.86,182.67,11.86,12.52
118.44,297.26,64.0348,8.1996,48.0490,2.25,100.00,41.02,1.23,309.41,355.91,1.35,63.8908,11.2341,48.0847,63.6034,11.2624,48.3470,355.88,358.77,41.02,64.3570,11.1905,47.6936,355.88,358.77,41.02,250.0675,11.9445,279.8723,0.00,100.00,182.67,-11.86,182.67,11.86,12.52
118.50,297.26,63.9453,8.2089,48.1226,1.95,100.00,41.02,1.26,309.40,355.51,1.39,63.8162,11.2442,48.1430,63.5290,11.2752,48.4052,355.48,358.74,41.02,64.2823,11.1963,47.7523,355.48,358.74,41.02,250.0675,11.9445,279.8723,0.00,100.00,182.67,-11.86,182.67,11.86,12.52
118.56,297.26,63.8595,8.2203,48.1930,1.89,100.00,41.02,1.31,309.38,354.93,1.45,63.7523,11.2566,48.1916,63.4653,11.2915,48.4535,354.89,358.69,41.02,64.2180,11.2025,47.8013,354.89,358.69,41.02,250.0675,11.9445,279.8723,0.00,100.00,182.67,-11.86,182.67,11.86,12.52
118.62,297.26,63.7726,8.2328,48.2643,1.93,100.00,40.81,1.33,309.16,354.84,1.48,63.6684,11.2692,48.2580,63.3805,11.3048,48.5188,354.80,358.67,40.81,64.1356,11.2141,47.8695,354.80,358.67,40.81,250.0675,11.9445,279.8723,0.00,100.00,182.67,-11.86,182.67,11.86,12.52
118.68,297.26,63.6840,8.2154,48.3365,2.06,100.00,40.60,1.39,308.94,354.40,1.54,63.5954,11.2521,48.3127,63.3067,11.2907,48.5722,354.36,358.61,40.60,64.0638,11.1924,47.9263,354.36,358.61,40.60,250.0675,11.9445,279.8723,0.00,100.00,182.67,-11.86,182.67,11.86,12.52
118.74,297.26,63.5973,8.2279,48.4065,1.90,100.00,40.42,1.61,308.75,354.97,1.75,63.4784,11.2636,48.3930,63.1885,11.2984,48.6518,354.93,358.39,40.42,63.9484,11.2100,48.0078,354.93,358.39,40.42,250.0675,11.9445,279.8723,0.00,100.00,182.67,-11.86,182.67,11.86,12.52
118.80,297.26,63.5037,8.2390,48.4816,2.02,100.00,40.21,1.71,308.52,354.62,1.86,63.3958,11.2751,48.4515,63.1050,11.3122,48.7089,354.57,358.29,40.21,63.8671,11.2177,48.0684,354.57,358.29,40.21,250.0675,11.9445,279.8723,0.00,100.00,182.67,-11.86,182.67,11.86,12.52
118.85,297.26,63.4071,8.2548,48.5586,2.16,100.00,39.99,1.74,308.30,354.59,1.89,63.2996,11.2909,48.5256,63.0078,11.3283,48.7819,354.54,358.26,39.99,63.7724,11.2332,48.1444,354.54,358.26,39.99,250.0675,11.9445,279.8723,0.00,100.00,182.67,-11.86,182.67,11.86,12.52
118.91,297.26,63.3113,8.2662,48.6341,2.04,100.00,39.71,1.51,308.09,354.76,1.65,63.2046,11.3024,48.6163,62.9117,11.3386,48.8713,354.72,358.49,39.71,63.6792,11.2466,48.2370,354.72,358.49,39.71,250.0675,11.9445,279.8723,0.00,100.00,182.67,-11.86,182.67,11.86,12.52
118.97,297.26,63.2093,8.2834,48.7141,2.27,100.00,39.56,1.51,307.96,354.31,1.67,63.1211,11.3201,48.6806,62.8276,11.3593,48.9346,354.27,358.49,39.56,63.5964,11.2594,48.3030,354.27,358.49,39.56,250.0675,11.9445,279.8723,0.00,100.00,182.67,-11.86,182.67,11.86,12.52
119.03,297.26,63.1095,8.2918,48.7919,2.03,100.00,39.40,1.53,307.84,354.26,1.68,63.0229,11.3285,48.7562,62.7288,11.3680,49.0094,354.22,358.47,39.40,63.4993,11.2674,48.3800,354.22,358.47,39.40,250.0675,11.9445,279.8723,0.00,100.00,182.67,-11.86,182.67,11.86,12.52
119.09,297.26,62.9986,8.3040,48.8781,2.30,100.00,39.27,1.54,307.76,354.26,1.69,62.9117,11.3406,48.8419,62.6170,11.3801,49.0944,354.22,358.46,39.27,63.3890,11.2795,48.4668,354.22,358.46,39.27,250.0675,11.9445,279.8723,0.00,100.00,182.67,-11.86,182.67,11.86,12.52
119.15,297.27,62.8878,8.3230,48.9639,2.50,100.00,39.16,1.28,307.68,354.43,1.42,62.8027,11.3599,48.9440,62.5075,11.3982,49.1962,354.39,358.72,39.16,63.2806,11.3005,48.5695,354.39,358.72,39.16,250.0675,11.9445,279.8723,0.00,100.00,182.67,-11.86,182.67,11.86,12.52
119.21,297.27,62.7833,8.3379,49.0446,2.23,100.00,39.13,1.28,307.64,353.99,1.42,62.7165,11.3751,49.0102,62.4214,11.4164,49.2620,353.95,358.72,39.13,63.1943,11.3110,48.6363,353.95,358.72,39.13,250.0675,11.9445,279.8723,0.00,100.00,182.67,-11.86,182.67,11.86,12.52
119.27,297.27,62.6714,8.3555,49.1309,2.43,100.00,39.11,1.28,307.61,353.94,1.43,62.6066,11.3927,49.0948,62.3114,11.4344,49.3464,353.90,358.72,39.11,63.0845,11.3282,48.7211,353.90,358.72,39.11,250.0675,11.9445,279.8723,0.00,100.00,182.67,-11.86,182.67,11.86,12.52
119.33,297.28,62.5592,8.3752,49.2173,2.46,100.00,39.12,1.59,307.57,353.19,1.77,62.5152,11.4121,49.1428,62.2202,11.4589,49.3938,353.14,358.41,39.12,62.9926,11.3396,48.7700,353.14,358.41,39.12,250.0675,11.9445,279.8723,0.00,100.00,182.67,-11.86,182.67,11.86,12.52
119.39,297.28,62.4463,8.3931,49.3041,2.41,100.00,39.07,1.40,307.55,353.23,1.57,62.4068,11.4302,49.2391,62.1117,11.4767,49.4900,353.19,358.60,39.07,62.8844,11.3582,48.8665,353.19,358.60,39.07,250.0675,11.9445,279.8723,0.00,100.00,182.67,-11.86,182.67,11.86,12.52
119.45,297.28,62.3373,8.4119,49.3878,2.37,100.00,39.07,1.40,307.55,353.23,1.57,62.2978,11.4491,49.3228,62.0028,11.4956,49.5737,353.19,358.60,39.07,62.7755,11.3771,48.9502,353.19,358.60,39.07,250.0675,11.9445,279.8723,0.00,100.00,182.67,-11.86,182.67,11.86,12.52
119.50,297.29,62.2366,8.4345,49.4652,2.27,100.00,39.08,1.46,307.52,352.27,1.65,62.2345,11.4710,49.3659,61.9400,11.5239,49.6162,352.24,358.54,39.08,62.7113,11.3888,48.9943,352.24,358.54,39.08,250.0675,11.9445,279.8723,0.00,100.00,182.67,-11.86,182.67,11.86,12.52
119.56,297.29,62.1374,8.4528,49.5414,2.11,100.00,39.08,1.52,307.49,351.60,1.74,62.1611,11.4883,49.4169,61.8670,11.5458,49.6666,351.56,358.48,39.08,62.6373,11.3990,49.0461,351.56,358.48,39.08,250.0675,11.9445,279.8723,0.00,100.00,182.67,-11.86,182.67,11.86,12.52
119.62,297.30,62.0305,8.4768,49.6233,2.35,100.00,38.08,1.74,307.46,350.97,1.82,62.0782,11.5109,49.4749,61.7801,11.5725,49.7188,350.95,358.26,38.08,62.5604,11.4153,49.1135,350.95,358.26,38.08,250.0675,11.9445,279.8723,0.00,100.00,182.67,-11.86,182.67,11.86,12.52
119.68,297.30,61.9335,8.4986,49.6976,2.11,100.00,37.10,2.13,307.46,351.09,2.05,61.9685,11.5326,49.5438,61.6659,11.5932,49.7825,351.11,357.87,37.10,62.4573,11.4388,49.1911,351.11,357.87,37.10,250.0675,11.9445,279.8723,0.00,100.00,182.67,-11.86,182.67,11.86,12.52
119.74,297.30,61.8418,8.4854,49.7679,2.02,100.00,37.10,2.13,307.46,351.09,2.05,61.8768,11.5195,49.6141,61.5742,11.5801,49.8527,351.11,357.87,37.10,62.3656,11.4257,49.2613,351.11,357.87,37.10,250.0675,11.9445,279.8723,0.00,100.00,182.67,-11.86,182.67,11.86,12.52
119.80,297.31,61.7472,8.5034,49.8404,1.99,100.00,37.48,2.07,307.86,351.08,1.99,61.7837,11.5375,49.6884,61.4827,11.5981,49.9291,351.10,357.93,37.48,62.2700,11.4435,49.3323,351.10,357.93,37.48,250.0675,11.9445,279.8723,0.00,100.00,182.67,-11.86,182.67,11.86,12.52
119.85,297.31,61.6431,8.5301,49.9213,2.37,100.00,37.61,2.05,308.27,351.07,1.92,61.6811,11.5642,49.7713,61.3807,11.6249,50.0126,351.09,357.95,37.61,62.1667,11.4702,49.4141,351.09,357.95,37.61,250.0675,11.9445,279.8723,0.00,100.00,182.67,-11.86,182.67,11.86,12.52
119.91,297.31,61.5415,8.5516,50.0014,2.21,100.00,37.69,2.04,308.66,351.05,1.86,61.5811,11.5859,49.8532,61.2810,11.6466,50.0950,351.09,357.96,37.69,62.0661,11.4918,49.4953,351.09,357.96,37.69,250.0675,11.9445,279.8723,0.00,100.00,182.67,-11.86,182.67,11.86,12.52
119.97,297.31,61.4306,8.5758,50.0902,2.44,100.00,37.90,2.00,309.06,351.04,1.80,61.4717,11.6101,49.9438,61.1725,11.6709,50.1867,351.08,358.00,37.90,61.9554,11.5160,49.5841,351.08,358.00,37.90,250.0675,11.9445,279.8723,0.00,100.00,182.67,-11.86,182.67,11.86,12.52
120.03,297.31,61.3274,8.5998,50.1739,2.32,100.00,37.76,2.36,309.06,350.87,2.12,61.3648,11.6332,50.0088,61.0649,11.6950,50.2505,350.93,357.64,37.76,61.8495,11.5375,49.6509,350.93,357.64,37.76,250.0675,11.9445,279.8723,0.00,100.00,182.67,-11.86,182.67,11.86,12.52
120.09,297.31,61.2321,8.6216,50.2512,2.09,100.00,37.70,2.01,309.04,350.30,1.75,61.3051,11.6542,50.0822,61.0057,11.7198,50.3234,350.35,357.99,37.70,61.7892,11.5524,49.7251,350.35,357.99,37.70,250.0675,11.9445,279.8723,0.00,100.00,182.67,-11.86,182.67,11.86,12.52
120.15,297.31,61.1289,8.6504,50.3349,2.40,100.00,37.89,2.11,309.21,350.45,1.87,61.1917,11.6831,50.1658,60.8929,11.7478,50.4081,350.50,357.89,37.89,61.6750,11.5829,49.8072,350.50,357.89,37.89,250.0675,11.9445,279.8723,0.00,100.00,182.67,-11.86,182.67,11.86,12.52
120.21,297.32,61.0255,8.6751,50.4193,2.28,100.00,38.10,2.44,309.34,349.78,2.18,61.1048,11.7053,50.2148,60.8071,11.7745,50.4572,349.83,357.56,38.10,61.5863,11.5981,49.8557,349.83,357.56,38.10,250.0675,11.9445,279.8723,0.00,100.00,182.67,-11.86,182.67,11.86,12.52
120.26,297.32,60.9238,8.7020,50.5026,2.32,100.00,38.11,2.46,309.35,350.10,2.21,60.9890,11.7331,50.3079,60.6910,11.8002,50.5507,350.16,357.54,38.11,61.4709,11.6294,49.9484,350.16,357.54,38.11,250.0675,11.9445,279.8723,0.00,100.00,182.67,-11.86,182.67,11.86,12.52
120.32,297.32,60.8311,8.7236,50.5787,2.04,100.00,38.04,2.47,309.35,350.13,2.21,60.8947,11.7548,50.3851,60.5965,11.8216,50.6275,350.20,357.53,38.04,61.3771,11.6515,50.0261,350.20,357.53,38.04,250.0675,11.9445,279.8723,0.00,100.00,182.67,-11.86,182.67,11.86,12.52
120.38,297.32,60.7299,8.7480,50.6617,2.25,100.00,38.15,2.45,309.54,350.13,2.18,60.7943,11.7793,50.4689,60.4965,11.8461,50.7119,350.19,357.55,38.15,61.2759,11.6759,50.1090,350.19,357.55,38.15,250.0675,11.9445,279.8723,0.00,100.00,182.67,-11.86,182.67,11.86,12.52
120.44,297.32,60.6242,8.7746,50.7489,2.36,100.00,38.44,2.30,309.68,348.96,2.02,60.7409,11.8021,50.5227,60.4453,11.8768,50.7662,349.01,357.70,38.44,61.2191,11.6863,50.1619,349.01,357.70,38.44,250.0675,11.9445,279.8723,0.00,100.00,182.67,-11.86,182.67,11.86,12.52
120.50,297.31,60.5134,8.8075,50.8408,2.56,100.00,38.72,2.12,309.89,349.63,1.88,60.6069,11.8377,50.6429,60.3121,11.9079,50.8887,349.68,357.88,38.72,61.0839,11.7289,50.2785,349.68,357.88,38.72,250.0675,11.9445,279.8723,0.00,100.00,182.67,-11.86,182.67,11.86,12.52
120.56,297.31,60.4001,8.8337,50.9355,2.46,100.00,38.89,2.12,310.05,349.29,1.86,60.5073,11.8627,50.7262,60.2136,11.9352,50.9726,349.34,357.88,38.89,60.9828,11.7503,50.3608,349.34,357.88,38.89,250.0675,11.9445,279.8723,0.00,100.00,182.67,-11.86,182.67,11.86,12.52
120.62,297.31,60.2874,8.8339,51.0302,2.62,100.00,38.94,2.33,310.05,349.05,2.08,60.3969,11.8616,50.8042,60.1034,11.9357,51.0503,349.11,357.67,38.94,60.8720,11.7469,50.4391,349.11,357.67,38.94,250.0675,11.9445,279.8723,0.00,100.00,182.67,-11.86,182.67,11.86,12.52
120.68,297.31,60.1895,8.8616,51.1124,2.23,100.00,38.95,2.70,310.03,348.75,2.44,60.2992,11.8874,50.8616,60.0057,11.9635,51.1071,348.81,357.30,38.95,60.7744,11.7696,50.4975,348.81,357.30,38.95,250.0675,11.9445,279.8723,0.00,100.00,182.67,-11.86,182.67,11.86,12.52
120.73,297.31,60.0816,8.8921,51.2031,2.45,100.00,39.00,2.73,310.13,348.71,2.46,60.1917,11.9176,50.9500,59.8984,11.9940,51.1957,348.77,357.27,39.00,60.6665,11.7995,50.5856,348.77,357.27,39.00,250.0675,11.9445,279.8723,0.00,100.00,182.67,-11.86,182.67,11.86,12.52
120.79,297.31,59.9675,8.9277,51.2992,2.67,100.00,38.98,2.62,310.19,347.93,2.31,60.1139,11.9499,51.0256,59.8213,12.0314,51.2705,347.99,357.38,38.98,60.5876,11.8236,50.6625,347.99,357.38,38.98,250.0675,11.9445,279.8723,0.00,100.00,182.67,-11.86,182.67,11.86,12.52
120.85,297.31,59.8512,8.9612,51.3975,2.62,100.00,39.00,2.54,310.33,348.22,2.22,59.9884,11.9850,51.1372,59.6957,12.0646,51.3826,348.29,357.46,39.00,60.4624,11.8618,50.7734,348.29,357.46,39.00,250.0675,11.9445,279.8723,0.00,100.00,182.67,-11.86,182.67,11.86,12.52
120.91,297.31,59.7246,8.9973,51.5050,2.88,100.00,38.99,2.30,310.45,348.05,1.95,59.8774,12.0207,51.2489,59.5850,12.1014,51.4943,348.11,357.70,38.99,60.3509,11.8955,50.8851,348.11,357.70,38.99,250.0675,11.9445,279.8723,0.00,100.00,182.67,-11.86,182.67,11.86,12.52
120.97,297.30,59.5938,9.0339,51.6165,2.93,100.00,38.98,2.28,310.55,348.02,1.90,59.7487,12.0573,51.3613,59.4563,12.1381,51.6066,348.09,357.72,38.98,60.2221,11.9319,50.9975,348.09,357.72,38.98,250.0675,11.9445,279.8723,0.00,100.00,182.67,-11.86,182.67,11.86,12.52
121.03,297.30,59.4548,9.0779,51.7355,3.24,100.00,38.97,2.08,310.63,347.28,1.66,59.6475,12.0978,51.4640,59.3561,12.1836,51.7087,347.34,357.92,38.97,60.1196,11.9645,51.1012,347.34,357.92,38.97,250.0675,11.9445,279.8723,0.00,100.00,182.67,-11.86,182.67,11.86,12.52
121.09,297.30,59.3151,9.1213,51.8553,3.25,100.00,38.91,1.77,310.70,347.31,1.34,59.5176,12.1417,51.5975,59.2261,12.2273,51.8422,347.36,358.23,38.91,59.9896,12.0085,51.2346,347.36,358.23,38.91,250.0675,11.9445,279.8723,0.00,100.00,182.67,-11.86,182.67,11.86,12.52
121.14,297.30,59.1695,9.1689,51.9806,3.47,100.00,38.96,1.65,310.79,347.78,1.22,59.3569,12.1919,51.7432,59.0652,12.2744,51.9888,347.82,358.35,38.96,59.8292,12.0636,51.3789,347.82,358.35,38.96,250.0675,11.9445,279.8723,0.00,100.00,182.67,-11.86,182.67,11.86,12.52
121.20,297.29,59.0212,9.2142,52.1085,3.46,100.00,39.01,1.62,310.85,347.83,1.20,59.2071,12.2375,51.8736,58.9157,12.3197,52.1196,347.87,358.38,39.01,59.6791,12.1097,51.5088,347.87,358.38,39.01,250.0675,11.9445,279.8723,0.00,100.00,182.67,-11.86,182.67,11.86,12.52
121.26,297.29,58.8642,9.2294,52.2442,3.67,100.00,39.11,1.81,310.91,347.69,1.39,59.0486,12.2518,51.9971,58.7575,12.3349,52.2432,347.75,358.19,39.11,59.5200,12.1228,51.6320,347.75,358.19,39.11,250.0675,11.9445,279.8723,0.00,100.00,182.67,-11.86,182.67,11.86,12.52
121.32,297.29,58.7173,9.2744,52.3716,3.32,100.00,39.10,1.78,310.88,346.45,1.32,58.9535,12.2897,52.0844,58.6637,12.3809,52.3292,346.51,358.22,39.10,59.4229,12.1477,51.7215,346.51,358.22,39.10,250.0675,11.9445,279.8723,0.00,100.00,182.67,-11.86,182.67,11.86,12.52
121.38,297.28,58.5686,9.3279,52.5003,3.55,100.00,39.11,1.83,310.86,345.72,1.34,58.8335,12.3382,52.1871,58.5445,12.4343,52.4309,345.77,358.17,39.11,59.3016,12.1887,51.8255,345.77,358.17,39.11,250.0675,11.9445,279.8723,0.00,100.00,182.67,-11.86,182.67,11.86,12.52
121.43,297.28,58.4327,9.3751,52.6178,3.16,100.00,39.14,1.95,310.88,346.74,1.50,58.6515,12.3919,52.3332,58.3614,12.4813,52.5783,346.79,358.05,39.14,59.1214,12.2530,51.9697,346.79,358.05,39.14,250.0675,11.9445,279.8723,0.00,100.00,182.67,-11.86,182.67,11.86,12.52
121.49,297.28,58.2992,9.4205,52.7334,3.17,100.00,39.21,2.23,310.88,346.74,1.79,58.5076,12.4369,52.4375,58.2175,12.5263,52.6826,346.81,357.77,39.21,58.9775,12.2982,52.0740,346.81,357.77,39.21,250.0675,11.9445,279.8723,0.00,100.00,182.67,-11.86,182.67,11.86,12.52
121.55,297.27,58.1630,9.4669,52.8513,3.32,100.00,39.20,1.98,310.95,347.42,1.55,58.3523,12.4877,52.5882,58.0617,12.5725,52.8343,347.48,358.02,39.20,58.8230,12.3559,52.2231,347.48,358.02,39.20,250.0675,11.9445,279.8723,0.00,100.00,182.67,-11.86,182.67,11.86,12.52
121.61,297.27,58.0245,9.5102,52.9715,3.20,100.00,39.18,1.71,310.99,347.32,1.27,58.2276,12.5307,52.7157,57.9373,12.6162,52.9619,347.37,358.29,39.18,58.6978,12.3977,52.3505,347.37,358.29,39.18,250.0675,11.9445,279.8723,0.00,100.00,182.67,-11.86,182.67,11.86,12.52
121.66,297.27,57.8855,9.5610,53.0922,3.43,100.00,39.18,1.70,310.98,346.83,1.25,58.1090,12.5786,52.8205,57.8192,12.6674,53.0662,346.88,358.30,39.18,58.5784,12.4405,52.4562,346.88,358.30,39.18,250.0675,11.9445,279.8723,0.00,100.00,182.67,-11.86,182.67,11.86,12.52
121.72,297.27,57.7598,9.6039,53.2014,2.94,100.00,39.13,1.49,310.97,346.47,1.01,58.0055,12.6195,52.9266,57.7162,12.7107,53.1718,346.51,358.51,39.13,58.4743,12.4776,52.5629,346.51,358.51,39.13,250.0675,11.9445,279.8723,0.00,100.00,182.67,-11.86,182.67,11.86,12.52
121.78,297.26,57.6218,9.6494,53.3213,3.19,100.00,39.12,1.38,311.00,346.87,0.92,57.8549,12.6676,53.0637,57.5652,12.7562,53.3095,346.91,358.62,39.12,58.3243,12.5297,52.6991,346.91,358.62,39.12,250.0675,11.9445,279.8723,0.00,100.00,182.67,-11.86,182.67,11.86,12.52
121.84,297.26,57.4762,9.6948,53.4478,3.33,100.00,39.14,1.37,311.02,346.91,0.91,57.7080,12.7133,53.1922,57.4183,12.8016,53.4381,346.95,358.63,39.14,58.1773,12.5758,52.8274,346.95,358.63,39.14,250.0675,11.9445,279.8723,0.00,100.00,182.67,-11.86,182.67,11.86,12.52
121.90,297.26,57.3231,9.7131,53.5809,3.60,100.00,39.17,1.39,311.04,346.57,0.92,57.5680,12.7294,53.3130,57.2788,12.8200,53.5587,346.61,358.61,39.17,58.0365,12.5884,52.9486,346.61,358.61,39.17,250.0675,11.9445,279.8723,0.00,100.00,182.67,-11.86,182.67,11.86,12.52
121.95,297.26,57.1723,9.7638,53.7122,3.52,100.00,39.22,1.02,311.09,347.58,0.60,57.3880,12.7863,53.4918,57.0982,12.8701,53.7392,347.61,358.98,39.22,57.8573,12.6556,53.1246,347.61,358.98,39.22,250.0675,11.9445,279.8723,0.00,100.00,182.67,-11.86,182.67,11.86,12.52
122.01,297.25,57.0096,9.8192,53.8541,4.07,100.00,39.35,1.14,311.11,348.06,0.75,57.2010,12.8440,53.6441,56.9113,12.9247,53.8926,348.09,358.86,39.35,57.6705,12.7183,53.2753,348.09,358.86,39.35,250.0675,11.9445,279.8723,0.00,100.00,182.67,-11.86,182.67,11.86,12.52
122.07,297.25,56.8521,9.8675,53.9916,3.69,100.00,39.53,1.45,311.12,347.47,1.07,57.0558,12.8891,53.7485,56.7672,12.9737,53.9969,347.50,358.55,39.53,57.5236,12.7574,53.3797,347.50,358.55,39.53,250.0675,11.9445,279.8723,0.00,100.00,182.67,-11.86,182.67,11.86,12.52
122.13,297.25,56.6795,9.9240,54.1423,4.11,100.00,39.61,1.28,311.14,347.09,0.91,56.9035,12.9435,53.8925,56.6158,13.0306,54.1411,347.12,358.72,39.61,57.3700,12.8078,53.5234,347.12,358.72,39.61,250.0675,11.9445,279.8723,0.00,100.00,182.67,-11.86,182.67,11.86,12.52
122.18,297.25,56.5033,9.9806,54.2962,4.14,100.00,39.72,1.18,311.17,347.47,0.84,56.7144,13.0024,54.0623,56.4268,13.0870,54.3120,347.50,358.82,39.72,57.1805,12.8706,53.6915,347.50,358.82,39.72,250.0675,11.9445,279.8723,0.00,100.00,182.67,-11.86,182.67,11.86,12.52
122.24,297.24,56.3186,10.0404,54.4577,4.38,100.00,39.78,0.92,311.18,347.32,0.59,56.5442,13.0614,54.2283,56.2573,13.1470,54.4784,347.34,359.08,39.78,57.0093,12.9279,53.8567,347.34,359.08,39.78,250.0675,11.9445,279.8723,0.00,100.00,182.67,-11.86,182.67,11.86,12.52
122.30,297.24,56.1299,10.0989,54.6228,4.40,100.00,39.83,0.91,311.19,347.32,0.59,56.3555,13.1200,54.3934,56.0688,13.2056,54.6437,347.34,359.09,39.83,56.8204,12.9865,54.0215,347.34,359.09,39.83,250.0675,11.9445,279.8723,0.00,100.00,182.67,-11.86,182.67,11.86,12.52
122.36,297.24,55.9324,10.1214,54.7956,4.53,100.00,39.81,0.61,311.20,347.86,0.31,56.1465,13.1454,54.5961,55.8594,13.2274,54.8472,347.87,359.39,39.81,56.6119,13.0174,54.2230,347.87,359.39,39.81,250.0675,11.9445,279.8723,0.00,100.00,182.67,-11.86,182.67,11.86,12.52
122.41,297.24,55.7297,10.1813,54.9731,4.91,100.00,39.77,0.18,311.22,348.79,359.89,55.9212,13.2096,54.8222,55.6334,13.2854,55.0745,348.79,359.82,39.77,56.3878,13.0910,54.4475,348.79,359.82,39.77,250.0675,11.9445,279.8723,0.00,100.00,182.67,-11.86,182.67,11.86,12.52
122.47,297.24,55.5277,10.2308,55.1500,4.58,100.00,39.86,0.46,311.22,349.55,0.21,55.6781,13.2620,55.0129,55.3898,13.3328,55.2660,349.55,359.54,39.86,56.1456,13.1515,54.6368,349.55,359.54,39.86,250.0675,11.9445,279.8723,0.00,100.00,182.67,-11.86,182.67,11.86,12.52
122.53,297.23,55.3066,10.2869,55.3437,4.95,100.00,39.89,0.36,311.22,349.46,0.11,55.4636,13.3179,55.2075,55.1755,13.3892,55.4607,349.47,359.64,39.89,55.9306,13.2064,54.8311,349.47,359.64,39.89,250.0675,11.9445,279.8723,0.00,100.00,182.67,-11.86,182.67,11.86,12.52
122.59,297.23,55.0759,10.3503,55.5458,5.43,100.00,39.87,0.06,311.23,349.62,359.81,55.2370,13.3818,55.4270,54.9489,13.4520,55.6806,349.62,359.94,39.87,55.7039,13.2719,55.0501,349.62,359.94,39.87,250.0675,11.9445,279.8723,0.00,100.00,182.67,-11.86,182.67,11.86,12.52
122.65,297.23,54.8495,10.4024,55.7442,5.21,100.00,39.89,0.13,311.23,350.88,359.92,54.9572,13.4376,55.6652,54.6680,13.4994,55.9197,350.88,359.87,39.89,55.4258,13.3409,55.2868,350.88,359.87,39.89,250.0675,11.9445,279.8723,0.00,100.00,182.67,-11.86,182.67,11.86,12.52
122.71,297.23,54.6249,10.4522,55.9411,5.10,100.00,39.82,-0.29,311.23,350.63,359.48,54.7573,13.4867,55.8708,54.4683,13.5501,56.1252,350.62,0.29,39.82,55.2256,13.3872,55.4927,350.62,0.29,39.82,250.0675,11.9445,279.8723,0.00,100.00,182.67,-11.86,182.67,11.86,12.52
122.77,297.23,54.4037,10.5027,56.1349,5.04,100.00,39.91,-0.39,311.23,350.59,359.40,54.5404,13.5370,56.0662,54.2520,13.6008,56.3210,350.58,0.39,39.91,55.0080,13.4371,55.6872,350.58,0.39,39.91,250.0675,11.9445,279.8723,0.00,100.00,182.67,-11.86,182.67,11.86,12.52
122.83,297.23,54.1896,10.5501,56.3225,4.86,100.00,39.92,-0.96,311.23,351.02,358.85,54.3284,13.5849,56.2909,54.0401,13.6458,56.5466,351.00,0.96,39.92,54.7958,13.4894,55.9107,351.00,0.96,39.92,250.0675,11.9445,279.8723,0.00,100.00,182.67,-11.86,182.67,11.86,12.52
122.89,297.23,53.9812,10.5927,56.5051,4.71,100.00,40.04,-0.87,311.22,351.38,358.96,54.1020,13.6283,56.4816,53.8138,13.6868,56.7380,351.36,0.87,40.04,54.5692,13.5365,56.1001,351.36,0.87,40.04,250.0675,11.9445,279.8723,0.00,100.00,182.67,-11.86,182.67,11.86,12.52
122.95,297.23,53.7654,10.6322,56.6942,4.79,100.00,40.15,-0.95,311.20,352.42,358.92,53.8461,13.6692,56.7086,53.5576,13.7206,56.9662,352.40,0.95,40.15,54.3138,13.5884,56.3254,352.40,0.95,40.15,250.0675,11.9445,279.8723,0.00,100.00,182.67,-11.86,182.67,11.86,12.52
123.01,297.23,53.5392,10.6695,56.8922,5.08,100.00,40.29,-0.76,311.20,352.90,359.14,53.5931,13.7071,56.9147,53.3048,13.7552,57.1731,352.89,0.76,40.29,54.0607,13.6314,56.5301,352.89,0.76,40.29,250.0675,11.9445,279.8723,0.00,100.00,182.67,-11.86,182.67,11.86,12.52
123.07,297.23,53.3090,10.7076,57.0937,5.02,100.00,40.43,-0.69,311.21,352.51,359.22,53.3757,13.7450,57.0995,53.0882,13.7958,57.3583,352.50,0.69,40.43,53.8419,13.6653,56.7141,352.50,0.69,40.43,250.0675,11.9445,279.8723,0.00,100.00,182.67,-11.86,182.67,11.86,12.52
123.13,297.23,53.0658,10.7459,57.3067,5.26,100.00,40.51,-0.98,311.21,353.14,358.94,53.1168,13.7833,57.3455,52.8295,13.8298,57.6053,353.13,0.98,40.51,53.5830,13.7102,56.9588,353.13,0.98,40.51,250.0675,11.9445,279.8723,0.00,100.00,182.67,-11.86,182.67,11.86,12.52
123.19,297.23,52.8132,10.7782,57.5279,5.49,100.00,40.60,-1.36,311.21,353.99,358.59,52.8427,13.8150,57.6105,52.5553,13.8557,57.8712,353.98,1.36,40.60,53.3088,13.7508,57.2222,353.98,1.36,40.60,250.0675,11.9445,279.8723,0.00,100.00,182.67,-11.86,182.67,11.86,12.52
123.25,297.24,52.5552,10.8119,57.7539,5.71,100.00,39.27,-1.35,311.20,354.67,358.47,52.5615,13.8480,57.8645,52.2678,13.8843,58.1186,354.62,1.35,39.27,53.0372,13.7906,57.4867,354.62,1.35,39.27,250.0675,11.9445,279.8723,0.00,100.00,182.67,-11.86,182.67,11.86,12.52
123.31,297.24,52.2981,10.8389,57.9789,5.58,100.00,39.30,-1.92,312.62,355.32,357.81,52.3056,13.8728,58.1384,52.0119,13.9051,58.3931,355.20,1.92,39.30,52.7812,13.8215,57.7598,355.20,1.92,39.30,250.0675,11.9445,279.8723,0.00,100.00,182.67,-11.86,182.67,11.86,12.52
123.37,297.23,52.0390,10.8744,58.2172,5.99,100.00,40.78,-1.64,314.08,355.02,358.08,52.0520,13.9094,58.3552,51.7650,13.9436,58.6173,354.92,1.64,40.78,52.5175,13.8551,57.9647,354.92,1.64,40.78,250.0675,11.9445,279.8723,0.00,100.00,182.67,-11.86,182.67,11.86,12.52
123.44,297.22,51.7936,10.8992,58.4549,5.53,100.00,43.12,-2.03,316.43,355.77,357.73,51.7982,13.9321,58.6337,51.5219,13.9613,58.9076,355.65,2.03,43.12,52.2479,13.8855,58.2241,355.65,2.03,43.12,250.0675,11.9445,279.8723,0.00,100.00,182.67,-11.86,182.67,11.86,12.52
123.50,297.19,51.5442,10.9202,58.7171,5.79,100.00,43.31,-2.32,318.92,355.79,357.26,51.5745,13.9519,58.9125,51.2993,13.9817,59.1874,355.54,2.32,43.31,52.0226,13.9041,58.5012,355.54,2.32,43.31,250.0675,11.9445,279.8723,0.00,100.00,182.67,-11.86,182.67,11.86,12.52
123.56,297.15,51.3015,10.9774,58.9954,6.10,100.00,43.59,-2.43,321.40,356.44,357.07,51.3266,14.0069,59.2226,51.0525,14.0331,59.4989,356.08,2.43,43.59,51.7731,13.9647,58.8089,356.08,2.43,43.59,250.0675,11.9445,279.8723,0.00,100.00,182.67,-11.86,182.67,11.86,12.52
123.62,297.09,51.0740,11.0011,59.2804,6.00,100.00,46.04,-2.61,323.87,356.14,356.85,51.1276,14.0308,59.5005,50.8658,14.0592,59.7883,355.75,2.61,46.04,51.5556,13.9851,59.0681,355.75,2.61,46.04,250.0675,11.9445,279.8723,0.00,100.00,182.67,-11.86,182.67,11.86,12.52
123.68,297.01,50.8656,10.9898,59.5659,6.04,100.00,46.04,-2.59,323.83,356.86,356.96,50.8919,14.0177,59.8133,50.6296,14.0412,60.1012,356.48,2.59,46.04,51.3205,13.9798,59.3808,356.48,2.59,46.04,250.0675,11.9445,279.8723,0.00,100.00,182.67,-11.86,182.67,11.86,12.52
123.74,296.95,50.6698,11.0321,59.8337,5.32,100.00,43.40,-2.19,323.78,357.98,357.41,50.6417,14.0570,60.1149,50.3658,14.0733,60.3903,357.55,2.19,43.40,51.0907,14.0306,59.7027,357.55,2.19,43.40,250.0675,11.9445,279.8723,0.00,100.00,182.67,-11.86,182.67,11.86,12.52
123.80,296.88,50.4646,11.0442,60.1137,5.61,100.00,40.79,-1.98,323.82,357.14,357.31,50.4672,14.0721,60.3620,50.1795,14.0949,60.6245,356.61,1.98,40.79,50.9340,14.0357,59.9709,356.61,1.98,40.79,250.0675,11.9445,279.8723,0.00,100.00,182.67,-11.86,182.67,11.86,12.52
123.86,296.81,50.2684,11.0624,60.3819,5.60,100.00,38.02,-2.06,323.81,357.24,357.08,50.2776,14.0894,60.6415,49.9775,14.1125,60.8898,356.55,2.06,38.02,50.7626,14.0523,60.2733,356.55,2.06,38.02,250.0675,11.9445,279.8723,0.00,100.00,182.67,-11.86,182.67,11.86,12.52
123.92,296.75,50.0851,11.0766,60.6325,5.14,100.00,35.20,-2.14,323.82,357.05,356.75,50.1140,14.1033,60.8945,49.8024,14.1289,61.1278,356.17,2.14,35.20,50.6163,14.0622,60.5506,356.17,2.14,35.20,250.0675,11.9445,279.8723,0.00,100.00,182.67,-11.86,182.67,11.86,12.52
123.98,296.69,49.9038,11.0922,60.8804,5.05,100.00,35.16,-2.68,323.82,357.09,356.19,49.9553,14.1168,61.1614,49.6437,14.1434,61.3946,356.03,2.68,35.16,50.4575,14.0741,60.8175,356.03,2.68,35.16,250.0675,11.9445,279.8723,0.00,100.00,182.67,-11.86,182.67,11.86,12.52
124.04,296.63,49.7196,11.1024,61.1321,5.16,100.00,37.58,-3.03,326.22,357.75,356.05,49.7696,14.1241,61.4440,49.4679,14.1466,61.6903,356.61,3.03,37.58,50.2571,14.0875,61.0790,356.61,3.03,37.58,250.0675,11.9445,279.8723,0.00,100.00,182.67,-11.86,182.67,11.86,12.52
124.11,296.55,49.5452,11.1149,61.3928,5.14,100.00,38.28,-2.78,328.68,357.25,356.02,49.6235,14.1384,61.6804,49.3250,14.1648,61.9303,356.04,2.78,38.28,50.1061,14.0958,61.3096,356.04,2.78,38.28,250.0675,11.9445,279.8723,0.00,100.00,182.67,-11.86,182.67,11.86,12.52
124.17,296.46,49.3792,11.1203,61.6656,4.99,100.00,38.88,-2.97,331.14,357.11,355.61,49.4920,14.1426,61.9536,49.1965,14.1715,62.2067,355.67,2.97,38.88,49.9703,14.0961,61.5777,355.67,2.97,38.88,250.0675,11.9445,279.8723,0.00,100.00,182.67,-11.86,182.67,11.86,12.52
124.23,296.36,49.2158,11.1396,61.9621,5.81,100.00,41.40,-3.69,333.69,357.40,354.96,49.3654,14.1579,62.2740,49.0815,14.1865,62.5401,355.69,3.69,41.40,49.8263,14.1115,61.8770,355.69,3.69,41.40,250.0675,11.9445,279.8723,0.00,100.00,182.67,-11.86,182.67,11.86,12.52
124.29,296.25,49.0827,11.1503,62.2312,5.05,100.00,41.40,-3.64,333.60,358.51,355.47,49.1820,14.1663,62.5836,48.8974,14.1866,62.8496,356.91,3.64,41.40,49.6441,14.1328,62.1866,356.91,3.64,41.40,250.0675,11.9445,279.8723,0.00,100.00,182.67,-11.86,182.67,11.86,12.52
124.35,296.14,48.9503,11.1546,62.4980,4.81,100.00,39.42,-3.48,333.61,358.28,355.42,49.0573,14.1714,62.8406,48.7638,14.1942,63.0966,356.56,3.48,39.42,49.5326,14.1342,62.4600,356.56,3.48,39.42,250.0675,11.9445,279.8723,0.00,100.00,182.67,-11.86,182.67,11.86,12.52
124.41,296.03,48.8111,11.1645,62.7785,5.14,100.00,39.93,-3.46,336.12,357.97,355.16,48.9521,14.1816,63.1067,48.6612,14.2078,63.3654,356.05,3.46,39.93,49.4235,14.1390,62.7218,356.05,3.46,39.93,250.0675,11.9445,279.8723,0.00,100.00,182.67,-11.86,182.67,11.86,12.52
124.47,295.91,48.6849,11.1784,63.0636,5.38,100.00,42.41,-3.12,338.58,357.87,355.48,48.8258,14.1973,63.3745,48.5463,14.2232,63.6454,356.10,3.12,42.41,49.2804,14.1554,62.9698,356.10,3.12,42.41,250.0675,11.9445,279.8723,0.00,100.00,182.67,-11.86,182.67,11.86,12.52
124.53,295.78,48.5796,11.1863,63.3321,4.67,100.00,42.41,-3.04,338.59,357.82,355.55,48.7180,14.2057,63.6391,48.4385,14.2318,63.9099,356.09,3.04,42.41,49.1726,14.1636,63.2344,356.09,3.04,42.41,250.0675,11.9445,279.8723,0.00,100.00,182.67,-11.86,182.67,11.86,12.52
124.59,295.65,48.4707,11.1953,63.6096,4.92,100.00,40.30,-3.12,338.56,358.12,355.46,48.6080,14.2130,63.9331,48.3186,14.2383,64.1935,356.20,3.12,40.30,49.0772,14.1721,63.5454,356.20,3.12,40.30,250.0675,11.9445,279.8723,0.00,100.00,182.67,-11.86,182.67,11.86,12.52
124.65,295.53,48.3629,11.1972,63.8843,4.69,100.00,40.53,-3.45,340.95,358.71,355.25,48.5135,14.2112,64.2348,48.2251,14.2345,64.4964,356.49,3.45,40.53,48.9814,14.1733,63.8450,356.49,3.45,40.53,250.0675,11.9445,279.8723,0.00,100.00,182.67,-11.86,182.67,11.86,12.52
124.72,295.38,48.2617,11.2009,64.1773,4.97,100.00,40.58,-3.25,343.47,358.67,355.27,48.4271,14.2153,64.5185,48.1389,14.2397,64.7804,356.32,3.25,40.58,48.8944,14.1756,64.1284,356.32,3.25,40.58,250.0675,11.9445,279.8723,0.00,100.00,182.67,-11.86,182.67,11.86,12.52
124.78,295.22,48.1732,11.2105,64.4755,5.23,100.00,40.72,-3.41,346.01,358.32,354.65,48.3900,14.2236,64.7991,48.1030,14.2532,65.0617,355.54,3.41,40.72,48.8556,14.1756,64.4078,355.54,3.41,40.72,250.0675,11.9445,279.8723,0.00,100.00,182.67,-11.86,182.67,11.86,12.52
124.84,295.06,48.1008,11.2184,64.7661,4.92,100.00,40.88,-3.91,348.41,358.29,353.77,48.3762,14.2268,65.0881,48.0906,14.2610,65.3517,354.86,3.91,40.88,48.8396,14.1715,64.6952,354.86,3.91,40.88,250.0675,11.9445,279.8723,0.00,100.00,182.67,-11.86,182.67,11.86,12.52
124.90,294.89,48.0409,11.2292,65.0578,5.09,100.00,38.78,-3.88,348.37,358.64,353.86,48.3077,14.2365,65.3971,48.0125,14.2695,65.6500,355.05,3.88,38.78,48.7855,14.1833,65.0214,355.05,3.88,38.78,250.0675,11.9445,279.8723,0.00,100.00,182.67,-11.86,182.67,11.86,12.52
124.96,294.73,47.9849,11.2303,65.3299,4.42,100.00,36.51,-3.69,348.37,358.68,353.87,48.2507,14.2375,65.6710,47.9457,14.2712,65.9120,354.93,3.69,36.51,48.7430,14.1831,65.3147,354.93,3.69,36.51,250.0675,11.9445,279.8723,0.00,100.00,182.67,-11.86,182.67,11.86,12.52
125.02,294.56,47.9241,11.2431,65.6254,5.15,100.00,36.89,-3.89,350.91,358.55,353.21,48.2401,14.2469,65.9532,47.9373,14.2853,66.1962,354.24,3.89,36.89,48.7290,14.1852,65.5935,354.24,3.89,36.89,250.0675,11.9445,279.8723,0.00,100.00,182.67,-11.86,182.67,11.86,12.52
125.08,294.38,47.8791,11.2489,65.9062,4.64,100.00,37.19,-4.23,353.21,359.08,352.98,48.2168,14.2485,66.2504,47.9154,14.2863,66.4952,354.32,4.23,37.19,48.7037,14.1875,65.8878,354.32,4.23,37.19,250.0675,11.9445,279.8723,0.00,100.00,182.67,-11.86,182.67,11.86,12.52
125.14,294.19,47.8435,11.2578,66.2050,5.22,100.00,37.75,-4.29,355.69,359.07,352.60,48.2157,14.2549,66.5353,47.9171,14.2955,66.7830,353.89,4.29,37.75,48.6984,14.1894,66.1680,353.89,4.29,37.75,250.0675,11.9445,279.8723,0.00,100.00,182.67,-11.86,182.67,11.86,12.52
125.20,294.00,47.8220,11.2615,66.4899,4.80,100.00,38.31,-4.14,357.98,359.32,352.83,48.1942,14.2589,66.8175,47.8977,14.2982,67.0681,354.10,4.14,38.31,48.6737,14.1957,66.4457,354.10,4.14,38.31,250.0675,11.9445,279.8723,0.00,100.00,182.67,-11.86,182.67,11.86,12.52
125.26,293.79,47.8115,11.2615,66.7877,4.97,100.00,38.91,-4.21,0.30,359.95,353.21,48.1771,14.2577,67.1328,47.8828,14.2931,67.3865,354.67,4.21,38.91,48.6533,14.2004,66.7558,354.67,4.21,38.91,250.0675,11.9445,279.8723,0.00,100.00,182.67,-11.86,182.67,11.86,12.52
125.32,293.57,47.8131,11.2572,67.0908,4.97,100.00,39.40,-4.47,2.67,0.31,352.96,48.2068,14.2495,67.4390,47.9150,14.2857,67.6953,354.55,4.47,39.40,48.6795,14.1909,67.0578,354.55,4.47,39.40,250.0675,11.9445,279.8723,0.00,100.00,182.67,-11.86,182.67,11.86,12.52
125.38,293.33,47.8277,11.2526,67.4022,5.16,100.00,39.96,-4.62,5.05,0.94,353.30,48.2207,14.2429,67.7682,47.9310,14.2756,68.0275,355.05,4.62,39.96,48.6902,14.1895,67.3823,355.05,4.62,39.96,250.0675,11.9445,279.8723,0.00,100.00,182.67,-11.86,182.67,11.86,12.52
125.44,293.09,47.8552,11.2438,67.7129,5.08,100.00,42.38,-4.81,7.48,1.00,353.03,48.2774,14.2320,68.0628,47.9992,14.2660,68.3341,354.86,4.81,42.38,48.7298,14.1767,67.6573,354.86,4.81,42.38,250.0675,11.9445,279.8723,0.00,100.00,182.67,-11.86,182.67,11.86,12.52
125.50,292.83,47.8969,11.2412,68.0308,5.52,100.00,44.81,-5.27,9.96,1.03,352.27,48.3733,14.2240,68.3567,48.1075,14.2620,68.6398,354.25,5.27,44.81,48.8069,14.1622,67.9320,354.25,5.27,44.81,250.0675,11.9445,279.8723,0.00,100.00,182.67,-11.86,182.67,11.86,12.52
125.56,292.58,47.9499,11.2309,68.3324,4.92,100.00,45.00,-5.34,12.27,1.29,352.14,48.4484,14.2109,68.6506,48.1838,14.2499,68.9347,354.09,5.34,45.00,48.8804,14.1474,68.2245,354.09,5.34,45.00,250.0675,11.9445,279.8723,0.00,100.00,182.67,-11.86,182.67,11.86,12.52
125.62,292.29,48.0203,11.2524,68.6562,5.35,100.00,45.32,-5.93,14.64,2.36,352.36,48.5349,14.2257,69.0102,48.2716,14.2610,69.2959,354.63,5.93,45.32,48.9648,14.1678,68.5812,354.63,5.93,45.32,250.0675,11.9445,279.8723,0.00,100.00,182.67,-11.86,182.67,11.86,12.52
125.68,292.00,48.1045,11.2355,68.9786,5.49,100.00,45.46,-6.26,17.08,2.87,352.15,48.6516,14.2029,69.3326,48.3893,14.2392,69.6192,354.46,6.26,45.46,49.0799,14.1432,68.9024,354.46,6.26,45.46,250.0675,11.9445,279.8723,0.00,100.00,182.67,-11.86,182.67,11.86,12.52
125.74,291.71,48.2013,11.2144,69.2936,5.21,100.00,45.50,-6.09,19.53,2.92,352.10,48.7664,14.1810,69.6254,48.5045,14.2193,69.9121,354.18,6.09,45.50,49.1941,14.1184,69.1950,354.18,6.09,45.50,250.0675,11.9445,279.8723,0.00,100.00,182.67,-11.86,182.67,11.86,12.52
125.81,291.39,48.3173,11.1938,69.6207,5.53,100.00,45.42,-5.80,22.09,2.89,352.07,48.8978,14.1605,69.9247,48.6357,14.2010,70.2109,353.86,5.80,45.42,49.3259,14.0945,69.4951,353.86,5.80,45.42,250.0675,11.9445,279.8723,0.00,100.00,182.67,-11.86,182.67,11.86,12.52
125.87,291.07,48.4479,11.1684,69.9427,5.41,100.00,45.22,-5.75,24.59,3.19,352.18,49.0422,14.1332,70.2378,48.7791,14.1740,70.5230,353.81,5.75,45.22,49.4717,14.0667,69.8097,353.81,5.75,45.22,250.0675,11.9445,279.8723,0.00,100.00,182.67,-11.86,182.67,11.86,12.52
125.94,290.73,48.5977,11.1374,70.2698,5.67,100.00,45.03,-6.18,27.06,4.25,353.08,49.1873,14.0983,70.6096,48.9226,14.1329,70.8941,354.73,6.18,45.03,49.6193,14.0416,70.1826,354.73,6.18,45.03,250.0675,11.9445,279.8723,0.00,100.00,182.67,-11.86,182.67,11.86,12.52
126.00,290.39,48.7610,11.1049,70.5895,5.79,100.00,44.91,-6.27,29.57,4.83,353.91,49.3421,14.0649,70.9512,49.0762,14.0949,71.2351,355.41,6.27,44.91,49.7759,14.0153,70.5252,355.41,6.27,44.91,250.0675,11.9445,279.8723,0.00,100.00,182.67,-11.86,182.67,11.86,12.52
126.06,290.04,48.9357,11.1082,70.8975,5.76,100.00,47.41,-6.50,32.06,5.03,353.75,49.5445,14.0652,71.2377,49.2915,14.0958,71.5331,355.31,6.50,47.41,49.9591,14.0144,70.7931,355.31,6.50,47.41,250.0675,11.9445,279.8723,0.00,100.00,182.67,-11.86,182.67,11.86,12.52
126.12,289.70,49.1229,11.0762,71.1963,5.76,100.00,49.84,-6.44,34.48,5.09,354.21,49.7276,14.0351,71.5268,49.4869,14.0626,71.8325,355.76,6.44,49.84,50.1237,13.9892,71.0650,355.76,6.44,49.84,250.0675,11.9445,279.8723,0.00,100.00,182.67,-11.86,182.67,11.86,12.52
126.18,289.35,49.3244,11.0408,71.4897,5.78,100.00,52.24,-6.76,36.86,5.55,354.69,49.9367,13.9972,71.8294,49.7085,14.0206,72.1449,356.35,6.76,52.24,50.3137,13.9575,71.3513,356.35,6.76,52.24,250.0675,11.9445,279.8723,0.00,100.00,182.67,-11.86,182.67,11.86,12.52
126.24,288.99,49.5417,11.0023,71.7796,5.88,100.00,53.88,-7.10,38.47,6.02,355.13,50.1606,13.9554,72.1351,49.9411,13.9751,72.4571,356.90,7.10,53.88,50.5244,13.9214,71.6466,356.90,7.10,53.88,250.0675,11.9445,279.8723,0.00,100.00,182.67,-11.86,182.67,11.86,12.52
126.31,288.62,49.7697,10.9636,72.0665,6.00,100.00,53.64,-6.93,40.13,5.96,355.14,50.3961,13.9175,72.4020,50.1755,13.9388,72.7230,356.66,6.93,53.64,50.7617,13.8810,71.9149,356.66,6.93,53.64,250.0675,11.9445,279.8723,0.00,100.00,182.67,-11.86,182.67,11.86,12.52
126.37,288.26,50.0069,10.9173,72.3480,5.73,100.00,52.80,-6.88,41.29,6.06,355.26,50.6386,13.8706,72.6787,50.4134,13.8926,72.9965,356.56,6.88,52.80,51.0111,13.8331,72.1970,356.56,6.88,52.80,250.0675,11.9445,279.8723,0.00,100.00,182.67,-11.86,182.67,11.86,12.52
126.43,287.86,50.2669,10.8709,72.6439,6.36,100.00,54.02,-7.12,42.50,6.37,355.59,50.9036,13.8219,72.9849,50.6849,13.8413,73.3074,356.95,7.12,54.02,51.2663,13.7884,72.4955,356.95,7.12,54.02,250.0675,11.9445,279.8723,0.00,100.00,182.67,-11.86,182.67,11.86,12.52
126.50,287.48,50.5266,10.8232,72.9274,6.12,100.00,54.92,-7.17,43.40,6.44,355.69,51.1673,13.7738,73.2646,50.9536,13.7924,73.5905,357.06,7.17,54.92,51.5223,13.7415,72.7695,357.06,7.17,54.92,250.0675,11.9445,279.8723,0.00,100.00,182.67,-11.86,182.67,11.86,12.52
126.56,287.08,50.7987,10.8089,73.2153,6.30,100.00,55.84,-7.21,44.31,6.51,355.79,51.4433,13.7591,73.5485,51.2348,13.7769,73.8777,357.17,7.21,55.84,51.7905,13.7280,73.0478,357.17,7.21,55.84,250.0675,11.9445,279.8723,0.00,100.00,182.67,-11.86,182.67,11.86,12.52
126.62,286.68,51.0784,10.7623,73.5017,6.55,100.00,56.48,-6.99,44.95,6.35,356.16,51.7076,13.7157,73.8355,51.5024,13.7314,74.1670,357.50,6.99,56.48,52.0496,13.6881,73.3311,357.50,6.99,56.48,250.0675,11.9445,279.8723,0.00,100.00,182.67,-11.86,182.67,11.86,12.52
126.68,286.28,51.3595,10.7146,73.7833,6.34,100.00,55.65,-6.81,45.57,6.35,356.77,51.9695,13.6702,74.1335,51.7592,13.6830,74.4618,357.93,6.81,55.65,52.3195,13.6471,73.6343,357.93,6.81,55.65,250.0675,11.9445,279.8723,0.00,100.00,182.67,-11.86,182.67,11.86,12.52
126.75,285.87,51.6572,10.6650,74.0751,6.82,100.00,54.58,-6.94,45.91,6.60,357.18,52.2638,13.6188,74.4461,52.0472,13.6297,74.7704,358.20,6.94,54.58,52.6233,13.5986,73.9536,358.20,6.94,54.58,250.0675,11.9445,279.8723,0.00,100.00,182.67,-11.86,182.67,11.86,12.52
126.81,285.46,51.9538,10.6143,74.3624,6.63,100.00,53.51,-6.67,46.26,6.41,357.54,52.5429,13.5712,74.7368,52.3201,13.5811,75.0569,358.36,6.67,53.51,52.9119,13.5527,74.2514,358.36,6.67,53.51,250.0675,11.9445,279.8723,0.00,100.00,182.67,-11.86,182.67,11.86,12.52
126.87,285.03,52.2640,10.5620,74.6592,6.88,100.00,52.28,-6.52,46.46,6.36,358.12,52.8315,13.5207,75.0522,52.6015,13.5278,75.3673,358.78,6.52,52.28,53.2113,13.5066,74.5750,358.78,6.52,52.28,250.0675,11.9445,279.8723,0.00,100.00,182.67,-11.86,182.67,11.86,12.52
126.94,284.59,52.5819,10.5052,74.9612,6.73,100.00,51.47,-6.21,46.67,6.11,358.50,53.1273,13.4675,75.3577,52.8928,13.4731,75.6694,359.02,6.21,51.47,53.5141,13.4560,74.8860,359.02,6.21,51.47,250.0675,11.9445,279.8723,0.00,100.00,182.67,-11.86,182.67,11.86,12.52
127.00,284.12,52.9226,10.4862,75.2826,7.51,100.00,50.65,-6.18,46.81,6.06,358.06,53.4834,13.4482,75.6591,53.2447,13.4575,75.9675,358.47,6.18,50.65,53.8764,13.4309,75.1927,358.47,6.18,50.65,250.0675,11.9445,279.8723,0.00,100.00,182.67,-11.86,182.67,11.86,12.52
127.06,283.67,53.2530,10.4306,75.5928,7.26,100.00,49.73,-6.42,46.92,6.32,357.78,53.8340,13.3891,75.9663,53.5908,13.4009,76.2711,358.09,6.42,49.73,54.2339,13.3678,75.5061,358.09,6.42,49.73,250.0675,11.9445,279.8723,0.00,100.00,182.67,-11.86,182.67,11.86,12.52
127.12,283.21,53.5928,10.3727,75.9106,7.52,100.00,48.81,-6.41,47.02,6.36,358.22,54.1603,13.3316,76.3015,53.9120,13.3412,76.6022,358.42,6.41,48.81,54.5679,13.3137,75.8479,358.42,6.41,48.81,250.0675,11.9445,279.8723,0.00,100.00,182.67,-11.86,182.67,11.86,12.52
127.19,282.74,53.9366,10.3202,76.2310,7.75,100.00,48.92,-5.93,47.13,5.88,358.30,54.4836,13.2849,76.6072,54.2358,13.2941,76.9084,358.49,5.93,48.92,54.8906,13.2678,76.1530,358.49,5.93,48.92,250.0675,11.9445,279.8723,0.00,100.00,182.67,-11.86,182.67,11.86,12.52
127.25,282.29,54.2675,10.2673,76.5380,7.13,100.00,48.93,-5.79,47.14,5.75,358.81,54.7916,13.2341,76.9297,54.5434,13.2399,77.2306,358.99,5.79,48.93,55.1990,13.2224,76.4757,358.99,5.79,48.93,250.0675,11.9445,279.8723,0.00,100.00,182.67,-11.86,182.67,11.86,12.52
127.31,281.82,54.6062,10.2178,76.8523,7.56,100.00,48.92,-5.99,47.13,5.96,359.18,55.1251,13.1827,77.2655,54.8767,13.1859,77.5663,359.37,5.99,48.92,55.5329,13.1749,76.8118,359.37,5.99,48.92,250.0675,11.9445,279.8723,0.00,100.00,182.67,-11.86,182.67,11.86,12.52
127.37,281.37,54.9389,10.1660,77.1612,7.32,100.00,48.98,-6.29,47.19,6.27,359.03,55.4752,13.1272,77.5785,55.2273,13.1313,77.8796,359.22,6.29,48.98,55.8823,13.1178,77.1242,359.22,6.29,48.98,250.0675,11.9445,279.8723,0.00,100.00,182.67,-11.86,182.67,11.86,12.52
127.43,280.90,55.2838,10.1122,77.4806,7.77,100.00,48.51,-6.32,47.26,6.30,359.02,55.8223,13.0729,77.8982,55.5719,13.0775,78.1973,359.16,6.32,48.51,56.2330,13.0628,77.4472,359.16,6.32,48.51,250.0675,11.9445,279.8723,0.00,100.00,182.67,-11.86,182.67,11.86,12.52
127.50,280.45,55.6138,10.0928,77.7856,6.89,100.00,47.95,-5.50,47.27,5.49,359.78,56.0943,13.0633,78.2044,55.8406,13.0633,78.5008,359.85,5.50,47.95,56.5101,13.0607,77.7580,359.85,5.50,47.95,250.0675,11.9445,279.8723,0.00,100.00,182.67,-11.86,182.67,11.86,12.52
127.56,279.98,55.9605,10.0414,78.1059,7.61,100.00,47.39,-5.89,47.26,5.89,359.89,56.4522,13.0074,78.5429,56.1956,13.0071,78.8367,359.90,5.89,47.39,56.8725,13.0054,78.1006,359.90,5.89,47.39,250.0675,11.9445,279.8723,0.00,100.00,182.67,-11.86,182.67,11.86,12.52
127.62,279.53,56.2982,9.9913,78.4179,7.58,100.00,46.89,-5.93,47.32,5.93,359.91,56.7914,12.9569,78.8567,56.5322,12.9567,79.1483,359.87,5.93,46.89,57.2154,12.9544,78.4181,359.87,5.93,46.89,250.0675,11.9445,279.8723,0.00,100.00,182.67,-11.86,182.67,11.86,12.52
127.69,279.07,56.6352,9.9405,78.7288,7.34,100.00,46.25,-5.74,47.37,5.75,359.67,57.1302,12.9081,79.1514,56.8680,12.9101,79.4402,359.56,5.74,46.25,57.5589,12.9024,78.7173,359.56,5.74,46.25,250.0675,11.9445,279.8723,0.00,100.00,182.67,-11.86,182.67,11.86,12.52
127.75,278.59,56.9857,9.8895,79.0514,7.74,100.00,45.85,-5.94,47.65,5.95,359.91,57.4820,12.8549,79.4876,57.2176,12.8557,79.7745,359.72,5.94,45.85,57.9138,12.8509,79.0566,359.72,5.94,45.85,250.0675,11.9445,279.8723,0.00,100.00,182.67,-11.86,182.67,11.86,12.52
127.81,278.12,57.3350,9.8388,79.3698,7.69,100.00,45.63,-5.73,47.92,5.73,0.21,57.8142,12.8067,79.8081,57.5487,12.8058,80.0939,359.98,5.73,45.63,58.2479,12.8055,79.3789,359.98,5.73,45.63,250.0675,11.9445,279.8723,0.00,100.00,182.67,-11.86,182.67,11.86,12.52
127.87,277.65,57.6883,9.7885,79.6888,7.71,100.00,45.27,-5.45,48.06,5.45,0.03,58.1644,12.7596,80.1090,57.8971,12.7602,80.3932,359.76,5.45,45.27,58.6006,12.7561,79.6825,359.76,5.45,45.27,250.0675,11.9445,279.8723,0.00,100.00,182.67,-11.86,182.67,11.86,12.52
127.94,277.17,58.0470,9.7340,80.0111,7.45,100.00,45.17,-5.41,48.19,5.42,0.02,58.5232,12.7054,80.4288,58.2554,12.7063,80.7125,359.73,5.41,45.17,58.9601,12.7016,80.0030,359.73,5.41,45.17,250.0675,11.9445,279.8723,0.00,100.00,182.67,-11.86,182.67,11.86,12.52
128.00,276.66,58.4276,9.6856,80.3515,8.62,100.00,44.98,-5.62,48.22,5.64,359.76,58.9215,12.6544,80.7666,58.6530,12.6572,81.0495,359.44,5.62,44.98,59.3596,12.6475,80.3420,359.44,5.62,44.98,250.0675,11.9445,279.8723,0.00,100.00,182.67,-11.86,182.67,11.86,12.52
128.06,276.19,58.7776,9.6392,80.6642,7.69,100.00,45.01,-5.17,48.24,5.17,0.17,59.2391,12.6133,81.0790,58.9704,12.6132,81.3620,359.88,5.17,45.01,59.6773,12.6111,80.6546,359.88,5.17,45.01,250.0675,11.9445,279.8723,0.00,100.00,182.67,-11.86,182.67,11.86,12.52
128.12,275.72,59.1321,9.6285,80.9807,7.55,100.00,45.01,-5.07,48.24,5.03,0.82,59.5654,12.6039,81.4159,59.2965,12.5994,81.6985,0.53,5.07,45.01,60.0040,12.6087,80.9919,0.53,5.07,45.01,250.0675,11.9445,279.8723,0.00,100.00,182.67,-11.86,182.67,11.86,12.52
128.18,275.24,59.4888,9.5824,81.2991,7.70,100.00,45.01,-5.06,48.24,5.02,0.86,59.9204,12.5578,81.7355,59.6515,12.5531,82.0181,0.57,5.06,45.01,60.3590,12.5630,81.3116,0.57,5.06,45.01,250.0675,11.9445,279.8723,0.00,100.00,182.67,-11.86,182.67,11.86,12.52
128.25,274.78,59.8353,9.5398,81.6084,7.36,100.00,45.00,-4.56,48.23,4.52,0.87,60.2467,12.5205,82.0282,59.9778,12.5155,82.3108,0.62,4.56,45.00,60.6854,12.5262,81.6043,0.62,4.56,45.00,250.0675,11.9445,279.8723,0.00,100.00,182.67,-11.86,182.67,11.86,12.52
128.31,274.32,60.1800,9.5028,81.9163,7.66,100.00,44.96,-4.70,48.24,4.67,0.65,60.6054,12.4821,82.3323,60.3364,12.4787,82.6148,0.38,4.70,44.96,61.0443,12.4853,81.9085,0.38,4.70,44.96,250.0675,11.9445,279.8723,0.00,100.00,182.67,-11.86,182.67,11.86,12.52
128.37,273.87,60.5157,9.4590,82.2160,7.19,100.00,44.85,-4.98,48.17,4.94,0.85,60.9436,12.4354,82.6498,60.6739,12.4307,82.9316,0.56,4.98,44.85,61.3835,12.4405,82.2270,0.56,4.98,44.85,250.0675,11.9445,279.8723,0.00,100.00,182.67,-11.86,182.67,11.86,12.52
128.43,273.39,60.8705,9.4199,82.5337,8.05,100.00,44.77,-4.79,48.09,4.73,1.12,61.2805,12.3982,82.9717,61.0103,12.3916,83.2531,0.85,4.79,44.77,61.7210,12.4063,82.5497,0.85,4.79,44.77,250.0675,11.9445,279.8723,0.00,100.00,182.67,-11.86,182.67,11.86,12.52
128.49,272.95,61.1988,9.3843,82.8284,7.19,100.00,44.77,-4.26,48.08,4.22,0.66,61.6052,12.3681,83.2307,61.3352,12.3645,83.5123,0.42,4.26,44.77,62.0455,12.3718,82.8085,0.42,4.26,44.77,250.0675,11.9445,279.8723,0.00,100.00,182.67,-11.86,182.67,11.86,12.52
128.55,272.51,61.5329,9.3476,83.1283,7.06,100.00,44.76,-3.89,48.07,3.85,0.80,61.9201,12.3349,83.5231,61.6501,12.3304,83.8046,0.57,3.89,44.76,62.3606,12.3404,83.1010,0.57,3.89,44.76,250.0675,11.9445,279.8723,0.00,100.00,182.67,-11.86,182.67,11.86,12.52
128.61,272.03,61.8860,9.3172,83.4455,7.92,100.00,44.70,-3.57,48.01,3.52,1.06,62.2506,12.3076,83.8391,61.9802,12.3012,84.1202,0.85,3.57,44.70,62.6916,12.3160,83.4175,0.85,3.57,44.70,250.0675,11.9445,279.8723,0.00,100.00,182.67,-11.86,182.67,11.86,12.52
128.68,271.58,62.2248,9.2906,83.7504,7.50,100.00,44.65,-3.26,47.96,3.18,1.35,62.5659,12.2838,84.1440,62.2952,12.2753,84.4248,1.16,3.26,44.65,63.0073,12.2955,83.7230,1.16,3.26,44.65,250.0675,11.9445,279.8723,0.00,100.00,182.67,-11.86,182.67,11.86,12.52
128.74,271.12,62.5705,9.2587,84.0621,7.41,100.00,44.94,-3.18,48.25,3.08,1.92,62.8893,12.2520,84.4727,62.6199,12.2396,84.7547,1.74,3.18,44.94,63.3286,12.2699,84.0498,1.74,3.18,44.94,250.0675,11.9445,279.8723,0.00,100.00,182.67,-11.86,182.67,11.86,12.52
128.80,270.63,62.9327,9.2649,84.3854,7.80,100.00,45.24,-2.88,48.54,2.75,2.33,63.2267,12.2603,84.7991,62.9588,12.2451,85.0824,2.16,2.88,45.24,63.6639,12.2828,84.3742,2.16,2.88,45.24,250.0675,11.9445,279.8723,0.00,100.00,182.67,-11.86,182.67,11.86,12.52
128.86,270.15,63.2956,9.2389,84.7060,7.84,100.00,45.66,-2.86,48.97,2.73,2.35,63.5912,12.2345,85.1177,63.3255,12.2191,85.4029,2.18,2.86,45.66,64.0252,12.2572,84.6895,2.18,2.86,45.66,250.0675,11.9445,279.8723,0.00,100.00,182.67,-11.86,182.67,11.86,12.52
128.92,269.67,63.6613,9.2154,85.0243,8.06,100.00,46.08,-2.82,49.39,2.72,1.92,63.9740,12.2119,85.4161,63.7104,12.1994,85.7034,1.76,2.82,46.08,64.4047,12.2301,84.9844,1.76,2.82,46.08,250.0675,11.9445,279.8723,0.00,100.00,182.67,-11.86,182.67,11.86,12.52
128.98,269.19,64.0241,9.1883,85.3353,7.68,100.00,45.36,-2.84,48.67,2.74,1.83,64.3356,12.1847,85.7285,64.0684,12.1728,86.0126,1.67,2.84,45.36,64.7718,12.2020,85.3023,1.67,2.84,45.36,250.0675,11.9445,279.8723,0.00,100.00,182.67,-11.86,182.67,11.86,12.52
129.04,268.69,64.4001,9.1685,85.6660,8.35,100.00,44.67,-2.11,47.90,2.01,1.95,64.6738,12.1708,86.0422,64.4033,12.1580,86.3231,1.83,2.11,44.67,65.1149,12.1899,85.6212,1.83,2.11,44.67,250.0675,11.9445,279.8723,0.00,100.00,182.67,-11.86,182.67,11.86,12.52
129.11,268.21,64.7634,9.1535,85.9943,8.12,100.00,44.48,-1.71,47.61,1.60,2.21,65.0101,12.1586,86.3674,64.7387,12.1438,86.6473,2.12,1.71,44.48,65.4525,12.1808,85.9479,2.12,1.71,44.48,250.0675,11.9445,279.8723,0.00,100.00,182.67,-11.86,182.67,11.86,12.52
129.17,267.71,65.1323,9.1369,86.3310,8.10,100.00,44.26,-1.65,47.34,1.53,2.25,65.3733,12.1423,86.7046,65.1009,12.1273,86.9834,2.16,1.65,44.26,65.8173,12.1650,86.2868,2.16,1.65,44.26,250.0675,11.9445,279.8723,0.00,100.00,182.67,-11.86,182.67,11.86,12.52
129.23,267.21,65.5012,9.1249,86.6709,8.27,100.00,44.30,-1.12,47.32,1.00,2.25,65.7216,12.1342,87.0258,65.4495,12.1190,87.3050,2.19,1.12,44.30,66.1652,12.1573,86.6076,2.19,1.12,44.30,250.0675,11.9445,279.8723,0.00,100.00,182.67,-11.86,182.67,11.86,12.52
129.29,266.72,65.8574,9.1103,86.9994,7.65,100.00,44.22,-1.02,47.32,0.87,2.75,66.0550,12.1194,87.3687,65.7825,12.1009,87.6473,2.69,1.02,44.22,66.4989,12.1479,86.9512,2.69,1.02,44.22,250.0675,11.9445,279.8723,0.00,100.00,182.67,-11.86,182.67,11.86,12.52
129.35,266.21,66.2366,9.1053,87.3492,8.81,100.00,44.19,-1.00,47.34,0.85,2.83,66.4303,12.1144,87.7209,66.1577,12.0953,87.9993,2.78,1.00,44.19,66.8745,12.1438,87.3037,2.78,1.00,44.19,250.0675,11.9445,279.8723,0.00,100.00,182.67,-11.86,182.67,11.86,12.52
129.41,265.72,66.5932,9.0923,87.6777,7.66,100.00,44.10,-1.00,47.37,0.84,2.83,66.7870,12.1014,88.0493,66.5140,12.0823,88.3273,2.78,1.00,44.10,67.2319,12.1308,87.6329,2.78,1.00,44.10,250.0675,11.9445,279.8723,0.00,100.00,182.67,-11.86,182.67,11.86,12.52
129.48,265.19,66.9861,9.0805,88.0393,8.49,100.00,43.98,-0.75,47.37,0.60,2.61,67.1781,12.0918,88.3936,66.9046,12.0741,88.6712,2.57,0.75,43.98,67.6238,12.1190,87.9779,2.57,0.75,43.98,250.0675,11.9445,279.8723,0.00,100.00,182.67,-11.86,182.67,11.86,12.52
129.53,264.65,67.3832,9.0796,88.4049,9.22,100.00,43.97,-0.20,47.36,0.05,2.55,67.5564,12.0945,88.7370,67.2829,12.0772,89.0147,2.54,0.20,43.97,68.0020,12.1215,88.3211,2.54,0.20,43.97,250.0675,11.9445,279.8723,0.00,100.00,182.67,-11.86,182.67,11.86,12.52
129.60,264.14,67.7589,9.0798,88.7507,8.32,100.00,43.96,0.17,47.35,359.67,2.77,67.9094,12.0965,89.0781,67.6360,12.0775,89.3557,2.78,359.83,43.96,68.3549,12.1261,88.6623,2.78,359.83,43.96,250.0675,11.9445,279.8723,0.00,100.00,182.67,-11.86,182.67,11.86,12.52
129.65,263.60,68.1593,9.0827,89.1196,9.29,100.00,43.45,-0.28,47.37,0.08,2.84,68.3235,12.0967,89.4642,68.0476,12.0774,89.7393,2.82,0.28,43.45,68.7728,12.1267,89.0526,2.82,0.28,43.45,250.0675,11.9445,279.8723,0.00,100.00,182.67,-11.86,182.67,11.86,12.52
129.71,263.09,68.5395,9.0843,89.4695,8.56,100.00,43.09,0.11,47.56,359.67,2.83,68.6889,12.1008,89.7986,68.4113,12.0815,90.0720,2.85,359.89,43.09,69.1407,12.1311,89.3897,2.85,359.89,43.09,250.0675,11.9445,279.8723,0.00,100.00,182.67,-11.86,182.67,11.86,12.52
129.77,262.56,68.9292,9.0913,89.8259,8.94,100.00,43.28,0.46,47.75,359.34,2.57,69.0760,12.1103,90.1325,68.7994,12.0926,90.4070,2.61,359.54,43.28,69.5264,12.1382,89.7219,2.61,359.54,43.28,250.0675,11.9445,279.8723,0.00,100.00,182.67,-11.86,182.67,11.86,12.52
129.83,262.04,69.3172,9.0971,90.1784,8.65,100.00,42.99,0.49,47.46,359.31,2.54,69.4626,12.1163,90.4839,69.1845,12.0988,90.7570,2.59,359.51,42.99,69.9150,12.1440,90.0756,2.59,359.51,42.99,250.0675,11.9445,279.8723,0.00,100.00,182.67,-11.86,182.67,11.86,12.52
129.89,261.49,69.7186,9.1042,90.5467,9.22,100.00,42.70,0.28,47.18,359.54,2.28,69.8808,12.1227,90.8508,69.6013,12.1071,91.1225,2.30,359.72,42.70,70.3354,12.1473,90.4447,2.30,359.72,42.70,250.0675,11.9445,279.8723,0.00,100.00,182.67,-11.86,182.67,11.86,12.52
129.95,260.95,70.1142,9.1079,90.9133,8.86,100.00,42.65,0.50,47.12,359.35,1.96,70.2800,12.1281,91.1986,70.0002,12.1145,91.4701,2.01,359.50,42.65,70.7351,12.1495,90.7928,2.01,359.50,42.65,250.0675,11.9445,279.8723,0.00,100.00,182.67,-11.86,182.67,11.86,12.52
130.01,260.39,70.5280,9.1149,91.2976,9.41,100.00,42.59,0.78,47.07,359.05,2.13,70.6760,12.1363,91.5789,70.3960,12.1215,91.8502,2.20,359.22,42.59,71.1313,12.1598,91.1735,2.20,359.22,42.59,250.0675,11.9445,279.8723,0.00,100.00,182.67,-11.86,182.67,11.86,12.52
130.07,259.84,70.9290,9.1270,91.6707,9.14,100.00,42.57,1.31,47.04,358.48,2.64,71.0362,12.1502,91.9511,70.7564,12.1317,92.2223,2.76,358.69,42.57,71.4913,12.1798,91.5458,2.76,358.69,42.57,250.0675,11.9445,279.8723,0.00,100.00,182.67,-11.86,182.67,11.86,12.52
130.13,259.31,71.3231,9.1406,92.0376,8.89,100.00,42.59,0.93,47.06,358.85,2.77,71.4401,12.1617,92.3364,71.1603,12.1425,92.6075,2.86,359.07,42.59,71.8951,12.1923,91.9311,2.86,359.07,42.59,250.0675,11.9445,279.8723,0.00,100.00,182.67,-11.86,182.67,11.86,12.52
130.19,258.75,71.7277,9.1542,92.4141,9.24,100.00,42.61,1.35,47.09,358.43,2.78,71.8283,12.1774,92.6981,71.5488,12.1579,92.9695,2.90,358.65,42.61,72.2830,12.2084,92.2924,2.90,358.65,42.61,250.0675,11.9445,279.8723,0.00,100.00,182.67,-11.86,182.67,11.86,12.52
130.25,258.20,72.1335,9.1729,92.7914,9.68,100.00,42.67,1.18,47.14,358.58,3.04,72.2309,12.1947,93.0905,71.9517,12.1736,93.3621,3.14,358.82,42.67,72.6851,12.2284,92.6845,3.14,358.82,42.67,250.0675,11.9445,279.8723,0.00,100.00,182.67,-11.86,182.67,11.86,12.52
130.31,257.68,72.5164,9.1837,93.1466,8.51,100.00,42.66,1.40,47.13,358.37,2.84,72.6129,12.2070,93.4306,72.3336,12.1871,93.7022,2.96,358.60,42.66,73.0672,12.2387,93.0246,2.96,358.60,42.66,250.0675,11.9445,279.8723,0.00,100.00,182.67,-11.86,182.67,11.86,12.52
130.37,257.13,72.9201,9.1983,93.5215,9.12,100.00,42.67,1.21,47.14,358.58,2.56,73.0350,12.2212,93.8022,72.7556,12.2033,94.0738,2.66,358.79,42.67,73.4894,12.2497,93.3961,2.66,358.79,42.67,250.0675,11.9445,279.8723,0.00,100.00,182.67,-11.86,182.67,11.86,12.52
130.43,256.58,73.3241,9.2134,93.8964,9.17,100.00,42.69,1.69,47.17,358.15,1.98,73.4430,12.2395,94.1393,73.1636,12.2254,94.4112,2.12,358.31,42.69,73.8974,12.2623,93.7328,2.12,358.31,42.69,250.0675,11.9445,279.8723,0.00,100.00,182.67,-11.86,182.67,11.86,12.52
130.49,256.02,73.7322,9.2329,94.2747,9.31,100.00,42.73,1.77,47.21,358.07,1.88,73.8519,12.2594,94.5108,73.5727,12.2460,94.7829,2.02,358.23,42.73,74.3061,12.2813,94.1040,2.02,358.23,42.73,250.0675,11.9445,279.8723,0.00,100.00,182.67,-11.86,182.67,11.86,12.52
130.55,255.46,74.1447,9.2492,94.6565,9.37,100.00,42.79,1.78,47.26,358.00,2.82,74.2281,12.2742,94.9263,73.9495,12.2543,95.1987,2.97,358.22,42.79,74.6813,12.3061,94.5191,2.97,358.22,42.79,250.0675,11.9445,279.8723,0.00,100.00,182.67,-11.86,182.67,11.86,12.52
130.61,254.89,74.5649,9.2697,95.0448,9.41,100.00,42.82,2.03,47.30,357.74,2.77,74.6405,12.2959,95.3033,74.3621,12.2763,95.5759,2.94,357.97,42.82,75.0934,12.3275,94.8957,2.94,357.97,42.82,250.0675,11.9445,279.8723,0.00,100.00,182.67,-11.86,182.67,11.86,12.52
130.67,254.30,74.9974,9.2967,95.4439,10.11,100.00,42.87,2.04,47.35,357.74,2.77,75.0732,12.3228,95.7022,74.7950,12.3033,95.9750,2.93,357.96,42.87,75.5257,12.3544,95.2942,2.93,357.96,42.87,250.0675,11.9445,279.8723,0.00,100.00,182.67,-11.86,182.67,11.86,12.52
130.73,253.73,75.4179,9.3168,95.8313,9.47,100.00,42.96,1.84,47.40,357.92,3.01,75.4922,12.3416,96.1054,75.2146,12.3204,96.3787,3.16,358.16,42.96,75.9440,12.3755,95.6969,3.16,358.16,42.96,250.0675,11.9445,279.8723,0.00,100.00,182.67,-11.86,182.67,11.86,12.52
130.79,253.15,75.8478,9.3366,96.2267,9.58,100.00,42.98,2.05,47.39,357.72,2.81,75.9218,12.3627,96.4858,75.6441,12.3429,96.7592,2.97,357.95,42.98,76.3734,12.3947,96.0770,2.97,357.95,42.98,250.0675,11.9445,279.8723,0.00,100.00,182.67,-11.86,182.67,11.86,12.52
130.86,252.57,76.2752,9.3603,96.6198,9.46,100.00,42.97,2.34,47.38,357.42,3.00,76.3306,12.3871,96.8758,76.0531,12.3659,97.1491,3.19,357.66,42.97,76.7821,12.4214,96.4669,3.19,357.66,42.97,250.0675,11.9445,279.8723,0.00,100.00,182.67,-11.86,182.67,11.86,12.52
130.91,251.98,76.7117,9.3935,97.0216,10.41,100.00,43.00,2.42,47.41,357.38,2.54,76.7816,12.4216,97.2582,76.5041,12.4034,97.5317,2.74,357.58,43.00,77.2332,12.4511,96.8490,2.74,357.58,43.00,250.0675,11.9445,279.8723,0.00,100.00,182.67,-11.86,182.67,11.86,12.52
130.97,251.42,77.1235,9.4189,97.4001,9.33,100.00,43.05,2.18,47.46,357.60,2.70,77.1967,12.4458,97.6508,76.9194,12.4266,97.9245,2.88,357.82,43.05,77.6479,12.4768,97.2414,2.88,357.82,43.05,250.0675,11.9445,279.8723,0.00,100.00,182.67,-11.86,182.67,11.86,12.52
131.03,250.84,77.5501,9.4461,97.7915,9.97,100.00,43.04,2.39,47.45,357.42,2.48,77.6239,12.4742,98.0269,77.3465,12.4565,98.3007,2.67,357.61,43.04,78.0752,12.5030,97.6175,2.67,357.61,43.04,250.0675,11.9445,279.8723,0.00,100.00,182.67,-11.86,182.67,11.86,12.52
131.09,250.29,77.9574,9.4758,98.1654,9.45,100.00,44.55,2.75,47.44,357.14,2.17,78.0312,12.5055,98.3791,77.7610,12.4902,98.6601,2.31,357.25,44.55,78.4718,12.5306,97.9578,2.31,357.25,44.55,250.0675,11.9445,279.8723,0.00,100.00,182.67,-11.86,182.67,11.86,12.52
131.15,249.74,78.3646,9.5040,98.5394,9.20,100.00,44.61,2.78,45.94,357.17,2.21,78.4323,12.5336,98.7574,78.1624,12.5186,99.0387,2.28,357.22,44.61,78.8724,12.5583,98.3356,2.28,357.22,44.61,250.0675,11.9445,279.8723,0.00,100.00,182.67,-11.86,182.67,11.86,12.52
131.21,249.18,78.7697,9.5356,98.9315,9.68,100.00,42.97,2.72,44.40,357.23,2.29,78.8310,12.5647,99.1563,78.5532,12.5492,99.4298,2.36,357.28,42.97,79.2829,12.5903,98.7473,2.36,357.28,42.97,250.0675,11.9445,279.8723,0.00,100.00,182.67,-11.86,182.67,11.86,12.52
131.27,248.63,79.1502,9.5595,99.3200,8.85,100.00,40.53,2.43,42.07,357.52,2.10,79.2197,12.5879,99.5520,78.9304,12.5736,99.8133,2.17,357.57,40.53,79.6889,12.6114,99.1627,2.17,357.57,40.53,250.0675,11.9445,279.8723,0.00,100.00,182.67,-11.86,182.67,11.86,12.52
131.33,248.06,79.5321,9.5918,99.7431,9.67,100.00,40.32,2.87,39.59,357.16,2.19,79.5759,12.6214,99.9661,79.2857,12.6073,100.2264,2.15,357.13,40.32,80.0465,12.6448,99.5785,2.15,357.13,40.32,250.0675,11.9445,279.8723,0.00,100.00,182.67,-11.86,182.67,11.86,12.52
131.39,247.52,79.8791,9.6207,100.1627,9.16,100.00,40.23,2.78,37.23,357.30,1.54,79.9456,12.6508,100.3723,79.6547,12.6418,100.6321,1.39,357.22,40.23,80.4172,12.6661,99.9855,1.39,357.22,40.23,250.0675,11.9445,279.8723,0.00,100.00,182.67,-11.86,182.67,11.86,12.52
131.45,246.98,80.2090,9.6468,100.5969,9.12,100.00,40.27,2.77,34.85,357.36,1.51,80.2699,12.6767,100.8113,79.9791,12.6687,101.0713,1.26,357.23,40.27,80.7413,12.6905,100.4242,1.26,357.23,40.27,250.0675,11.9445,279.8723,0.00,100.00,182.67,-11.86,182.67,11.86,12.52
131.51,246.44,80.5210,9.6734,101.0450,9.10,100.00,40.29,2.99,32.45,357.24,1.86,80.5541,12.7033,101.2660,80.2635,12.6938,101.5261,1.46,357.01,40.29,81.0251,12.7193,100.8786,1.46,357.01,40.29,250.0675,11.9445,279.8723,0.00,100.00,182.67,-11.86,182.67,11.86,12.52
131.57,245.90,80.8130,9.7009,101.5043,8.92,100.00,37.88,3.24,30.03,356.98,1.85,80.8302,12.7317,101.7143,80.5289,12.7226,101.9620,1.42,356.76,37.88,81.3171,12.7473,101.3471,1.42,356.76,37.88,250.0675,11.9445,279.8723,0.00,100.00,182.67,-11.86,182.67,11.86,12.52
131.63,245.37,81.0885,9.7310,101.9808,9.19,100.00,35.43,3.17,27.59,357.13,2.42,81.0736,12.7602,102.2127,80.7622,12.7471,102.4474,2.01,356.83,35.43,81.5754,12.7821,101.8664,2.01,356.83,35.43,250.0675,11.9445,279.8723,0.00,100.00,182.67,-11.86,182.67,11.86,12.52
131.69,244.85,81.3371,9.7601,102.4567,9.03,100.00,35.72,3.26,25.18,357.09,2.17,81.3235,12.7900,102.6800,81.0132,12.7796,102.9162,1.60,356.74,35.72,81.8239,12.8076,102.3314,1.60,356.74,35.72,250.0675,11.9445,279.8723,0.00,100.00,182.67,-11.86,182.67,11.86,12.52
131.75,244.35,81.5629,9.7853,102.9368,8.73,100.00,36.07,3.57,22.78,356.83,2.08,81.5391,12.8162,103.1445,81.2302,12.8081,103.3826,1.29,356.43,36.07,82.0374,12.8306,102.7928,1.29,356.43,36.07,250.0675,11.9445,279.8723,0.00,100.00,182.67,-11.86,182.67,11.86,12.52
131.81,243.84,81.7713,9.8101,103.4332,8.64,100.00,36.70,3.43,20.35,356.96,1.84,81.7530,12.8410,103.6420,81.4465,12.8354,103.8833,0.91,356.57,36.70,82.2477,12.8513,103.2850,0.91,356.57,36.70,250.0675,11.9445,279.8723,0.00,100.00,182.67,-11.86,182.67,11.86,12.52
131.87,243.34,81.9621,9.8389,103.9474,9.30,100.00,37.10,3.34,17.86,357.27,2.33,81.9152,12.8678,104.1790,81.6106,12.8595,104.4225,1.30,356.66,37.10,82.4072,12.8822,103.8184,1.30,356.66,37.10,250.0675,11.9445,279.8723,0.00,100.00,182.67,-11.86,182.67,11.86,12.52
131.93,242.87,82.1206,9.8694,104.4394,8.83,100.00,34.71,4.03,15.47,356.66,2.67,82.0384,12.8997,104.6422,81.7240,12.8907,104.8730,1.42,355.97,34.71,82.5448,12.9154,104.3022,1.42,355.97,34.71,250.0675,11.9445,279.8723,0.00,100.00,182.67,-11.86,182.67,11.86,12.52
131.99,242.42,82.2565,9.8964,104.9303,8.13,100.00,32.36,4.10,13.12,356.65,2.85,82.1567,12.9262,105.1311,81.8331,12.9162,105.3488,1.58,355.90,32.36,82.6764,12.9437,104.8121,1.58,355.90,32.36,250.0675,11.9445,279.8723,0.00,100.00,182.67,-11.86,182.67,11.86,12.52
132.05,241.96,82.3795,9.9304,105.4583,9.11,100.00,29.84,4.39,10.58,356.38,2.95,82.2630,12.9608,105.6417,81.9302,12.9507,105.8450,1.59,355.61,29.84,82.7963,12.9784,105.3458,1.59,355.61,29.84,250.0675,11.9445,279.8723,0.00,100.00,182.67,-11.86,182.67,11.86,12.52
132.11,241.53,82.4736,9.9668,105.9617,8.37,100.00,27.43,4.70,8.16,355.83,2.30,82.3791,13.0000,106.1062,82.0378,12.9954,106.2951,0.80,355.30,27.43,82.9247,13.0093,105.8334,0.80,355.30,27.43,250.0675,11.9445,279.8723,0.00,100.00,182.67,-11.86,182.67,11.86,12.52
132.17,241.11,82.5478,10.0021,106.4792,9.01,100.00,24.98,4.26,5.73,356.43,2.73,82.4281,13.0328,106.6537,82.0792,13.0241,106.8281,1.40,355.74,24.98,82.9846,13.0484,106.4042,1.40,355.74,24.98,250.0675,11.9445,279.8723,0.00,100.00,182.67,-11.86,182.67,11.86,12.52
132.23,240.72,82.5965,10.0350,106.9645,8.16,100.00,24.98,4.49,5.72,356.20,2.75,82.4744,13.0663,107.1267,82.1255,13.0580,107.3010,1.34,355.51,24.98,83.0310,13.0813,106.8772,1.34,355.51,24.98,250.0675,11.9445,279.8723,0.00,100.00,182.67,-11.86,182.67,11.86,12.52
132.29,240.34,82.6457,10.0643,107.4557,8.03,100.00,28.61,4.31,5.73,356.49,2.79,82.5232,13.0948,107.6336,82.1860,13.0873,107.8296,1.21,355.69,28.61,83.0629,13.1083,107.3495,1.21,355.69,28.61,250.0675,11.9445,279.8723,0.00,100.00,182.67,-11.86,182.67,11.86,12.52
132.35,239.94,82.6961,10.1025,107.9573,8.56,100.00,29.83,5.06,3.46,355.95,3.23,82.5414,13.1332,108.1032,82.2085,13.1266,108.3064,1.10,354.94,29.83,83.0749,13.1457,107.8075,1.10,354.94,29.83,250.0675,11.9445,279.8723,0.00,100.00,182.67,-11.86,182.67,11.86,12.52
132.41,239.58,82.7251,10.1365,108.4366,7.97,100.00,27.68,5.14,1.31,355.96,3.44,82.5541,13.1665,108.5774,82.2138,13.1586,108.7681,1.29,354.86,27.68,83.0982,13.1811,108.3019,1.29,354.86,27.68,250.0675,11.9445,279.8723,0.00,100.00,182.67,-11.86,182.67,11.86,12.52
132.47,239.22,82.7361,10.1715,108.9186,8.05,100.00,27.67,5.51,1.29,355.57,3.46,82.5636,13.2024,109.0384,82.2233,13.1956,109.2290,1.13,354.49,27.67,83.1078,13.2153,108.7630,1.13,354.49,27.67,250.0675,11.9445,279.8723,0.00,100.00,182.67,-11.86,182.67,11.86,12.52
132.53,238.88,82.7466,10.2056,109.3888,7.62,100.00,31.59,5.61,1.28,355.52,3.46,82.5740,13.2365,109.5063,82.2473,13.2325,109.7195,0.73,354.39,31.59,83.0984,13.2453,109.1946,0.73,354.39,31.59,250.0675,11.9445,279.8723,0.00,100.00,182.67,-11.86,182.67,11.86,12.52
132.59,238.53,82.7574,10.2468,109.8700,8.18,100.00,32.84,5.77,358.78,355.27,3.32,82.5878,13.2786,109.9666,82.2656,13.2789,110.1865,0.10,354.23,32.84,83.1056,13.2807,109.6440,0.10,354.23,32.84,250.0675,11.9445,279.8723,0.00,100.00,182.67,-11.86,182.67,11.86,12.52
132.65,238.21,82.7477,10.2874,110.3260,7.68,100.00,30.47,5.98,356.41,355.34,3.79,82.5493,13.3176,110.4178,82.2184,13.3151,110.6244,0.53,354.02,30.47,83.0798,13.3243,110.1165,0.53,354.02,30.47,250.0675,11.9445,279.8723,0.00,100.00,182.67,-11.86,182.67,11.86,12.52
132.71,237.91,82.7191,10.3290,110.7825,7.73,100.00,28.07,5.95,354.02,355.50,3.98,82.5062,13.3583,110.8734,82.1670,13.3540,111.0662,0.78,354.05,28.07,83.0486,13.3676,110.5945,0.78,354.05,28.07,250.0675,11.9445,279.8723,0.00,100.00,182.67,-11.86,182.67,11.86,12.52
132.77,237.62,82.6719,10.3707,111.2333,7.90,100.00,25.68,5.91,351.65,355.67,4.16,82.4446,13.3989,111.3228,82.0978,13.3930,111.5014,1.03,354.09,25.68,82.9981,13.4109,111.0664,1.03,354.09,25.68,250.0675,11.9445,279.8723,0.00,100.00,182.67,-11.86,182.67,11.86,12.52
132.83,237.36,82.6085,10.4112,111.6652,7.47,100.00,23.35,6.72,349.26,354.75,4.24,82.3823,13.4407,111.6965,82.0284,13.4380,111.8606,0.58,353.28,23.35,82.9460,13.4480,111.4632,0.58,353.28,23.35,250.0675,11.9445,279.8723,0.00,100.00,182.67,-11.86,182.67,11.86,12.52
132.89,237.11,82.5262,10.4556,112.0988,7.65,100.00,22.77,6.40,346.95,355.44,4.63,82.2711,13.4825,112.1524,81.9157,13.4762,112.3132,1.09,353.60,22.77,82.8367,13.4952,111.9242,1.09,353.60,22.77,250.0675,11.9445,279.8723,0.00,100.00,182.67,-11.86,182.67,11.86,12.52
132.95,236.88,82.4284,10.4875,112.5210,7.25,100.00,22.28,6.45,344.65,355.84,5.18,82.1380,13.5111,112.5769,81.7815,13.5017,112.7350,1.57,353.55,22.28,82.7053,13.5288,112.3532,1.57,353.55,22.28,250.0675,11.9445,279.8723,0.00,100.00,182.67,-11.86,182.67,11.86,12.52
133.01,236.66,82.3105,10.5237,112.9503,7.45,100.00,24.12,7.01,342.19,355.34,5.30,82.0196,13.5478,112.9667,81.6680,13.5433,113.1357,0.84,353.00,24.12,82.5798,13.5579,112.7255,0.84,353.00,24.12,250.0675,11.9445,279.8723,0.00,100.00,182.67,-11.86,182.67,11.86,12.52
133.07,236.46,82.1753,10.5615,113.3713,7.45,100.00,25.94,7.11,339.78,355.44,5.49,81.8728,13.5845,113.3770,81.5266,13.5822,113.5569,0.53,352.89,25.94,82.4253,13.5913,113.1185,0.53,352.89,25.94,250.0675,11.9445,279.8723,0.00,100.00,182.67,-11.86,182.67,11.86,12.52
133.13,236.28,82.0245,10.5965,113.7805,7.31,100.00,25.21,7.11,337.40,355.67,5.68,81.7084,13.6182,113.7813,81.3600,13.6152,113.9568,0.62,352.89,25.21,82.2641,13.6259,113.5297,0.62,352.89,25.21,250.0675,11.9445,279.8723,0.00,100.00,182.67,-11.86,182.67,11.86,12.52
133.19,236.11,81.8536,10.6307,114.1909,7.42,100.00,27.42,7.13,337.92,355.62,5.64,81.5405,13.6526,114.1928,81.1990,13.6515,114.3815,0.35,352.87,27.42,82.0863,13.6575,113.9204,0.35,352.87,27.42,250.0675,11.9445,279.8723,0.00,100.00,182.67,-11.86,182.67,11.86,12.52
133.24,235.94,81.6834,10.6721,114.6104,8.03,100.00,30.11,7.30,338.39,355.07,5.40,81.3926,13.6962,114.5921,81.0599,13.7009,114.7959,359.49,352.70,30.11,81.9256,13.6921,114.2953,359.49,352.70,30.11,250.0675,11.9445,279.8723,0.00,100.00,182.67,-11.86,182.67,11.86,12.52
133.30,235.77,81.5245,10.7123,115.0116,7.45,100.00,31.93,7.49,337.99,355.12,5.72,81.2173,13.7348,114.9881,80.8914,13.7398,115.2023,359.44,352.51,31.93,81.7407,13.7302,114.6745,359.44,352.51,31.93,250.0675,11.9445,279.8723,0.00,100.00,182.67,-11.86,182.67,11.86,12.52
133.36,235.60,81.3559,10.7522,115.4288,7.65,100.00,33.82,7.42,337.63,355.62,6.00,81.0251,13.7723,115.4220,80.7065,13.7755,115.6470,359.72,352.58,33.82,81.5377,13.7706,115.0910,359.72,352.58,33.82,250.0675,11.9445,279.8723,0.00,100.00,182.67,-11.86,182.67,11.86,12.52
133.42,235.43,81.1851,10.7627,115.8435,7.85,100.00,36.05,7.75,337.53,354.71,5.85,80.8804,13.7851,115.7947,80.5702,13.7962,116.0310,358.56,352.25,36.05,81.3805,13.7713,115.4455,358.56,352.25,36.05,250.0675,11.9445,279.8723,0.00,100.00,182.67,-11.86,182.67,11.86,12.52
133.48,235.27,81.0225,10.8040,116.2367,7.30,100.00,38.40,7.98,337.55,354.89,6.28,80.6929,13.8238,116.1881,80.3927,13.8345,116.4370,358.62,352.02,38.40,81.1782,13.8107,115.8187,358.62,352.02,38.40,250.0675,11.9445,279.8723,0.00,100.00,182.67,-11.86,182.67,11.86,12.52
133.54,235.11,80.8540,10.8408,116.6445,7.33,100.00,39.93,7.96,336.73,355.47,6.63,80.4959,13.8575,116.6127,80.2026,13.8658,116.8698,358.98,352.04,39.93,80.9709,13.8481,116.2299,358.98,352.04,39.93,250.0675,11.9445,279.8723,0.00,100.00,182.67,-11.86,182.67,11.86,12.52
133.60,234.95,80.6719,10.9102,117.0681,7.36,100.00,40.93,7.78,335.71,354.53,6.04,80.3635,13.9318,116.9971,80.0742,13.9494,117.2582,357.59,352.22,40.93,80.8327,13.9078,116.6079,357.59,352.22,40.93,250.0675,11.9445,279.8723,0.00,100.00,182.67,-11.86,182.67,11.86,12.52
133.66,234.79,80.4707,10.9544,117.5140,8.12,100.00,42.02,7.91,335.02,355.09,6.51,80.1281,13.9726,117.4556,79.8440,13.9871,117.7225,358.05,352.09,42.02,80.5896,13.9534,117.0570,358.05,352.09,42.02,250.0675,11.9445,279.8723,0.00,100.00,182.67,-11.86,182.67,11.86,12.52
133.72,234.63,80.2709,10.9965,117.9427,7.97,100.00,41.30,8.01,334.27,354.81,6.50,79.9361,14.0151,117.8673,79.6485,14.0314,118.1303,357.79,351.99,41.30,80.4028,13.9933,117.4749,357.79,351.99,41.30,250.0675,11.9445,279.8723,0.00,100.00,182.67,-11.86,182.67,11.86,12.52
133.78,234.49,80.0659,11.0066,118.3683,8.14,100.00,40.88,7.82,333.89,355.05,6.39,79.7309,14.0255,118.3040,79.4414,14.0405,118.5651,357.97,352.18,40.88,80.2002,14.0054,117.9147,357.97,352.18,40.88,250.0675,11.9445,279.8723,0.00,100.00,182.67,-11.86,182.67,11.86,12.52
133.84,234.35,79.8605,11.0521,118.7873,8.08,100.00,41.36,7.75,333.45,354.72,6.21,79.5424,14.0725,118.7088,79.2550,14.0909,118.9720,357.47,352.25,41.36,80.0088,14.0471,118.3163,357.47,352.25,41.36,250.0675,11.9445,279.8723,0.00,100.00,182.67,-11.86,182.67,11.86,12.52
133.89,234.22,79.6533,11.0961,119.2018,7.88,100.00,39.91,7.98,331.19,355.52,6.82,79.2904,14.1116,119.1331,78.9967,14.1243,119.3896,358.33,352.02,39.91,79.7660,14.0954,118.7513,358.33,352.02,39.91,250.0675,11.9445,279.8723,0.00,100.00,182.67,-11.86,182.67,11.86,12.52
133.96,234.10,79.4272,11.1299,119.6130,7.61,100.00,37.54,8.34,328.82,355.63,7.25,79.0448,14.1425,119.5228,78.7408,14.1534,119.7671,358.59,351.66,37.54,79.5357,14.1291,119.1608,358.59,351.66,37.54,250.0675,11.9445,279.8723,0.00,100.00,182.67,-11.86,182.67,11.86,12.52
134.02,234.00,79.1727,11.1676,120.0336,8.14,100.00,36.26,8.51,327.50,355.28,7.29,78.8003,14.1806,119.9179,78.4908,14.1936,120.1550,358.28,351.49,36.26,79.2994,14.1639,119.5674,358.28,351.49,36.26,250.0675,11.9445,279.8723,0.00,100.00,182.67,-11.86,182.67,11.86,12.52
134.08,233.91,78.9140,11.2057,120.4396,8.23,100.00,35.00,8.01,326.33,355.90,7.00,78.5388,14.2193,120.3517,78.2244,14.2290,120.5825,358.76,351.99,35.00,79.0451,14.2075,120.0116,358.76,351.99,35.00,250.0675,11.9445,279.8723,0.00,100.00,182.67,-11.86,182.67,11.86,12.52
134.14,233.83,78.6599,11.2432,120.8210,7.61,100.00,35.01,8.46,326.27,355.43,7.30,78.2855,14.2558,120.7036,77.9710,14.2679,120.9341,358.42,351.54,35.01,78.7920,14.2407,120.3639,358.42,351.54,35.01,250.0675,11.9445,279.8723,0.00,100.00,182.67,-11.86,182.67,11.86,12.52
134.20,233.76,78.4028,11.2714,121.2060,7.57,100.00,35.01,8.19,326.35,356.09,7.27,78.0103,14.2828,121.1189,77.6960,14.2908,121.3500,359.03,351.81,35.01,78.5164,14.2741,120.7784,359.03,351.81,35.01,250.0675,11.9445,279.8723,0.00,100.00,182.67,-11.86,182.67,11.86,12.52
134.26,233.69,78.1474,11.3027,121.5898,7.64,100.00,35.01,8.22,326.31,355.76,7.17,77.7692,14.3155,121.4906,77.4548,14.3259,121.7214,358.68,351.78,35.01,78.2755,14.3030,121.1506,358.68,351.78,35.01,250.0675,11.9445,279.8723,0.00,100.00,182.67,-11.86,182.67,11.86,12.52
134.32,233.62,77.9001,11.3386,121.9608,7.57,100.00,36.56,8.18,326.30,355.72,7.16,77.5234,14.3516,121.8603,77.2153,14.3637,122.0993,358.42,351.82,36.56,78.0205,14.3364,121.5069,358.42,351.82,36.56,250.0675,11.9445,279.8723,0.00,100.00,182.67,-11.86,182.67,11.86,12.52
134.38,233.55,77.6565,11.3729,122.3261,7.58,100.00,37.69,8.09,325.97,356.20,7.27,77.2615,14.3840,122.2413,76.9583,14.3942,122.4865,358.70,351.91,37.69,77.7513,14.3717,121.8778,358.70,351.91,37.69,250.0675,11.9445,279.8723,0.00,100.00,182.67,-11.86,182.67,11.86,12.52
134.43,233.49,77.4130,11.4110,122.6866,7.80,100.00,38.83,8.16,325.47,355.39,7.13,77.0488,14.4249,122.5672,76.7500,14.4420,122.8175,357.66,351.84,38.83,77.5321,14.4016,122.1955,357.66,351.84,38.83,250.0675,11.9445,279.8723,0.00,100.00,182.67,-11.86,182.67,11.86,12.52
134.49,233.43,77.1798,11.4447,123.0255,7.02,100.00,40.45,8.77,325.52,355.79,7.95,76.7683,14.4522,122.8999,76.4768,14.4669,123.1587,358.04,351.23,40.45,77.2408,14.4331,122.5143,358.04,351.23,40.45,250.0675,11.9445,279.8723,0.00,100.00,182.67,-11.86,182.67,11.86,12.52
134.55,233.38,76.9400,11.4777,123.3747,7.36,100.00,41.89,8.87,325.54,355.87,8.12,76.5183,14.4837,123.2477,76.2334,14.4991,123.5137,357.94,351.13,41.89,76.9810,14.4636,122.8506,357.94,351.13,41.89,250.0675,11.9445,279.8723,0.00,100.00,182.67,-11.86,182.67,11.86,12.52
134.61,233.32,76.7026,11.5110,123.7205,7.30,100.00,43.02,8.63,325.23,355.74,7.90,76.2956,14.5190,123.5920,76.0158,14.5371,123.8633,357.54,351.37,43.02,76.7506,14.4946,123.1863,357.54,351.37,43.02,250.0675,11.9445,279.8723,0.00,100.00,182.67,-11.86,182.67,11.86,12.52
134.66,233.27,76.4619,11.5424,124.0671,7.13,100.00,43.87,8.59,324.95,355.78,7.92,76.0535,14.5502,123.9377,75.7777,14.5691,124.2130,357.41,351.41,43.87,76.5025,14.5244,123.5255,357.41,351.41,43.87,250.0675,11.9445,279.8723,0.00,100.00,182.67,-11.86,182.67,11.86,12.52
134.73,233.22,76.2104,11.5719,124.4256,7.07,100.00,44.76,8.26,324.70,356.06,7.69,75.8038,14.5806,124.3133,75.5324,14.5991,124.5929,357.47,351.74,44.76,76.2462,14.5554,123.8939,357.47,351.74,44.76,250.0675,11.9445,279.8723,0.00,100.00,182.67,-11.86,182.67,11.86,12.52
134.79,233.17,75.9434,11.5935,124.8028,7.32,100.00,45.23,8.18,324.48,356.63,7.73,75.5179,14.6003,124.7119,75.2490,14.6155,124.9942,357.94,351.82,45.23,75.9564,14.5800,124.2883,357.94,351.82,45.23,250.0675,11.9445,279.8723,0.00,100.00,182.67,-11.86,182.67,11.86,12.52
134.85,233.11,75.6675,11.6190,125.1893,7.57,100.00,45.74,8.39,324.20,356.50,7.95,75.2370,14.6246,125.0842,74.9705,14.6413,125.3686,357.74,351.61,45.74,75.6720,14.6023,124.6570,357.74,351.61,45.74,250.0675,11.9445,279.8723,0.00,100.00,182.67,-11.86,182.67,11.86,12.52
134.91,233.07,75.3889,11.6533,125.5755,7.96,100.00,45.51,8.93,323.86,355.94,8.42,74.9565,14.6570,125.4303,74.6884,14.6770,125.7131,357.25,351.07,45.51,75.3938,14.6296,125.0058,357.25,351.07,45.51,250.0675,11.9445,279.8723,0.00,100.00,182.67,-11.86,182.67,11.86,12.52
134.97,233.03,75.1191,11.6836,125.9449,7.69,100.00,45.29,9.06,323.70,356.33,8.60,74.6673,14.6849,125.8091,74.3984,14.7022,126.0912,357.66,350.94,45.29,75.1059,14.6619,125.3856,357.66,350.94,45.29,250.0675,11.9445,279.8723,0.00,100.00,182.67,-11.86,182.67,11.86,12.52
135.03,232.99,74.8476,11.7110,126.3145,7.79,100.00,45.54,9.08,323.57,356.91,8.73,74.3728,14.7096,126.1985,74.1054,14.7233,126.4823,358.19,350.92,45.54,74.8090,14.6922,125.7724,358.19,350.92,45.54,250.0675,11.9445,279.8723,0.00,100.00,182.67,-11.86,182.67,11.86,12.52
135.09,232.95,74.5831,11.7425,126.6729,7.43,100.00,46.03,9.54,323.43,356.01,9.09,74.1217,14.7408,126.5066,73.8561,14.7609,126.7917,357.26,350.46,46.03,74.5552,14.7137,126.0783,357.26,350.46,46.03,250.0675,11.9445,279.8723,0.00,100.00,182.67,-11.86,182.67,11.86,12.52
135.15,232.91,74.3182,11.7759,127.0300,7.65,100.00,46.02,9.16,323.48,356.36,8.76,73.8594,14.7759,126.8891,73.5940,14.7938,127.1745,357.57,350.84,46.02,74.2927,14.7519,126.4603,357.57,350.84,46.02,250.0675,11.9445,279.8723,0.00,100.00,182.67,-11.86,182.67,11.86,12.52
135.21,232.88,74.0664,11.8065,127.3701,7.50,100.00,46.03,9.56,323.48,356.36,9.16,73.5905,14.8032,127.2170,73.3251,14.8208,127.5025,357.63,350.44,46.03,74.0237,14.7799,126.7881,357.63,350.44,46.03,250.0675,11.9445,279.8723,0.00,100.00,182.67,-11.86,182.67,11.86,12.52
135.26,232.85,73.8263,11.8366,127.6943,7.09,100.00,46.42,9.59,323.48,356.36,9.21,73.3485,14.8329,127.5398,73.0850,14.8509,127.8270,357.57,350.41,46.42,73.7789,14.8091,127.1081,357.57,350.41,46.42,250.0675,11.9445,279.8723,0.00,100.00,182.67,-11.86,182.67,11.86,12.52
135.32,232.82,73.5826,11.8641,128.0234,6.89,100.00,46.74,9.16,323.50,356.93,8.86,73.1020,14.8616,127.9034,72.8405,14.8764,128.1925,358.02,350.84,46.74,73.5294,14.8424,127.4685,358.02,350.84,46.74,250.0675,11.9445,279.8723,0.00,100.00,182.67,-11.86,182.67,11.86,12.52
135.38,232.79,73.3261,11.8884,128.3702,7.20,100.00,46.68,9.30,323.34,356.30,8.92,72.8626,14.8872,128.2207,72.6004,14.9062,128.5090,357.40,350.70,46.68,73.2912,14.8616,127.7873,357.40,350.70,46.68,250.0675,11.9445,279.8723,0.00,100.00,182.67,-11.86,182.67,11.86,12.52
135.44,232.76,73.0643,11.9151,128.7219,7.15,100.00,46.59,9.82,323.27,356.59,9.49,72.5683,14.9084,128.5666,72.3057,14.9251,128.8547,357.76,350.18,46.59,72.9973,14.8866,128.1334,357.76,350.18,46.59,250.0675,11.9445,279.8723,0.00,100.00,182.67,-11.86,182.67,11.86,12.52
135.50,232.73,72.7936,11.9436,129.0846,7.81,100.00,46.84,9.70,323.22,356.94,9.41,72.2901,14.9365,128.9458,72.0290,14.9513,129.2354,358.04,350.30,46.84,72.7168,14.9176,128.5103,358.04,350.30,46.84,250.0675,11.9445,279.8723,0.00,100.00,182.67,-11.86,182.67,11.86,12.52
135.56,232.70,72.5356,11.9678,129.4298,7.04,100.00,47.13,10.12,323.03,356.49,9.81,72.0301,14.9587,129.2582,71.7701,14.9768,129.5484,357.56,349.88,47.13,72.4553,14.9349,128.8213,357.56,349.88,47.13,250.0675,11.9445,279.8723,0.00,100.00,182.67,-11.86,182.67,11.86,12.52
135.63,232.68,72.2596,11.9895,129.7964,7.35,100.00,47.34,10.00,323.02,357.15,9.76,71.7352,14.9786,129.6539,71.4767,14.9926,129.9457,358.17,350.00,47.34,72.1581,14.9611,129.2144,358.17,350.00,47.34,250.0675,11.9445,279.8723,0.00,100.00,182.67,-11.86,182.67,11.86,12.52
135.68,232.65,71.9760,12.0169,130.1731,8.12,100.00,47.59,10.17,322.84,356.56,9.89,71.4653,15.0068,130.0001,71.2076,15.0251,130.2924,357.52,349.83,47.59,71.8871,14.9826,129.5599,357.52,349.83,47.59,250.0675,11.9445,279.8723,0.00,100.00,182.67,-11.86,182.67,11.86,12.52
135.74,232.63,71.7089,12.0459,130.5255,7.76,100.00,47.75,10.00,322.88,357.18,9.78,71.1829,15.0347,130.3823,70.9265,15.0492,130.6760,358.11,350.00,47.75,71.6027,15.0166,129.9400,358.11,350.00,47.75,250.0675,11.9445,279.8723,0.00,100.00,182.67,-11.86,182.67,11.86,12.52
135.80,232.61,71.4449,12.0404,130.8743,7.98,100.00,48.00,10.33,322.82,356.85,10.10,70.9164,15.0275,130.7070,70.6609,15.0443,131.0013,357.76,349.67,48.00,71.3348,15.0058,130.2635,357.76,349.67,48.00,250.0675,11.9445,279.8723,0.00,100.00,182.67,-11.86,182.67,11.86,12.52
135.85,232.59,71.1893,12.0661,131.2114,7.29,100.00,48.21,10.28,322.93,357.45,10.10,70.6417,15.0511,131.0701,70.3878,15.0641,131.3659,358.33,349.72,48.21,71.0578,15.0354,130.6241,358.33,349.72,48.21,250.0675,11.9445,279.8723,0.00,100.00,182.67,-11.86,182.67,11.86,12.52
135.91,232.57,70.9168,12.0924,131.5721,8.13,100.00,48.41,9.78,322.97,357.64,9.62,70.3828,15.0809,131.4540,70.1301,15.0930,131.7509,358.45,350.22,48.41,70.7971,15.0663,131.0063,358.45,350.22,48.41,250.0675,11.9445,279.8723,0.00,100.00,182.67,-11.86,182.67,11.86,12.52
135.97,232.55,70.6539,12.1203,131.9205,7.79,100.00,48.68,10.09,322.81,356.67,9.86,70.1411,15.1101,131.7527,69.8889,15.1291,132.0499,357.43,349.91,48.68,70.5544,15.0850,131.3047,357.43,349.91,48.68,250.0675,11.9445,279.8723,0.00,100.00,182.67,-11.86,182.67,11.86,12.52
136.02,232.53,70.3928,12.1440,132.2646,7.38,100.00,48.95,10.21,322.94,357.41,10.05,69.8486,15.1296,132.1232,69.5983,15.1438,132.4221,358.15,349.79,48.95,70.2590,15.1120,131.6722,358.15,349.79,48.95,250.0675,11.9445,279.8723,0.00,100.00,182.67,-11.86,182.67,11.86,12.52
136.08,232.51,70.1258,12.1618,132.6182,7.63,100.00,49.19,10.04,323.10,358.31,9.95,69.5570,15.1446,132.5190,69.3087,15.1529,132.8198,359.02,349.96,49.19,69.9645,15.1360,132.0650,359.02,349.96,49.19,250.0675,11.9445,279.8723,0.00,100.00,182.67,-11.86,182.67,11.86,12.52
136.14,232.50,69.8599,12.1787,132.9722,7.39,100.00,49.39,10.41,322.90,357.50,10.27,69.3035,15.1619,132.8273,69.0555,15.1759,133.1282,358.17,349.59,49.39,69.7105,15.1446,132.3732,358.17,349.59,49.39,250.0675,11.9445,279.8723,0.00,100.00,182.67,-11.86,182.67,11.86,12.52
136.20,232.48,69.5823,12.1941,133.3392,7.49,100.00,49.51,10.34,323.03,358.56,10.27,68.9926,15.1728,133.2394,68.7461,15.1799,133.5418,359.21,349.66,49.51,69.3973,15.1663,132.7829,359.21,349.66,49.51,250.0675,11.9445,279.8723,0.00,100.00,182.67,-11.86,182.67,11.86,12.52
136.26,232.46,69.3042,12.2154,133.7087,8.31,100.00,49.68,10.51,322.93,358.04,10.41,68.7252,15.1952,133.5821,68.4792,15.2060,133.8846,358.66,349.49,49.68,69.1293,15.1830,133.1252,358.66,349.49,49.68,250.0675,11.9445,279.8723,0.00,100.00,182.67,-11.86,182.67,11.86,12.52
136.32,232.45,69.0559,12.1973,134.0374,7.17,100.00,49.68,10.39,323.03,358.55,10.32,68.4642,15.1755,133.9359,68.2186,15.1828,134.2390,359.18,349.61,49.68,68.8676,15.1687,133.4783,359.18,349.61,49.68,250.0675,11.9445,279.8723,0.00,100.00,182.67,-11.86,182.67,11.86,12.52
136.37,232.44,68.8050,12.2110,134.3707,7.30,100.00,49.68,10.52,322.93,358.04,10.42,68.2256,15.1907,134.2437,67.9796,15.2015,134.5462,358.66,349.48,49.68,68.6297,15.1785,133.7868,358.66,349.48,49.68,250.0675,11.9445,279.8723,0.00,100.00,182.67,-11.86,182.67,11.86,12.52
136.43,232.43,68.5599,12.2263,134.6953,7.01,100.00,49.84,10.58,323.00,358.40,10.51,67.9654,15.2035,134.5813,67.7205,15.2120,134.8849,359.00,349.42,49.84,68.3677,15.1949,134.1228,359.00,349.42,49.84,250.0675,11.9445,279.8723,0.00,100.00,182.67,-11.86,182.67,11.86,12.52
136.49,232.41,68.3091,12.2358,135.0280,7.01,100.00,49.97,10.38,323.03,358.75,10.32,67.7111,15.2130,134.9348,67.4672,15.2193,135.2392,359.32,349.62,49.97,68.1119,15.2077,134.4749,359.32,349.62,49.97,250.0675,11.9445,279.8723,0.00,100.00,182.67,-11.86,182.67,11.86,12.52
136.55,232.40,68.0505,12.2399,135.3716,7.06,100.00,49.94,10.81,323.00,358.77,10.76,67.4339,15.2129,135.2651,67.1898,15.2190,135.5694,359.36,349.19,49.94,67.8350,15.2080,134.8054,359.36,349.19,49.94,250.0675,11.9445,279.8723,0.00,100.00,182.67,-11.86,182.67,11.86,12.52
136.61,232.39,67.7906,12.2512,135.7164,7.31,100.00,49.94,10.47,323.10,359.31,10.45,67.1699,15.2244,135.6434,66.9263,15.2269,135.9481,359.90,349.53,49.94,67.5702,15.2251,135.1830,359.90,349.53,49.94,250.0675,11.9445,279.8723,0.00,100.00,182.67,-11.86,182.67,11.86,12.52
136.67,232.38,67.5442,12.2539,136.0445,6.79,100.00,50.15,10.76,323.13,359.50,10.75,66.9051,15.2230,135.9699,66.6628,15.2245,136.2757,0.06,349.24,50.15,67.3033,15.2255,135.5078,0.06,349.24,50.15,250.0675,11.9445,279.8723,0.00,100.00,182.67,-11.86,182.67,11.86,12.52
136.73,232.37,67.2904,12.2578,136.3830,7.03,100.00,50.30,10.72,323.10,359.69,10.72,66.6469,15.2262,136.3170,66.4055,15.2266,136.6235,0.21,349.28,50.30,67.0438,15.2303,135.8537,0.21,349.28,50.30,250.0675,11.9445,279.8723,0.00,100.00,182.67,-11.86,182.67,11.86,12.52
136.79,232.36,67.0352,12.2650,136.7229,7.33,100.00,50.43,10.72,323.03,359.70,10.72,66.3913,15.2333,136.6567,66.1507,15.2339,136.9638,0.19,349.28,50.43,66.7872,15.2372,136.1925,0.19,349.28,50.43,250.0675,11.9445,279.8723,0.00,100.00,182.67,-11.86,182.67,11.86,12.52
136.85,232.36,66.7868,12.2715,137.0529,7.26,100.00,50.55,10.92,322.90,359.48,10.91,66.1417,15.2392,136.9702,65.9014,15.2415,137.2776,359.94,349.08,50.55,66.5370,15.2405,136.5055,359.94,349.08,50.55,250.0675,11.9445,279.8723,0.00,100.00,182.67,-11.86,182.67,11.86,12.52
136.91,232.35,66.5404,12.2731,137.3787,7.11,100.00,50.69,11.06,323.00,0.39,11.09,65.8597,15.2336,137.3292,65.6211,15.2300,137.6379,0.83,348.94,50.69,66.2523,15.2442,136.8624,0.83,348.94,50.69,250.0675,11.9445,279.8723,0.00,100.00,182.67,-11.86,182.67,11.86,12.52
136.96,232.34,66.2903,12.2796,137.7106,7.21,100.00,50.86,11.00,322.79,359.65,10.99,65.6367,15.2455,137.6311,65.3982,15.2472,137.9398,0.03,349.00,50.86,66.0293,15.2477,137.1641,0.03,349.00,50.86,250.0675,11.9445,279.8723,0.00,100.00,182.67,-11.86,182.67,11.86,12.52
137.02,232.34,66.0362,12.2493,138.0452,7.64,100.00,50.80,11.11,322.93,0.69,11.14,65.3441,15.2073,138.0057,65.1064,15.2020,138.3150,1.09,348.89,50.80,65.7355,15.2206,137.5379,1.09,348.89,50.80,250.0675,11.9445,279.8723,0.00,100.00,182.67,-11.86,182.67,11.86,12.52
137.08,232.34,65.7982,12.2489,138.3602,6.73,100.00,50.80,11.06,322.83,0.20,11.07,65.1244,15.2107,138.3013,64.8861,15.2087,138.6102,0.59,348.94,50.80,65.5166,15.2188,137.8341,0.59,348.94,50.80,250.0675,11.9445,279.8723,0.00,100.00,182.67,-11.86,182.67,11.86,12.52
137.14,232.34,65.5497,12.2486,138.6879,7.02,100.00,51.02,10.88,322.96,0.84,10.92,64.8623,15.2078,138.6615,64.6259,15.2018,138.9718,1.19,349.12,51.02,65.2517,15.2221,138.1921,1.19,349.12,51.02,250.0675,11.9445,279.8723,0.00,100.00,182.67,-11.86,182.67,11.86,12.52
137.19,232.33,65.3000,12.2469,139.0187,7.21,100.00,51.15,11.33,322.89,0.92,11.36,64.5919,15.2011,138.9814,64.3562,15.1947,139.2922,1.25,348.67,51.15,64.9800,15.2161,138.5110,1.25,348.67,51.15,250.0675,11.9445,279.8723,0.00,100.00,182.67,-11.86,182.67,11.86,12.52
137.25,232.33,65.0528,12.2419,139.3456,7.10,100.00,51.32,11.21,322.88,1.22,11.25,64.3398,15.1951,139.3238,64.1053,15.1870,139.6355,1.50,348.79,51.32,64.7262,15.2127,138.8520,1.50,348.79,51.32,250.0675,11.9445,279.8723,0.00,100.00,182.67,-11.86,182.67,11.86,12.52
137.31,232.33,64.8023,12.2420,139.6765,7.39,100.00,51.53,11.35,322.72,0.54,11.36,64.1058,15.1987,139.6214,63.8716,15.1955,139.9334,0.77,348.65,51.53,64.4916,15.2086,139.1489,0.77,348.65,51.53,250.0675,11.9445,279.8723,0.00,100.00,182.67,-11.86,182.67,11.86,12.52
137.36,232.33,64.5558,12.2441,140.0004,7.32,100.00,51.51,11.22,322.82,1.14,11.25,63.8452,15.1979,139.9747,63.6117,15.1906,140.2871,1.38,348.78,51.51,64.2302,15.2142,139.5017,1.38,348.78,51.51,250.0675,11.9445,279.8723,0.00,100.00,182.67,-11.86,182.67,11.86,12.52
137.42,232.34,64.3169,12.2339,140.3154,6.62,100.00,51.51,11.20,322.84,1.25,11.22,63.6039,15.1871,140.2950,63.3705,15.1792,140.6075,1.48,348.80,51.51,63.9887,15.2046,139.8219,1.48,348.80,51.51,250.0675,11.9445,279.8723,0.00,100.00,182.67,-11.86,182.67,11.86,12.52
137.48,232.34,64.0657,12.2323,140.6468,7.30,100.00,51.52,10.87,322.72,0.62,10.88,63.3865,15.1933,140.6097,63.1524,15.1897,140.9218,0.83,349.13,51.52,63.7724,15.2039,140.1373,0.83,349.13,51.52,250.0675,11.9445,279.8723,0.00,100.00,182.67,-11.86,182.67,11.86,12.52
137.54,232.34,63.8232,12.1879,140.9653,6.76,100.00,51.53,10.68,322.82,1.11,10.71,63.1359,15.1472,140.9552,62.9024,15.1402,141.2676,1.33,349.32,51.53,63.5210,15.1630,140.4822,1.33,349.32,51.53,250.0675,11.9445,279.8723,0.00,100.00,182.67,-11.86,182.67,11.86,12.52
137.60,232.34,63.5684,12.1869,141.3013,7.38,100.00,51.73,10.55,322.77,0.85,10.56,62.8949,15.1494,141.2845,62.6621,15.1443,141.5976,1.03,349.45,51.73,63.2788,15.1620,140.8105,1.03,349.45,51.73,250.0675,11.9445,279.8723,0.00,100.00,182.67,-11.86,182.67,11.86,12.52
137.65,232.35,63.3285,12.1792,141.6169,6.72,100.00,51.93,10.58,322.85,1.27,10.60,62.6406,15.1384,141.6173,62.4094,15.1307,141.9314,1.42,349.42,51.93,63.0222,15.1551,141.1415,1.42,349.42,51.93,250.0675,11.9445,279.8723,0.00,100.00,182.67,-11.86,182.67,11.86,12.52
137.71,232.35,63.0862,12.1780,141.9368,6.97,100.00,52.10,10.26,322.74,0.68,10.27,62.4301,15.1444,141.9219,62.1991,15.1409,142.2363,0.79,349.74,52.10,62.8114,15.1545,141.4458,0.79,349.74,52.10,250.0675,11.9445,279.8723,0.00,100.00,182.67,-11.86,182.67,11.86,12.52
137.77,232.36,62.8474,12.1738,142.2507,6.68,100.00,52.20,10.26,322.75,1.04,10.26,62.1804,15.1378,142.2509,61.9503,15.1320,142.5659,1.12,349.74,52.20,62.5603,15.1513,141.7737,1.12,349.74,52.20,250.0675,11.9445,279.8723,0.00,100.00,182.67,-11.86,182.67,11.86,12.52
137.83,232.37,62.6003,12.1673,142.5756,6.97,100.00,52.14,10.52,322.74,1.33,10.53,61.9133,15.1267,142.5792,61.6831,15.1190,142.8941,1.42,349.48,52.14,62.2931,15.1434,142.1021,1.42,349.48,52.14,250.0675,11.9445,279.8723,0.00,100.00,182.67,-11.86,182.67,11.86,12.52
137.89,232.37,62.3528,12.1538,142.9008,6.59,100.00,52.08,10.31,322.65,1.20,10.32,61.6789,15.1162,142.9046,61.4483,15.1094,143.2192,1.28,349.69,52.08,62.0595,15.1314,142.4281,1.28,349.69,52.08,250.0675,11.9445,279.8723,0.00,100.00,182.67,-11.86,182.67,11.86,12.52
137.95,232.38,62.0883,12.1459,143.2475,7.10,100.00,52.02,10.20,322.50,0.70,10.21,61.4345,15.1128,143.2326,61.2029,15.1094,143.5466,0.78,349.80,52.02,61.8164,15.1227,142.7570,0.78,349.80,52.02,250.0675,11.9445,279.8723,0.00,100.00,182.67,-11.86,182.67,11.86,12.52
138.01,232.40,61.8307,12.1434,143.5832,7.36,100.00,52.02,9.97,322.52,0.86,9.97,61.1814,15.1113,143.5825,60.9501,15.1067,143.8966,0.94,350.03,52.02,61.5632,15.1228,143.1068,0.94,350.03,52.02,250.0675,11.9445,279.8723,0.00,100.00,182.67,-11.86,182.67,11.86,12.52
138.07,232.41,61.5947,12.1387,143.8910,6.46,100.00,52.22,9.38,322.46,0.48,9.38,60.9818,15.1144,143.8927,60.7512,15.1126,144.2073,0.51,350.62,52.22,61.3626,15.1214,143.4161,0.51,350.62,52.22,250.0675,11.9445,279.8723,0.00,100.00,182.67,-11.86,182.67,11.86,12.52
138.13,232.42,61.3533,12.1305,144.2050,6.26,100.00,52.43,8.98,322.41,0.19,8.98,60.7659,15.1113,144.2069,60.5361,15.1116,144.5221,0.19,351.02,52.43,61.1455,15.1148,143.7292,0.19,351.02,52.43,250.0675,11.9445,279.8723,0.00,100.00,182.67,-11.86,182.67,11.86,12.52
138.20,232.43,61.1043,12.1234,144.5284,6.41,100.00,52.66,8.35,322.34,359.71,8.35,60.5583,15.1120,144.5297,60.3293,15.1157,144.8455,359.66,351.65,52.66,60.9366,15.1099,144.0510,359.66,351.65,52.66,250.0675,11.9445,279.8723,0.00,100.00,182.67,-11.86,182.67,11.86,12.52
138.26,232.45,60.8512,12.1542,144.8564,6.69,100.00,52.86,8.27,322.38,0.13,8.27,60.2952,15.1409,144.8779,60.0677,15.1420,145.1948,0.05,351.73,52.86,60.6713,15.1429,144.3976,0.05,351.73,52.86,250.0675,11.9445,279.8723,0.00,100.00,182.67,-11.86,182.67,11.86,12.52
138.32,232.46,60.6020,12.1523,145.1798,6.41,100.00,53.02,8.06,322.16,358.73,8.08,60.0985,15.1482,145.1479,59.8709,15.1589,145.4645,358.62,351.94,53.02,60.4749,15.1351,144.6679,358.62,351.94,53.02,250.0675,11.9445,279.8723,0.00,100.00,182.67,-11.86,182.67,11.86,12.52
138.39,232.48,60.3428,12.1579,145.5135,6.75,100.00,53.20,7.87,322.24,359.18,7.88,59.8329,15.1529,145.5071,59.6066,15.1606,145.8248,359.06,352.13,53.20,60.2073,15.1443,145.0255,359.06,352.13,53.20,250.0675,11.9445,279.8723,0.00,100.00,182.67,-11.86,182.67,11.86,12.52
138.45,232.50,60.0863,12.1605,145.8447,6.80,100.00,53.36,7.55,322.25,359.07,7.57,59.5932,15.1584,145.8436,59.3676,15.1669,146.1618,358.93,352.45,53.36,59.9663,15.1484,145.3611,358.93,352.45,53.36,250.0675,11.9445,279.8723,0.00,100.00,182.67,-11.86,182.67,11.86,12.52
138.51,232.52,59.8392,12.1692,146.1638,6.82,100.00,53.49,7.41,322.18,358.56,7.44,59.3677,15.1704,146.1452,59.1426,15.1825,146.4636,358.40,352.59,53.49,59.7402,15.1548,145.6623,358.40,352.59,53.49,250.0675,11.9445,279.8723,0.00,100.00,182.67,-11.86,182.67,11.86,12.52
138.57,232.54,59.6067,12.1778,146.4633,6.13,100.00,53.57,7.31,322.10,357.96,7.36,59.1578,15.1822,146.4223,58.9328,15.1984,146.7406,357.79,352.69,53.57,59.5302,15.1602,145.9395,357.79,352.69,53.57,250.0675,11.9445,279.8723,0.00,100.00,182.67,-11.86,182.67,11.86,12.52
138.63,232.56,59.3692,12.1951,146.7684,6.55,100.00,53.62,6.59,322.13,358.17,6.64,58.9433,15.2032,146.7590,58.7189,15.2178,147.0778,358.01,353.41,53.62,59.3149,15.1833,146.2755,358.01,353.41,53.62,250.0675,11.9445,279.8723,0.00,100.00,182.67,-11.86,182.67,11.86,12.52
138.69,232.58,59.1475,12.2049,147.0534,5.89,100.00,53.70,6.29,322.02,357.25,6.37,58.7629,15.2183,147.0136,58.5385,15.2392,147.3321,357.08,353.71,53.70,59.1344,15.1885,146.5306,357.08,353.71,53.70,250.0675,11.9445,279.8723,0.00,100.00,182.67,-11.86,182.67,11.86,12.52
138.75,232.60,58.9148,12.2218,147.3515,6.16,100.00,53.79,5.45,322.04,356.89,5.54,58.5759,15.2409,147.3233,58.3522,15.2639,147.6421,356.73,354.55,53.79,58.9463,15.2072,146.8397,356.73,354.55,53.79,250.0675,11.9445,279.8723,0.00,100.00,182.67,-11.86,182.67,11.86,12.52
138.81,232.62,58.6793,12.2368,147.6532,6.01,100.00,53.93,5.53,322.10,357.00,5.62,58.3336,15.2550,147.6273,58.1107,15.2774,147.9467,356.83,354.47,53.93,58.7029,15.2224,147.1428,356.83,354.47,53.93,250.0675,11.9445,279.8723,0.00,100.00,182.67,-11.86,182.67,11.86,12.52
138.88,232.64,58.4334,12.2583,147.9690,6.57,100.00,54.03,5.21,322.08,356.34,5.32,58.1213,15.2801,147.9256,57.8989,15.3068,148.2450,356.18,354.79,54.03,58.4899,15.2405,147.4410,356.18,354.79,54.03,250.0675,11.9445,279.8723,0.00,100.00,182.67,-11.86,182.67,11.86,12.52
138.94,232.67,58.1953,12.3138,148.2746,6.09,100.00,54.11,4.81,322.08,355.95,4.94,57.9117,15.3382,148.2268,57.6899,15.3676,148.5464,355.79,355.19,54.11,58.2795,15.2945,147.7420,355.79,355.19,54.11,250.0675,11.9445,279.8723,0.00,100.00,182.67,-11.86,182.67,11.86,12.52
139.00,232.69,57.9512,12.3361,148.5880,6.28,100.00,54.14,4.20,322.04,355.48,4.35,57.7074,15.3641,148.5394,57.4859,15.3964,148.8589,355.34,355.80,54.14,58.0745,15.3153,148.0546,355.34,355.80,54.14,250.0675,11.9445,279.8723,0.00,100.00,182.67,-11.86,182.67,11.86,12.52
139.07,232.71,57.7161,12.3685,148.8894,6.10,100.00,54.22,3.90,321.96,354.40,4.11,57.5178,15.3990,148.8036,57.2968,15.4386,149.1227,354.26,356.10,54.22,57.8841,15.3388,148.3194,354.26,356.10,54.22,250.0675,11.9445,279.8723,0.00,100.00,182.67,-11.86,182.67,11.86,12.52
139.13,232.74,57.4804,12.4032,149.1906,6.41,100.00,54.36,3.70,322.05,354.93,3.89,57.2737,15.4338,149.1338,57.0537,15.4698,149.4539,354.79,356.30,54.36,57.6387,15.3791,148.6480,354.79,356.30,54.36,250.0675,11.9445,279.8723,0.00,100.00,182.67,-11.86,182.67,11.86,12.52
139.19,232.76,57.2540,12.4315,149.4810,5.74,100.00,54.44,3.01,322.06,354.14,3.24,57.1003,15.4650,149.4121,56.8811,15.5061,149.7322,354.02,356.99,54.44,57.4640,15.4020,148.9263,354.02,356.99,54.44,250.0675,11.9445,279.8723,0.00,100.00,182.67,-11.86,182.67,11.86,12.52
139.25,232.79,57.0087,12.4734,149.7956,6.52,100.00,54.59,3.05,322.10,353.69,3.31,56.8667,15.5068,149.7060,56.6484,15.5510,150.0263,353.56,356.95,54.59,57.2290,15.4391,149.2198,353.56,356.95,54.59,250.0675,11.9445,279.8723,0.00,100.00,182.67,-11.86,182.67,11.86,12.52
139.32,232.82,56.7724,12.5132,150.0990,6.01,100.00,54.73,2.67,322.13,352.89,2.98,56.6703,15.5475,149.9866,56.4532,15.5970,150.3069,352.77,357.33,54.73,57.0308,15.4712,149.5003,352.77,357.33,54.73,250.0675,11.9445,279.8723,0.00,100.00,182.67,-11.86,182.67,11.86,12.52
139.38,232.85,56.5234,12.5937,150.4193,6.59,100.00,54.78,1.82,322.17,353.07,2.12,56.4512,15.6300,150.3419,56.2348,15.6779,150.6630,352.98,358.18,54.78,56.8105,15.5558,149.8544,352.98,358.18,54.78,250.0675,11.9445,279.8723,0.00,100.00,182.67,-11.86,182.67,11.86,12.52
139.44,232.88,56.2781,12.6377,150.7352,6.12,100.00,54.89,1.62,322.19,352.61,1.96,56.2275,15.6741,150.6439,56.0120,15.7250,150.9652,352.53,358.38,54.89,56.5854,15.5951,150.1562,352.53,358.38,54.89,250.0675,11.9445,279.8723,0.00,100.00,182.67,-11.86,182.67,11.86,12.52
139.51,232.91,56.0279,12.6787,151.0576,6.19,100.00,54.92,1.12,322.15,351.34,1.53,56.0366,15.7140,150.9270,55.8222,15.7733,151.2475,351.28,358.88,54.92,56.3928,15.6217,150.4404,351.28,358.88,54.92,250.0675,11.9445,279.8723,0.00,100.00,182.67,-11.86,182.67,11.86,12.52
139.57,232.94,55.7827,12.7359,151.3731,6.37,100.00,55.02,1.08,322.16,351.54,1.49,55.7864,15.7716,151.2518,55.5726,15.8296,151.5729,351.47,358.92,55.02,56.1418,15.6813,150.7642,351.47,358.92,55.02,250.0675,11.9445,279.8723,0.00,100.00,182.67,-11.86,182.67,11.86,12.52
139.64,232.97,55.5458,12.8194,151.6780,5.85,100.00,55.13,0.75,322.19,351.36,1.18,55.5680,15.8551,151.5593,55.3551,15.9142,151.8809,351.31,359.25,55.13,55.9219,15.7631,151.0710,351.31,359.25,55.13,250.0675,11.9445,279.8723,0.00,100.00,182.67,-11.86,182.67,11.86,12.52
139.71,233.00,55.2909,12.8703,152.0065,6.23,100.00,55.11,-0.34,322.22,351.06,0.11,55.3673,15.9059,151.9095,55.1554,15.9664,152.2315,351.06,0.34,55.11,55.7197,15.8111,151.4207,351.06,0.34,55.11,250.0675,11.9445,279.8723,0.00,100.00,182.67,-11.86,182.67,11.86,12.52
139.78,233.03,55.0348,12.9218,152.3369,6.10,100.00,55.21,-0.81,322.28,351.17,359.65,55.1267,15.9575,152.2596,54.9157,16.0170,152.5824,351.20,0.81,55.21,55.4777,15.8641,151.7695,351.20,0.81,55.21,250.0675,11.9445,279.8723,0.00,100.00,182.67,-11.86,182.67,11.86,12.52
139.85,233.07,54.7689,13.0145,152.6806,6.57,100.00,55.41,-1.05,322.34,350.68,359.46,54.8845,16.0490,152.5887,54.6752,16.1117,152.9118,350.72,1.05,55.41,55.2331,15.9505,152.0977,350.72,1.05,55.41,250.0675,11.9445,279.8723,0.00,100.00,182.67,-11.86,182.67,11.86,12.52
139.91,233.10,54.5065,13.0841,153.0206,6.67,100.00,55.61,-1.09,322.39,349.39,359.52,54.6614,16.1146,152.8728,54.4543,16.1859,153.1956,349.44,1.09,55.61,55.0066,16.0026,152.3823,349.44,1.09,55.61,250.0675,11.9445,279.8723,0.00,100.00,182.67,-11.86,182.67,11.86,12.52
139.98,233.14,54.2523,13.1817,153.3507,6.09,100.00,55.78,-1.31,322.43,349.39,359.32,54.4152,16.2121,153.2088,54.2092,16.2833,153.5324,349.45,1.31,55.78,54.7586,16.1002,152.7171,349.45,1.31,55.78,250.0675,11.9445,279.8723,0.00,100.00,182.67,-11.86,182.67,11.86,12.52
140.05,233.18,53.9755,13.2488,153.7105,6.63,100.00,55.93,-1.59,322.45,349.65,359.06,54.1413,16.2800,153.5880,53.9362,16.3492,153.9125,349.72,1.59,55.93,54.4834,16.1709,153.0947,349.72,1.59,55.93,250.0675,11.9445,279.8723,0.00,100.00,182.67,-11.86,182.67,11.86,12.52
140.12,233.21,53.7000,13.3499,154.0689,6.50,100.00,55.92,-2.61,322.49,349.02,358.08,53.9262,16.3773,153.9516,53.7225,16.4501,154.2763,349.17,2.61,55.92,54.2659,16.2623,153.4580,349.17,2.61,55.92,250.0675,11.9445,279.8723,0.00,100.00,182.67,-11.86,182.67,11.86,12.52
140.19,233.25,53.4139,13.4180,154.4415,6.91,100.00,56.08,-2.57,322.47,349.91,358.09,53.6113,16.4487,154.3610,53.4078,16.5155,154.6870,350.05,2.57,56.08,53.9509,16.3430,153.8654,350.05,2.57,56.08,250.0675,11.9445,279.8723,0.00,100.00,182.67,-11.86,182.67,11.86,12.52
140.26,233.30,53.1345,13.5228,154.8052,6.60,100.00,56.10,-3.32,322.51,349.12,357.41,53.3853,16.5492,154.7137,53.1833,16.6207,155.0397,349.32,3.32,56.10,53.7225,16.4358,154.2181,349.32,3.32,56.10,250.0675,11.9445,279.8723,0.00,100.00,182.67,-11.86,182.67,11.86,12.52
140.33,233.34,52.8427,13.6071,155.1856,7.41,100.00,56.29,-3.13,322.51,349.25,357.62,53.0809,16.6344,155.0928,52.8797,16.7052,155.4194,349.44,3.13,56.29,53.4170,16.5223,154.5961,349.44,3.13,56.29,250.0675,11.9445,279.8723,0.00,100.00,182.67,-11.86,182.67,11.86,12.52
140.40,233.38,52.5710,13.6737,155.5398,6.45,100.00,56.26,-4.06,322.51,349.39,356.69,52.8433,16.6990,155.4830,52.6426,16.7682,155.8104,349.65,4.06,56.26,53.1784,16.5890,154.9852,349.65,4.06,56.26,250.0675,11.9445,279.8723,0.00,100.00,182.67,-11.86,182.67,11.86,12.52
140.46,233.42,52.2885,13.7829,155.9081,7.41,100.00,56.35,-4.30,322.43,350.78,356.37,52.5291,16.8114,155.9202,52.3277,16.8710,156.2490,351.07,4.30,56.35,52.8654,16.7163,155.4202,351.07,4.30,56.35,250.0675,11.9445,279.8723,0.00,100.00,182.67,-11.86,182.67,11.86,12.52
140.53,233.47,52.0332,13.8483,156.2399,6.59,100.00,56.46,-4.54,322.48,350.00,356.21,52.3057,16.8742,156.2243,52.1060,16.9388,156.5531,350.31,4.54,56.46,52.6395,16.7710,155.7241,350.31,4.54,56.46,250.0675,11.9445,279.8723,0.00,100.00,182.67,-11.86,182.67,11.86,12.52
140.59,233.51,51.7769,13.9120,156.5736,6.21,100.00,56.59,-4.70,322.53,349.37,356.11,52.0736,16.9354,156.5346,51.8754,17.0040,156.8636,349.70,4.70,56.59,52.4050,16.8259,156.0342,349.70,4.70,56.59,250.0675,11.9445,279.8723,0.00,100.00,182.67,-11.86,182.67,11.86,12.52
140.66,233.55,51.5017,14.0117,156.9325,6.65,100.00,56.82,-4.39,322.51,349.72,356.43,51.7738,17.0374,156.8981,51.5762,17.1039,157.2278,350.05,4.39,56.82,52.1042,16.9315,156.3962,350.05,4.39,56.82,250.0675,11.9445,279.8723,0.00,100.00,182.67,-11.86,182.67,11.86,12.52
140.73,233.60,51.2285,14.0733,157.2887,6.61,100.00,56.96,-4.53,322.47,350.24,356.28,51.4904,17.1001,157.2809,51.2932,17.1629,157.6117,350.59,4.53,56.96,51.8202,16.9998,156.7776,350.59,4.53,56.96,250.0675,11.9445,279.8723,0.00,100.00,182.67,-11.86,182.67,11.86,12.52
140.80,233.64,50.9658,14.1604,157.6307,6.44,100.00,57.10,-4.85,322.39,351.52,355.87,51.2030,17.1887,157.6900,51.0056,17.2425,158.0221,351.91,4.85,57.10,51.5334,17.1023,157.1844,351.91,4.85,57.10,250.0675,11.9445,279.8723,0.00,100.00,182.67,-11.86,182.67,11.86,12.52
140.87,233.69,50.6999,14.2115,157.9757,6.37,100.00,57.28,-4.76,322.38,351.38,356.01,50.9359,17.2401,158.0249,50.7396,17.2948,158.3576,351.78,4.76,57.28,51.2645,17.1523,157.5185,351.78,4.76,57.28,250.0675,11.9445,279.8723,0.00,100.00,182.67,-11.86,182.67,11.86,12.52
140.94,233.74,50.4289,14.2924,158.3274,6.32,100.00,57.37,-5.15,322.33,351.95,355.58,50.6642,17.3201,158.4143,50.4681,17.3706,158.7478,352.39,5.15,57.37,50.9925,17.2388,157.9066,352.39,5.15,57.37,250.0675,11.9445,279.8723,0.00,100.00,182.67,-11.86,182.67,11.86,12.52
141.01,233.79,50.1440,14.3372,158.6965,6.69,100.00,57.55,-5.11,322.31,352.51,355.59,50.3609,17.3655,158.8067,50.1653,17.4122,159.1410,352.97,5.11,57.55,50.6886,17.2902,158.2976,352.97,5.11,57.55,250.0675,11.9445,279.8723,0.00,100.00,182.67,-11.86,182.67,11.86,12.52
141.08,233.85,49.8614,14.4126,159.0623,6.71,100.00,57.74,-4.88,322.23,353.72,355.73,50.0330,17.4419,159.2190,49.8372,17.4804,159.5542,354.18,4.88,57.74,50.3609,17.3794,158.7083,354.18,4.88,57.74,250.0675,11.9445,279.8723,0.00,100.00,182.67,-11.86,182.67,11.86,12.52
141.15,233.90,49.5751,14.4489,159.4318,6.86,100.00,57.85,-5.53,322.22,354.18,355.04,49.7604,17.4749,159.6299,49.5651,17.5097,159.9658,354.71,5.53,57.85,50.0875,17.4180,159.1181,354.71,5.53,57.85,250.0675,11.9445,279.8723,0.00,100.00,182.67,-11.86,182.67,11.86,12.52
141.22,233.96,49.2919,14.4840,159.7972,6.94,100.00,57.92,-5.00,322.26,353.96,355.60,49.4614,17.5126,159.9682,49.2665,17.5493,160.3042,354.44,5.00,57.92,49.7880,17.4529,159.4563,354.44,5.00,57.92,250.0675,11.9445,279.8723,0.00,100.00,182.67,-11.86,182.67,11.86,12.52
141.28,234.01,49.0128,14.5438,160.1578,6.71,100.00,57.97,-4.82,322.20,355.25,355.65,49.1381,17.5711,160.3812,48.9424,17.5992,160.7175,355.73,4.82,57.97,49.4659,17.5250,159.8688,355.73,4.82,57.97,250.0675,11.9445,279.8723,0.00,100.00,182.67,-11.86,182.67,11.86,12.52
141.35,234.07,48.7225,14.5636,160.5320,6.83,100.00,58.05,-4.33,322.23,355.38,356.13,48.8240,17.5925,160.7451,48.6285,17.6201,161.0816,355.81,4.33,58.05,49.1516,17.5473,160.2324,355.81,4.33,58.05,250.0675,11.9445,279.8723,0.00,100.00,182.67,-11.86,182.67,11.86,12.52
141.42,234.13,48.4257,14.6149,160.9150,7.06,100.00,58.10,-4.31,322.22,356.25,356.06,48.5017,17.6416,161.1665,48.3059,17.6634,161.5033,356.68,4.31,58.10,48.8297,17.6057,160.6534,356.68,4.31,58.10,250.0675,11.9445,279.8723,0.00,100.00,182.67,-11.86,182.67,11.86,12.52
141.49,234.19,48.1270,14.6198,161.3004,7.16,100.00,58.17,-3.96,322.17,357.82,356.24,48.1444,17.6419,161.6117,47.9480,17.6532,161.9486,358.23,3.96,58.17,48.4734,17.6224,161.0983,358.23,3.96,58.17,250.0675,11.9445,279.8723,0.00,100.00,182.67,-11.86,182.67,11.86,12.52
141.56,234.26,47.8291,14.6520,161.6840,6.87,100.00,58.23,-3.77,322.17,358.74,356.35,47.8128,17.6703,162.0300,47.6163,17.6756,162.3670,359.13,3.77,58.23,48.1419,17.6604,161.5164,359.13,3.77,58.23,250.0675,11.9445,279.8723,0.00,100.00,182.67,-11.86,182.67,11.86,12.52
141.63,234.32,47.5157,14.6431,162.0876,7.42,100.00,58.39,-3.34,322.18,359.55,356.69,47.4587,17.6582,162.4564,47.2628,17.6582,162.7938,359.91,3.34,58.39,47.7869,17.6567,161.9421,359.91,3.34,58.39,250.0675,11.9445,279.8723,0.00,100.00,182.67,-11.86,182.67,11.86,12.52
141.70,234.39,47.2081,14.6604,162.4838,7.15,100.00,58.54,-3.10,322.19,0.29,356.85,47.1211,17.6715,162.8783,46.9259,17.6667,163.2160,0.63,3.10,58.54,47.4482,17.6777,162.3633,0.63,3.10,58.54,250.0675,11.9445,279.8723,0.00,100.00,182.67,-11.86,182.67,11.86,12.52
141.77,234.46,46.8916,14.6330,162.8917,7.34,100.00,58.70,-2.77,322.23,0.59,357.15,46.7824,17.6430,163.2891,46.5880,17.6364,163.6273,0.91,2.77,58.70,47.1082,17.6522,162.7734,0.91,2.77,58.70,250.0675,11.9445,279.8723,0.00,100.00,182.67,-11.86,182.67,11.86,12.52
141.84,234.53,46.5716,14.6349,163.3046,7.36,100.00,58.85,-2.43,322.23,1.75,357.35,46.4168,17.6372,163.7437,46.2233,17.6228,164.0822,2.05,2.43,58.85,46.7415,17.6585,163.2276,2.05,2.43,58.85,250.0675,11.9445,279.8723,0.00,100.00,182.67,-11.86,182.67,11.86,12.52
141.92,234.61,46.2460,14.5868,163.7248,7.27,100.00,59.01,-2.15,322.25,2.86,357.50,46.0496,17.5803,164.2049,45.8569,17.5586,164.5435,3.13,2.15,59.01,46.3728,17.6132,163.6886,3.13,2.15,59.01,250.0675,11.9445,279.8723,0.00,100.00,182.67,-11.86,182.67,11.86,12.52
141.99,234.69,45.9065,14.5617,164.1631,7.62,100.00,59.10,-1.14,322.24,4.68,358.29,45.6190,17.5394,164.6931,45.4275,17.5062,165.0313,4.85,1.14,59.10,45.9406,17.5908,164.1772,4.85,1.14,59.10,250.0675,11.9445,279.8723,0.00,100.00,182.67,-11.86,182.67,11.86,12.52
142.06,234.76,45.5669,14.5367,164.6016,7.94,100.00,59.09,-0.35,322.28,5.39,359.01,45.2274,17.5078,165.1377,45.0364,17.4706,165.4758,5.47,0.35,59.09,45.5482,17.5659,164.6220,5.47,0.35,59.09,250.0675,11.9445,279.8723,0.00,100.00,182.67,-11.86,182.67,11.86,12.52
142.13,234.84,45.2387,14.4604,165.0260,7.63,100.00,59.08,0.34,322.33,5.90,359.64,44.8568,17.4262,165.5629,44.6662,17.3861,165.9010,5.90,359.66,59.08,45.1769,17.4890,165.0474,5.90,359.66,59.08,250.0675,11.9445,279.8723,0.00,100.00,182.67,-11.86,182.67,11.86,12.52
142.20,234.92,44.9030,14.4161,165.4609,7.88,100.00,59.14,1.11,322.39,7.33,0.24,44.4519,17.3648,166.0372,44.2628,17.3158,166.3749,7.25,358.89,59.14,44.7696,17.4419,165.5221,7.25,358.89,59.14,250.0675,11.9445,279.8723,0.00,100.00,182.67,-11.86,182.67,11.86,12.52
142.27,235.00,44.5708,14.3336,165.8921,8.19,100.00,59.26,1.34,322.45,7.98,0.39,44.0937,17.2737,166.4907,43.9058,17.2206,166.8285,7.87,358.66,59.26,44.4095,17.3575,165.9755,7.87,358.66,59.26,250.0675,11.9445,279.8723,0.00,100.00,182.67,-11.86,182.67,11.86,12.52
142.34,235.08,44.2498,14.2393,166.3097,7.63,100.00,59.39,2.13,322.52,9.00,1.04,43.7148,17.1650,166.9295,43.5291,17.1058,167.2674,8.80,357.87,59.39,44.0273,17.2587,166.4139,8.80,357.87,59.39,250.0675,11.9445,279.8723,0.00,100.00,182.67,-11.86,182.67,11.86,12.52
142.40,235.16,43.9138,14.1703,166.7480,8.31,100.00,59.55,2.53,322.56,8.95,1.42,43.3644,17.0963,167.3537,43.1800,17.0378,167.6924,8.70,357.47,59.55,43.6751,17.1889,166.8369,8.70,357.47,59.55,250.0675,11.9445,279.8723,0.00,100.00,182.67,-11.86,182.67,11.86,12.52
142.48,235.24,43.5929,14.0644,167.1670,7.49,100.00,59.70,2.90,322.60,9.16,1.75,43.0238,16.9869,167.7711,42.8406,16.9274,168.1104,8.86,357.10,59.70,43.3324,17.0813,167.2534,8.86,357.10,59.70,250.0675,11.9445,279.8723,0.00,100.00,182.67,-11.86,182.67,11.86,12.52
142.55,235.33,43.2568,13.9774,167.6066,8.05,100.00,59.74,3.55,322.67,11.32,2.11,42.6070,16.8662,168.2868,42.4267,16.7929,168.6249,10.96,356.45,59.74,42.9112,16.9826,167.7710,10.96,356.45,59.74,250.0675,11.9445,279.8723,0.00,100.00,182.67,-11.86,182.67,11.86,12.52
142.61,235.41,42.9412,13.8611,168.0205,7.83,100.00,59.63,4.13,322.65,10.77,2.78,42.2801,16.7573,168.6567,42.0991,16.6883,168.9953,10.33,355.87,59.63,42.5853,16.8671,168.1400,10.33,355.87,59.63,250.0675,11.9445,279.8723,0.00,100.00,182.67,-11.86,182.67,11.86,12.52
142.68,235.48,42.6383,13.7761,168.4174,7.33,100.00,59.43,5.17,322.73,12.12,3.69,41.8994,16.6477,169.0795,41.7197,16.5707,169.4171,11.57,354.83,59.43,42.2024,16.7704,168.5644,11.57,354.83,59.43,250.0675,11.9445,279.8723,0.00,100.00,182.67,-11.86,182.67,11.86,12.52
142.75,235.56,42.3397,13.6578,168.8097,7.55,100.00,59.43,5.17,322.71,11.81,3.72,41.6085,16.5345,169.4579,41.4285,16.4596,169.7958,11.25,354.83,59.43,41.9121,16.6540,168.9424,11.25,354.83,59.43,250.0675,11.9445,279.8723,0.00,100.00,182.67,-11.86,182.67,11.86,12.52
142.82,235.64,42.0554,13.5708,169.1829,6.81,100.00,59.23,6.14,322.75,12.43,4.65,41.2675,16.4335,169.8265,41.0881,16.3555,170.1640,11.77,353.86,59.23,41.5701,16.5583,169.3116,11.77,353.86,59.23,250.0675,11.9445,279.8723,0.00,100.00,182.67,-11.86,182.67,11.86,12.52
142.89,235.71,41.7669,13.4501,169.5623,7.28,100.00,59.41,6.59,322.78,12.70,5.02,40.9558,16.3065,170.2049,40.7782,16.2273,170.5431,11.97,353.41,59.41,41.2555,16.4334,169.6889,11.97,353.41,59.41,250.0675,11.9445,279.8723,0.00,100.00,182.67,-11.86,182.67,11.86,12.52
142.96,235.79,41.4866,13.3233,169.9313,6.82,100.00,59.50,7.42,322.85,13.63,5.71,40.6202,16.1599,170.5893,40.4453,16.0756,170.9277,12.79,352.58,59.50,40.9156,16.2951,170.0730,12.79,352.58,59.50,250.0675,11.9445,279.8723,0.00,100.00,182.67,-11.86,182.67,11.86,12.52
143.03,235.86,41.1930,13.2260,170.3188,7.13,100.00,59.65,7.90,322.74,12.76,6.26,40.3291,16.0754,170.9229,40.1542,15.9977,171.2629,11.82,352.10,59.65,40.6244,16.2005,170.4040,11.82,352.10,59.65,250.0675,11.9445,279.8723,0.00,100.00,182.67,-11.86,182.67,11.86,12.52
143.09,235.95,40.8984,13.1081,170.7061,7.52,100.00,59.84,8.17,322.68,12.39,6.52,40.0339,15.9623,171.2862,39.8598,15.8875,171.6273,11.39,351.83,59.84,40.3280,16.0829,170.7655,11.39,351.83,59.84,250.0675,11.9445,279.8723,0.00,100.00,182.67,-11.86,182.67,11.86,12.52
143.16,236.03,40.6128,13.0168,171.0807,6.81,100.00,59.62,9.17,322.74,12.98,7.48,39.6920,15.8548,171.6534,39.5185,15.7773,171.9941,11.86,350.83,59.62,39.9852,15.9802,171.1333,11.86,350.83,59.62,250.0675,11.9445,279.8723,0.00,100.00,182.67,-11.86,182.67,11.86,12.52
143.23,236.11,40.3092,12.8926,171.4797,7.57,100.00,59.48,9.66,322.53,11.81,8.14,39.3952,15.7462,171.9813,39.2194,15.6771,172.3227,10.60,350.34,59.48,39.6920,15.8585,171.4603,10.60,350.34,59.48,250.0675,11.9445,279.8723,0.00,100.00,182.67,-11.86,182.67,11.86,12.52
143.30,236.20,40.0095,12.8053,171.8707,7.11,100.00,59.62,10.29,322.56,12.25,8.67,39.0610,15.6475,172.3728,38.8872,15.5765,172.7148,10.94,349.71,59.62,39.3545,15.7631,171.8507,10.94,349.71,59.62,250.0675,11.9445,279.8723,0.00,100.00,182.67,-11.86,182.67,11.86,12.52
143.37,236.29,39.6981,12.6800,172.2773,7.48,100.00,59.81,11.02,322.53,11.99,9.40,38.7277,15.5208,172.7445,38.5551,15.4528,173.0877,10.52,348.98,59.81,39.0194,15.6321,172.2204,10.52,348.98,59.81,250.0675,11.9445,279.8723,0.00,100.00,182.67,-11.86,182.67,11.86,12.52
143.44,236.38,39.3828,12.5960,172.6887,7.50,100.00,59.99,11.83,322.24,10.27,10.41,38.4221,15.4556,173.0495,38.2481,15.4006,173.3943,8.59,348.17,59.99,38.7161,15.5468,172.5228,8.59,348.17,59.99,250.0675,11.9445,279.8723,0.00,100.00,182.67,-11.86,182.67,11.86,12.52
143.51,236.48,39.0626,12.4922,173.1021,8.12,100.00,60.21,12.70,322.28,10.20,11.27,38.0701,15.3446,173.4329,37.8977,15.2915,173.7788,8.34,347.30,60.21,38.3615,15.4331,172.9043,8.34,347.30,60.21,250.0675,11.9445,279.8723,0.00,100.00,182.67,-11.86,182.67,11.86,12.52
143.58,236.57,38.7600,12.4263,173.4933,7.09,100.00,60.18,13.27,322.21,9.59,11.94,37.7591,15.2808,173.7766,37.5856,15.2327,174.1227,7.63,346.73,60.18,38.0520,15.3619,173.2476,7.63,346.73,60.18,250.0675,11.9445,279.8723,0.00,100.00,182.67,-11.86,182.67,11.86,12.52
143.65,236.68,38.4315,12.3236,173.9169,7.63,100.00,60.13,13.97,322.00,8.51,12.81,37.4283,15.1837,174.1252,37.2528,15.1440,174.4714,6.40,346.03,60.13,37.7245,15.2522,173.5963,6.40,346.03,60.13,250.0675,11.9445,279.8723,0.00,100.00,182.67,-11.86,182.67,11.86,12.52
143.72,236.79,38.0921,12.2676,174.3513,7.92,100.00,60.35,14.89,321.69,7.12,13.92,37.0872,15.1326,174.4628,36.9105,15.1040,174.8095,4.74,345.11,60.35,37.3850,15.1839,173.9329,4.74,345.11,60.35,250.0675,11.9445,279.8723,0.00,100.00,182.67,-11.86,182.67,11.86,12.52
143.79,236.90,37.7537,12.1883,174.7797,7.89,100.00,60.68,15.05,321.52,6.23,14.21,36.7651,15.0603,174.8439,36.5886,15.0385,175.1912,3.71,344.95,60.68,37.0626,15.1011,174.3129,3.71,344.95,60.68,250.0675,11.9445,279.8723,0.00,100.00,182.67,-11.86,182.67,11.86,12.52
143.86,237.02,37.4105,12.1255,175.2114,8.25,100.00,60.71,15.56,321.33,5.27,14.88,36.4253,14.9994,175.2127,36.2472,14.9849,175.5595,2.62,344.44,60.71,36.7253,15.0290,174.6823,2.62,344.44,60.71,250.0675,11.9445,279.8723,0.00,100.00,182.67,-11.86,182.67,11.86,12.52
143.93,237.13,37.0769,12.1095,175.6283,7.95,100.00,60.82,16.24,320.94,3.40,15.89,36.1116,14.9880,175.5169,35.9308,14.9874,175.8626,0.53,343.76,60.82,36.4161,14.9963,174.9883,0.53,343.76,60.82,250.0675,11.9445,279.8723,0.00,100.00,182.67,-11.86,182.67,11.86,12.52
143.99,237.25,36.7399,12.0697,176.0435,8.29,100.00,61.05,16.78,320.78,2.41,16.63,35.7783,14.9462,175.8667,35.5968,14.9533,176.2120,359.35,343.22,61.05,36.0836,14.9424,175.3386,359.35,343.22,61.05,250.0675,11.9445,279.8723,0.00,100.00,182.67,-11.86,182.67,11.86,12.52
144.05,237.37,36.4139,12.0503,176.4430,8.34,100.00,61.37,16.93,320.71,1.44,16.95,35.4705,14.9294,176.2170,35.2891,14.9436,176.5621,358.26,343.07,61.37,35.7757,14.9146,175.6889,358.26,343.07,61.37,250.0675,11.9445,279.8723,0.00,100.00,182.67,-11.86,182.67,11.86,12.52
144.12,237.49,36.1014,12.0371,176.8249,7.71,100.00,61.57,17.54,320.75,0.89,17.68,35.1474,14.9089,176.5545,34.9659,14.9277,176.8993,357.56,342.46,61.57,35.4529,14.8872,176.0269,357.56,342.46,61.57,250.0675,11.9445,279.8723,0.00,100.00,182.67,-11.86,182.67,11.86,12.52
144.18,237.61,35.7784,12.0307,177.2202,8.22,100.00,61.90,17.55,320.69,359.54,17.95,34.8570,14.9066,176.8878,34.6751,14.9347,177.2318,356.13,342.45,61.90,35.1630,14.8704,176.3613,356.13,342.45,61.90,250.0675,11.9445,279.8723,0.00,100.00,182.67,-11.86,182.67,11.86,12.52
144.24,237.73,35.4645,12.0689,177.6035,8.08,100.00,62.36,18.77,320.96,359.26,19.25,34.4994,14.9246,177.2242,34.3188,14.9563,177.5685,355.58,341.23,62.36,34.8033,14.8833,176.6968,355.58,341.23,62.36,250.0675,11.9445,279.8723,0.00,100.00,182.67,-11.86,182.67,11.86,12.52
144.30,237.84,35.1611,12.0808,177.9776,7.49,100.00,62.38,18.95,320.47,357.88,19.72,34.2252,14.9350,177.5220,34.0421,14.9766,177.8640,354.04,341.05,62.38,34.5331,14.8784,176.9984,354.04,341.05,62.38,250.0675,11.9445,279.8723,0.00,100.00,182.67,-11.86,182.67,11.86,12.52
144.36,237.96,34.8473,12.1027,178.3578,8.25,100.00,62.46,19.67,320.42,357.72,20.49,33.8871,14.9438,177.8717,33.7035,14.9874,178.2131,353.72,340.33,62.46,34.1957,14.8843,177.3488,353.72,340.33,62.46,250.0675,11.9445,279.8723,0.00,100.00,182.67,-11.86,182.67,11.86,12.52
144.42,238.07,34.5607,12.1270,178.7045,7.56,100.00,62.41,19.31,319.77,355.99,20.50,33.6614,14.9739,178.1416,33.4748,15.0289,178.4798,351.92,340.69,62.41,33.9745,14.8962,177.6239,351.92,340.69,62.41,250.0675,11.9445,279.8723,0.00,100.00,182.67,-11.86,182.67,11.86,12.52
144.49,238.19,34.2773,12.1531,179.0394,6.93,100.00,62.38,19.65,319.61,355.58,20.93,33.3760,14.9929,178.4453,33.1882,15.0511,178.7823,351.43,340.35,62.38,33.6911,14.9106,177.9295,351.43,340.35,62.38,250.0675,11.9445,279.8723,0.00,100.00,182.67,-11.86,182.67,11.86,12.52
144.55,238.31,33.9724,12.1916,179.3978,7.95,100.00,62.87,19.67,320.07,355.26,21.01,33.0736,15.0307,178.7962,32.8882,15.0909,179.1341,351.10,340.33,62.87,33.3850,14.9452,178.2786,351.10,340.33,62.87,250.0675,11.9445,279.8723,0.00,100.00,182.67,-11.86,182.67,11.86,12.52
144.61,238.43,33.6872,12.2313,179.7385,7.37,100.00,63.38,19.47,320.12,353.99,21.10,32.8246,15.0705,179.0865,32.6404,15.1391,179.4235,349.76,340.53,63.38,33.1343,14.9716,178.5702,349.76,340.53,63.38,250.0675,11.9445,279.8723,0.00,100.00,182.67,-11.86,182.67,11.86,12.52
144.67,238.54,33.4032,12.2716,180.0783,6.96,100.00,63.28,18.91,320.12,353.99,20.52,32.5633,15.1215,179.4438,32.3792,15.1894,179.7810,349.90,341.09,63.28,32.8727,15.0236,178.9272,349.90,341.09,63.28,250.0675,11.9445,279.8723,0.00,100.00,182.67,-11.86,182.67,11.86,12.52
144.74,238.66,33.1101,12.3094,180.4291,7.09,100.00,62.97,19.25,320.35,354.61,20.67,32.2418,15.1559,179.8175,32.0567,15.2191,180.1550,350.63,340.75,62.97,32.5529,15.0654,179.3005,350.63,340.75,62.97,250.0675,11.9445,279.8723,0.00,100.00,182.67,-11.86,182.67,11.86,12.52
144.80,238.78,32.8116,12.3531,180.7894,7.60,100.00,63.33,19.81,320.83,354.26,21.27,31.9260,15.1888,180.1535,31.7419,15.2544,180.4911,350.24,340.19,63.33,32.2355,15.0949,179.6362,350.24,340.19,63.33,250.0675,11.9445,279.8723,0.00,100.00,182.67,-11.86,182.67,11.86,12.52
144.86,238.90,32.5271,12.4328,181.1386,7.17,100.00,63.46,20.40,320.72,352.55,22.16,31.6609,15.2521,180.4095,31.4742,15.3288,180.7434,348.44,339.60,63.46,31.9745,15.1410,179.8981,348.44,339.60,63.46,250.0675,11.9445,279.8723,0.00,100.00,182.67,-11.86,182.67,11.86,12.52
144.92,239.02,32.2310,12.4929,181.5006,7.44,100.00,63.69,20.42,321.34,352.09,22.18,31.3707,15.3118,180.7629,31.1849,15.3903,181.0968,348.15,339.58,63.69,31.6829,15.1979,180.2512,348.15,339.58,63.69,250.0675,11.9445,279.8723,0.00,100.00,182.67,-11.86,182.67,11.86,12.52
144.99,239.14,31.9389,12.5488,181.8656,7.36,100.00,64.70,21.33,322.04,351.85,23.17,31.0372,15.3476,181.1019,30.8554,15.4288,181.4374,347.68,338.67,64.70,31.3431,15.2300,180.5873,347.68,338.67,64.70,250.0675,11.9445,279.8723,0.00,100.00,182.67,-11.86,182.67,11.86,12.52
145.05,239.25,31.6547,12.6194,182.2299,7.17,100.00,64.56,20.76,321.54,350.68,22.84,30.8080,15.4233,181.4226,30.6244,15.5117,181.7553,346.54,339.24,64.56,31.1167,15.2940,180.9126,346.54,339.24,64.56,250.0675,11.9445,279.8723,0.00,100.00,182.67,-11.86,182.67,11.86,12.52
145.12,239.36,31.3689,12.6858,182.5897,7.45,100.00,64.65,20.62,321.71,351.07,22.64,30.5162,15.4943,181.8054,30.3340,15.5803,182.1394,346.95,339.38,64.65,30.8230,15.3689,181.2932,346.95,339.38,64.65,250.0675,11.9445,279.8723,0.00,100.00,182.67,-11.86,182.67,11.86,12.52
145.18,239.47,31.0987,12.7912,182.9319,7.13,100.00,67.51,20.59,323.55,348.96,23.15,30.2617,15.5844,182.0790,30.0928,15.6850,182.4160,344.59,339.41,67.51,30.5480,15.4361,181.5611,344.59,339.41,67.51,250.0675,11.9445,279.8723,0.00,100.00,182.67,-11.86,182.67,11.86,12.52
145.25,239.56,30.8409,12.8611,183.2810,6.65,100.00,67.75,21.48,326.31,348.89,23.42,29.9544,15.6487,182.4603,29.7868,15.7439,182.7995,345.39,338.52,67.75,30.2387,15.5092,181.9388,345.39,338.52,67.75,250.0675,11.9445,279.8723,0.00,100.00,182.67,-11.86,182.67,11.86,12.52
145.31,239.64,30.5937,12.9285,183.6517,7.06,100.00,64.68,19.96,326.61,349.60,21.13,29.7815,15.7630,182.9194,29.6010,15.8461,183.2551,347.45,340.04,64.68,30.0856,15.6418,182.4045,347.45,340.04,64.68,250.0675,11.9445,279.8723,0.00,100.00,182.67,-11.86,182.67,11.86,12.52
145.37,239.71,30.3618,12.9935,184.0034,6.53,100.00,61.78,20.42,326.23,348.66,21.10,29.5814,15.8254,183.2279,29.3836,15.9083,183.5538,347.45,339.58,61.78,29.9120,15.7047,182.7296,347.45,339.58,61.78,250.0675,11.9445,279.8723,0.00,100.00,182.67,-11.86,182.67,11.86,12.52
145.44,239.79,30.1212,13.0988,184.3634,6.67,100.00,61.81,21.63,329.35,349.32,21.70,29.2568,15.9216,183.6460,29.0602,15.9935,183.9752,349.17,338.37,61.81,29.5853,15.8187,183.1422,349.17,338.37,61.81,250.0675,11.9445,279.8723,0.00,100.00,182.67,-11.86,182.67,11.86,12.52
145.51,239.85,29.8928,13.1887,184.7488,6.86,100.00,64.99,20.42,330.66,345.24,20.82,29.1500,16.0079,183.8942,28.9669,16.1080,184.2238,344.67,339.58,64.99,29.4582,15.8603,183.3888,344.67,339.58,64.99,250.0675,11.9445,279.8723,0.00,100.00,182.67,-11.86,182.67,11.86,12.52
145.57,239.90,29.6754,13.2964,185.1355,7.10,100.00,68.58,20.79,333.79,345.70,21.30,28.8550,16.1099,184.3347,28.6927,16.2081,184.6756,344.95,339.21,68.58,29.1312,15.9653,183.8102,344.95,339.21,68.58,250.0675,11.9445,279.8723,0.00,100.00,182.67,-11.86,182.67,11.86,12.52
145.64,239.92,29.4844,13.3939,185.5233,6.89,100.00,71.37,20.60,336.84,346.21,21.06,28.6240,16.2149,184.7941,28.4797,16.3097,185.1440,345.52,339.40,71.37,28.8724,16.0756,184.2546,345.52,339.40,71.37,250.0675,11.9445,279.8723,0.00,100.00,182.67,-11.86,182.67,11.86,12.52
145.70,239.92,29.3177,13.5071,185.9130,7.26,100.00,71.11,19.72,336.33,344.91,20.26,28.5271,16.3342,185.1301,28.3807,16.4375,185.4766,344.21,340.28,71.11,28.7791,16.1812,184.5959,344.21,340.28,71.11,250.0675,11.9445,279.8723,0.00,100.00,182.67,-11.86,182.67,11.86,12.52
145.76,239.92,29.1623,13.6478,186.2676,6.35,100.00,70.70,18.40,335.90,343.76,18.98,28.4612,16.4878,185.4472,28.3130,16.5985,185.7907,343.10,341.60,70.70,28.7158,16.3227,184.9179,343.10,341.60,70.70,250.0675,11.9445,279.8723,0.00,100.00,182.67,-11.86,182.67,11.86,12.52
145.82,239.93,28.9920,13.7620,186.6483,6.93,100.00,73.95,19.59,338.83,343.91,20.21,28.1884,16.5825,185.8552,28.0578,16.6923,186.2060,343.15,340.41,73.95,28.4158,16.4192,185.3131,343.15,340.41,73.95,250.0675,11.9445,279.8723,0.00,100.00,182.67,-11.86,182.67,11.86,12.52
145.89,239.92,28.8459,13.8661,187.0255,6.50,100.00,73.26,19.29,341.62,344.01,19.01,28.0614,16.7075,186.2900,27.9290,16.8101,186.6423,344.35,340.71,73.26,28.2916,16.5555,185.7458,344.35,340.71,73.26,250.0675,11.9445,279.8723,0.00,100.00,182.67,-11.86,182.67,11.86,12.52
145.95,239.89,28.7134,13.9796,187.4242,6.97,100.00,72.81,19.16,344.20,343.30,18.05,27.9536,16.8306,186.7000,27.8190,16.9317,187.0519,344.60,340.84,72.81,28.1872,16.6808,186.1566,344.60,340.84,72.81,250.0675,11.9445,279.8723,0.00,100.00,182.67,-11.86,182.67,11.86,12.52
146.01,239.85,28.6017,14.1090,187.8190,7.01,100.00,75.56,19.17,346.73,342.68,18.05,27.8179,16.9546,187.0989,27.6992,17.0598,187.4554,343.94,340.83,75.56,28.0269,16.7985,186.5474,343.94,340.83,75.56,250.0675,11.9445,279.8723,0.00,100.00,182.67,-11.86,182.67,11.86,12.52
146.07,239.78,28.5086,14.2390,188.2135,6.93,100.00,77.81,17.75,348.76,340.59,16.52,27.7970,17.0862,187.4278,27.6916,17.2058,187.7839,341.71,342.25,77.81,27.9856,16.9069,186.8760,341.71,342.25,77.81,250.0675,11.9445,279.8723,0.00,100.00,182.67,-11.86,182.67,11.86,12.52
146.13,239.70,28.4302,14.3832,188.6082,7.02,100.00,80.36,17.29,351.38,340.28,16.02,27.7111,17.2337,187.8417,27.6221,17.3556,188.2015,341.38,342.71,80.36,27.8744,17.0507,187.2831,341.38,342.71,80.36,250.0675,11.9445,279.8723,0.00,100.00,182.67,-11.86,182.67,11.86,12.52
146.20,239.61,28.3718,14.5136,188.9931,6.52,100.00,79.56,15.02,351.33,340.10,13.60,27.7780,17.3923,188.2245,27.6885,17.5167,188.5833,341.12,344.98,79.56,27.9424,17.2043,187.6679,341.12,344.98,79.56,250.0675,11.9445,279.8723,0.00,100.00,182.67,-11.86,182.67,11.86,12.52
146.26,239.52,28.3125,14.6735,189.3818,6.56,100.00,76.57,17.28,351.56,340.95,14.93,27.6412,17.5456,188.6536,27.5310,17.6573,189.0108,343.03,342.72,76.57,27.8374,17.3786,188.1006,343.03,342.72,76.57,250.0675,11.9445,279.8723,0.00,100.00,182.67,-11.86,182.67,11.86,12.52
146.33,239.43,28.2524,14.7732,189.7867,6.50,100.00,75.40,16.37,355.24,344.28,13.50,27.5952,17.6943,189.2718,27.4852,17.7793,189.6363,347.31,343.63,75.40,27.7910,17.5686,188.7078,347.31,343.63,75.40,250.0675,11.9445,279.8723,0.00,100.00,182.67,-11.86,182.67,11.86,12.52
146.39,239.30,28.2174,14.8849,190.2070,7.45,100.00,74.33,16.06,358.09,344.64,12.46,27.5885,17.8206,189.7422,27.4738,17.8983,190.1069,348.47,343.94,74.33,27.7917,17.7062,189.1785,348.47,343.94,74.33,250.0675,11.9445,279.8723,0.00,100.00,182.67,-11.86,182.67,11.86,12.52
146.44,239.17,28.2045,14.9996,190.5909,7.18,100.00,73.54,17.45,0.15,342.78,12.68,27.5473,17.9169,190.0549,27.4245,17.9995,190.4158,347.65,342.55,73.54,27.7628,17.7954,189.4972,347.65,342.55,73.54,250.0675,11.9445,279.8723,0.00,100.00,182.67,-11.86,182.67,11.86,12.52
146.49,239.04,28.2055,15.0931,190.9563,7.09,100.00,72.74,16.96,2.50,342.61,11.41,27.5920,18.0220,190.4318,27.4652,18.1028,190.7918,347.94,343.04,72.74,27.8136,17.9031,189.8759,347.94,343.04,72.74,250.0675,11.9445,279.8723,0.00,100.00,182.67,-11.86,182.67,11.86,12.52
146.55,238.89,28.2208,15.2218,191.3062,7.00,100.00,71.87,16.69,4.39,340.59,9.55,27.6780,18.1462,190.6868,27.5438,18.2383,191.0413,346.17,343.31,71.87,27.9112,18.0093,190.1399,346.17,343.31,71.87,250.0675,11.9445,279.8723,0.00,100.00,182.67,-11.86,182.67,11.86,12.52
146.60,238.74,28.2475,15.3115,191.6543,7.16,100.00,73.85,15.46,7.09,343.03,9.23,27.7080,18.2638,191.1823,27.5909,18.3422,191.5461,348.38,344.54,73.85,27.9149,18.1481,190.6201,348.38,344.54,73.85,250.0675,11.9445,279.8723,0.00,100.00,182.67,-11.86,182.67,11.86,12.52
146.65,238.59,28.2881,15.4123,191.9800,6.47,100.00,73.57,14.13,7.19,343.64,8.00,27.8151,18.3793,191.5290,27.6981,18.4574,191.8929,348.47,345.87,73.57,28.0220,18.2635,190.9669,348.47,345.87,73.57,250.0675,11.9445,279.8723,0.00,100.00,182.67,-11.86,182.67,11.86,12.52
146.71,238.42,28.3306,15.5051,192.3178,6.50,100.00,70.94,14.47,7.55,346.00,9.03,27.8180,18.4827,192.0005,27.6879,18.5394,192.3639,351.76,345.53,70.94,28.0449,18.4006,191.4402,351.76,345.53,70.94,250.0675,11.9445,279.8723,0.00,100.00,182.67,-11.86,182.67,11.86,12.52
146.76,238.25,28.3773,15.5847,192.6696,6.53,100.00,70.40,13.83,10.30,348.84,9.50,27.8524,18.5738,192.5282,27.7239,18.6077,192.8950,355.23,346.17,70.40,28.0769,18.5269,191.9629,355.23,346.17,70.40,250.0675,11.9445,279.8723,0.00,100.00,182.67,-11.86,182.67,11.86,12.52
146.81,238.06,28.4436,15.6582,193.0345,7.20,100.00,72.42,11.60,12.24,346.16,5.30,28.0978,18.6603,192.7215,27.9788,18.7238,193.0876,350.75,348.40,72.42,28.3078,18.5663,192.1564,350.75,348.40,72.42,250.0675,11.9445,279.8723,0.00,100.00,182.67,-11.86,182.67,11.86,12.52
146.87,237.87,28.5174,15.7611,193.3748,6.82,100.00,74.12,8.94,14.45,346.73,2.48,28.3103,18.7763,193.0653,28.2045,18.8457,193.4344,349.86,351.06,74.12,28.5001,18.6717,192.4950,349.86,351.06,74.12,250.0675,11.9445,279.8723,0.00,100.00,182.67,-11.86,182.67,11.86,12.52
146.92,237.66,28.6064,15.8192,193.7201,6.42,100.00,73.57,7.56,16.79,350.34,2.66,28.4324,18.8501,193.6046,28.3266,18.8958,193.9773,353.41,352.44,73.57,28.6222,18.7821,193.0287,353.41,352.44,73.57,250.0675,11.9445,279.8723,0.00,100.00,182.67,-11.86,182.67,11.86,12.52
146.98,237.43,28.7144,15.8779,194.0783,6.27,100.00,70.96,8.40,16.83,351.15,3.93,28.4891,18.9072,194.0233,28.3671,18.9412,194.3923,355.17,351.60,70.96,28.7039,18.8578,193.4545,355.17,351.60,70.96,250.0675,11.9445,279.8723,0.00,100.00,182.67,-11.86,182.67,11.86,12.52
147.04,237.19,28.8283,15.9307,194.4548,6.56,100.00,71.03,9.45,16.90,351.88,5.78,28.5216,18.9533,194.4669,28.4010,18.9760,194.8372,356.86,350.55,71.03,28.7341,18.9220,193.8958,356.86,350.55,71.03,250.0675,11.9445,279.8723,0.00,100.00,182.67,-11.86,182.67,11.86,12.52
147.10,236.95,28.9441,15.9857,194.8361,6.82,100.00,73.54,10.57,19.41,352.35,7.51,28.5614,18.9986,194.9162,28.4583,19.0121,195.2922,358.26,349.43,73.54,28.7469,18.9822,194.3352,358.26,349.43,73.54,250.0675,11.9445,279.8723,0.00,100.00,182.67,-11.86,182.67,11.86,12.52
147.16,236.69,29.0743,16.0368,195.2054,6.59,100.00,75.85,8.55,21.85,352.77,5.30,28.8102,19.0625,195.2775,28.7219,19.0822,195.6570,357.30,351.45,75.85,28.9728,19.0356,194.6902,357.30,351.45,75.85,250.0675,11.9445,279.8723,0.00,100.00,182.67,-11.86,182.67,11.86,12.52
147.22,236.43,29.2194,16.0663,195.5673,6.84,100.00,75.68,4.89,22.00,354.97,2.37,29.1417,19.1009,195.6893,29.0536,19.1197,196.0689,357.36,355.11,75.68,29.3044,19.0738,195.1020,357.36,355.11,75.68,250.0675,11.9445,279.8723,0.00,100.00,182.67,-11.86,182.67,11.86,12.52
147.28,236.18,29.3563,16.0991,195.9060,6.20,100.00,72.86,4.74,21.96,353.73,1.00,29.3205,19.1368,195.9400,29.2131,19.1663,196.3139,355.77,355.26,72.86,29.5129,19.0928,195.3627,355.77,355.26,72.86,250.0675,11.9445,279.8723,0.00,100.00,182.67,-11.86,182.67,11.86,12.52
147.34,235.92,29.4985,16.0993,196.2586,6.06,100.00,72.26,3.39,24.61,359.47,4.11,29.4423,19.1130,196.6388,29.3340,19.0974,197.0133,2.38,356.61,72.26,29.6360,19.1389,196.0609,2.38,356.61,72.26,250.0675,11.9445,279.8723,0.00,100.00,182.67,-11.86,182.67,11.86,12.52
147.40,235.63,29.6688,16.0853,196.6304,6.60,100.00,71.68,0.40,27.15,359.98,0.56,29.8081,19.1032,196.9512,29.6950,19.1006,197.3245,0.39,359.60,71.68,30.0092,19.1074,196.3752,0.39,359.60,71.68,250.0675,11.9445,279.8723,0.00,100.00,182.67,-11.86,182.67,11.86,12.52
147.46,235.33,29.8548,16.1083,196.9933,7.40,100.00,71.36,0.96,29.62,358.32,359.55,30.0106,19.1350,197.2053,29.8953,19.1450,197.5779,358.55,359.04,71.36,30.2152,19.1197,196.6308,358.55,359.04,71.36,250.0675,11.9445,279.8723,0.00,100.00,182.67,-11.86,182.67,11.86,12.52
147.52,235.05,30.0354,16.1131,197.3107,5.93,100.00,70.56,-2.93,31.76,359.78,355.06,30.4407,19.1205,197.4579,30.3219,19.1471,197.8285,356.01,2.93,70.56,30.6506,19.0776,196.8867,356.01,2.93,70.56,250.0675,11.9445,279.8723,0.00,100.00,182.67,-11.86,182.67,11.86,12.52
147.58,234.72,30.2516,16.1102,197.6601,6.87,100.00,70.12,-5.31,34.00,2.34,354.21,30.7740,19.0952,197.8776,30.6529,19.1166,198.2478,356.70,5.31,70.12,30.9874,19.0594,197.3072,356.70,5.31,70.12,250.0675,11.9445,279.8723,0.00,100.00,182.67,-11.86,182.67,11.86,12.52
147.64,234.40,30.4764,16.0810,197.9933,6.71,100.00,69.90,-4.51,36.29,3.92,357.73,30.9067,19.0653,198.3659,30.7819,19.0626,198.7355,0.28,4.51,69.90,31.1258,19.0675,197.7965,0.28,4.51,69.90,250.0675,11.9445,279.8723,0.00,100.00,182.67,-11.86,182.67,11.86,12.52
147.70,234.06,30.7169,16.0403,198.3210,6.45,100.00,69.52,-4.14,38.68,4.31,359.14,31.1175,19.0229,198.7379,30.9898,19.0122,199.1064,1.47,4.14,69.52,31.3412,19.0378,198.1705,1.47,4.14,69.52,250.0675,11.9445,279.8723,0.00,100.00,182.67,-11.86,182.67,11.86,12.52
147.77,233.68,30.9869,15.9975,198.6581,6.96,100.00,72.07,-4.19,41.22,4.93,0.07,31.3898,18.9742,199.1131,31.2781,18.9560,199.4864,2.59,4.19,72.07,31.5888,19.0010,198.5370,2.59,4.19,72.07,250.0675,11.9445,279.8723,0.00,100.00,182.67,-11.86,182.67,11.86,12.52
147.83,233.32,31.2605,15.9636,198.9704,6.84,100.00,72.07,-4.24,41.23,5.24,0.51,31.6569,18.9369,199.4527,31.5450,18.9149,199.8258,3.12,4.24,72.07,31.8562,18.9692,198.8771,3.12,4.24,72.07,250.0675,11.9445,279.8723,0.00,100.00,182.67,-11.86,182.67,11.86,12.52
147.89,232.97,31.5217,15.9179,199.2685,6.35,100.00,72.08,-4.45,41.23,5.81,1.06,31.9156,18.8845,199.7922,31.8035,18.8574,200.1648,3.89,4.45,72.08,32.1154,18.9250,199.2171,3.89,4.45,72.08,250.0675,11.9445,279.8723,0.00,100.00,182.67,-11.86,182.67,11.86,12.52
147.96,232.62,31.7846,15.8530,199.5685,6.06,100.00,72.16,-5.29,41.35,8.64,4.19,32.1519,18.7766,200.3087,32.0383,18.7215,200.6778,8.02,5.29,72.16,32.3540,18.8604,199.7392,8.02,5.29,72.16,250.0675,11.9445,279.8723,0.00,100.00,182.67,-11.86,182.67,11.86,12.52
148.02,232.26,32.0556,15.8103,199.8764,6.51,100.00,72.17,-5.38,41.47,9.93,6.22,32.3869,18.7059,200.7344,32.2726,18.6348,201.1006,10.41,5.38,72.17,32.5899,18.8147,200.1695,10.41,5.38,72.17,250.0675,11.9445,279.8723,0.00,100.00,182.67,-11.86,182.67,11.86,12.52
148.08,231.91,32.3150,15.7474,200.1700,6.13,100.00,74.76,-5.45,43.89,7.99,2.76,32.7460,18.6842,200.8177,32.6497,18.6395,201.1931,6.47,5.45,74.76,32.9213,18.7517,200.2373,6.47,5.45,74.76,250.0675,11.9445,279.8723,0.00,100.00,182.67,-11.86,182.67,11.86,12.52
148.15,231.55,32.5964,15.6872,200.4626,6.11,100.00,74.41,-5.52,46.47,7.32,2.04,33.0574,18.6343,201.0389,32.9593,18.5980,201.4147,5.23,5.52,74.41,33.2353,18.6887,200.4579,5.23,5.52,74.41,250.0675,11.9445,279.8723,0.00,100.00,182.67,-11.86,182.67,11.86,12.52
148.21,231.16,32.9049,15.6364,200.7555,6.92,100.00,74.30,-4.63,49.15,6.56,3.09,33.3266,18.5905,201.3258,33.2282,18.5519,201.7013,5.58,4.63,74.30,33.5050,18.6489,200.7453,5.58,4.63,74.30,250.0675,11.9445,279.8723,0.00,100.00,182.67,-11.86,182.67,11.86,12.52
148.28,230.78,33.2046,15.6161,201.0147,6.09,100.00,74.09,-5.79,51.90,9.24,7.32,33.6217,18.5153,201.8213,33.5193,18.4453,202.1911,10.26,5.79,74.09,33.8064,18.6224,201.2498,10.26,5.79,74.09,250.0675,11.9445,279.8723,0.00,100.00,182.67,-11.86,182.67,11.86,12.52
148.35,230.40,33.5228,15.5341,201.2643,6.14,100.00,71.44,-7.78,52.08,10.64,6.86,34.0133,18.4151,202.0944,33.8918,18.3467,202.4587,9.99,7.78,71.44,34.2275,18.5186,201.5326,9.99,7.78,71.44,250.0675,11.9445,279.8723,0.00,100.00,182.67,-11.86,182.67,11.86,12.52
148.41,230.01,33.8420,15.4492,201.5129,6.08,100.00,68.02,-7.09,51.97,9.83,8.52,34.2437,18.3314,202.3859,34.1011,18.2570,202.7413,10.90,7.09,68.02,34.4903,18.4446,201.8394,10.90,7.09,68.02,250.0675,11.9445,279.8723,0.00,100.00,182.67,-11.86,182.67,11.86,12.52
148.48,229.62,34.1682,15.4193,201.7680,6.05,100.00,67.83,-9.09,54.85,10.63,5.71,34.7335,18.3069,202.5247,34.5890,18.2521,202.8829,7.94,9.09,67.83,34.9830,18.3885,201.9740,7.94,9.09,67.83,250.0675,11.9445,279.8723,0.00,100.00,182.67,-11.86,182.67,11.86,12.52
148.55,229.21,34.5123,15.3134,202.0102,6.23,100.00,67.70,-9.57,57.69,10.85,6.49,35.1013,18.1933,202.7780,34.9554,18.1363,203.1352,8.27,9.57,67.70,35.3530,18.2781,202.2287,8.27,9.57,67.70,250.0675,11.9445,279.8723,0.00,100.00,182.67,-11.86,182.67,11.86,12.52
148.62,228.79,34.8763,15.2605,202.2405,6.42,100.00,67.23,-7.09,60.18,8.24,8.90,35.3189,18.1623,203.0242,35.1718,18.0949,203.3792,9.84,7.09,67.23,35.5726,18.2645,202.4789,9.84,7.09,67.23,250.0675,11.9445,279.8723,0.00,100.00,182.67,-11.86,182.67,11.86,12.52
148.69,228.37,35.2452,15.1775,202.4519,6.41,100.00,67.57,-7.67,62.94,8.28,7.16,35.7695,18.0911,203.1345,35.6247,18.0373,203.4928,7.81,7.67,67.57,36.0194,18.1719,202.5839,7.81,7.67,67.57,250.0675,11.9445,279.8723,0.00,100.00,182.67,-11.86,182.67,11.86,12.52
148.75,227.94,35.6274,15.1159,202.6472,6.74,100.00,67.57,-4.63,65.28,4.87,5.93,36.0481,18.0779,203.1761,35.9063,18.0357,203.5371,6.12,4.63,67.57,36.2936,18.1419,202.6213,6.12,4.63,67.57,250.0675,11.9445,279.8723,0.00,100.00,182.67,-11.86,182.67,11.86,12.52
148.82,227.53,36.0044,15.0988,202.8207,5.98,100.00,70.20,-5.06,67.91,5.22,3.92,36.5062,18.0658,203.2393,36.3814,18.0369,203.6078,4.12,5.06,70.20,36.7253,18.1086,202.6715,4.12,5.06,70.20,250.0675,11.9445,279.8723,0.00,100.00,182.67,-11.86,182.67,11.86,12.52
148.89,227.08,36.4233,15.0368,202.9907,6.84,100.00,73.14,-6.77,70.85,6.98,5.10,37.0107,17.9786,203.4712,36.9035,17.9411,203.8444,5.37,6.77,73.14,37.2027,18.0341,202.8948,5.37,6.77,73.14,250.0675,11.9445,279.8723,0.00,100.00,182.67,-11.86,182.67,11.86,12.52
148.95,226.64,36.8355,14.9592,203.1338,6.79,100.00,73.73,-9.26,73.77,9.26,5.73,37.5488,17.8673,203.6479,37.4436,17.8274,204.0214,5.72,9.26,73.73,37.7378,17.9258,203.0708,5.72,9.26,73.73,250.0675,11.9445,279.8723,0.00,100.00,182.67,-11.86,182.67,11.86,12.52
149.02,226.21,37.2465,14.9374,203.2534,6.35,100.00,73.32,-3.99,75.76,3.63,8.52,37.6600,17.8949,203.8124,37.5550,17.8377,204.1837,8.36,3.99,73.32,37.8487,17.9827,203.2389,8.36,3.99,73.32,250.0675,11.9445,279.8723,0.00,100.00,182.67,-11.86,182.67,11.86,12.52
149.09,225.76,37.6847,14.8945,203.3646,6.43,100.00,73.37,-7.41,78.97,6.54,9.19,38.2681,17.8155,203.9623,38.1601,17.7570,204.3326,8.51,7.41,73.37,38.4615,17.9037,203.3904,8.51,7.41,73.37,250.0675,11.9445,279.8723,0.00,100.00,182.67,-11.86,182.67,11.86,12.52
149.16,225.29,38.1510,14.8384,203.4555,7.29,100.00,72.76,-4.76,81.12,2.84,13.23,38.5345,17.7568,204.2078,38.4244,17.6707,204.5720,12.68,4.76,72.76,38.7310,17.8894,203.6456,12.68,4.76,72.76,250.0675,11.9445,279.8723,0.00,100.00,182.67,-11.86,182.67,11.86,12.52
149.22,224.85,38.5934,14.8549,203.5246,6.97,100.00,75.20,-3.61,83.59,1.86,11.92,38.9676,17.7962,204.1869,38.8749,17.7179,204.5576,11.52,3.61,75.20,39.1373,17.9172,203.6135,11.52,3.61,75.20,250.0675,11.9445,279.8723,0.00,100.00,182.67,-11.86,182.67,11.86,12.52
149.29,224.44,39.0193,14.8287,203.5724,6.40,100.00,75.07,-2.82,83.56,1.69,7.70,39.4102,17.8086,204.0164,39.3178,17.7582,204.3921,7.37,2.82,75.07,39.5794,17.8862,203.4354,7.37,2.82,75.07,250.0675,11.9445,279.8723,0.00,100.00,182.67,-11.86,182.67,11.86,12.52
149.35,224.01,39.4526,14.8067,203.6213,6.74,100.00,74.99,-2.01,83.53,1.37,4.36,39.8469,17.8071,203.8900,39.7548,17.7788,204.2681,4.11,2.01,74.99,40.0155,17.8505,203.3053,4.11,2.01,74.99,250.0675,11.9445,279.8723,0.00,100.00,182.67,-11.86,182.67,11.86,12.52
149.42,223.60,39.8756,14.7807,203.6693,6.62,100.00,77.02,-2.81,85.57,2.24,3.95,40.3262,17.7759,203.9056,40.2473,17.7511,204.2869,3.57,2.81,77.02,40.4744,17.8134,203.3150,3.57,2.81,77.02,250.0675,11.9445,279.8723,0.00,100.00,182.67,-11.86,182.67,11.86,12.52
149.48,223.19,40.3016,14.7687,203.7022,7.09,100.00,78.71,0.50,87.23,358.61,5.83,40.5639,17.7793,204.0147,40.4981,17.7389,204.3972,5.97,359.50,78.71,40.6919,17.8428,203.4216,5.97,359.50,78.71,250.0675,11.9445,279.8723,0.00,100.00,182.67,-11.86,182.67,11.86,12.52
149.55,222.80,40.7050,14.7997,203.7217,6.04,100.00,80.59,-0.11,89.09,359.12,6.56,41.0036,17.8036,204.0642,40.9500,17.7587,204.4480,6.61,0.11,80.59,41.1127,17.8739,203.4680,6.61,0.11,80.59,250.0675,11.9445,279.8723,0.00,100.00,182.67,-11.86,182.67,11.86,12.52
149.61,222.37,41.1594,14.7881,203.7290,6.90,100.00,80.56,-1.65,91.26,0.74,4.93,41.5536,17.7906,203.9728,41.4988,17.7583,204.3577,4.71,1.65,80.56,41.6647,17.8404,203.3750,4.71,1.65,80.56,250.0675,11.9445,279.8723,0.00,100.00,182.67,-11.86,182.67,11.86,12.52
149.67,221.95,41.6103,14.7956,203.7191,7.47,100.00,79.76,0.40,92.37,357.73,8.25,41.8592,17.7947,204.1354,41.8009,17.7368,204.5168,8.55,359.60,79.76,41.9756,17.8855,203.5435,8.55,359.60,79.76,250.0675,11.9445,279.8723,0.00,100.00,182.67,-11.86,182.67,11.86,12.52
149.74,221.56,42.0277,14.7955,203.7018,6.26,100.00,79.17,-0.31,93.84,358.87,5.55,42.3364,17.8063,203.9666,42.2731,17.7678,204.3497,5.66,0.31,79.17,42.4606,17.8663,203.3724,5.66,0.31,79.17,250.0675,11.9445,279.8723,0.00,100.00,182.67,-11.86,182.67,11.86,12.52
149.80,221.14,42.4953,14.7894,203.6704,7.84,100.00,78.37,-1.94,94.89,0.91,3.73,42.9079,17.7954,203.8252,42.8384,17.7725,204.2085,3.32,1.94,78.37,43.0416,17.8304,203.2310,3.32,1.94,78.37,250.0675,11.9445,279.8723,0.00,100.00,182.67,-11.86,182.67,11.86,12.52
149.86,220.75,42.9192,14.8188,203.6341,6.39,100.00,78.81,2.63,95.31,355.89,4.62,43.0737,17.8448,203.8567,43.0099,17.8073,204.2397,5.60,357.37,78.81,43.1987,17.9047,203.2625,5.60,357.37,78.81,250.0675,11.9445,279.8723,0.00,100.00,182.67,-11.86,182.67,11.86,12.52
149.93,220.32,43.3980,14.8395,203.5895,7.31,100.00,79.57,1.86,96.10,357.10,3.22,43.6111,17.8669,203.7303,43.5514,17.8406,204.1149,3.92,358.14,79.57,43.7297,17.9088,203.1333,3.92,358.14,79.57,250.0675,11.9445,279.8723,0.00,100.00,182.67,-11.86,182.67,11.86,12.52
150.00,219.89,43.8779,14.8687,203.5382,7.47,100.00,80.28,1.72,96.77,356.74,4.95,44.0850,17.8910,203.7687,44.0304,17.8528,204.1531,5.67,358.28,80.28,44.1955,17.9515,203.1718,5.67,358.28,80.28,250.0675,11.9445,279.8723,0.00,100.00,182.67,-11.86,182.67,11.86,12.52
150.06,219.46,44.3566,14.8767,203.4814,7.84,100.00,80.77,0.28,97.28,358.58,3.80,44.6540,17.8961,203.6378,44.6016,17.8687,204.0234,4.04,359.72,80.77,44.7613,17.9392,203.0387,4.04,359.72,80.77,250.0675,11.9445,279.8723,0.00,100.00,182.67,-11.86,182.67,11.86,12.52
150.12,219.04,44.8191,14.9232,203.4223,7.29,100.00,79.94,0.48,97.52,357.46,6.40,45.0772,17.9356,203.7206,45.0198,17.8890,204.1036,6.87,359.52,79.94,45.1922,18.0086,203.1259,6.87,359.52,79.94,250.0675,11.9445,279.8723,0.00,100.00,182.67,-11.86,182.67,11.86,12.52
150.19,218.61,45.3089,14.9444,203.3576,7.31,100.00,79.26,1.40,98.03,356.18,6.85,45.5061,17.9582,203.6861,45.4451,17.9062,204.0679,7.71,358.60,79.26,45.6266,18.0403,203.0937,7.71,358.60,79.26,250.0675,11.9445,279.8723,0.00,100.00,182.67,-11.86,182.67,11.86,12.52
150.25,218.15,45.8305,14.9893,203.2841,8.66,100.00,78.89,0.37,98.89,357.98,4.47,46.1062,18.0090,203.4720,46.0414,17.9758,203.8552,4.89,359.63,78.89,46.2329,18.0611,202.8774,4.89,359.63,78.89,250.0675,11.9445,279.8723,0.00,100.00,182.67,-11.86,182.67,11.86,12.52
150.31,217.72,46.3090,14.9962,203.2092,7.85,100.00,77.78,0.34,98.85,356.85,7.20,46.5484,18.0059,203.5476,46.4767,17.9527,203.9274,7.85,359.66,77.78,46.6856,18.0892,202.9590,7.85,359.66,77.78,250.0675,11.9445,279.8723,0.00,100.00,182.67,-11.86,182.67,11.86,12.52
150.38,217.29,46.8015,15.0021,203.1326,7.81,100.00,77.98,-2.25,99.23,2.96,358.61,47.2871,17.9969,202.9723,47.2163,18.0126,203.3557,357.63,2.25,77.98,47.4228,17.9713,202.3781,357.63,2.25,77.98,250.0675,11.9445,279.8723,0.00,100.00,182.67,-11.86,182.67,11.86,12.52
150.44,216.84,47.3200,14.9988,203.0482,8.54,100.00,78.01,0.32,99.25,359.44,0.56,47.6397,18.0199,203.0190,47.5685,18.0150,203.4025,0.73,359.68,78.01,47.7761,18.0277,202.4244,0.73,359.68,78.01,250.0675,11.9445,279.8723,0.00,100.00,182.67,-11.86,182.67,11.86,12.52
150.50,216.39,47.8293,14.9984,202.9653,8.41,100.00,77.17,0.66,99.19,357.94,3.34,48.0945,18.0222,203.0932,48.0182,17.9960,203.4749,3.87,359.34,77.17,48.2389,18.0634,202.5019,3.87,359.34,77.17,250.0675,11.9445,279.8723,0.00,100.00,182.67,-11.86,182.67,11.86,12.52
150.56,215.94,48.3462,15.0696,202.8816,8.42,100.00,76.36,0.19,99.19,357.91,4.44,48.6194,18.0897,203.0671,48.5376,18.0564,203.4471,4.90,359.81,76.36,48.7723,18.1419,202.4788,4.90,359.81,76.36,250.0675,11.9445,279.8723,0.00,100.00,182.67,-11.86,182.67,11.86,12.52
150.62,215.47,48.8844,15.0730,202.7945,9.02,100.00,76.49,-1.44,99.32,359.66,4.51,49.2495,18.0841,202.9682,49.1676,18.0547,203.3485,4.29,1.44,76.49,49.4024,18.1295,202.3793,4.29,1.44,76.49,250.0675,11.9445,279.8723,0.00,100.00,182.67,-11.86,182.67,11.86,12.52
150.68,215.02,49.3937,15.0920,202.7110,8.14,100.00,76.50,-1.62,99.19,358.52,7.70,49.7261,18.0917,203.0597,49.6441,18.0393,203.4376,7.67,1.62,76.50,49.8791,18.1728,202.4748,7.67,1.62,76.50,250.0675,11.9445,279.8723,0.00,100.00,182.67,-11.86,182.67,11.86,12.52
150.75,214.56,49.9190,15.1003,202.6259,8.44,100.00,76.07,1.30,98.75,355.26,7.94,50.0816,18.1090,203.0156,50.0000,18.0472,203.3921,9.15,358.70,76.07,50.2341,18.2062,202.4330,9.15,358.70,76.07,250.0675,11.9445,279.8723,0.00,100.00,182.67,-11.86,182.67,11.86,12.52
150.81,214.10,50.4491,15.1187,202.5444,8.45,100.00,76.20,0.04,99.00,357.70,5.36,50.7181,18.1357,202.7804,50.6353,18.0960,203.1596,5.84,359.96,76.20,50.8725,18.1977,202.1934,5.84,359.96,76.20,250.0675,11.9445,279.8723,0.00,100.00,182.67,-11.86,182.67,11.86,12.52
150.87,213.62,50.9933,15.1388,202.4582,9.25,100.00,75.92,-3.71,99.29,0.45,8.28,51.4307,18.1234,202.8200,51.3431,18.0725,203.1968,7.42,3.71,75.92,51.5925,18.2014,202.2370,7.42,3.71,75.92,250.0675,11.9445,279.8723,0.00,100.00,182.67,-11.86,182.67,11.86,12.52
150.93,213.17,51.5123,15.1142,202.3733,8.91,100.00,75.07,-2.63,99.21,0.04,6.31,51.9119,18.1143,202.6374,51.8198,18.0749,203.0144,5.74,2.63,75.07,52.0806,18.1748,202.0542,5.74,2.63,75.07,250.0675,11.9445,279.8723,0.00,100.00,182.67,-11.86,182.67,11.86,12.52
150.99,212.71,52.0351,15.0872,202.2885,8.26,100.00,74.54,-6.67,99.67,5.01,5.02,52.6809,18.0521,202.4393,52.5847,18.0345,202.8170,2.42,6.67,74.54,52.8558,18.0765,201.8553,2.42,6.67,74.54,250.0675,11.9445,279.8723,0.00,100.00,182.67,-11.86,182.67,11.86,12.52
151.06,212.21,52.6096,15.1044,202.1906,9.48,100.00,73.27,-2.83,98.65,358.09,10.52,52.9391,18.0829,202.6907,52.8349,18.0127,203.0600,10.31,2.83,73.27,53.1266,18.1915,202.1204,10.31,2.83,73.27,250.0675,11.9445,279.8723,0.00,100.00,182.67,-11.86,182.67,11.86,12.52
151.12,211.72,53.1723,15.1452,202.1050,9.07,100.00,73.49,-4.56,98.94,0.12,10.26,53.6067,18.1153,202.5737,53.5021,18.0523,202.9443,9.20,4.56,73.49,53.7948,18.2117,202.0014,9.20,4.56,73.49,250.0675,11.9445,279.8723,0.00,100.00,182.67,-11.86,182.67,11.86,12.52
151.18,211.21,53.7564,15.1711,202.0131,9.49,100.00,73.64,-5.62,98.77,359.60,13.84,54.1910,18.1054,202.6694,54.0854,18.0193,203.0350,12.67,5.62,73.64,54.3808,18.2377,202.1049,12.67,5.62,73.64,250.0675,11.9445,279.8723,0.00,100.00,182.67,-11.86,182.67,11.86,12.52
151.24,210.70,54.3446,15.1448,201.9223,9.48,100.00,72.89,-4.32,98.43,358.41,13.12,54.7095,18.0940,202.5540,54.6009,18.0091,202.9189,12.50,4.32,72.89,54.9037,18.2249,201.9906,12.50,4.32,72.89,250.0675,11.9445,279.8723,0.00,100.00,182.67,-11.86,182.67,11.86,12.52
151.31,210.17,54.9456,15.1924,201.8332,9.40,100.00,72.16,-1.70,98.03,355.39,13.14,55.1520,18.1514,202.4901,55.0429,18.0581,202.8528,13.81,1.70,72.16,55.3472,18.2967,201.9306,13.81,1.70,72.16,250.0675,11.9445,279.8723,0.00,100.00,182.67,-11.86,182.67,11.86,12.52
151.37,209.62,55.5731,15.1940,201.7446,9.79,100.00,73.32,-5.03,99.00,358.00,15.41,55.9425,18.1158,202.4911,55.8355,18.0162,202.8528,14.72,5.03,73.32,56.1345,18.2693,201.9328,14.72,5.03,73.32,250.0675,11.9445,279.8723,0.00,100.00,182.67,-11.86,182.67,11.86,12.52
151.43,209.07,56.2094,15.2001,201.6438,10.57,100.00,72.87,-3.43,98.17,355.10,17.76,56.4414,18.0957,202.5338,56.3348,17.9742,202.8889,18.09,3.43,72.87,56.6325,18.2842,201.9859,18.09,3.43,72.87,250.0675,11.9445,279.8723,0.00,100.00,182.67,-11.86,182.67,11.86,12.52
151.50,208.54,56.8167,15.2115,201.5566,9.64,100.00,72.30,-3.41,98.83,357.56,12.33,57.1361,18.1735,202.1524,57.0250,18.0912,202.5173,12.10,3.41,72.30,57.3341,18.3006,201.5896,12.10,3.41,72.30,250.0675,11.9445,279.8723,0.00,100.00,182.67,-11.86,182.67,11.86,12.52
151.56,207.98,57.4612,15.3117,201.4565,9.90,100.00,70.91,-0.61,96.75,350.26,20.50,57.4515,18.1594,202.5151,57.3417,18.0094,202.8581,22.60,0.61,70.91,57.6475,18.3937,201.9870,22.60,0.61,70.91,250.0675,11.9445,279.8723,0.00,100.00,182.67,-11.86,182.67,11.86,12.52
151.63,207.39,58.1398,15.3339,201.3762,10.95,100.00,73.91,-10.22,100.77,0.65,20.64,58.7125,18.1565,202.3433,58.5986,18.0359,202.6964,18.04,10.22,73.91,58.9149,18.3406,201.7980,18.04,10.22,73.91,250.0675,11.9445,279.8723,0.00,100.00,182.67,-11.86,182.67,11.86,12.52
151.69,206.84,58.7865,15.3346,201.2532,10.15,100.00,71.74,-5.79,98.67,354.78,21.89,59.0478,18.1577,202.3451,58.9299,18.0128,202.6876,21.76,5.79,71.74,59.2564,18.3816,201.8173,21.76,5.79,71.74,250.0675,11.9445,279.8723,0.00,100.00,182.67,-11.86,182.67,11.86,12.52
151.76,206.25,59.4685,15.4046,201.1491,10.19,100.00,73.25,-9.55,100.79,359.92,20.11,60.0015,18.2413,202.0973,59.8850,18.1222,202.4501,17.79,9.55,73.25,60.2080,18.4235,201.5529,17.79,9.55,73.25,250.0675,11.9445,279.8723,0.00,100.00,182.67,-11.86,182.67,11.86,12.52
151.83,205.65,60.1712,15.4774,201.0152,10.78,100.00,72.66,-7.87,99.81,357.34,21.46,60.5740,18.3018,202.0596,60.4568,18.1670,202.4065,20.20,7.87,72.66,60.7815,18.5091,201.5247,20.20,7.87,72.66,250.0675,11.9445,279.8723,0.00,100.00,182.67,-11.86,182.67,11.86,12.52
151.90,205.07,60.8511,15.5349,200.8976,9.97,100.00,70.70,-5.16,98.75,354.64,20.12,61.0906,18.3914,201.9043,60.9676,18.2566,202.2491,20.17,5.16,70.70,61.3071,18.5999,201.3734,20.17,5.16,70.70,250.0675,11.9445,279.8723,0.00,100.00,182.67,-11.86,182.67,11.86,12.52
151.97,204.45,61.5678,15.6445,200.7873,10.40,100.00,69.46,-3.15,98.37,352.37,19.46,61.6822,18.5136,201.7799,61.5564,18.3759,202.1225,20.62,3.15,69.46,61.9030,18.7275,201.2529,20.62,3.15,69.46,250.0675,11.9445,279.8723,0.00,100.00,182.67,-11.86,182.67,11.86,12.52
152.04,203.82,62.3023,15.7489,200.6792,10.48,100.00,71.66,-7.50,99.65,354.50,24.69,62.5965,18.5148,201.9014,62.4742,18.3550,202.2356,24.19,7.50,71.66,62.8119,18.7613,201.3866,24.19,7.50,71.66,250.0675,11.9445,279.8723,0.00,100.00,182.67,-11.86,182.67,11.86,12.52
152.10,203.17,63.0594,15.8388,200.5504,12.20,100.00,69.80,-3.28,97.57,349.71,24.72,63.0802,18.6014,201.8145,62.9597,18.4273,202.1422,26.47,3.28,69.80,63.2927,18.8722,201.3108,26.47,3.28,69.80,250.0675,11.9445,279.8723,0.00,100.00,182.67,-11.86,182.67,11.86,12.52
152.17,202.59,63.7353,15.8938,200.4606,10.33,100.00,71.76,-8.33,100.07,354.87,25.34,64.0627,18.6447,201.7076,63.9387,18.4831,202.0404,24.52,8.33,71.76,64.2806,18.8938,201.1951,24.52,8.33,71.76,250.0675,11.9445,279.8723,0.00,100.00,182.67,-11.86,182.67,11.86,12.52
152.23,201.99,64.4349,15.9755,200.3364,11.32,100.00,70.38,-6.42,99.43,353.49,23.49,64.6638,18.7679,201.5113,64.5367,18.6121,201.8456,23.52,6.42,70.38,64.8866,19.0086,200.9969,23.52,6.42,70.38,250.0675,11.9445,279.8723,0.00,100.00,182.67,-11.86,182.67,11.86,12.52
152.29,201.43,65.0924,16.0537,200.2272,10.49,100.00,70.33,-8.46,99.86,354.43,25.26,65.3935,18.8071,201.4756,65.2610,18.6457,201.8051,24.49,8.46,70.33,65.6248,19.0557,200.9688,24.49,8.46,70.33,250.0675,11.9445,279.8723,0.00,100.00,182.67,-11.86,182.67,11.86,12.52
152.36,200.87,65.7653,16.1764,200.1102,10.34,100.00,69.54,-7.57,99.95,353.20,24.81,66.0055,18.9408,201.3473,65.8708,18.7786,201.6755,24.60,7.57,69.54,66.2399,19.1912,200.8428,24.60,7.57,69.54,250.0675,11.9445,279.8723,0.00,100.00,182.67,-11.86,182.67,11.86,12.52
152.43,200.27,66.4772,16.2794,199.9853,10.80,100.00,70.44,-8.78,100.25,352.41,28.30,66.7262,18.9629,201.3878,66.5939,18.7806,201.7063,27.98,8.78,70.44,66.9570,19.2442,200.8981,27.98,8.78,70.44,250.0675,11.9445,279.8723,0.00,100.00,182.67,-11.86,182.67,11.86,12.52
152.50,199.65,67.2027,16.3539,199.8541,11.17,100.00,69.23,-7.30,99.68,351.37,26.79,67.3726,19.0729,201.1988,67.2376,18.8951,201.5187,27.16,7.30,69.23,67.6074,19.3478,200.7074,27.16,7.30,69.23,250.0675,11.9445,279.8723,0.00,100.00,182.67,-11.86,182.67,11.86,12.52
152.56,199.05,67.9245,16.4566,199.7310,11.11,100.00,69.51,-7.88,99.80,351.66,27.47,68.1184,19.1600,201.1037,67.9834,18.9797,201.4222,27.59,7.88,69.51,68.3532,19.4385,200.6143,27.59,7.88,69.51,250.0675,11.9445,279.8723,0.00,100.00,182.67,-11.86,182.67,11.86,12.52
152.63,198.43,68.6582,16.5370,199.6042,11.40,100.00,70.10,-9.48,100.79,354.01,26.62,68.9750,19.2598,200.9142,68.8385,19.0916,201.2387,25.66,9.48,70.10,69.2124,19.5187,200.4154,25.66,9.48,70.10,250.0675,11.9445,279.8723,0.00,100.00,182.67,-11.86,182.67,11.86,12.52
152.69,197.81,69.3931,16.5661,199.4642,11.40,100.00,69.81,-10.00,100.70,354.25,26.98,69.7231,19.2803,200.7888,69.5835,19.1114,201.1116,25.80,10.00,69.81,69.9651,19.5399,200.2926,25.80,10.00,69.81,250.0675,11.9445,279.8723,0.00,100.00,182.67,-11.86,182.67,11.86,12.52
152.76,197.19,70.1385,16.6380,199.3233,11.32,100.00,71.29,-13.83,102.73,358.19,27.62,70.7038,19.3249,200.6238,70.5627,19.1672,200.9515,24.22,13.83,71.29,70.9482,19.5655,200.1192,24.22,13.83,71.29,250.0675,11.9445,279.8723,0.00,100.00,182.67,-11.86,182.67,11.86,12.52
152.83,196.56,70.9111,16.6737,199.1488,12.19,100.00,71.46,-14.22,102.88,358.50,27.87,71.4970,19.3529,200.4558,71.3559,19.1951,200.7834,24.27,14.22,71.46,71.7414,19.5936,199.9512,24.27,14.22,71.46,250.0675,11.9445,279.8723,0.00,100.00,182.67,-11.86,182.67,11.86,12.52
152.89,195.94,71.6653,16.6898,198.9763,11.35,100.00,70.48,-13.12,101.41,356.61,28.87,72.1414,19.3520,200.3604,71.9968,19.1823,200.6806,26.15,13.12,70.48,72.3911,19.6116,199.8680,26.15,13.12,70.48,250.0675,11.9445,279.8723,0.00,100.00,182.67,-11.86,182.67,11.86,12.52
152.96,195.28,72.4673,16.7331,198.8144,12.45,100.00,70.50,-14.16,101.89,358.38,27.95,73.0260,19.4111,200.1358,72.8795,19.2525,200.4607,24.40,14.16,70.50,73.2787,19.6530,199.6360,24.40,14.16,70.50,250.0675,11.9445,279.8723,0.00,100.00,182.67,-11.86,182.67,11.86,12.52
153.03,194.65,73.2353,16.7261,198.6526,11.70,100.00,69.45,-14.24,101.36,359.45,26.36,73.8156,19.4366,199.8963,73.6638,19.2899,200.2244,22.42,14.24,69.45,74.0761,19.6596,199.3917,22.42,14.24,69.45,250.0675,11.9445,279.8723,0.00,100.00,182.67,-11.86,182.67,11.86,12.52
153.10,194.01,74.0136,16.6846,198.4963,11.69,100.00,69.39,-15.80,100.48,359.90,28.84,74.6170,19.3321,199.8590,74.4599,19.1741,200.1792,24.45,15.80,69.39,74.8858,19.5723,199.3668,24.45,15.80,69.39,250.0675,11.9445,279.8723,0.00,100.00,182.67,-11.86,182.67,11.86,12.52
153.16,193.35,74.8119,16.6593,198.3486,11.93,100.00,69.03,-16.54,100.09,1.13,28.49,75.4590,19.3077,199.6892,75.2986,19.1555,200.0105,23.55,16.54,69.03,75.7329,19.5385,199.1953,23.55,16.54,69.03,250.0675,11.9445,279.8723,0.00,100.00,182.67,-11.86,182.67,11.86,12.52
153.23,192.68,75.6175,16.5790,198.2053,11.67,100.00,68.72,-18.26,100.44,3.77,27.46,76.3852,19.2312,199.4726,76.2209,19.0942,199.7988,21.20,18.26,68.72,76.6649,19.4376,198.9712,21.20,18.26,68.72,250.0675,11.9445,279.8723,0.00,100.00,182.67,-11.86,182.67,11.86,12.52
153.30,192.00,76.4363,16.5951,198.0544,12.39,100.00,68.69,-18.20,100.14,3.21,28.26,77.1774,19.2329,199.3670,77.0121,19.0897,199.6901,22.22,18.20,68.69,77.4585,19.4489,198.8706,22.22,18.20,68.69,250.0675,11.9445,279.8723,0.00,100.00,182.67,-11.86,182.67,11.86,12.52
153.37,191.36,77.2079,16.5245,197.9164,11.71,100.00,68.47,-17.62,100.88,4.68,24.80,78.0076,19.2293,199.0454,77.8461,19.1094,199.3796,18.33,17.62,68.47,78.2830,19.4091,198.5316,18.33,17.62,68.47,250.0675,11.9445,279.8723,0.00,100.00,182.67,-11.86,182.67,11.86,12.52
153.44,190.72,77.9870,16.4764,197.7666,11.78,100.00,69.32,-19.84,101.38,5.64,27.46,78.8599,19.1102,199.0041,78.6968,18.9804,199.3338,20.15,19.84,69.32,79.1377,19.3045,198.4968,20.15,19.84,69.32,250.0675,11.9445,279.8723,0.00,100.00,182.67,-11.86,182.67,11.86,12.52
153.50,190.07,78.7774,16.4753,197.6074,11.83,100.00,68.73,-18.83,101.49,5.77,25.21,79.6429,19.1597,198.7365,79.4809,19.0425,199.0714,17.99,18.83,68.73,79.9189,19.3348,198.2213,17.99,18.83,68.73,250.0675,11.9445,279.8723,0.00,100.00,182.67,-11.86,182.67,11.86,12.52
153.57,189.42,79.5830,16.4514,197.4436,12.15,100.00,67.49,-17.69,100.81,5.61,23.23,80.4136,19.1799,198.4901,80.2484,19.0728,198.8269,16.27,17.69,67.49,80.6945,19.3397,197.9727,16.27,17.69,67.49,250.0675,11.9445,279.8723,0.00,100.00,182.67,-11.86,182.67,11.86,12.52
153.64,188.76,80.3933,16.4732,197.2889,11.63,100.00,66.50,-16.67,97.93,0.94,28.69,80.9820,19.1179,198.6633,80.8071,18.9648,198.9767,23.71,16.67,66.50,81.2780,19.3500,198.1830,23.71,16.67,66.50,250.0675,11.9445,279.8723,0.00,100.00,182.67,-11.86,182.67,11.86,12.52
153.71,188.03,81.2630,16.4455,197.1677,13.39,100.00,65.32,-15.30,97.76,1.82,24.69,81.8652,19.1780,198.3513,81.6891,19.0485,198.6745,19.69,15.30,65.32,82.1631,19.3736,197.8561,19.69,15.30,65.32,250.0675,11.9445,279.8723,0.00,100.00,182.67,-11.86,182.67,11.86,12.52
153.77,187.35,82.0745,16.4276,197.0571,12.47,100.00,64.51,-14.66,96.71,0.79,25.12,82.6083,19.1579,198.2780,82.4286,19.0223,198.5966,20.65,14.66,64.51,82.9118,19.3635,197.7903,20.65,14.66,64.51,250.0675,11.9445,279.8723,0.00,100.00,182.67,-11.86,182.67,11.86,12.52
153.84,186.66,82.8986,16.4870,196.9601,12.46,100.00,63.62,-13.00,95.52,358.72,25.30,83.3094,19.2255,198.2099,83.1281,19.0813,198.5237,21.94,13.00,63.62,83.6155,19.4452,197.7301,21.94,13.00,63.62,250.0675,11.9445,279.8723,0.00,100.00,182.67,-11.86,182.67,11.86,12.52
153.91,185.93,83.7474,16.4881,196.8781,12.63,100.00,61.70,-10.35,95.00,358.03,21.05,84.0930,19.3174,197.9295,83.9068,19.1937,198.2492,18.53,10.35,61.70,84.4065,19.5064,197.4414,18.53,10.35,61.70,250.0675,11.9445,279.8723,0.00,100.00,182.67,-11.86,182.67,11.86,12.52
153.97,185.19,84.6159,16.5391,196.8021,13.88,100.00,61.55,-11.40,94.87,357.43,23.51,84.9419,19.3223,197.9759,84.7528,19.1843,198.2880,20.85,11.40,61.55,85.2598,19.5332,197.4998,20.85,11.40,61.55,250.0675,11.9445,279.8723,0.00,100.00,182.67,-11.86,182.67,11.86,12.52
154.03,184.49,85.4345,16.5996,196.7324,13.09,100.00,61.13,-10.03,94.32,355.91,23.33,85.6748,19.3913,197.9066,85.4864,19.2485,198.2169,21.55,10.03,61.13,85.9915,19.6102,197.4333,21.55,10.03,61.13,250.0675,11.9445,279.8723,0.00,100.00,182.67,-11.86,182.67,11.86,12.52
154.10,183.79,86.2591,16.6757,196.6701,12.47,100.00,61.42,-9.17,94.27,354.31,24.21,86.4257,19.4523,197.8921,86.2414,19.2992,198.1999,23.17,9.17,61.42,86.7362,19.6876,197.4226,23.17,9.17,61.42,250.0675,11.9445,279.8723,0.00,100.00,182.67,-11.86,182.67,11.86,12.52
154.16,183.04,87.1375,16.7604,196.6045,13.98,100.00,61.35,-8.25,94.06,352.40,25.26,87.2137,19.5150,197.8838,87.0322,19.3500,198.1871,25.07,8.25,61.35,87.5198,19.7693,197.4214,25.07,8.25,61.35,250.0675,11.9445,279.8723,0.00,100.00,182.67,-11.86,182.67,11.86,12.52
154.23,182.32,87.9767,16.8237,196.5449,12.72,100.00,61.43,-8.03,94.92,353.11,23.52,88.0945,19.6157,197.7369,87.9129,19.4624,198.0463,23.17,8.03,61.43,88.4008,19.8520,197.2652,23.17,8.03,61.43,250.0675,11.9445,279.8723,0.00,100.00,182.67,-11.86,182.67,11.86,12.52
154.29,181.57,88.8641,16.9320,196.4685,14.08,100.00,61.68,-7.36,94.77,351.55,24.68,88.9114,19.6987,197.7227,88.7339,19.5339,198.0285,25.01,7.36,61.68,89.2114,19.9532,197.2564,25.01,7.36,61.68,250.0675,11.9445,279.8723,0.00,100.00,182.67,-11.86,182.67,11.86,12.52
154.36,180.85,89.7210,17.0664,196.3969,13.06,100.00,62.28,-7.37,95.92,352.79,22.80,89.8386,19.8732,197.5538,89.6630,19.7223,197.8678,22.75,7.37,62.28,90.1358,20.1058,197.0745,22.75,7.37,62.28,250.0675,11.9445,279.8723,0.00,100.00,182.67,-11.86,182.67,11.86,12.52
154.43,180.09,90.6255,17.1818,196.3032,14.15,100.00,62.73,-6.97,96.09,351.77,23.62,90.7034,19.9712,197.5047,90.5319,19.8125,197.8170,24.01,6.97,62.73,90.9943,20.2163,197.0277,24.01,6.97,62.73,250.0675,11.9445,279.8723,0.00,100.00,182.67,-11.86,182.67,11.86,12.52
154.49,179.36,91.5100,17.2851,196.2088,14.32,100.00,63.51,-7.79,96.71,352.22,24.43,91.6298,20.0577,197.4451,91.4607,19.8965,197.7576,24.43,7.79,63.51,91.9170,20.3063,196.9677,24.43,7.79,63.51,250.0675,11.9445,279.8723,0.00,100.00,182.67,-11.86,182.67,11.86,12.52
154.55,178.65,92.3715,17.3762,196.1074,13.40,100.00,64.34,-8.77,97.79,353.74,23.92,92.5825,20.1594,197.3071,92.4151,20.0063,197.6245,23.16,8.77,64.34,92.8673,20.3950,196.8217,23.16,8.77,64.34,250.0675,11.9445,279.8723,0.00,100.00,182.67,-11.86,182.67,11.86,12.52
154.62,177.91,93.2782,17.4550,195.9834,14.38,100.00,64.95,-9.65,98.54,354.90,23.76,93.5592,20.2401,197.1642,93.3929,20.0920,197.4846,22.38,9.65,64.95,93.8422,20.4673,196.6738,22.38,9.65,64.95,250.0675,11.9445,279.8723,0.00,100.00,182.67,-11.86,182.67,11.86,12.52
154.68,177.18,94.1763,17.5299,195.8485,14.85,100.00,65.20,-10.50,99.10,355.64,23.96,94.5063,20.3092,197.0303,94.3394,20.1632,197.3513,22.08,10.50,65.20,94.7902,20.5328,196.5388,22.08,10.50,65.20,250.0675,11.9445,279.8723,0.00,100.00,182.67,-11.86,182.67,11.86,12.52
154.74,176.49,95.0467,17.6231,195.7090,13.89,100.00,65.36,-11.39,99.80,356.87,23.53,95.4457,20.4079,196.8561,95.2777,20.2693,197.1797,20.95,11.39,65.36,95.7313,20.6198,196.3603,20.95,11.39,65.36,250.0675,11.9445,279.8723,0.00,100.00,182.67,-11.86,182.67,11.86,12.52
154.80,175.76,95.9603,17.6434,195.5512,14.74,100.00,65.88,-12.69,100.64,358.45,23.44,96.4509,20.4234,196.6742,96.2834,20.2915,197.0008,19.94,12.69,65.88,96.7359,20.6241,196.1734,19.94,12.69,65.88,250.0675,11.9445,279.8723,0.00,100.00,182.67,-11.86,182.67,11.86,12.52
154.87,175.05,96.8678,17.6430,195.3808,15.03,100.00,66.04,-14.04,101.14,0.11,23.38,97.4463,20.4153,196.4807,97.2773,20.2904,196.8094,18.88,14.04,66.04,97.7334,20.6044,195.9767,18.88,14.04,66.04,250.0675,11.9445,279.8723,0.00,100.00,182.67,-11.86,182.67,11.86,12.52
154.93,174.35,97.7606,17.6041,195.2049,14.19,100.00,66.34,-15.97,101.88,2.28,23.57,98.4578,20.3569,196.2848,98.2876,20.2401,196.6159,17.71,15.97,66.34,98.7465,20.5325,195.7769,17.71,15.97,66.34,250.0675,11.9445,279.8723,0.00,100.00,182.67,-11.86,182.67,11.86,12.52
155.00,173.63,98.6985,17.5378,195.0077,14.83,100.00,66.36,-17.39,102.38,4.09,23.42,99.4880,20.2779,196.0558,99.3165,20.1696,196.3891,16.44,17.39,66.36,99.7786,20.4397,195.5444,16.44,17.39,66.36,250.0675,11.9445,279.8723,0.00,100.00,182.67,-11.86,182.67,11.86,12.52
155.06,172.90,99.6505,17.4470,194.7987,15.44,100.00,66.27,-18.07,102.77,5.68,22.41,100.5123,20.1914,195.7763,100.3412,20.0949,196.1133,14.60,18.07,66.27,100.8022,20.3345,195.2589,14.60,18.07,66.27,250.0675,11.9445,279.8723,0.00,100.00,182.67,-11.86,182.67,11.86,12.52
155.12,172.18,100.5860,17.3559,194.5868,15.22,100.00,66.02,-18.68,103.06,7.45,21.04,101.5233,20.1059,195.4750,101.3527,20.0237,195.8161,12.34,18.68,66.02,101.8124,20.2262,194.9514,12.34,18.68,66.02,250.0675,11.9445,279.8723,0.00,100.00,182.67,-11.86,182.67,11.86,12.52
155.19,171.48,101.5222,17.2050,194.3695,15.03,100.00,65.85,-19.50,103.14,8.72,20.75,102.5174,19.9441,195.2283,102.3463,19.8687,195.5706,11.30,19.50,65.85,102.8071,20.0534,194.7026,11.30,19.50,65.85,250.0675,11.9445,279.8723,0.00,100.00,182.67,-11.86,182.67,11.86,12.52
155.25,170.76,102.4662,17.0262,194.1490,15.19,100.00,65.99,-19.83,103.53,9.75,19.94,103.5085,19.7652,194.9502,103.3398,19.6982,195.2955,9.98,19.83,65.99,103.7943,19.8613,194.4199,9.98,19.83,65.99,250.0675,11.9445,279.8723,0.00,100.00,182.67,-11.86,182.67,11.86,12.52
155.31,170.07,103.3987,16.8428,193.9246,15.48,100.00,66.10,-19.92,103.77,10.42,19.24,104.4690,19.5842,194.6792,104.3025,19.5234,195.0268,9.00,19.92,66.10,104.7515,19.6705,194.1454,9.00,19.92,66.10,250.0675,11.9445,279.8723,0.00,100.00,182.67,-11.86,182.67,11.86,12.52
155.38,169.40,104.2960,16.6822,193.7046,14.02,100.00,65.50,-20.08,103.51,11.75,17.77,105.4121,19.4268,194.3769,105.2454,19.3790,194.7263,6.96,20.08,65.50,105.6948,19.4927,193.8403,6.96,20.08,65.50,250.0675,11.9445,279.8723,0.00,100.00,182.67,-11.86,182.67,11.86,12.52
155.45,168.70,105.2369,16.4731,193.4785,15.04,100.00,64.83,-19.90,102.91,12.23,16.87,106.3609,19.2235,194.1126,106.1920,19.1821,194.4619,5.94,19.90,64.83,106.6469,19.2794,193.5766,5.94,19.90,64.83,250.0675,11.9445,279.8723,0.00,100.00,182.67,-11.86,182.67,11.86,12.52
155.51,168.02,106.1570,16.2670,193.2676,15.05,100.00,64.10,-19.48,102.26,12.68,15.60,107.2855,19.0279,193.8458,107.1147,18.9949,194.1950,4.63,19.48,64.10,107.5743,19.0710,193.3101,4.63,19.48,64.10,250.0675,11.9445,279.8723,0.00,100.00,182.67,-11.86,182.67,11.86,12.52
155.58,167.35,107.0488,16.0543,193.0739,14.16,100.00,63.26,-18.61,101.42,12.44,14.46,108.1492,18.8343,193.6133,107.9751,18.8062,193.9613,3.86,18.61,63.26,108.4432,18.8701,193.0799,3.86,18.61,63.26,250.0675,11.9445,279.8723,0.00,100.00,182.67,-11.86,182.67,11.86,12.52
155.64,166.66,107.9652,15.8512,192.8887,15.97,100.00,62.52,-18.15,100.65,12.19,14.03,109.0432,18.6408,193.4237,108.8652,18.6138,193.7697,3.68,18.15,62.52,109.3434,18.6749,192.8936,3.68,18.15,62.52,250.0675,11.9445,279.8723,0.00,100.00,182.67,-11.86,182.67,11.86,12.52
155.70,166.03,108.7919,15.7017,192.7333,13.48,100.00,61.69,-16.78,99.91,11.78,12.29,109.8322,18.5184,193.1965,109.6515,18.4991,193.5417,2.51,16.78,61.69,110.1364,18.5410,192.6682,2.51,16.78,61.69,250.0675,11.9445,279.8723,0.00,100.00,182.67,-11.86,182.67,11.86,12.52
155.76,165.36,109.6767,15.5171,192.5787,14.71,100.00,61.10,-15.74,99.37,11.26,11.25,110.6805,18.3531,193.0027,110.4974,18.3374,193.3468,1.98,15.74,61.10,110.9885,18.3707,192.4764,1.98,15.74,61.10,250.0675,11.9445,279.8723,0.00,100.00,182.67,-11.86,182.67,11.86,12.52
155.82,164.68,110.5577,15.3484,192.4333,15.02,100.00,60.47,-14.19,98.79,10.38,9.83,111.5052,18.2115,192.8009,111.3195,18.2000,193.1438,1.36,14.19,60.47,111.8173,18.2231,192.2768,1.36,14.19,60.47,250.0675,11.9445,279.8723,0.00,100.00,182.67,-11.86,182.67,11.86,12.52
155.89,164.03,111.4074,15.1910,192.3019,13.80,100.00,60.28,-13.58,98.70,9.85,9.49,112.3261,18.0649,192.6577,112.1394,18.0533,193.0000,1.39,13.58,60.28,112.6399,18.0770,192.1346,1.39,13.58,60.28,250.0675,11.9445,279.8723,0.00,100.00,182.67,-11.86,182.67,11.86,12.52
155.95,163.35,112.2896,15.0407,192.1669,13.85,100.00,60.24,-12.29,98.46,8.42,9.22,113.1339,17.9373,192.5231,112.9463,17.9213,192.8649,2.09,12.29,60.24,113.4490,17.9569,192.0011,2.09,12.29,60.24,250.0675,11.9445,279.8723,0.00,100.00,182.67,-11.86,182.67,11.86,12.52
156.02,162.65,113.2133,14.9052,192.0295,14.57,100.00,60.12,-10.64,98.22,7.27,8.00,113.9903,17.8264,192.3346,113.8026,17.8122,192.6763,1.85,10.64,60.12,114.3056,17.8439,191.8127,1.85,10.64,60.12,250.0675,11.9445,279.8723,0.00,100.00,182.67,-11.86,182.67,11.86,12.52
156.08,161.94,114.1420,14.8261,191.8953,14.79,100.00,59.85,-8.89,97.99,5.99,6.79,114.8450,17.7707,192.1500,114.6562,17.7580,192.4911,1.66,8.89,59.85,115.1622,17.7867,191.6291,1.66,8.89,59.85,250.0675,11.9445,279.8723,0.00,100.00,182.67,-11.86,182.67,11.86,12.52
156.14,161.23,115.0670,14.7390,191.7654,14.94,100.00,59.53,-7.35,97.73,4.54,6.12,115.6904,17.7034,191.9985,115.4998,17.6885,192.3385,2.01,7.35,59.53,116.0104,17.7233,191.4794,2.01,7.35,59.53,250.0675,11.9445,279.8723,0.00,100.00,182.67,-11.86,182.67,11.86,12.52
156.20,160.53,115.9906,14.6747,191.6402,15.69,100.00,59.41,-6.71,97.56,3.89,5.92,116.5785,17.6465,191.8692,116.3872,17.6301,192.2088,2.26,6.71,59.41,116.8997,17.6693,191.3510,2.26,6.71,59.41,250.0675,11.9445,279.8723,0.00,100.00,182.67,-11.86,182.67,11.86,12.52
156.26,159.85,116.8758,14.6280,191.5227,14.68,100.00,59.33,-5.51,97.41,2.77,5.40,117.4020,17.6128,191.7336,117.2104,17.5946,192.0730,2.55,5.51,59.33,117.7237,17.6388,191.2159,2.55,5.51,59.33,250.0675,11.9445,279.8723,0.00,100.00,182.67,-11.86,182.67,11.86,12.52
156.33,159.16,117.7915,14.5929,191.4036,14.90,100.00,59.24,-4.30,97.30,1.93,4.51,118.2683,17.5885,191.5747,118.0765,17.5718,191.9140,2.36,4.30,59.24,118.5902,17.6128,191.0570,2.36,4.30,59.24,250.0675,11.9445,279.8723,0.00,100.00,182.67,-11.86,182.67,11.86,12.52
156.39,158.44,118.7337,14.5704,191.2829,15.86,100.00,59.21,-2.97,97.25,0.76,3.84,119.1449,17.5771,191.4274,118.9533,17.5592,191.7667,2.56,2.97,59.21,119.4667,17.6037,190.9097,2.56,2.97,59.21,250.0675,11.9445,279.8723,0.00,100.00,182.67,-11.86,182.67,11.86,12.52
156.45,157.75,119.6526,14.5604,191.1660,14.60,100.00,58.86,-1.91,97.22,359.86,3.26,120.0128,17.5746,191.2864,119.8194,17.5563,191.6247,2.65,1.91,58.86,120.3372,17.6025,190.7705,2.65,1.91,58.86,250.0675,11.9445,279.8723,0.00,100.00,182.67,-11.86,182.67,11.86,12.52
156.51,157.02,120.6165,14.5598,191.0439,15.50,100.00,58.52,-1.51,97.21,359.70,2.79,120.9657,17.5763,191.1406,120.7704,17.5599,191.4779,2.36,1.51,58.52,121.2931,17.6011,190.6264,2.36,1.51,58.52,250.0675,11.9445,279.8723,0.00,100.00,182.67,-11.86,182.67,11.86,12.52
156.58,156.31,121.5588,14.5566,190.9246,15.00,100.00,58.51,-1.18,97.23,0.15,1.69,121.9241,17.5725,190.9608,121.7288,17.5639,191.2985,1.22,1.18,58.51,122.2514,17.5853,190.4462,1.22,1.18,58.51,250.0675,11.9445,279.8723,0.00,100.00,182.67,-11.86,182.67,11.86,12.52
156.64,155.59,122.5201,14.5567,190.8026,15.74,100.00,58.59,-0.92,97.32,0.29,1.11,122.8888,17.5723,190.8068,122.6940,17.5675,191.1448,0.68,0.92,58.59,123.2154,17.5794,190.2915,0.68,0.92,58.59,250.0675,11.9445,279.8723,0.00,100.00,182.67,-11.86,182.67,11.86,12.52
156.69,154.89,123.4632,14.5664,190.6815,16.79,100.00,58.32,-0.20,97.39,0.06,0.24,123.8141,17.5839,190.6416,123.6178,17.5829,190.9787,0.15,0.20,58.32,124.1430,17.5854,190.1278,0.15,0.20,58.32,250.0675,11.9445,279.8723,0.00,100.00,182.67,-11.86,182.67,11.86,12.52
156.75,154.24,124.3378,14.5607,190.5680,15.07,100.00,58.03,-0.23,97.46,359.97,0.40,124.6849,17.5788,190.5367,124.4869,17.5765,190.8729,0.33,0.23,58.03,125.0164,17.5823,190.0246,0.33,0.23,58.03,250.0675,11.9445,279.8723,0.00,100.00,182.67,-11.86,182.67,11.86,12.52
156.81,153.57,125.2496,14.5522,190.4487,15.68,100.00,57.71,-0.67,97.52,1.52,359.23,125.6695,17.5594,190.3452,125.4698,17.5699,190.6801,358.43,0.67,57.71,126.0035,17.5426,189.8349,358.43,0.67,57.71,250.0675,11.9445,279.8723,0.00,100.00,182.67,-11.86,182.67,11.86,12.52
156.87,152.89,126.1709,14.5220,190.3271,15.85,100.00,57.38,-0.86,97.55,2.25,358.68,126.6245,17.5229,190.1897,126.4231,17.5395,190.5234,357.54,0.86,57.38,126.9612,17.4966,189.6815,357.54,0.86,57.38,250.0675,11.9445,279.8723,0.00,100.00,182.67,-11.86,182.67,11.86,12.52
156.93,152.21,127.0999,14.4722,190.2039,15.59,100.00,57.02,-1.39,97.56,3.53,358.01,127.6153,17.4608,190.0228,127.4124,17.4865,190.3551,356.20,1.39,57.02,127.9541,17.4202,189.5172,356.20,1.39,57.02,250.0675,11.9445,279.8723,0.00,100.00,182.67,-11.86,182.67,11.86,12.52
156.99,151.51,128.0608,14.4043,190.0764,16.54,100.00,56.64,-1.97,97.53,4.93,357.32,128.6435,17.3774,189.8497,128.4393,17.4127,190.1802,354.75,1.97,56.64,128.9842,17.3212,189.3467,354.75,1.97,56.64,250.0675,11.9445,279.8723,0.00,100.00,182.67,-11.86,182.67,11.86,12.52
157.05,150.82,129.0048,14.3059,189.9516,14.79,100.00,56.67,-2.01,97.52,5.64,356.55,129.6187,17.2689,189.6801,129.4152,17.3113,190.0103,353.70,2.01,56.67,129.9582,17.2017,189.1777,353.70,2.01,56.67,250.0675,11.9445,279.8723,0.00,100.00,182.67,-11.86,182.67,11.86,12.52
157.11,150.06,130.0532,14.1843,189.8131,17.86,100.00,56.68,-2.12,97.45,7.01,355.14,130.7270,17.1256,189.4598,130.5251,17.1812,189.7889,351.75,2.12,56.68,131.0642,17.0378,188.9590,351.75,2.12,56.68,250.0675,11.9445,279.8723,0.00,100.00,182.67,-11.86,182.67,11.86,12.52
157.18,149.36,131.0245,14.0474,189.6860,15.40,100.00,56.36,-2.21,97.42,7.69,354.55,131.7291,16.9771,189.2979,131.5261,17.0388,189.6253,350.84,2.21,56.36,132.0679,16.8797,188.8000,350.84,2.21,56.36,250.0675,11.9445,279.8723,0.00,100.00,182.67,-11.86,182.67,11.86,12.52
157.24,148.60,132.0796,13.8841,189.5485,17.55,100.00,56.13,-1.92,97.40,8.32,353.45,132.8080,16.7993,189.0999,132.6045,16.8693,189.4253,349.60,1.92,56.13,133.1476,16.6889,188.6053,349.60,1.92,56.13,250.0675,11.9445,279.8723,0.00,100.00,182.67,-11.86,182.67,11.86,12.52
157.30,147.88,133.0945,13.7479,189.4167,16.39,100.00,55.93,-0.95,97.40,8.67,351.70,133.8268,16.6463,188.8754,133.6224,16.7268,189.1979,348.06,0.95,55.93,134.1676,16.5200,188.3855,348.06,0.95,55.93,250.0675,11.9445,279.8723,0.00,100.00,182.67,-11.86,182.67,11.86,12.52
157.36,147.13,134.1450,13.5688,189.2802,18.08,100.00,55.69,-0.49,97.39,9.18,350.55,134.8936,16.4507,188.6766,134.6884,16.5392,188.9964,346.87,0.49,55.69,135.2357,16.3120,188.1908,346.87,0.49,55.69,250.0675,11.9445,279.8723,0.00,100.00,182.67,-11.86,182.67,11.86,12.52
157.42,146.42,135.1425,13.3953,189.1508,16.39,100.00,55.58,0.52,97.47,9.11,349.26,135.8761,16.2663,188.4803,135.6698,16.3610,188.7975,345.96,359.48,55.58,136.2200,16.1184,187.9986,345.96,359.48,55.58,250.0675,11.9445,279.8723,0.00,100.00,182.67,-11.86,182.67,11.86,12.52
157.49,145.68,136.1967,13.2168,189.0127,17.10,100.00,55.46,1.53,97.65,8.50,348.55,136.8922,16.0891,188.3080,136.6839,16.1846,188.6238,345.86,358.47,55.46,137.2391,15.9403,187.8287,345.86,358.47,55.46,250.0675,11.9445,279.8723,0.00,100.00,182.67,-11.86,182.67,11.86,12.52
157.55,144.93,137.2739,13.0461,188.8680,18.08,100.00,55.84,2.73,97.77,8.23,347.05,137.9413,15.9053,188.0872,137.7341,16.0071,188.4017,344.93,357.27,55.84,138.2866,15.7474,187.6096,344.93,357.27,55.84,250.0675,11.9445,279.8723,0.00,100.00,182.67,-11.86,182.67,11.86,12.52
157.61,144.21,138.3228,12.8901,188.7249,17.40,100.00,56.15,3.60,97.91,7.95,346.05,138.9657,15.7408,187.8940,138.7594,15.8462,188.2078,344.38,356.40,56.15,139.3098,15.5775,187.4174,344.38,356.40,56.15,250.0675,11.9445,279.8723,0.00,100.00,182.67,-11.86,182.67,11.86,12.52
157.67,143.47,139.3918,12.7507,188.5763,18.29,100.00,56.03,4.44,98.16,7.25,345.73,139.9941,15.6062,187.7315,139.7856,15.7100,188.0445,344.64,355.56,56.03,140.3414,15.4459,187.2563,344.64,355.56,56.03,250.0675,11.9445,279.8723,0.00,100.00,182.67,-11.86,182.67,11.86,12.52
157.74,142.77,140.4352,12.6171,188.4266,15.83,100.00,55.77,5.25,98.37,6.47,345.57,140.9944,15.4800,187.5770,140.7831,15.5808,187.8890,345.09,354.75,55.77,141.3461,15.3245,187.1033,345.09,354.75,55.77,250.0675,11.9445,279.8723,0.00,100.00,182.67,-11.86,182.67,11.86,12.52
157.80,141.97,141.6247,12.4929,188.2515,20.03,100.00,55.98,6.03,98.69,5.28,345.70,142.1214,15.3710,187.4149,141.9097,15.4659,187.7285,346.00,353.97,55.98,142.4736,15.2253,186.9386,346.00,353.97,55.98,250.0675,11.9445,279.8723,0.00,100.00,182.67,-11.86,182.67,11.86,12.52
157.86,141.25,142.7041,12.3933,188.0866,17.42,100.00,56.12,6.65,98.81,4.75,345.37,143.1695,15.2726,187.2362,142.9577,15.3667,187.5500,346.12,353.35,56.12,143.5219,15.1283,186.7595,346.12,353.35,56.12,250.0675,11.9445,279.8723,0.00,100.00,182.67,-11.86,182.67,11.86,12.52
157.93,140.50,143.8400,12.3402,187.9106,17.26,100.00,55.71,7.21,99.15,3.36,346.19,144.2390,15.2437,187.1099,144.0239,15.3271,187.4245,347.73,352.79,55.71,144.5965,15.1163,186.6322,347.73,352.79,55.71,250.0675,11.9445,279.8723,0.00,100.00,182.67,-11.86,182.67,11.86,12.52
157.99,139.72,145.0480,12.2627,187.7160,19.36,100.00,55.17,7.46,99.20,2.81,346.56,145.4216,15.1757,186.9380,145.2032,15.2544,187.2516,348.45,352.54,55.17,145.7840,15.0559,186.4622,348.45,352.54,55.17,250.0675,11.9445,279.8723,0.00,100.00,182.67,-11.86,182.67,11.86,12.52
158.06,138.98,146.1963,12.2022,187.5301,17.33,100.00,54.53,7.51,99.25,2.24,347.23,146.5466,15.1280,186.7903,146.3246,15.2004,187.1028,349.40,352.49,54.53,146.9146,15.0181,186.3163,349.40,352.49,54.53,250.0675,11.9445,279.8723,0.00,100.00,182.67,-11.86,182.67,11.86,12.52
158.12,138.21,147.4051,12.1532,187.3333,19.50,100.00,53.88,7.75,99.28,1.32,347.93,147.7146,15.0940,186.6360,147.4888,15.1583,186.9476,350.62,352.25,53.88,148.0882,14.9969,186.1637,350.62,352.25,53.88,250.0675,11.9445,279.8723,0.00,100.00,182.67,-11.86,182.67,11.86,12.52
158.19,137.51,148.5276,12.1478,187.1498,16.50,100.00,53.66,7.36,99.20,0.96,348.83,148.8273,15.1009,186.5019,148.6007,15.1592,186.8142,351.52,352.64,53.66,149.2020,15.0130,186.0286,351.52,352.64,53.66,250.0675,11.9445,279.8723,0.00,100.00,182.67,-11.86,182.67,11.86,12.52
158.25,136.74,149.7490,12.1096,186.9519,18.70,100.00,53.33,6.67,98.94,1.11,349.66,150.0659,15.0699,186.3467,149.8382,15.1249,186.6586,352.00,353.33,53.33,150.4426,14.9867,185.8740,352.00,353.33,53.33,250.0675,11.9445,279.8723,0.00,100.00,182.67,-11.86,182.67,11.86,12.52
158.32,136.01,150.9139,12.1199,186.7686,17.43,100.00,52.69,6.42,98.80,0.62,350.54,151.2144,15.0917,186.2133,150.9834,15.1400,186.5240,353.02,353.58,52.69,151.5958,15.0191,185.7427,353.02,353.58,52.69,250.0675,11.9445,279.8723,0.00,100.00,182.67,-11.86,182.67,11.86,12.52
158.39,135.28,152.0958,12.1111,186.5856,17.95,100.00,52.04,6.32,98.61,0.08,351.26,152.3763,15.0924,186.0723,152.1420,15.1343,186.3814,353.95,353.68,52.04,152.7628,15.0295,185.6045,353.95,353.68,52.04,250.0675,11.9445,279.8723,0.00,100.00,182.67,-11.86,182.67,11.86,12.52
158.45,134.57,153.2511,12.1174,186.4106,18.01,100.00,51.41,6.66,98.48,359.21,351.66,153.4906,15.1069,185.9251,153.2529,15.1425,186.2325,354.91,353.34,51.41,153.8823,15.0543,185.4604,354.91,353.34,51.41,250.0675,11.9445,279.8723,0.00,100.00,182.67,-11.86,182.67,11.86,12.52
158.52,133.88,154.3678,12.1442,186.2442,17.58,100.00,50.80,6.44,98.42,358.12,353.01,154.5616,15.1486,185.8370,154.3212,15.1722,186.1434,356.68,353.56,50.80,154.9573,15.1146,185.3739,356.68,353.56,50.80,250.0675,11.9445,279.8723,0.00,100.00,182.67,-11.86,182.67,11.86,12.52
158.58,133.22,155.4641,12.2303,186.0819,17.44,100.00,50.62,6.97,98.35,357.08,353.23,155.6062,15.2402,185.6944,155.3652,15.2577,186.0006,357.60,353.03,50.62,156.0030,15.2161,185.2315,357.60,353.03,50.62,250.0675,11.9445,279.8723,0.00,100.00,182.67,-11.86,182.67,11.86,12.52
158.64,132.56,156.5428,12.3105,185.9236,17.63,100.00,50.45,7.62,98.29,355.87,353.45,156.6240,15.3253,185.5570,156.3824,15.3358,185.8631,358.65,352.38,50.45,157.0215,15.3125,185.0943,358.65,352.38,50.45,250.0675,11.9445,279.8723,0.00,100.00,182.67,-11.86,182.67,11.86,12.52
158.71,131.94,157.5863,12.3999,185.7716,16.84,100.00,49.99,8.11,98.25,354.48,354.05,157.5992,15.4206,185.4465,157.3562,15.4210,185.7516,0.14,351.89,49.99,157.9988,15.4234,184.9855,0.14,351.89,49.99,250.0675,11.9445,279.8723,0.00,100.00,182.67,-11.86,182.67,11.86,12.52
158.77,131.32,158.6340,12.5121,185.6197,16.95,100.00,49.46,8.03,98.07,353.71,354.84,158.6134,15.5373,185.3413,158.3685,15.5301,185.6448,1.28,351.97,49.46,159.0159,15.5522,184.8830,1.28,351.97,49.46,250.0675,11.9445,279.8723,0.00,100.00,182.67,-11.86,182.67,11.86,12.52
158.83,130.70,159.6718,12.6364,185.4727,16.41,100.00,49.19,8.52,97.89,352.85,354.94,159.6075,15.6621,185.2057,159.3618,15.6501,185.5085,2.00,351.48,49.19,160.0110,15.6846,184.7487,2.00,351.48,49.19,250.0675,11.9445,279.8723,0.00,100.00,182.67,-11.86,182.67,11.86,12.52
158.89,130.08,160.7236,12.7725,185.3270,17.57,100.00,49.19,8.67,97.94,352.28,355.25,160.6314,15.7991,185.0804,160.3863,15.7829,185.3835,2.64,351.33,49.19,161.0340,15.8284,184.6229,2.64,351.33,49.19,250.0675,11.9445,279.8723,0.00,100.00,182.67,-11.86,182.67,11.86,12.52
158.96,129.51,161.7096,12.8979,185.1895,16.30,100.00,49.00,7.97,97.93,352.40,356.05,161.6294,15.9280,184.9839,161.3836,15.9085,185.2863,3.11,352.03,49.00,162.0330,15.9621,184.5277,3.11,352.03,49.00,250.0675,11.9445,279.8723,0.00,100.00,182.67,-11.86,182.67,11.86,12.52
159.02,128.94,162.6985,13.0247,185.0518,16.53,100.00,48.48,7.08,97.55,352.66,357.01,162.6391,16.0581,184.8936,162.3907,16.0353,185.1936,3.57,352.92,48.48,163.0467,16.0970,184.4413,3.57,352.92,48.48,250.0675,11.9445,279.8723,0.00,100.00,182.67,-11.86,182.67,11.86,12.52
159.08,128.38,163.6716,13.1388,184.9229,15.87,100.00,48.02,6.11,97.15,353.35,357.69,163.6541,16.1741,184.7953,163.4030,16.1515,185.0930,3.50,353.89,48.02,164.0658,16.2122,184.3467,3.50,353.89,48.02,250.0675,11.9445,279.8723,0.00,100.00,182.67,-11.86,182.67,11.86,12.52
159.14,127.81,164.6627,13.2772,184.7986,16.37,100.00,47.37,4.71,96.52,355.03,358.08,164.7371,16.3122,184.6811,164.4816,16.2961,184.9755,2.49,355.29,47.37,165.1556,16.3394,184.2380,2.49,355.29,47.37,250.0675,11.9445,279.8723,0.00,100.00,182.67,-11.86,182.67,11.86,12.52
159.20,127.24,165.6408,13.3292,184.6869,17.06,100.00,47.01,3.97,95.94,355.40,358.75,165.7394,16.3645,184.6036,165.4820,16.3473,184.8962,2.65,356.03,47.01,166.1608,16.3933,184.1633,2.65,356.03,47.01,250.0675,11.9445,279.8723,0.00,100.00,182.67,-11.86,182.67,11.86,12.52
159.26,126.80,166.3945,13.3863,184.6085,12.51,100.00,47.24,2.93,95.93,355.84,359.76,166.5219,16.4216,184.5754,166.2656,16.4020,184.8689,2.96,357.07,47.24,166.9417,16.4536,184.1339,2.96,357.07,47.24,250.0675,11.9445,279.8723,0.00,100.00,182.67,-11.86,182.67,11.86,12.52
159.32,126.45,167.0038,13.4247,184.5452,10.57,100.00,46.81,1.44,95.94,356.90,0.78,167.1926,16.4569,184.5596,166.9336,16.4378,184.8508,2.85,358.56,46.81,167.6163,16.4875,184.1218,2.85,358.56,46.81,250.0675,11.9445,279.8723,0.00,100.00,182.67,-11.86,182.67,11.86,12.52
159.37,126.21,167.4197,13.4512,184.5019,7.39,100.00,46.35,0.86,95.94,357.09,1.34,167.6217,16.4822,184.5449,167.3603,16.4614,184.8338,3.08,359.14,46.35,168.0490,16.5152,184.1107,3.08,359.14,46.35,250.0675,11.9445,279.8723,0.00,100.00,182.67,-11.86,182.67,11.86,12.52
159.43,126.07,167.6660,13.4690,184.4763,4.36,100.00,45.87,0.47,95.94,357.10,1.81,167.8707,16.4994,184.5439,167.6070,16.4764,184.8304,3.39,359.53,45.87,168.3017,16.5356,184.1135,3.39,359.53,45.87,250.0675,11.9445,279.8723,0.00,100.00,182.67,-11.86,182.67,11.86,12.52
159.49,125.93,167.9057,13.4821,184.4514,4.11,100.00,45.40,-0.14,95.96,357.80,1.99,168.1482,16.5097,184.5241,167.8818,16.4895,184.8084,2.96,0.14,45.40,168.5832,16.5412,184.0975,2.96,0.14,45.40,250.0675,11.9445,279.8723,0.00,100.00,182.67,-11.86,182.67,11.86,12.52
159.55,125.79,168.1444,13.4937,184.4264,4.21,100.00,45.43,-0.76,95.98,358.26,2.41,168.4135,16.5184,184.5187,168.1471,16.4987,184.8031,2.88,0.76,45.43,168.8485,16.5489,184.0920,2.88,0.76,45.43,250.0675,11.9445,279.8723,0.00,100.00,182.67,-11.86,182.67,11.86,12.52
159.60,125.75,168.2147,13.4995,184.4191,1.23,100.00,45.46,-1.38,96.00,358.66,2.88,168.5078,16.5212,184.5338,168.2414,16.5015,184.8181,2.86,1.38,45.46,168.9428,16.5514,184.1070,2.86,1.38,45.46,250.0675,11.9445,279.8723,0.00,100.00,182.67,-11.86,182.67,11.86,12.52
159.66,125.75,168.2147,13.5030,184.4191,0.06,100.00,47.31,-1.40,96.01,358.74,2.97,168.5120,16.5242,184.5377,168.2550,16.5041,184.8305,2.91,1.40,47.31,168.9330,16.5548,184.0972,2.91,1.40,47.31,250.0675,11.9445,279.8723,0.00,100.00,182.67,-11.86,182.67,11.86,12.52
159.72,125.75,168.2176,13.5024,184.4188,0.05,100.00,46.83,-0.99,93.69,358.94,2.35,168.5184,16.5240,184.5165,168.2589,16.5076,184.8073,2.38,0.99,46.83,168.9429,16.5492,184.0791,2.38,0.99,46.83,250.0675,11.9445,279.8723,0.00,100.00,182.67,-11.86,182.67,11.86,12.52
159.78,125.75,168.2234,13.4677,184.4184,0.61,100.00,44.49,-0.80,91.36,359.05,1.99,168.5255,16.4895,184.5090,168.2543,16.4753,184.7891,2.05,0.80,44.49,168.9675,16.5112,184.0891,2.05,0.80,44.49,250.0675,11.9445,279.8723,0.00,100.00,182.67,-11.86,182.67,11.86,12.52
159.84,125.74,168.2321,13.4965,184.4182,0.49,100.00,42.19,-0.78,89.06,359.13,1.88,168.5346,16.5180,184.5151,168.2524,16.5048,184.7842,1.92,0.78,42.19,168.9932,16.5383,184.1133,1.92,0.78,42.19,250.0675,11.9445,279.8723,0.00,100.00,182.67,-11.86,182.67,11.86,12.52
159.90,125.73,168.2446,13.4912,184.4184,0.22,100.00,41.56,-0.99,86.62,359.56,1.83,168.5655,16.5104,184.5269,168.2803,16.4993,184.7928,1.61,0.99,41.56,169.0286,16.5273,184.1301,1.61,0.99,41.56,250.0675,11.9445,279.8723,0.00,100.00,182.67,-11.86,182.67,11.86,12.52
159.96,125.72,168.2602,13.4858,184.4193,0.27,100.00,40.96,-1.02,84.20,359.68,1.84,168.5822,16.5043,184.5422,168.2942,16.4935,184.8051,1.56,1.02,40.96,169.0494,16.5208,184.1502,1.56,1.02,40.96,250.0675,11.9445,279.8723,0.00,100.00,182.67,-11.86,182.67,11.86,12.52
160.02,125.71,168.2789,13.4826,184.4212,0.32,100.00,40.55,-1.03,81.77,359.75,1.85,168.5993,16.5007,184.5588,168.3095,16.4899,184.8197,1.55,1.03,40.55,169.0694,16.5170,184.1702,1.55,1.03,40.55,250.0675,11.9445,279.8723,0.00,100.00,182.67,-11.86,182.67,11.86,12.52
160.08,125.70,168.2886,13.4819,184.4226,0.16,100.00,42.59,-0.98,81.77,359.75,1.85,168.6091,16.4999,184.5602,168.3287,16.4889,184.8313,1.59,0.98,42.59,169.0650,16.5167,184.1552,1.59,0.98,42.59,250.0675,11.9445,279.8723,0.00,100.00,182.67,-11.86,182.67,11.86,12.52
160.14,125.70,168.2896,13.4828,184.4227,0.02,100.00,42.59,-0.98,81.77,359.75,1.85,168.6101,16.5008,184.5604,168.3298,16.4898,184.8315,1.59,0.98,42.59,169.0660,16.5176,184.1553,1.59,0.98,42.59,250.0675,11.9445,279.8723,0.00,100.00,182.67,-11.86,182.67,11.86,12.52
160.19,125.70,168.2937,13.4541,184.4232,0.53,100.00,40.21,-1.04,79.39,359.83,1.86,168.6121,16.4716,184.5753,168.3207,16.4609,184.8345,1.55,1.04,40.21,169.0844,16.4879,184.1895,1.55,1.04,40.21,250.0675,11.9445,279.8723,0.00,100.00,182.67,-11.86,182.67,11.86,12.52
160.25,125.69,168.2999,13.4577,184.4243,0.13,100.00,38.03,-0.91,77.21,359.60,1.93,168.5999,16.4765,184.5892,168.2989,16.4645,184.8371,1.74,0.91,38.03,169.0865,16.4949,184.2217,1.74,0.91,38.03,250.0675,11.9445,279.8723,0.00,100.00,182.67,-11.86,182.67,11.86,12.52
160.31,125.68,168.3092,13.4617,184.4265,0.18,100.00,35.75,-0.96,74.92,359.65,1.95,168.6042,16.4802,184.6049,168.2936,16.4683,184.8406,1.73,0.96,35.75,169.1051,16.4985,184.2570,1.73,0.96,35.75,250.0675,11.9445,279.8723,0.00,100.00,182.67,-11.86,182.67,11.86,12.52
160.36,125.67,168.3211,13.4674,184.4297,0.24,100.00,33.47,-1.03,72.64,359.72,1.96,168.6125,16.4854,184.6215,168.2927,16.4737,184.8447,1.69,1.03,33.47,169.1268,16.5032,184.2939,1.69,1.03,33.47,250.0675,11.9445,279.8723,0.00,100.00,182.67,-11.86,182.67,11.86,12.52
160.42,125.66,168.3352,13.4719,184.4341,0.27,100.00,31.25,-1.95,70.41,0.10,2.96,168.6199,16.4855,184.6936,168.2916,16.4699,184.9039,2.23,1.95,31.25,169.1466,16.5089,184.3867,2.23,1.95,31.25,250.0675,11.9445,279.8723,0.00,100.00,182.67,-11.86,182.67,11.86,12.52
160.48,125.65,168.3520,13.4435,184.4400,0.61,100.00,31.40,-2.10,68.15,0.28,3.13,168.6315,16.4556,184.7222,168.3038,16.4393,184.9333,2.34,2.10,31.40,169.1574,16.4801,184.4140,2.34,2.10,31.40,250.0675,11.9445,279.8723,0.00,100.00,182.67,-11.86,182.67,11.86,12.52
160.54,125.63,168.3703,13.4431,184.4473,0.33,100.00,31.80,-1.79,65.93,359.80,3.48,168.6082,16.4571,184.7465,168.2821,16.4364,184.9597,2.99,1.79,31.80,169.1317,16.4886,184.4348,2.99,1.79,31.80,250.0675,11.9445,279.8723,0.00,100.00,182.67,-11.86,182.67,11.86,12.52
160.59,125.61,168.3925,13.4462,184.4572,0.43,100.00,29.45,-2.02,63.58,0.13,3.41,168.6351,16.4584,184.7704,168.3004,16.4393,184.9700,2.75,2.02,29.45,169.1711,16.4873,184.4805,2.75,2.02,29.45,250.0675,11.9445,279.8723,0.00,100.00,182.67,-11.86,182.67,11.86,12.52
160.65,125.58,168.4159,13.4478,184.4688,0.45,100.00,27.18,-2.13,61.32,0.26,3.40,168.6523,16.4592,184.7944,168.3100,16.4406,184.9807,2.67,2.13,27.18,169.1994,16.4872,184.5259,2.67,2.13,27.18,250.0675,11.9445,279.8723,0.00,100.00,182.67,-11.86,182.67,11.86,12.52
160.71,125.56,168.4418,13.4530,184.4830,0.53,100.00,24.89,-2.72,59.04,0.91,3.49,168.6920,16.4598,184.8392,168.3425,16.4431,185.0116,2.38,2.72,24.89,169.2496,16.4846,184.5928,2.38,2.72,24.89,250.0675,11.9445,279.8723,0.00,100.00,182.67,-11.86,182.67,11.86,12.52
160.76,125.53,168.4688,13.4543,184.4991,0.54,100.00,22.63,-2.22,56.81,1.18,2.21,168.7534,16.4624,184.8161,168.3972,16.4541,184.9751,1.17,2.22,22.63,169.3203,16.4745,184.5911,1.17,2.22,22.63,250.0675,11.9445,279.8723,0.00,100.00,182.67,-11.86,182.67,11.86,12.52
160.83,125.49,168.4986,13.4504,184.5187,0.58,100.00,24.07,-2.06,54.47,1.28,1.89,168.7844,16.4583,184.8366,168.4323,16.4512,185.0045,0.98,2.06,24.07,169.3455,16.4684,184.5973,0.98,2.06,24.07,250.0675,11.9445,279.8723,0.00,100.00,182.67,-11.86,182.67,11.86,12.52
160.88,125.45,168.5319,13.4574,184.5424,0.75,100.00,25.02,-2.05,52.01,1.36,1.84,168.8089,16.4647,184.8726,168.4597,16.4575,185.0463,1.02,2.05,25.02,169.3660,16.4752,184.6241,1.02,2.05,25.02,250.0675,11.9445,279.8723,0.00,100.00,182.67,-11.86,182.67,11.86,12.52
160.94,125.41,168.5630,13.4589,184.5668,0.68,100.00,26.59,-2.46,49.80,1.92,1.76,168.8518,16.4622,184.9232,168.5075,16.4559,185.1065,0.87,2.46,26.59,169.4019,16.4710,184.6595,0.87,2.46,26.59,250.0675,11.9445,279.8723,0.00,100.00,182.67,-11.86,182.67,11.86,12.52
160.99,125.37,168.5969,13.4307,184.5955,0.96,100.00,27.83,-2.76,47.48,2.26,1.89,168.8799,16.4310,184.9802,168.5396,16.4236,185.1708,1.02,2.76,27.83,169.4242,16.4413,184.7048,1.02,2.76,27.83,250.0675,11.9445,279.8723,0.00,100.00,182.67,-11.86,182.67,11.86,12.52
161.05,125.32,168.6296,13.4268,184.6254,0.74,100.00,26.99,-2.61,45.29,2.21,1.63,168.9052,16.4279,185.0093,168.5621,16.4216,185.1949,0.86,2.61,26.99,169.4534,16.4366,184.7417,0.86,2.61,26.99,250.0675,11.9445,279.8723,0.00,100.00,182.67,-11.86,182.67,11.86,12.52
161.11,125.27,168.6667,13.4309,184.6621,0.94,100.00,25.80,-2.44,42.86,2.01,1.76,168.9138,16.4334,185.0543,168.5670,16.4255,185.2327,1.09,2.44,25.80,169.4675,16.4446,184.7982,1.09,2.44,25.80,250.0675,11.9445,279.8723,0.00,100.00,182.67,-11.86,182.67,11.86,12.52
161.17,125.22,168.7012,13.4295,184.6992,0.85,100.00,23.59,-2.95,40.64,2.33,2.45,168.9160,16.4283,185.1371,168.5625,16.4164,185.3017,1.66,2.95,23.59,169.4791,16.4454,184.9031,1.66,2.95,23.59,250.0675,11.9445,279.8723,0.00,100.00,182.67,-11.86,182.67,11.86,12.52
161.23,125.17,168.7385,13.4299,184.7426,0.98,100.00,21.21,-3.10,38.26,2.48,2.49,168.9382,16.4273,185.1963,168.5782,16.4155,185.3461,1.65,3.10,21.21,169.5107,16.4443,184.9860,1.65,3.10,21.21,250.0675,11.9445,279.8723,0.00,100.00,182.67,-11.86,182.67,11.86,12.52
161.29,125.11,168.7753,13.4336,184.7892,1.05,100.00,22.36,-3.23,35.93,2.80,2.16,168.9803,16.4289,185.2544,168.6233,16.4185,185.4115,1.45,3.23,22.36,169.5484,16.4437,185.0324,1.45,3.23,22.36,250.0675,11.9445,279.8723,0.00,100.00,182.67,-11.86,182.67,11.86,12.52
161.35,125.05,168.8106,13.4312,184.8380,1.00,100.00,23.82,-3.21,33.66,2.91,2.03,169.0062,16.4258,185.3115,168.6534,16.4151,185.4776,1.50,3.21,23.82,169.5684,16.4412,185.0752,1.50,3.21,23.82,250.0675,11.9445,279.8723,0.00,100.00,182.67,-11.86,182.67,11.86,12.52
161.41,124.98,168.8479,13.4303,184.8940,1.13,100.00,25.40,-3.17,31.24,2.99,1.90,169.0312,16.4244,185.3757,168.6831,16.4130,185.5514,1.59,3.17,25.40,169.5867,16.4407,185.1239,1.59,3.17,25.40,250.0675,11.9445,279.8723,0.00,100.00,182.67,-11.86,182.67,11.86,12.52
161.46,124.91,168.8839,13.4302,184.9533,1.19,100.00,26.92,-2.85,28.85,2.82,0.79,169.0941,16.4270,185.4062,168.7507,16.4218,185.5914,0.69,2.85,26.92,169.6426,16.4339,185.1393,0.69,2.85,26.92,250.0675,11.9445,279.8723,0.00,100.00,182.67,-11.86,182.67,11.86,12.52
161.52,124.84,168.9180,13.4308,185.0152,1.21,100.00,28.48,-3.22,26.53,3.26,1.09,169.1054,16.4236,185.5036,168.7673,16.4148,185.6979,1.20,3.22,28.48,169.6466,16.4358,185.2221,1.20,3.22,28.48,250.0675,11.9445,279.8723,0.00,100.00,182.67,-11.86,182.67,11.86,12.52
161.58,124.77,168.9509,13.4325,185.0811,1.28,100.00,30.01,-3.25,24.20,3.37,1.03,169.1238,16.4243,185.5808,168.7909,16.4144,185.7840,1.36,3.25,30.01,169.6573,16.4382,185.2852,1.36,3.25,30.01,250.0675,11.9445,279.8723,0.00,100.00,182.67,-11.86,182.67,11.86,12.52
161.64,124.70,168.9819,13.3999,185.1502,1.44,100.00,31.37,-3.22,21.89,3.41,0.89,169.1420,16.3914,185.6557,168.8141,16.3810,185.8668,1.44,3.22,31.37,169.6683,16.4061,185.3475,1.44,3.22,31.37,250.0675,11.9445,279.8723,0.00,100.00,182.67,-11.86,182.67,11.86,12.52
161.70,124.62,169.0111,13.3938,185.2226,1.28,100.00,33.05,-3.86,19.61,4.03,0.24,169.1941,16.3797,185.7530,168.8724,16.3711,185.9736,1.17,3.86,33.05,169.7112,16.3914,185.4295,1.17,3.86,33.05,250.0675,11.9445,279.8723,0.00,100.00,182.67,-11.86,182.67,11.86,12.52
161.76,124.54,169.0402,13.4204,185.3046,1.46,100.00,30.59,-4.21,17.15,4.43,0.43,169.1971,16.4022,185.8652,168.8662,16.3917,186.0716,1.44,4.21,30.59,169.7277,16.4168,185.5644,1.44,4.21,30.59,250.0675,11.9445,279.8723,0.00,100.00,182.67,-11.86,182.67,11.86,12.52
161.82,124.46,169.0672,13.4092,185.3921,1.45,100.00,28.10,-4.62,14.65,4.83,0.36,169.2081,16.3869,185.9783,168.8685,16.3761,186.1701,1.47,4.62,28.10,169.7513,16.4017,185.7010,1.47,4.62,28.10,250.0675,11.9445,279.8723,0.00,100.00,182.67,-11.86,182.67,11.86,12.52
161.89,124.37,169.0917,13.4013,185.4857,1.56,100.00,28.81,-4.54,12.11,4.67,359.76,169.2356,16.3807,186.0625,168.8985,16.3724,186.2586,1.11,4.54,28.81,169.7753,16.3917,185.7781,1.11,4.54,28.81,250.0675,11.9445,279.8723,0.00,100.00,182.67,-11.86,182.67,11.86,12.52
161.95,124.28,169.1123,13.3966,185.5819,1.64,100.00,29.45,-5.15,9.60,5.06,358.84,169.2819,16.3712,186.1765,168.9471,16.3660,186.3766,0.63,5.15,29.45,169.8183,16.3769,185.8858,0.63,5.15,29.45,250.0675,11.9445,279.8723,0.00,100.00,182.67,-11.86,182.67,11.86,12.52
162.01,124.20,169.1286,13.3919,185.6782,1.64,100.00,30.63,-4.86,7.20,4.79,358.09,169.3109,16.3681,186.2606,168.9803,16.3662,186.4678,0.15,5.16,30.63,169.8409,16.3687,185.9584,0.15,5.16,30.63,250.0675,11.9445,279.8723,0.00,100.00,182.67,-11.86,182.67,11.86,12.52
162.06,124.12,169.1412,13.3891,185.7776,1.70,100.00,31.80,-4.86,4.80,5.01,357.80,169.3147,16.3625,186.3769,168.9884,16.3594,186.5907,0.31,5.46,31.80,169.8385,16.3648,186.0642,0.31,5.46,31.80,250.0675,11.9445,279.8723,0.00,100.00,182.67,-11.86,182.67,11.86,12.52
162.12,124.03,169.1497,13.3858,185.8796,1.74,100.00,30.38,-4.47,2.42,4.96,357.92,169.2922,16.3598,186.4836,168.9606,16.3556,186.6892,0.48,5.36,30.38,169.8237,16.3640,186.1842,0.48,5.36,30.38,250.0675,11.9445,279.8723,0.00,100.00,182.67,-11.86,182.67,11.86,12.52
162.18,123.96,169.1537,13.3813,185.9732,1.63,100.00,31.31,-4.27,2.41,5.30,358.35,169.2742,16.3524,186.5958,168.9458,16.3440,186.8063,1.11,5.44,31.31,169.8010,16.3632,186.2884,1.11,5.44,31.31,250.0675,11.9445,279.8723,0.00,100.00,182.67,-11.86,182.67,11.86,12.52
162.24,123.89,169.1572,13.3733,186.0566,1.40,100.00,32.17,-3.96,2.41,5.36,358.42,169.2738,16.3439,186.6826,168.9487,16.3343,186.8978,1.29,5.44,32.17,169.7961,16.3566,186.3674,1.29,5.44,32.17,250.0675,11.9445,279.8723,0.00,100.00,182.67,-11.86,182.67,11.86,12.52
162.30,123.83,169.1605,13.3682,186.1348,1.34,100.00,33.00,-3.65,2.41,5.36,358.42,169.2771,16.3388,186.7607,168.9551,16.3286,186.9807,1.37,5.42,33.00,169.7947,16.3524,186.4381,1.37,5.42,33.00,250.0675,11.9445,279.8723,0.00,100.00,182.67,-11.86,182.67,11.86,12.52
162.36,123.78,169.1634,13.3625,186.2029,1.15,100.00,33.91,-3.93,2.40,5.74,358.47,169.2782,16.3290,186.8485,168.9596,16.3166,187.0733,1.69,5.69,33.91,169.7908,16.3459,186.5180,1.69,5.69,33.91,250.0675,11.9445,279.8723,0.00,100.00,182.67,-11.86,182.67,11.86,12.52
162.42,123.73,169.1659,13.3502,186.2634,0.97,100.00,34.88,-4.03,2.40,5.82,358.35,169.2869,16.3156,186.9130,168.9721,16.3028,187.1431,1.73,5.80,34.88,169.7938,16.3329,186.5740,1.73,5.80,34.88,250.0675,11.9445,279.8723,0.00,100.00,182.67,-11.86,182.67,11.86,12.52
162.48,123.69,169.1682,13.3413,186.3182,0.90,100.00,35.67,-4.04,2.40,5.86,357.77,169.3197,16.3052,186.9683,169.0082,16.2950,187.2029,1.35,6.12,35.67,169.8219,16.3184,186.6221,1.35,6.12,35.67,250.0675,11.9445,279.8723,0.00,100.00,182.67,-11.86,182.67,11.86,12.52
162.55,123.69,169.1682,13.3389,186.3182,0.04,100.00,36.44,-3.78,2.40,5.87,357.67,169.3251,16.3025,186.9684,169.0167,16.2923,187.2072,1.35,6.16,36.44,169.8225,16.3157,186.6154,1.35,6.16,36.44,250.0675,11.9445,279.8723,0.00,100.00,182.67,-11.86,182.67,11.86,12.52
162.61,123.69,169.1682,13.3373,186.3181,0.03,100.00,37.02,-3.46,2.40,5.87,357.67,169.3251,16.3009,186.9683,169.0192,16.2903,187.2102,1.41,6.15,37.02,169.8190,16.3147,186.6104,1.41,6.15,37.02,250.0675,11.9445,279.8723,0.00,100.00,182.67,-11.86,182.67,11.86,12.52
162.67,123.69,169.1682,13.3371,186.3180,0.00,100.00,37.60,-3.15,2.40,5.87,357.67,169.3251,16.3007,186.9682,169.0216,16.2896,187.2131,1.47,6.14,37.60,169.8154,16.3152,186.6054,1.47,6.14,37.60,250.0675,11.9445,279.8723,0.00,100.00,182.67,-11.86,182.67,11.86,12.52
162.73,123.69,169.1682,13.3364,186.3181,0.01,100.00,38.03,-3.14,2.40,5.87,357.67,169.3251,16.2999,186.9682,169.0234,16.2886,187.2154,1.52,6.12,38.03,169.8126,16.3149,186.6018,1.52,6.12,38.03,250.0675,11.9445,279.8723,0.00,100.00,182.67,-11.86,182.67,11.86,12.52
162.79,123.69,169.1682,13.3345,186.3181,0.03,100.00,38.46,-3.12,2.40,5.87,357.67,169.3251,16.2980,186.9683,169.0253,16.2864,187.2177,1.56,6.11,38.46,169.8099,16.3135,186.5982,1.56,6.11,38.46,250.0675,11.9445,279.8723,0.00,100.00,182.67,-11.86,182.67,11.86,12.52
162.85,123.69,169.1682,13.3238,186.3181,0.16,100.00,38.81,-2.78,2.40,5.87,357.67,169.3251,16.2873,186.9683,169.0268,16.2754,187.2194,1.60,6.10,38.81,169.8077,16.3032,186.5953,1.60,6.10,38.81,250.0675,11.9445,279.8723,0.00,100.00,182.67,-11.86,182.67,11.86,12.52
162.92,123.69,169.1682,13.3180,186.3181,0.09,100.00,39.14,-2.46,2.40,5.87,357.67,169.3251,16.2815,186.9682,169.0283,16.2694,187.2211,1.64,6.09,39.14,169.8055,16.2978,186.5925,1.64,6.09,39.14,250.0675,11.9445,279.8723,0.00,100.00,182.67,-11.86,182.67,11.86,12.52
162.98,123.69,169.1682,13.3507,186.3180,0.53,100.00,39.14,-2.46,2.40,5.87,357.67,169.3251,16.3142,186.9682,169.0283,16.3021,187.2211,1.64,6.09,39.14,169.8055,16.3305,186.5925,1.64,6.09,39.14,250.0675,11.9445,279.8723,0.00,100.00,182.67,-11.86,182.67,11.86,12.52
163.04,123.69,169.1682,13.3456,186.3181,0.08,100.00,39.14,-2.46,2.40,5.87,357.67,169.3251,16.3092,186.9682,169.0283,16.2971,187.2211,1.64,6.09,39.14,169.8055,16.3254,186.5925,1.64,6.09,39.14,250.0675,11.9445,279.8723,0.00,100.00,182.67,-11.86,182.67,11.86,12.52
163.10,123.69,169.1682,13.3447,186.3181,0.01,100.00,39.30,-2.15,2.40,5.87,357.67,169.3251,16.3083,186.9682,169.0290,16.2961,187.2220,1.65,6.09,39.30,169.8044,16.3247,186.5912,1.65,6.09,39.30,250.0675,11.9445,279.8723,0.00,100.00,182.67,-11.86,182.67,11.86,12.52
163.16,123.69,169.1682,13.3465,186.3180,0.03,100.00,39.47,-1.85,2.40,5.87,357.67,169.3251,16.3100,186.9682,169.0297,16.2977,187.2227,1.67,6.08,39.47,169.8034,16.3267,186.5898,1.67,6.08,39.47,250.0675,11.9445,279.8723,0.00,100.00,182.67,-11.86,182.67,11.86,12.52
163.22,123.69,169.1682,13.3456,186.3180,0.01,100.00,39.62,-1.55,2.40,5.87,357.67,169.3251,16.3092,186.9682,169.0304,16.2967,187.2235,1.69,6.08,39.62,169.8024,16.3260,186.5885,1.69,6.08,39.62,250.0675,11.9445,279.8723,0.00,100.00,182.67,-11.86,182.67,11.86,12.52
163.28,123.69,169.1682,13.3499,186.3180,0.07,100.00,39.76,-1.25,2.40,5.87,357.67,169.3251,16.3134,186.9682,169.0310,16.3009,187.2242,1.70,6.08,39.76,169.8014,16.3304,186.5874,1.70,6.08,39.76,250.0675,11.9445,279.8723,0.00,100.00,182.67,-11.86,182.67,11.86,12.52
163.35,123.69,169.1682,13.3388,186.3180,0.17,100.00,39.89,-1.25,2.40,5.87,357.67,169.3251,16.3024,186.9682,169.0316,16.2897,187.2249,1.72,6.07,39.89,169.8006,16.3195,186.5863,1.72,6.07,39.89,250.0675,11.9445,279.8723,0.00,100.00,182.67,-11.86,182.67,11.86,12.52
163.41,123.69,169.1682,13.3338,186.3180,0.08,100.00,40.02,-1.25,2.40,5.87,357.67,169.3251,16.2974,186.9682,169.0322,16.2846,187.2255,1.73,6.07,40.02,169.7997,16.3146,186.5853,1.73,6.07,40.02,250.0675,11.9445,279.8723,0.00,100.00,182.67,-11.86,182.67,11.86,12.52
163.47,123.69,169.1682,13.3314,186.3180,0.04,100.00,40.06,-0.94,2.40,5.87,357.67,169.3251,16.2950,186.9682,169.0324,16.2822,187.2258,1.73,6.07,40.06,169.7994,16.3123,186.5849,1.73,6.07,40.06,250.0675,11.9445,279.8723,0.00,100.00,182.67,-11.86,182.67,11.86,12.52
163.53,123.69,169.1682,13.3313,186.3180,0.00,100.00,40.11,-0.64,2.40,5.87,357.67,169.3251,16.2949,186.9682,169.0326,16.2820,187.2260,1.74,6.07,40.11,169.7991,16.3122,186.5845,1.74,6.07,40.11,250.0675,11.9445,279.8723,0.00,100.00,182.67,-11.86,182.67,11.86,12.52
163.59,123.69,169.1682,13.3304,186.3180,0.02,100.00,40.15,-0.34,2.40,5.87,357.67,169.3251,16.2939,186.9682,169.0327,16.2811,187.2262,1.74,6.06,40.15,169.7988,16.3113,186.5842,1.74,6.06,40.15,250.0675,11.9445,279.8723,0.00,100.00,182.67,-11.86,182.67,11.86,12.52
163.65,123.69,169.1682,13.3314,186.3180,0.02,100.00,40.19,-0.05,2.40,5.87,357.67,169.3251,16.2949,186.9682,169.0329,16.2821,187.2263,1.75,6.06,40.19,169.7986,16.3124,186.5838,1.75,6.06,40.19,250.0675,11.9445,279.8723,0.00,100.00,182.67,-11.86,182.67,11.86,12.52
163.71,123.69,169.1682,13.3338,186.3180,0.04,100.00,40.22,0.22,2.40,5.87,357.67,169.3251,16.2974,186.9682,169.0330,16.2845,187.2265,1.75,6.06,40.22,169.7983,16.3149,186.5836,1.75,6.06,40.22,250.0675,11.9445,279.8723,0.00,100.00,182.67,-11.86,182.67,11.86,12.52
163.77,123.69,169.1682,13.3330,186.3180,0.01,100.00,40.25,0.50,2.40,5.87,357.67,169.3251,16.2965,186.9682,169.0332,16.2836,187.2267,1.75,6.06,40.25,169.7981,16.3141,186.5833,1.75,6.06,40.25,250.0675,11.9445,279.8723,0.00,100.00,182.67,-11.86,182.67,11.86,12.52
163.83,123.69,169.1682,13.3306,186.3180,0.04,100.00,40.29,0.50,2.40,5.87,357.67,169.3251,16.2942,186.9682,169.0333,16.2813,187.2268,1.76,6.06,40.29,169.7979,16.3118,186.5830,1.76,6.06,40.29,250.0675,11.9445,279.8723,0.00,100.00,182.67,-11.86,182.67,11.86,12.52
163.89,123.69,169.1682,13.3305,186.3180,0.00,100.00,40.32,0.50,2.40,5.87,357.67,169.3251,16.2940,186.9682,169.0335,16.2811,187.2270,1.76,6.06,40.32,169.7977,16.3116,186.5828,1.76,6.06,40.32,250.0675,11.9445,279.8723,0.00,100.00,182.67,-11.86,182.67,11.86,12.52
163.95,123.69,169.1682,13.3313,186.3180,0.01,100.00,40.35,0.75,2.40,5.87,357.67,169.3251,16.2949,186.9682,169.0336,16.2819,187.2272,1.76,6.06,40.35,169.7975,16.3125,186.5825,1.76,6.06,40.35,250.0675,11.9445,279.8723,0.00,100.00,182.67,-11.86,182.67,11.86,12.52
164.01,123.69,169.1682,13.3346,186.3180,0.06,100.00,40.37,1.00,2.40,5.87,357.67,169.3251,16.2981,186.9682,169.0337,16.2851,187.2273,1.77,6.06,40.37,169.7973,16.3158,186.5823,1.77,6.06,40.37,250.0675,11.9445,279.8723,0.00,100.00,182.67,-11.86,182.67,11.86,12.52
164.07,123.69,169.1681,13.3288,186.3179,0.09,100.00,40.40,1.25,2.40,5.87,357.67,169.3250,16.2924,186.9681,169.0338,16.2793,187.2274,1.77,6.06,40.40,169.7971,16.3100,186.5821,1.77,6.06,40.40,250.0675,11.9445,279.8723,0.00,100.00,182.67,-11.86,182.67,11.86,12.52
164.13,123.69,169.1681,13.3261,186.3179,0.04,100.00,40.42,1.50,2.40,5.87,357.67,169.3250,16.2897,186.9681,169.0339,16.2767,187.2275,1.77,6.06,40.42,169.7969,16.3074,186.5818,1.77,6.06,40.42,250.0675,11.9445,279.8723,0.00,100.00,182.67,-11.86,182.67,11.86,12.52
164.19,123.69,169.1681,13.3245,186.3179,0.03,100.00,40.42,1.74,2.40,5.87,357.67,169.3250,16.2881,186.9681,169.0339,16.2751,187.2275,1.77,6.06,40.42,169.7969,16.3058,186.5819,1.77,6.06,40.42,250.0675,11.9445,279.8723,0.00,100.00,182.67,-11.86,182.67,11.86,12.52
164.25,123.69,169.1681,13.3297,186.3179,0.09,100.00,40.42,1.95,2.40,5.87,357.67,169.3250,16.2933,186.9681,169.0339,16.2803,187.2275,1.77,6.06,40.42,169.7969,16.3110,186.5818,1.77,6.06,40.42,250.0675,11.9445,279.8723,0.00,100.00,182.67,-11.86,182.67,11.86,12.52
164.31,123.69,169.1681,13.3233,186.3179,0.10,100.00,40.42,2.19,2.40,5.87,357.67,169.3250,16.2869,186.9681,169.0339,16.2738,187.2275,1.77,6.06,40.42,169.7969,16.3046,186.5818,1.77,6.06,40.42,250.0675,11.9445,279.8723,0.00,100.00,182.67,-11.86,182.67,11.86,12.52
164.37,123.69,169.1681,13.3245,186.3179,0.02,100.00,40.42,2.40,2.40,5.87,357.67,169.3250,16.2881,186.9681,169.0339,16.2751,187.2275,1.77,6.06,40.42,169.7969,16.3058,186.5819,1.77,6.06,40.42,250.0675,11.9445,279.8723,0.00,100.00,182.67,-11.86,182.67,11.86,12.52
164.44,123.69,169.1681,13.3219,186.3179,0.04,100.00,40.42,2.61,2.40,5.87,357.67,169.3250,16.2855,186.9681,169.0339,16.2724,187.2275,1.77,6.06,40.42,169.7969,16.3032,186.5819,1.77,6.06,40.42,250.0675,11.9445,279.8723,0.00,100.00,182.67,-11.86,182.67,11.86,12.52
164.50,123.69,169.1681,13.3498,186.3179,0.43,100.00,40.42,2.82,2.40,5.87,357.67,169.3250,16.3134,186.9681,169.0339,16.3003,187.2275,1.77,6.06,40.42,169.7970,16.3311,186.5819,1.77,6.06,40.42,250.0675,11.9445,279.8723,0.00,100.00,182.67,-11.86,182.67,11.86,12.52
164.56,123.69,169.1681,13.3482,186.3179,0.03,100.00,40.42,2.82,2.40,5.87,357.67,169.3250,16.3118,186.9681,169.0339,16.2987,187.2275,1.77,6.06,40.42,169.7970,16.3295,186.5819,1.77,6.06,40.42,250.0675,11.9445,279.8723,0.00,100.00,182.67,-11.86,182.67,11.86,12.52
164.63,123.69,169.1681,13.3382,186.3179,0.15,100.00,40.42,2.82,2.40,5.87,357.67,169.3250,16.3017,186.9681,169.0339,16.2887,187.2275,1.77,6.06,40.42,169.7970,16.3194,186.5819,1.77,6.06,40.42,250.0675,11.9445,279.8723,0.00,100.00,182.67,-11.86,182.67,11.86,12.52
164.69,123.69,169.1681,13.3288,186.3179,0.14,100.00,40.42,3.02,2.40,5.87,357.67,169.3250,16.2924,186.9681,169.0339,16.2794,187.2275,1.77,6.06,40.42,169.7970,16.3101,186.5819,1.77,6.06,40.42,250.0675,11.9445,279.8723,0.00,100.00,182.67,-11.86,182.67,11.86,12.52
164.75,123.69,169.1681,13.3321,186.3179,0.06,100.00,40.42,3.19,2.40,5.87,357.67,169.3250,16.2957,186.9681,169.0339,16.2827,187.2275,1.77,6.06,40.42,169.7969,16.3134,186.5819,1.77,6.06,40.42,250.0675,11.9445,279.8723,0.00,100.00,182.67,-11.86,182.67,11.86,12.52
164.81,123.69,169.1681,13.3314,186.3179,0.01,100.00,40.42,3.37,2.40,5.87,357.67,169.3250,16.2950,186.9681,169.0339,16.2819,187.2275,1.77,6.06,40.42,169.7970,16.3127,186.5819,1.77,6.06,40.42,250.0675,11.9445,279.8723,0.00,100.00,182.67,-11.86,182.67,11.86,12.52
164.87,123.69,169.1681,13.3319,186.3179,0.01,100.00,40.42,3.54,2.40,5.87,357.67,169.3250,16.2955,186.9681,169.0339,16.2824,187.2275,1.77,6.06,40.42,169.7970,16.3132,186.5819,1.77,6.06,40.42,250.0675,11.9445,279.8723,0.00,100.00,182.67,-11.86,182.67,11.86,12.52
164.93,123.69,169.1681,13.3327,186.3179,0.01,100.00,40.42,3.71,2.40,5.87,357.67,169.3250,16.2963,186.9681,169.0339,16.2832,187.2275,1.77,6.06,40.42,169.7970,16.3140,186.5818,1.77,6.06,40.42,250.0675,11.9445,279.8723,0.00,100.00,182.67,-11.86,182.67,11.86,12.52
164.99,123.69,169.1681,13.3304,186.3179,0.04,100.00,40.42,3.88,2.40,5.87,357.67,169.3250,16.2940,186.9681,169.0339,16.2809,187.2275,1.77,6.06,40.42,169.7970,16.3117,186.5818,1.77,6.06,40.42,250.0675,11.9445,279.8723,0.00,100.00,182.67,-11.86,182.67,11.86,12.52
165.05,123.69,169.1681,13.3288,186.3179,0.03,100.00,40.42,3.94,2.40,5.87,357.67,169.3250,16.2923,186.9681,169.0339,16.2793,187.2274,1.77,6.06,40.42,169.7969,16.3100,186.5818,1.77,6.06,40.42,250.0675,11.9445,279.8723,0.00,100.00,182.67,-11.86,182.67,11.86,12.52
165.11,123.69,169.1681,13.3278,186.3179,0.02,100.00,40.42,3.94,2.40,5.87,357.67,169.3250,16.2914,186.9681,169.0339,16.2784,187.2274,1.77,6.06,40.42,169.7970,16.3091,186.5818,1.77,6.06,40.42,250.0675,11.9445,279.8723,0.00,100.00,182.67,-11.86,182.67,11.86,12.52
165.18,123.69,169.1681,13.3221,186.3179,0.09,100.00,40.42,3.94,2.40,5.87,357.67,169.3250,16.2857,186.9681,169.0339,16.2726,187.2274,1.77,6.06,40.42,169.7970,16.3034,186.5818,1.77,6.06,40.42,250.0675,11.9445,279.8723,0.00,100.00,182.67,-11.86,182.67,11.86,12.52
165.24,123.69,169.1681,13.3188,186.3179,0.05,100.00,40.42,3.94,2.40,5.87,357.67,169.3250,16.2824,186.9681,169.0339,16.2693,187.2274,1.77,6.06,40.42,169.7970,16.3001,186.5818,1.77,6.06,40.42,250.0675,11.9445,279.8723,0.00,100.00,182.67,-11.86,182.67,11.86,12.52
165.30,123.69,169.1681,13.3174,186.3179,0.02,100.00,40.42,3.94,2.40,5.87,357.67,169.3250,16.2810,186.9681,169.0339,16.2679,187.2274,1.77,6.06,40.42,169.7970,16.2987,186.5818,1.77,6.06,40.42,250.0675,11.9445,279.8723,0.00,100.00,182.67,-11.86,182.67,11.86,12.52
165.36,123.69,169.1681,13.3162,186.3179,0.02,100.00,40.42,3.94,2.40,5.87,357.67,169.3250,16.2798,186.9681,169.0339,16.2668,187.2274,1.77,6.06,40.42,169.7970,16.2975,186.5818,1.77,6.06,40.42,250.0675,11.9445,279.8723,0.00,100.00,182.67,-11.86,182.67,11.86,12.52
165.42,123.69,169.1681,13.3497,186.3179,0.55,100.00,40.42,3.94,2.40,5.87,357.67,169.3250,16.3132,186.9681,169.0339,16.3002,187.2274,1.77,6.06,40.42,169.7970,16.3309,186.5818,1.77,6.06,40.42,250.0675,11.9445,279.8723,0.00,100.00,182.67,-11.86,182.67,11.86,12.52
165.48,123.69,169.1681,13.3483,186.3179,0.02,100.00,40.42,3.94,2.40,5.87,357.67,169.3250,16.3119,186.9681,169.0339,16.2988,187.2274,1.77,6.06,40.42,169.7970,16.3296,186.5818,1.77,6.06,40.42,250.0675,11.9445,279.8723,0.00,100.00,182.67,-11.86,182.67,11.86,12.52
165.54,123.69,169.1681,13.3432,186.3179,0.08,100.00,40.42,3.94,2.40,5.87,357.67,169.3250,16.3068,186.9681,169.0339,16.2937,187.2274,1.77,6.06,40.42,169.7970,16.3245,186.5818,1.77,6.06,40.42,250.0675,11.9445,279.8723,0.00,100.00,182.67,-11.86,182.67,11.86,12.52
165.60,123.69,169.1681,13.3431,186.3179,0.00,100.00,40.42,3.94,2.40,5.87,357.67,169.3250,16.3067,186.9681,169.0339,16.2936,187.2274,1.77,6.06,40.42,169.7970,16.3243,186.5818,1.77,6.06,40.42,250.0675,11.9445,279.8723,0.00,100.00,182.67,-11.86,182.67,11.86,12.52
165.66,123.69,169.1681,13.3441,186.3179,0.02,100.00,40.42,3.94,2.40,5.87,357.67,169.3250,16.3077,186.9681,169.0339,16.2946,187.2274,1.77,6.06,40.42,169.7970,16.3254,186.5818,1.77,6.06,40.42,250.0675,11.9445,279.8723,0.00,100.00,182.67,-11.86,182.67,11.86,12.52
165.72,123.69,169.1681,13.3457,186.3179,0.03,100.00,40.42,3.94,2.40,5.87,357.67,169.3250,16.3092,186.9681,169.0339,16.2962,187.2274,1.77,6.06,40.42,169.7970,16.3269,186.5818,1.77,6.06,40.42,250.0675,11.9445,279.8723,0.00,100.00,182.67,-11.86,182.67,11.86,12.52
165.78,123.69,169.1681,13.3467,186.3179,0.02,100.00,40.42,3.94,2.40,5.87,357.67,169.3250,16.3103,186.9681,169.0339,16.2973,187.2274,1.77,6.06,40.42,169.7970,16.3280,186.5818,1.77,6.06,40.42,250.0675,11.9445,279.8723,0.00,100.00,182.67,-11.86,182.67,11.86,12.52
165.84,123.69,169.1681,13.3414,186.3179,0.09,100.00,40.42,3.94,2.40,5.87,357.67,169.3250,16.3050,186.9681,169.0339,16.2919,187.2274,1.77,6.06,40.42,169.7970,16.3227,186.5818,1.77,6.06,40.42,250.0675,11.9445,279.8723,0.00,100.00,182.67,-11.86,182.67,11.86,12.52
165.90,123.69,169.1681,13.3406,186.3179,0.01,100.00,40.42,3.94,2.40,5.87,357.67,169.3250,16.3042,186.9681,169.0339,16.2912,187.2274,1.77,6.06,40.42,169.7970,16.3219,186.5818,1.77,6.06,40.42,250.0675,11.9445,279.8723,0.00,100.00,182.67,-11.86,182.67,11.86,12.52
165.96,123.69,169.1681,13.3409,186.3179,0.00,100.00,40.42,3.94,2.40,5.87,357.67,169.3250,16.3044,186.9681,169.0339,16.2914,187.2274,1.77,6.06,40.42,169.7970,16.3221,186.5818,1.77,6.06,40.42,250.0675,11.9445,279.8723,0.00,100.00,182.67,-11.86,182.67,11.86,12.52
166.02,123.69,169.1681,13.3431,186.3179,0.04,100.00,40.42,3.94,2.40,5.87,357.67,169.3250,16.3067,186.9681,169.0339,16.2936,187.2274,1.77,6.06,40.42,169.7969,16.3244,186.5818,1.77,6.06,40.42,250.0675,11.9445,279.8723,0.00,100.00,182.67,-11.86,182.67,11.86,12.52
166.09,123.69,169.1681,13.3389,186.3179,0.07,100.00,40.42,3.94,2.40,5.87,357.67,169.3250,16.3025,186.9681,169.0339,16.2894,187.2274,1.77,6.06,40.42,169.7970,16.3202,186.5818,1.77,6.06,40.42,250.0675,11.9445,279.8723,0.00,100.00,182.67,-11.86,182.67,11.86,12.52
166.15,123.69,169.1681,13.3372,186.3179,0.03,100.00,40.42,3.94,2.40,5.87,357.67,169.3250,16.3008,186.9681,169.0339,16.2878,187.2274,1.77,6.06,40.42,169.7970,16.3185,186.5818,1.77,6.06,40.42,250.0675,11.9445,279.8723,0.00,100.00,182.67,-11.86,182.67,11.86,12.52
166.21,123.69,169.1681,13.3356,186.3179,0.03,100.00,40.42,3.94,2.40,5.87,357.67,169.3250,16.2991,186.9681,169.0339,16.2861,187.2274,1.77,6.06,40.42,169.7970,16.3168,186.5818,1.77,6.06,40.42,250.0675,11.9445,279.8723,0.00,100.00,182.67,-11.86,182.67,11.86,12.52
166.27,123.69,169.1681,13.3254,186.3179,0.15,100.00,40.42,3.94,2.40,5.87,357.67,169.3250,16.2890,186.9681,169.0339,16.2760,187.2274,1.77,6.06,40.42,169.7970,16.3067,186.5818,1.77,6.06,40.42,250.0675,11.9445,279.8723,0.00,100.00,182.67,-11.86,182.67,11.86,12.52
166.33,123.69,169.1681,13.3238,186.3179,0.03,100.00,40.42,3.94,2.40,5.87,357.67,169.3250,16.2874,186.9681,169.0339,16.2743,187.2274,1.77,6.06,40.42,169.7970,16.3051,186.5818,1.77,6.06,40.42,250.0675,11.9445,279.8723,0.00,100.00,182.67,-11.86,182.67,11.86,12.52
166.40,123.69,169.1681,13.3499,186.3179,0.40,100.00,40.42,3.94,2.40,5.87,357.67,169.3250,16.3135,186.9681,169.0339,16.3004,187.2274,1.77,6.06,40.42,169.7970,16.3312,186.5818,1.77,6.06,40.42,250.0675,11.9445,279.8723,0.00,100.00,182.67,-11.86,182.67,11.86,12.52
166.46,123.69,169.1681,13.3490,186.3179,0.01,100.00,40.42,3.94,2.40,5.87,357.67,169.3250,16.3126,186.9681,169.0339,16.2996,187.2274,1.77,6.06,40.42,169.7970,16.3303,186.5818,1.77,6.06,40.42,250.0675,11.9445,279.8723,0.00,100.00,182.67,-11.86,182.67,11.86,12.52
166.52,123.69,169.1681,13.3490,186.3179,0.00,100.00,40.42,3.94,2.40,5.87,357.67,169.3250,16.3125,186.9680,169.0339,16.2995,187.2274,1.77,6.06,40.42,169.7970,16.3302,186.5818,1.77,6.06,40.42,250.0675,11.9445,279.8723,0.00,100.00,182.67,-11.86,182.67,11.86,12.52
166.58,123.69,169.1681,13.3475,186.3179,0.02,100.00,40.42,3.94,2.40,5.87,357.67,169.3250,16.3110,186.9681,169.0339,16.2980,187.2274,1.77,6.06,40.42,169.7969,16.3287,186.5818,1.77,6.06,40.42,250.0675,11.9445,279.8723,0.00,100.00,182.67,-11.86,182.67,11.86,12.52
166.64,123.69,169.1681,13.3488,186.3179,0.02,100.00,40.42,3.94,2.40,5.87,357.67,169.3250,16.3123,186.9681,169.0339,16.2993,187.2274,1.77,6.06,40.42,169.7970,16.3300,186.5818,1.77,6.06,40.42,250.0675,11.9445,279.8723,0.00,100.00,182.67,-11.86,182.67,11.86,12.52
166.70,123.69,169.1681,13.3497,186.3179,0.02,100.00,40.42,3.94,2.40,5.87,357.67,169.3250,16.3133,186.9681,169.0339,16.3003,187.2274,1.77,6.06,40.42,169.7970,16.3310,186.5818,1.77,6.06,40.42,250.0675,11.9445,279.8723,0.00,100.00,182.67,-11.86,182.67,11.86,12.52
166.76,123.69,169.1681,13.3188,186.3179,0.54,100.00,40.42,3.94,2.40,5.87,357.67,169.3250,16.2824,186.9681,169.0339,16.2694,187.2274,1.77,6.06,40.42,169.7970,16.3001,186.5818,1.77,6.06,40.42,250.0675,11.9445,279.8723,0.00,100.00,182.67,-11.86,182.67,11.86,12.52
166.82,123.69,169.1681,13.3163,186.3179,0.04,100.00,40.42,3.94,2.40,5.87,357.67,169.3250,16.2799,186.9681,169.0339,16.2669,187.2274,1.77,6.06,40.42,169.7970,16.2976,186.5818,1.77,6.06,40.42,250.0675,11.9445,279.8723,0.00,100.00,182.67,-11.86,182.67,11.86,12.52
166.88,123.69,169.1681,13.3469,186.3179,0.49,100.00,40.42,3.94,2.40,5.87,357.67,169.3250,16.3104,186.9681,169.0339,16.2974,187.2274,1.77,6.06,40.42,169.7970,16.3281,186.5818,1.77,6.06,40.42,250.0675,11.9445,279.8723,0.00,100.00,182.67,-11.86,182.67,11.86,12.52
166.94,123.69,169.1681,13.3440,186.3179,0.05,100.00,40.42,3.94,2.40,5.87,357.67,169.3250,16.3076,186.9681,169.0339,16.2945,187.2274,1.77,6.06,40.42,169.7970,16.3253,186.5818,1.77,6.06,40.42,250.0675,11.9445,279.8723,0.00,100.00,182.67,-11.86,182.67,11.86,12.52
167.01,123.69,169.1681,13.3381,186.3179,0.09,100.00,40.42,3.94,2.40,5.87,357.67,169.3250,16.3017,186.9681,169.0339,16.2887,187.2274,1.77,6.06,40.42,169.7970,16.3194,186.5818,1.77,6.06,40.42,250.0675,11.9445,279.8723,0.00,100.00,182.67,-11.86,182.67,11.86,12.52
167.07,123.69,169.1681,13.3373,186.3179,0.01,100.00,40.42,3.94,2.40,5.87,357.67,169.3250,16.3009,186.9681,169.0339,16.2878,187.2274,1.77,6.06,40.42,169.7970,16.3186,186.5818,1.77,6.06,40.42,250.0675,11.9445,279.8723,0.00,100.00,182.67,-11.86,182.67,11.86,12.52
167.13,123.69,169.1681,13.3340,186.3179,0.05,100.00,40.42,3.94,2.40,5.87,357.67,169.3250,16.2976,186.9681,169.0339,16.2846,187.2274,1.77,6.06,40.42,169.7970,16.3153,186.5818,1.77,6.06,40.42,250.0675,11.9445,279.8723,0.00,100.00,182.67,-11.86,182.67,11.86,12.52
167.19,123.69,169.1681,13.3322,186.3179,0.03,100.00,40.42,3.94,2.40,5.87,357.67,169.3250,16.2958,186.9681,169.0339,16.2827,187.2274,1.77,6.06,40.42,169.7970,16.3135,186.5818,1.77,6.06,40.42,250.0675,11.9445,279.8723,0.00,100.00,182.67,-11.86,182.67,11.86,12.52
167.25,123.69,169.1681,13.3350,186.3179,0.05,100.00,40.42,3.94,2.40,5.87,357.67,169.3250,16.2985,186.9681,169.0339,16.2855,187.2274,1.77,6.06,40.42,169.7970,16.3162,186.5818,1.77,6.06,40.42,250.0675,11.9445,279.8723,0.00,100.00,182.67,-11.86,182.67,11.86,12.52
167.31,123.69,169.1681,13.3290,186.3179,0.09,100.00,40.42,3.94,2.40,5.87,357.67,169.3250,16.2925,186.9681,169.0339,16.2795,187.2274,1.77,6.06,40.42,169.7970,16.3102,186.5818,1.77,6.06,40.42,250.0675,11.9445,279.8723,0.00,100.00,182.67,-11.86,182.67,11.86,12.52
167.38,123.69,169.1681,13.3197,186.3179,0.14,100.00,40.42,3.94,2.40,5.87,357.67,169.3250,16.2833,186.9681,169.0339,16.2702,187.2274,1.77,6.06,40.42,169.7970,16.3010,186.5818,1.77,6.06,40.42,250.0675,11.9445,279.8723,0.00,100.00,182.67,-11.86,182.67,11.86,12.52
167.44,123.69,169.1681,13.3179,186.3179,0.03,100.00,40.42,3.94,2.40,5.87,357.67,169.3250,16.2815,186.9681,169.0339,16.2684,187.2274,1.77,6.06,40.42,169.7970,16.2992,186.5818,1.77,6.06,40.42,250.0675,11.9445,279.8723,0.00,100.00,182.67,-11.86,182.67,11.86,12.52
167.50,123.69,169.1681,13.3172,186.3179,0.01,100.00,40.42,3.94,2.40,5.87,357.67,169.3250,16.2807,186.9681,169.0339,16.2677,187.2274,1.77,6.06,40.42,169.7970,16.2984,186.5818,1.77,6.06,40.42,250.0675,11.9445,279.8723,0.00,100.00,182.67,-11.86,182.67,11.86,12.52
167.56,123.69,169.1681,13.3457,186.3179,0.45,100.00,40.42,3.94,2.40,5.87,357.67,169.3250,16.3093,186.9681,169.0339,16.2963,187.2274,1.77,6.06,40.42,169.7970,16.3270,186.5818,1.77,6.06,40.42,250.0675,11.9445,279.8723,0.00,100.00,182.67,-11.86,182.67,11.86,12.52
167.62,123.69,169.1681,13.3457,186.3179,0.00,100.00,40.42,3.94,2.40,5.87,357.67,169.3250,16.3092,186.9681,169.0339,16.2962,187.2274,1.77,6.06,40.42,169.7970,16.3269,186.5818,1.77,6.06,40.42,250.0675,11.9445,279.8723,0.00,100.00,182.67,-11.86,182.67,11.86,12.52
167.68,123.69,169.1681,13.3467,186.3179,0.02,100.00,40.42,3.94,2.40,5.87,357.67,169.3250,16.3103,186.9681,169.0339,16.2972,187.2274,1.77,6.06,40.42,169.7970,16.3280,186.5818,1.77,6.06,40.42,250.0675,11.9445,279.8723,0.00,100.00,182.67,-11.86,182.67,11.86,12.52
167.74,123.69,169.1681,13.3463,186.3179,0.01,100.00,40.42,3.94,2.40,5.87,357.67,169.3250,16.3099,186.9681,169.0339,16.2968,187.2274,1.77,6.06,40.42,169.7970,16.3276,186.5818,1.77,6.06,40.42,250.0675,11.9445,279.8723,0.00,100.00,182.67,-11.86,182.67,11.86,12.52
167.80,123.69,169.1681,13.3488,186.3179,0.04,100.00,40.42,3.94,2.40,5.87,357.67,169.3250,16.3123,186.9681,169.0339,16.2993,187.2274,1.77,6.06,40.42,169.7970,16.3300,186.5818,1.77,6.06,40.42,250.0675,11.9445,279.8723,0.00,100.00,182.67,-11.86,182.67,11.86,12.52
167.86,123.69,169.1681,13.3448,186.3179,0.06,100.00,40.42,3.94,2.40,5.87,357.67,169.3251,16.3084,186.9681,169.0339,16.2954,187.2274,1.77,6.06,40.42,169.7970,16.3261,186.5818,1.77,6.06,40.42,250.0675,11.9445,279.8723,0.00,100.00,182.67,-11.86,182.67,11.86,12.52
167.92,123.69,169.1681,13.3456,186.3179,0.01,100.00,40.42,3.94,2.40,5.87,357.67,169.3250,16.3092,186.9681,169.0339,16.2962,187.2274,1.77,6.06,40.42,169.7970,16.3269,186.5818,1.77,6.06,40.42,250.0675,11.9445,279.8723,0.00,100.00,182.67,-11.86,182.67,11.86,12.52
167.98,123.69,169.1681,13.3423,186.3179,0.05,100.00,40.42,3.94,2.40,5.87,357.67,169.3250,16.3059,186.9681,169.0339,16.2928,187.2274,1.77,6.06,40.42,169.7970,16.3236,186.5818,1.77,6.06,40.42,250.0675,11.9445,279.8723,0.00,100.00,182.67,-11.86,182.67,11.86,12.52
168.04,123.69,169.1681,13.3465,186.3179,0.07,100.00,40.42,3.94,2.40,5.87,357.67,169.3250,16.3100,186.9681,169.0339,16.2970,187.2274,1.77,6.06,40.42,169.7970,16.3277,186.5818,1.77,6.06,40.42,250.0675,11.9445,279.8723,0.00,100.00,182.67,-11.86,182.67,11.86,12.52
168.10,123.69,169.1681,13.3472,186.3179,0.01,100.00,40.42,3.94,2.40,5.87,357.67,169.3250,16.3108,186.9681,169.0339,16.2977,187.2274,1.77,6.06,40.42,169.7970,16.3285,186.5818,1.77,6.06,40.42,250.0675,11.9445,279.8723,0.00,100.00,182.67,-11.86,182.67,11.86,12.52
168.16,123.69,169.1681,13.3456,186.3179,0.03,100.00,40.42,3.94,2.40,5.87,357.67,169.3250,16.3092,186.9681,169.0339,16.2962,187.2274,1.77,6.06,40.42,169.7970,16.3269,186.5818,1.77,6.06,40.42,250.0675,11.9445,279.8723,0.00,100.00,182.67,-11.86,182.67,11.86,12.52
168.22,123.69,169.1681,13.3438,186.3179,0.03,100.00,40.42,3.94,2.40,5.87,357.67,169.3250,16.3074,186.9681,169.0339,16.2944,187.2274,1.77,6.06,40.42,169.7970,16.3251,186.5818,1.77,6.06,40.42,250.0675,11.9445,279.8723,0.00,100.00,182.67,-11.86,182.67,11.86,12.52
168.28,123.69,169.1681,13.3474,186.3179,0.06,100.00,40.42,3.94,2.40,5.87,357.67,169.3250,16.3110,186.9681,169.0339,16.2980,187.2274,1.77,6.06,40.42,169.7970,16.3287,186.5818,1.77,6.06,40.42,250.0675,11.9445,279.8723,0.00,100.00,182.67,-11.86,182.67,11.86,12.52
168.34,123.69,169.1681,13.3448,186.3179,0.04,100.00,40.42,3.94,2.40,5.87,357.67,169.3250,16.3084,186.9681,169.0339,16.2953,187.2274,1.77,6.06,40.42,169.7970,16.3261,186.5818,1.77,6.06,40.42,250.0675,11.9445,279.8723,0.00,100.00,182.67,-11.86,182.67,11.86,12.52
168.40,123.69,169.1681,13.3471,186.3179,0.04,100.00,40.42,3.94,2.40,5.87,357.67,169.3250,16.3107,186.9681,169.0339,16.2977,187.2274,1.77,6.06,40.42,169.7970,16.3284,186.5818,1.77,6.06,40.42,250.0675,11.9445,279.8723,0.00,100.00,182.67,-11.86,182.67,11.86,12.52
168.46,123.69,169.1681,13.3474,186.3179,0.01,100.00,40.42,3.94,2.40,5.87,357.67,169.3250,16.3110,186.9680,169.0339,16.2980,187.2274,1.77,6.06,40.42,169.7970,16.3287,186.5818,1.77,6.06,40.42,250.0675,11.9445,279.8723,0.00,100.00,182.67,-11.86,182.67,11.86,12.52
168.52,123.69,169.1681,13.3473,186.3179,0.00,100.00,40.42,3.94,2.40,5.87,357.67,169.3250,16.3108,186.9681,169.0339,16.2978,187.2274,1.77,6.06,40.42,169.7970,16.3285,186.5818,1.77,6.06,40.42,250.0675,11.9445,279.8723,0.00,100.00,182.67,-11.86,182.67,11.86,12.52
168.58,123.69,169.1681,13.3467,186.3179,0.01,100.00,40.42,3.94,2.40,5.87,357.67,169.3250,16.3103,186.9681,169.0339,16.2973,187.2274,1.77,6.06,40.42,169.7970,16.3280,186.5818,1.77,6.06,40.42,250.0675,11.9445,279.8723,0.00,100.00,182.67,-11.86,182.67,11.86,12.52
168.64,123.69,169.1681,13.3472,186.3179,0.01,100.00,40.42,3.94,2.40,5.87,357.67,169.3250,16.3108,186.9681,169.0339,16.2977,187.2274,1.77,6.06,40.42,169.7970,16.3285,186.5818,1.77,6.06,40.42,250.0675,11.9445,279.8723,0.00,100.00,182.67,-11.86,182.67,11.86,12.52
168.70,123.69,169.1681,13.3482,186.3179,0.02,100.00,40.42,3.94,2.40,5.87,357.67,169.3251,16.3117,186.9681,169.0339,16.2987,187.2274,1.77,6.06,40.42,169.7970,16.3294,186.5818,1.77,6.06,40.42,250.0675,11.9445,279.8723,0.00,100.00,182.67,-11.86,182.67,11.86,12.52
168.76,123.69,169.1681,13.3431,186.3179,0.08,100.00,40.42,3.94,2.40,5.87,357.67,169.3250,16.3067,186.9681,169.0339,16.2936,187.2274,1.77,6.06,40.42,169.7970,16.3244,186.5818,1.77,6.06,40.42,250.0675,11.9445,279.8723,0.00,100.00,182.67,-11.86,182.67,11.86,12.52
168.83,123.69,169.1681,13.3380,186.3179,0.08,100.00,40.42,3.94,2.40,5.87,357.67,169.3250,16.3016,186.9681,169.0339,16.2885,187.2274,1.77,6.06,40.42,169.7970,16.3193,186.5818,1.77,6.06,40.42,250.0675,11.9445,279.8723,0.00,100.00,182.67,-11.86,182.67,11.86,12.52
168.89,123.69,169.1681,13.3245,186.3179,0.20,100.00,40.42,3.94,2.40,5.87,357.67,169.3250,16.2881,186.9681,169.0339,16.2750,187.2274,1.77,6.06,40.42,169.7970,16.3058,186.5818,1.77,6.06,40.42,250.0675,11.9445,279.8723,0.00,100.00,182.67,-11.86,182.67,11.86,12.52
168.95,123.69,169.1681,13.3287,186.3179,0.07,100.00,40.42,3.94,2.40,5.87,357.67,169.3250,16.2923,186.9681,169.0339,16.2793,187.2274,1.77,6.06,40.42,169.7970,16.3100,186.5818,1.77,6.06,40.42,250.0675,11.9445,279.8723,0.00,100.00,182.67,-11.86,182.67,11.86,12.52
169.01,123.69,169.1681,13.3288,186.3179,0.00,100.00,40.42,3.94,2.40,5.87,357.67,169.3250,16.2924,186.9681,169.0339,16.2793,187.2274,1.77,6.06,40.42,169.7970,16.3101,186.5818,1.77,6.06,40.42,250.0675,11.9445,279.8723,0.00,100.00,182.67,-11.86,182.67,11.86,12.52
169.07,123.69,169.1681,13.3277,186.3179,0.02,100.00,40.42,3.94,2.40,5.87,357.67,169.3250,16.2913,186.9681,169.0339,16.2783,187.2274,1.77,6.06,40.42,169.7970,16.3090,186.5818,1.77,6.06,40.42,250.0675,11.9445,279.8723,0.00,100.00,182.67,-11.86,182.67,11.86,12.52
169.13,123.69,169.1681,13.3303,186.3179,0.04,100.00,40.42,3.94,2.40,5.87,357.67,169.3250,16.2939,186.9681,169.0339,16.2809,187.2274,1.77,6.06,40.42,169.7970,16.3116,186.5818,1.77,6.06,40.42,250.0675,11.9445,279.8723,0.00,100.00,182.67,-11.86,182.67,11.86,12.52
169.19,123.69,169.1681,13.3229,186.3179,0.12,100.00,40.42,3.94,2.40,5.87,357.67,169.3250,16.2864,186.9681,169.0339,16.2734,187.2274,1.77,6.06,40.42,169.7970,16.3041,186.5818,1.77,6.06,40.42,250.0675,11.9445,279.8723,0.00,100.00,182.67,-11.86,182.67,11.86,12.52
169.26,123.69,169.1681,13.3188,186.3179,0.06,100.00,40.42,3.94,2.40,5.87,357.67,169.3250,16.2824,186.9681,169.0339,16.2694,187.2274,1.77,6.06,40.42,169.7970,16.3001,186.5818,1.77,6.06,40.42,250.0675,11.9445,279.8723,0.00,100.00,182.67,-11.86,182.67,11.86,12.52
169.32,123.69,169.1681,13.3474,186.3179,0.45,100.00,40.42,3.94,2.40,5.87,357.67,169.3250,16.3110,186.9681,169.0339,16.2979,187.2274,1.77,6.06,40.42,169.7970,16.3287,186.5818,1.77,6.06,40.42,250.0675,11.9445,279.8723,0.00,100.00,182.67,-11.86,182.67,11.86,12.52
169.39,123.69,169.1681,13.3379,186.3179,0.15,100.00,40.42,3.94,2.40,5.87,357.67,169.3250,16.3014,186.9681,169.0339,16.2884,187.2274,1.77,6.06,40.42,169.7970,16.3191,186.5818,1.77,6.06,40.42,250.0675,11.9445,279.8723,0.00,100.00,182.67,-11.86,182.67,11.86,12.52
169.45,123.69,169.1681,13.3398,186.3179,0.03,100.00,40.42,3.94,2.40,5.87,357.67,169.3250,16.3034,186.9681,169.0339,16.2904,187.2274,1.77,6.06,40.42,169.7970,16.3211,186.5818,1.77,6.06,40.42,250.0675,11.9445,279.8723,0.00,100.00,182.67,-11.86,182.67,11.86,12.52
169.51,123.69,169.1681,13.3381,186.3179,0.03,100.00,40.42,3.94,2.40,5.87,357.67,169.3250,16.3016,186.9681,169.0339,16.2886,187.2274,1.77,6.06,40.42,169.7970,16.3193,186.5818,1.77,6.06,40.42,250.0675,11.9445,279.8723,0.00,100.00,182.67,-11.86,182.67,11.86,12.52
169.57,123.69,169.1681,13.3354,186.3179,0.04,100.00,40.42,3.94,2.40,5.87,357.67,169.3250,16.2990,186.9681,169.0339,16.2860,187.2274,1.77,6.06,40.42,169.7970,16.3167,186.5818,1.77,6.06,40.42,250.0675,11.9445,279.8723,0.00,100.00,182.67,-11.86,182.67,11.86,12.52
169.63,123.69,169.1681,13.3371,186.3179,0.03,100.00,40.42,3.94,2.40,5.87,357.67,169.3250,16.3006,186.9681,169.0339,16.2876,187.2274,1.77,6.06,40.42,169.7970,16.3183,186.5818,1.77,6.06,40.42,250.0675,11.9445,279.8723,0.00,100.00,182.67,-11.86,182.67,11.86,12.52
169.69,123.69,169.1681,13.3338,186.3179,0.05,100.00,40.42,3.94,2.40,5.87,357.67,169.3250,16.2974,186.9681,169.0339,16.2843,187.2274,1.77,6.06,40.42,169.7970,16.3151,186.5818,1.77,6.06,40.42,250.0675,11.9445,279.8723,0.00,100.00,182.67,-11.86,182.67,11.86,12.52
169.75,123.69,169.1681,13.3270,186.3179,0.11,100.00,40.42,3.94,2.40,5.87,357.67,169.3250,16.2906,186.9681,169.0339,16.2775,187.2274,1.77,6.06,40.42,169.7970,16.3083,186.5818,1.77,6.06,40.42,250.0675,11.9445,279.8723,0.00,100.00,182.67,-11.86,182.67,11.86,12.52
169.81,123.69,169.1681,13.3262,186.3179,0.01,100.00,40.42,3.94,2.40,5.87,357.67,169.3250,16.2898,186.9681,169.0339,16.2767,187.2274,1.77,6.06,40.42,169.7970,16.3075,186.5818,1.77,6.06,40.42,250.0675,11.9445,279.8723,0.00,100.00,182.67,-11.86,182.67,11.86,12.52
169.87,123.69,169.1681,13.3296,186.3179,0.06,100.00,40.42,3.94,2.40,5.87,357.67,169.3250,16.2932,186.9681,169.0339,16.2802,187.2274,1.77,6.06,40.42,169.7970,16.3109,186.5818,1.77,6.06,40.42,250.0675,11.9445,279.8723,0.00,100.00,182.67,-11.86,182.67,11.86,12.52
169.93,123.69,169.1681,13.3263,186.3179,0.05,100.00,40.42,3.94,2.40,5.87,357.67,169.3250,16.2899,186.9681,169.0339,16.2768,187.2274,1.77,6.06,40.42,169.7970,16.3076,186.5818,1.77,6.06,40.42,250.0675,11.9445,279.8723,0.00,100.00,182.67,-11.86,182.67,11.86,12.52
169.99,123.69,169.1681,13.3287,186.3179,0.04,100.00,40.42,3.94,2.40,5.87,357.67,169.3250,16.2923,186.9681,169.0339,16.2792,187.2274,1.77,6.06,40.42,169.7970,16.3100,186.5818,1.77,6.06,40.42,250.0675,11.9445,279.8723,0.00,100.00,182.67,-11.86,182.67,11.86,12.52
170.05,123.69,169.1681,13.3295,186.3179,0.01,100.00,40.42,3.94,2.40,5.87,357.67,169.3250,16.2931,186.9681,169.0339,16.2801,187.2274,1.77,6.06,40.42,169.7970,16.3108,186.5818,1.77,6.06,40.42,250.0675,11.9445,279.8723,0.00,100.00,182.67,-11.86,182.67,11.86,12.52
170.11,123.69,169.1681,13.3278,186.3179,0.03,100.00,40.42,3.94,2.40,5.87,357.67,169.3250,16.2914,186.9681,169.0339,16.2783,187.2274,1.77,6.06,40.42,169.7970,16.3091,186.5818,1.77,6.06,40.42,250.0675,11.9445,279.8723,0.00,100.00,182.67,-11.86,182.67,11.86,12.52
170.17,123.69,169.1681,13.3272,186.3179,0.01,100.00,40.42,3.94,2.40,5.87,357.67,169.3250,16.2907,186.9681,169.0339,16.2777,187.2274,1.77,6.06,40.42,169.7970,16.3084,186.5818,1.77,6.06,40.42,250.0675,11.9445,279.8723,0.00,100.00,182.67,-11.86,182.67,11.86,12.52
170.23,123.69,169.1681,13.3254,186.3179,0.03,100.00,40.42,3.94,2.40,5.87,357.67,169.3250,16.2890,186.9681,169.0339,16.2760,187.2274,1.77,6.06,40.42,169.7970,16.3067,186.5818,1.77,6.06,40.42,250.0675,11.9445,279.8723,0.00,100.00,182.67,-11.86,182.67,11.86,12.52
170.29,123.69,169.1681,13.3287,186.3179,0.06,100.00,40.42,3.94,2.40,5.87,357.67,169.3250,16.2923,186.9681,169.0339,16.2793,187.2274,1.77,6.06,40.42,169.7970,16.3100,186.5818,1.77,6.06,40.42,250.0675,11.9445,279.8723,0.00,100.00,182.67,-11.86,182.67,11.86,12.52
170.35,123.69,169.1681,13.3278,186.3179,0.02,100.00,40.42,3.94,2.40,5.87,357.67,169.3250,16.2914,186.9681,169.0339,16.2783,187.2274,1.77,6.06,40.42,169.7970,16.3091,186.5818,1.77,6.06,40.42,250.0675,11.9445,279.8723,0.00,100.00,182.67,-11.86,182.67,11.86,12.52
170.41,123.69,169.1681,13.3278,186.3179,0.00,100.00,40.42,3.94,2.40,5.87,357.67,169.3250,16.2914,186.9681,169.0339,16.2783,187.2274,1.77,6.06,40.42,169.7970,16.3091,186.5818,1.77,6.06,40.42,250.0675,11.9445,279.8723,0.00,100.00,182.67,-11.86,182.67,11.86,12.52
170.47,123.69,169.1681,13.3229,186.3179,0.08,100.00,40.42,3.94,2.40,5.87,357.67,169.3250,16.2865,186.9681,169.0339,16.2735,187.2274,1.77,6.06,40.42,169.7970,16.3042,186.5818,1.77,6.06,40.42,250.0675,11.9445,279.8723,0.00,100.00,182.67,-11.86,182.67,11.86,12.52
170.54,123.69,169.1681,13.3497,186.3179,0.41,100.00,40.42,3.94,2.40,5.87,357.67,169.3250,16.3133,186.9681,169.0339,16.3003,187.2274,1.77,6.06,40.42,169.7969,16.3310,186.5818,1.77,6.06,40.42,250.0675,11.9445,279.8723,0.00,100.00,182.67,-11.86,182.67,11.86,12.52
170.60,123.69,169.1681,13.3439,186.3179,0.09,100.00,40.42,3.94,2.40,5.87,357.67,169.3251,16.3075,186.9681,169.0339,16.2944,187.2274,1.77,6.06,40.42,169.7970,16.3252,186.5818,1.77,6.06,40.42,250.0675,11.9445,279.8723,0.00,100.00,182.67,-11.86,182.67,11.86,12.52
170.67,123.69,169.1681,13.3380,186.3179,0.09,100.00,40.42,3.94,2.40,5.87,357.67,169.3250,16.3016,186.9681,169.0339,16.2885,187.2274,1.77,6.06,40.42,169.7970,16.3193,186.5818,1.77,6.06,40.42,250.0675,11.9445,279.8723,0.00,100.00,182.67,-11.86,182.67,11.86,12.52
170.73,123.69,169.1681,13.3355,186.3179,0.04,100.00,40.42,3.94,2.40,5.87,357.67,169.3250,16.2991,186.9681,169.0339,16.2860,187.2274,1.77,6.06,40.42,169.7970,16.3168,186.5818,1.77,6.06,40.42,250.0675,11.9445,279.8723,0.00,100.00,182.67,-11.86,182.67,11.86,12.52
170.79,123.69,169.1681,13.3290,186.3179,0.10,100.00,40.42,3.94,2.40,5.87,357.67,169.3250,16.2925,186.9681,169.0339,16.2795,187.2274,1.77,6.06,40.42,169.7970,16.3102,186.5818,1.77,6.06,40.42,250.0675,11.9445,279.8723,0.00,100.00,182.67,-11.86,182.67,11.86,12.52
170.85,123.69,169.1681,13.3254,186.3179,0.06,100.00,40.42,3.94,2.40,5.87,357.67,169.3250,16.2890,186.9681,169.0339,16.2759,187.2274,1.77,6.06,40.42,169.7970,16.3067,186.5818,1.77,6.06,40.42,250.0675,11.9445,279.8723,0.00,100.00,182.67,-11.86,182.67,11.86,12.52
170.91,123.69,169.1681,13.3231,186.3179,0.04,100.00,40.42,3.94,2.40,5.87,357.67,169.3250,16.2867,186.9681,169.0339,16.2737,187.2274,1.77,6.06,40.42,169.7970,16.3044,186.5818,1.77,6.06,40.42,250.0675,11.9445,279.8723,0.00,100.00,182.67,-11.86,182.67,11.86,12.52
170.98,123.69,169.1681,13.3195,186.3179,0.06,100.00,40.42,3.94,2.40,5.87,357.67,169.3250,16.2831,186.9681,169.0339,16.2700,187.2274,1.77,6.06,40.42,169.7970,16.3008,186.5818,1.77,6.06,40.42,250.0675,11.9445,279.8723,0.00,100.00,182.67,-11.86,182.67,11.86,12.52
171.03,123.69,169.1681,13.3228,186.3179,0.06,100.00,40.42,3.94,2.40,5.87,357.67,169.3250,16.2864,186.9681,169.0339,16.2733,187.2274,1.77,6.06,40.42,169.7970,16.3041,186.5818,1.77,6.06,40.42,250.0675,11.9445,279.8723,0.00,100.00,182.67,-11.86,182.67,11.86,12.52
171.10,123.69,169.1681,13.3213,186.3179,0.02,100.00,40.42,3.94,2.40,5.87,357.67,169.3250,16.2849,186.9681,169.0339,16.2718,187.2274,1.77,6.06,40.42,169.7970,16.3026,186.5818,1.77,6.06,40.42,250.0675,11.9445,279.8723,0.00,100.00,182.67,-11.86,182.67,11.86,12.52
171.16,123.69,169.1681,13.3189,186.3179,0.04,100.00,40.42,3.94,2.40,5.87,357.67,169.3250,16.2824,186.9681,169.0339,16.2694,187.2274,1.77,6.06,40.42,169.7970,16.3001,186.5818,1.77,6.06,40.42,250.0675,11.9445,279.8723,0.00,100.00,182.67,-11.86,182.67,11.86,12.52
171.22,123.69,169.1681,13.3170,186.3179,0.03,100.00,40.42,3.94,2.40,5.87,357.67,169.3250,16.2806,186.9681,169.0339,16.2675,187.2274,1.77,6.06,40.42,169.7970,16.2983,186.5818,1.77,6.06,40.42,250.0675,11.9445,279.8723,0.00,100.00,182.67,-11.86,182.67,11.86,12.52
171.28,123.69,169.1681,13.3178,186.3179,0.01,100.00,40.42,3.94,2.40,5.87,357.67,169.3250,16.2814,186.9681,169.0339,16.2684,187.2274,1.77,6.06,40.42,169.7970,16.2991,186.5818,1.77,6.06,40.42,250.0675,11.9445,279.8723,0.00,100.00,182.67,-11.86,182.67,11.86,12.52
171.34,123.69,169.1681,13.3504,186.3179,0.53,100.00,40.42,3.94,2.40,5.87,357.67,169.3250,16.3140,186.9681,169.0339,16.3010,187.2274,1.77,6.06,40.42,169.7970,16.3317,186.5818,1.77,6.06,40.42,250.0675,11.9445,279.8723,0.00,100.00,182.67,-11.86,182.67,11.86,12.52
171.40,123.69,169.1681,13.3173,186.3179,0.56,100.00,40.42,3.94,2.40,5.87,357.67,169.3250,16.2809,186.9681,169.0339,16.2678,187.2274,1.77,6.06,40.42,169.7970,16.2986,186.5818,1.77,6.06,40.42,250.0675,11.9445,279.8723,0.00,100.00,182.67,-11.86,182.67,11.86,12.52
171.50,123.69,169.1681,13.3455,186.3179,0.27,100.00,40.42,3.94,2.40,5.87,357.67,169.3250,16.3091,186.9681,169.0339,16.2960,187.2274,1.77,6.06,40.42,169.7970,16.3268,186.5818,1.77,6.06,40.42,250.0675,11.9445,279.8723,0.00,100.00,182.67,-11.86,182.67,11.86,12.52
171.60,123.69,169.1681,13.3446,186.3179,0.01,100.00,40.42,3.94,2.40,5.87,357.67,169.3250,16.3082,186.9681,169.0339,16.2952,187.2274,1.77,6.06,40.42,169.7970,16.3259,186.5818,1.77,6.06,40.42,250.0675,11.9445,279.8723,0.00,100.00,182.67,-11.86,182.67,11.86,12.52
171.70,123.69,169.1681,13.3464,186.3179,0.02,100.00,40.42,3.94,2.40,5.87,357.67,169.3250,16.3100,186.9681,169.0339,16.2970,187.2274,1.77,6.06,40.42,169.7970,16.3277,186.5818,1.77,6.06,40.42,250.0675,11.9445,279.8723,0.00,100.00,182.67,-11.86,182.67,11.86,12.52
171.80,123.69,169.1681,13.3422,186.3179,0.04,100.00,40.42,3.94,2.40,5.87,357.67,169.3250,16.3058,186.9681,169.0339,16.2927,187.2274,1.77,6.06,40.42,169.7970,16.3235,186.5818,1.77,6.06,40.42,250.0675,11.9445,279.8723,0.00,100.00,182.67,-11.86,182.67,11.86,12.52
171.90,123.69,169.1681,13.3489,186.3179,0.07,100.00,40.42,3.94,2.40,5.87,357.67,169.3250,16.3124,186.9681,169.0339,16.2994,187.2274,1.77,6.06,40.42,169.7970,16.3301,186.5818,1.77,6.06,40.42,250.0675,11.9445,279.8723,0.00,100.00,182.67,-11.86,182.67,11.86,12.52
172.00,123.69,169.1681,13.3202,186.3179,0.30,100.00,40.42,3.94,2.40,5.87,357.67,169.3250,16.2838,186.9681,169.0339,16.2707,187.2274,1.77,6.06,40.42,169.7970,16.3015,186.5818,1.77,6.06,40.42,250.0675,11.9445,279.8723,0.00,100.00,182.67,-11.86,182.67,11.86,12.52
172.09,123.69,169.1681,13.3281,186.3179,0.08,100.00,40.42,3.94,2.40,5.87,357.67,169.3250,16.2917,186.9681,169.0339,16.2786,187.2274,1.77,6.06,40.42,169.7970,16.3094,186.5818,1.77,6.06,40.42,250.0675,11.9445,279.8723,0.00,100.00,182.67,-11.86,182.67,11.86,12.52
172.19,123.69,169.1681,13.3334,186.3179,0.06,100.00,40.42,3.94,2.40,5.87,357.67,169.3250,16.2970,186.9681,169.0339,16.2840,187.2274,1.77,6.06,40.42,169.7970,16.3147,186.5818,1.77,6.06,40.42,250.0675,11.9445,279.8723,0.00,100.00,182.67,-11.86,182.67,11.86,12.52
172.28,123.69,169.1681,13.3429,186.3179,0.10,100.00,40.42,3.94,2.40,5.87,357.67,169.3250,16.3065,186.9681,169.0339,16.2935,187.2274,1.77,6.06,40.42,169.7970,16.3242,186.5818,1.77,6.06,40.42,250.0675,11.9445,279.8723,0.00,100.00,182.67,-11.86,182.67,11.86,12.52
172.38,123.69,169.1681,13.3430,186.3179,0.00,100.00,40.42,3.94,2.40,5.87,357.67,169.3250,16.3066,186.9681,169.0339,16.2936,187.2274,1.77,6.06,40.42,169.7970,16.3243,186.5818,1.77,6.06,40.42,250.0675,11.9445,279.8723,0.00,100.00,182.67,-11.86,182.67,11.86,12.52
172.48,123.69,169.1681,13.3491,186.3179,0.06,100.00,40.42,3.94,2.40,5.87,357.67,169.3250,16.3127,186.9681,169.0339,16.2997,187.2274,1.77,6.06,40.42,169.7970,16.3304,186.5818,1.77,6.06,40.42,250.0675,11.9445,279.8723,0.00,100.00,182.67,-11.86,182.67,11.86,12.52
172.58,123.69,169.1681,13.3177,186.3179,0.32,100.00,40.42,3.94,2.40,5.87,357.67,169.3250,16.2813,186.9681,169.0339,16.2682,187.2274,1.77,6.06,40.42,169.7970,16.2990,186.5818,1.77,6.06,40.42,250.0675,11.9445,279.8723,0.00,100.00,182.67,-11.86,182.67,11.86,12.52
172.67,123.69,169.1681,13.3288,186.3179,0.12,100.00,40.42,3.94,2.40,5.87,357.67,169.3250,16.2924,186.9681,169.0339,16.2793,187.2274,1.77,6.06,40.42,169.7970,16.3101,186.5818,1.77,6.06,40.42,250.0675,11.9445,279.8723,0.00,100.00,182.67,-11.86,182.67,11.86,12.52
172.77,123.69,169.1681,13.3264,186.3179,0.02,100.00,40.42,3.94,2.40,5.87,357.67,169.3250,16.2900,186.9681,169.0339,16.2769,187.2274,1.77,6.06,40.42,169.7970,16.3077,186.5818,1.77,6.06,40.42,250.0675,11.9445,279.8723,0.00,100.00,182.67,-11.86,182.67,11.86,12.52
172.87,123.69,169.1681,13.3305,186.3179,0.04,100.00,40.42,3.94,2.40,5.87,357.67,169.3250,16.2941,186.9681,169.0339,16.2811,187.2274,1.77,6.06,40.42,169.7970,16.3118,186.5818,1.77,6.06,40.42,250.0675,11.9445,279.8723,0.00,100.00,182.67,-11.86,182.67,11.86,12.52
172.97,123.69,169.1681,13.3313,186.3179,0.01,100.00,40.42,3.94,2.40,5.87,357.67,169.3250,16.2949,186.9681,169.0339,16.2819,187.2274,1.77,6.06,40.42,169.7970,16.3126,186.5818,1.77,6.06,40.42,250.0675,11.9445,279.8723,0.00,100.00,182.67,-11.86,182.67,11.86,12.52
173.07,123.69,169.1681,13.3378,186.3179,0.07,100.00,40.42,3.94,2.40,5.87,357.67,169.3250,16.3013,186.9681,169.0339,16.2883,187.2274,1.77,6.06,40.42,169.7970,16.3190,186.5818,1.77,6.06,40.42,250.0675,11.9445,279.8723,0.00,100.00,182.67,-11.86,182.67,11.86,12.52
173.16,123.69,169.1681,13.3438,186.3179,0.06,100.00,40.42,3.94,2.40,5.87,357.67,169.3250,16.3074,186.9681,169.0339,16.2944,187.2274,1.77,6.06,40.42,169.7970,16.3251,186.5818,1.77,6.06,40.42,250.0675,11.9445,279.8723,0.00,100.00,182.67,-11.86,182.67,11.86,12.52
173.26,123.69,169.1681,13.3171,186.3179,0.28,100.00,40.42,3.94,2.40,5.87,357.67,169.3250,16.2806,186.9681,169.0339,16.2676,187.2274,1.77,6.06,40.42,169.7970,16.2983,186.5818,1.77,6.06,40.42,250.0675,11.9445,279.8723,0.00,100.00,182.67,-11.86,182.67,11.86,12.52
173.36,123.69,169.1681,13.3204,186.3179,0.03,100.00,40.42,3.94,2.40,5.87,357.67,169.3250,16.2840,186.9681,169.0339,16.2709,187.2274,1.77,6.06,40.42,169.7970,16.3017,186.5818,1.77,6.06,40.42,250.0675,11.9445,279.8723,0.00,100.00,182.67,-11.86,182.67,11.86,12.52
173.45,123.69,169.1681,13.3227,186.3179,0.02,100.00,40.42,3.94,2.40,5.87,357.67,169.3250,16.2863,186.9681,169.0339,16.2732,187.2274,1.77,6.06,40.42,169.7970,16.3040,186.5818,1.77,6.06,40.42,250.0675,11.9445,279.8723,0.00,100.00,182.67,-11.86,182.67,11.86,12.52
173.55,123.69,169.1681,13.3286,186.3179,0.06,100.00,40.42,3.94,2.40,5.87,357.67,169.3250,16.2921,186.9681,169.0339,16.2791,187.2274,1.77,6.06,40.42,169.7970,16.3098,186.5818,1.77,6.06,40.42,250.0675,11.9445,279.8723,0.00,100.00,182.67,-11.86,182.67,11.86,12.52
173.64,123.69,169.1681,13.3413,186.3179,0.14,100.00,40.42,3.94,2.40,5.87,357.67,169.3250,16.3049,186.9681,169.0339,16.2918,187.2274,1.77,6.06,40.42,169.7970,16.3226,186.5818,1.77,6.06,40.42,250.0675,11.9445,279.8723,0.00,100.00,182.67,-11.86,182.67,11.86,12.52
173.74,123.69,169.1681,13.3472,186.3179,0.06,100.00,40.42,3.94,2.40,5.87,357.67,169.3250,16.3107,186.9680,169.0339,16.2977,187.2274,1.77,6.06,40.42,169.7970,16.3284,186.5818,1.77,6.06,40.42,250.0675,11.9445,279.8723,0.00,100.00,182.67,-11.86,182.67,11.86,12.52
173.84,123.69,169.1681,13.3196,186.3179,0.29,100.00,40.42,3.94,2.40,5.87,357.67,169.3250,16.2832,186.9681,169.0339,16.2701,187.2274,1.77,6.06,40.42,169.7970,16.3009,186.5818,1.77,6.06,40.42,250.0675,11.9445,279.8723,0.00,100.00,182.67,-11.86,182.67,11.86,12.52
173.94,123.69,169.1681,13.3203,186.3179,0.01,100.00,40.42,3.94,2.40,5.87,357.67,169.3250,16.2839,186.9681,169.0339,16.2708,187.2274,1.77,6.06,40.42,169.7970,16.3016,186.5818,1.77,6.06,40.42,250.0675,11.9445,279.8723,0.00,100.00,182.67,-11.86,182.67,11.86,12.52
174.03,123.69,169.1681,13.3251,186.3179,0.05,100.00,40.42,3.94,2.40,5.87,357.67,169.3250,16.2887,186.9681,169.0339,16.2757,187.2274,1.77,6.06,40.42,169.7970,16.3064,186.5818,1.77,6.06,40.42,250.0675,11.9445,279.8723,0.00,100.00,182.67,-11.86,182.67,11.86,12.52
174.13,123.69,169.1681,13.3372,186.3179,0.13,100.00,40.42,3.94,2.40,5.87,357.67,169.3250,16.3007,186.9681,169.0339,16.2877,187.2274,1.77,6.06,40.42,169.7970,16.3184,186.5818,1.77,6.06,40.42,250.0675,11.9445,279.8723,0.00,100.00,182.67,-11.86,182.67,11.86,12.52
174.23,123.69,169.1681,13.3373,186.3179,0.00,100.00,40.42,3.94,2.40,5.87,357.67,169.3250,16.3009,186.9681,169.0339,16.2879,187.2274,1.77,6.06,40.42,169.7970,16.3186,186.5818,1.77,6.06,40.42,250.0675,11.9445,279.8723,0.00,100.00,182.67,-11.86,182.67,11.86,12.52
174.33,123.69,169.1681,13.3330,186.3179,0.04,100.00,40.42,3.94,2.40,5.87,357.67,169.3250,16.2966,186.9681,169.0339,16.2836,187.2274,1.77,6.06,40.42,169.7970,16.3143,186.5818,1.77,6.06,40.42,250.0675,11.9445,279.8723,0.00,100.00,182.67,-11.86,182.67,11.86,12.52
174.43,123.69,169.1681,13.3354,186.3179,0.02,100.00,40.42,3.94,2.40,5.87,357.67,169.3250,16.2990,186.9681,169.0339,16.2860,187.2274,1.77,6.06,40.42,169.7970,16.3167,186.5818,1.77,6.06,40.42,250.0675,11.9445,279.8723,0.00,100.00,182.67,-11.86,182.67,11.86,12.52
174.53,123.69,169.1681,13.3364,186.3179,0.01,100.00,40.42,3.94,2.40,5.87,357.67,169.3250,16.3000,186.9681,169.0339,16.2869,187.2274,1.77,6.06,40.42,169.7970,16.3177,186.5818,1.77,6.06,40.42,250.0675,11.9445,279.8723,0.00,100.00,182.67,-11.86,182.67,11.86,12.52
174.62,123.69,169.1681,13.3463,186.3179,0.10,100.00,40.42,3.94,2.40,5.87,357.67,169.3250,16.3099,186.9680,169.0339,16.2968,187.2274,1.77,6.06,40.42,169.7970,16.3276,186.5818,1.77,6.06,40.42,250.0675,11.9445,279.8723,0.00,100.00,182.67,-11.86,182.67,11.86,12.52
174.72,123.69,169.1681,13.3169,186.3179,0.30,100.00,40.42,3.94,2.40,5.87,357.67,169.3250,16.2805,186.9681,169.0339,16.2674,187.2274,1.77,6.06,40.42,169.7970,16.2982,186.5818,1.77,6.06,40.42,250.0675,11.9445,279.8723,0.00,100.00,182.67,-11.86,182.67,11.86,12.52
174.81,123.69,169.1681,13.3272,186.3179,0.11,100.00,40.42,3.94,2.40,5.87,357.67,169.3250,16.2907,186.9681,169.0339,16.2777,187.2274,1.77,6.06,40.42,169.7970,16.3084,186.5818,1.77,6.06,40.42,250.0675,11.9445,279.8723,0.00,100.00,182.67,-11.86,182.67,11.86,12.52
174.91,123.69,169.1681,13.3272,186.3179,0.00,100.00,40.42,3.94,2.40,5.87,357.67,169.3250,16.2908,186.9681,169.0339,16.2777,187.2274,1.77,6.06,40.42,169.7970,16.3085,186.5818,1.77,6.06,40.42,250.0675,11.9445,279.8723,0.00,100.00,182.67,-11.86,182.67,11.86,12.52
175.01,123.69,169.1681,13.3337,186.3179,0.07,100.00,40.42,3.94,2.40,5.87,357.67,169.3250,16.2973,186.9681,169.0339,16.2843,187.2274,1.77,6.06,40.42,169.7970,16.3150,186.5818,1.77,6.06,40.42,250.0675,11.9445,279.8723,0.00,100.00,182.67,-11.86,182.67,11.86,12.52
175.11,123.69,169.1681,13.3364,186.3179,0.03,100.00,40.42,3.94,2.40,5.87,357.67,169.3250,16.3000,186.9681,169.0339,16.2870,187.2274,1.77,6.06,40.42,169.7970,16.3177,186.5818,1.77,6.06,40.42,250.0675,11.9445,279.8723,0.00,100.00,182.67,-11.86,182.67,11.86,12.52
175.21,123.69,169.1681,13.3364,186.3179,0.00,100.00,40.42,3.94,2.40,5.87,357.67,169.3250,16.2999,186.9681,169.0339,16.2869,187.2274,1.77,6.06,40.42,169.7970,16.3176,186.5818,1.77,6.06,40.42,250.0675,11.9445,279.8723,0.00,100.00,182.67,-11.86,182.67,11.86,12.52
175.31,123.69,169.1681,13.3338,186.3179,0.02,100.00,40.42,3.94,2.40,5.87,357.67,169.3250,16.2974,186.9681,169.0339,16.2844,187.2274,1.77,6.06,40.42,169.7970,16.3151,186.5818,1.77,6.06,40.42,250.0675,11.9445,279.8723,0.00,100.00,182.67,-11.86,182.67,11.86,12.52
175.41,123.69,169.1681,13.3339,186.3179,0.00,100.00,40.42,3.94,2.40,5.87,357.67,169.3250,16.2975,186.9681,169.0339,16.2845,187.2274,1.77,6.06,40.42,169.7970,16.3152,186.5818,1.77,6.06,40.42,250.0675,11.9445,279.8723,0.00,100.00,182.67,-11.86,182.67,11.86,12.52
175.52,123.69,169.1681,13.3203,186.3179,0.13,100.00,40.42,3.94,2.40,5.87,357.67,169.3250,16.2838,186.9681,169.0339,16.2708,187.2274,1.77,6.06,40.42,169.7970,16.3015,186.5818,1.77,6.06,40.42,250.0675,11.9445,279.8723,0.00,100.00,182.67,-11.86,182.67,11.86,12.52
175.61,123.69,169.1681,13.3238,186.3179,0.04,100.00,40.42,3.94,2.40,5.87,357.67,169.3250,16.2874,186.9681,169.0339,16.2743,187.2274,1.77,6.06,40.42,169.7970,16.3051,186.5818,1.77,6.06,40.42,250.0675,11.9445,279.8723,0.00,100.00,182.67,-11.86,182.67,11.86,12.52
175.71,123.69,169.1681,13.3298,186.3179,0.06,100.00,40.42,3.94,2.40,5.87,357.67,169.3250,16.2934,186.9681,169.0339,16.2803,187.2274,1.77,6.06,40.42,169.7970,16.3111,186.5818,1.77,6.06,40.42,250.0675,11.9445,279.8723,0.00,100.00,182.67,-11.86,182.67,11.86,12.52
175.80,123.69,169.1681,13.3423,186.3179,0.13,100.00,40.42,3.94,2.40,5.87,357.67,169.3250,16.3059,186.9681,169.0339,16.2928,187.2274,1.77,6.06,40.42,169.7970,16.3236,186.5818,1.77,6.06,40.42,250.0675,11.9445,279.8723,0.00,100.00,182.67,-11.86,182.67,11.86,12.52
175.90,123.69,169.1681,13.3448,186.3179,0.03,100.00,40.42,3.94,2.40,5.87,357.67,169.3250,16.3084,186.9681,169.0339,16.2953,187.2274,1.77,6.06,40.42,169.7970,16.3261,186.5818,1.77,6.06,40.42,250.0675,11.9445,279.8723,0.00,100.00,182.67,-11.86,182.67,11.86,12.52
176.00,123.69,169.1681,13.3173,186.3179,0.29,100.00,40.42,3.94,2.40,5.87,357.67,169.3250,16.2809,186.9681,169.0339,16.2679,187.2274,1.77,6.06,40.42,169.7970,16.2986,186.5818,1.77,6.06,40.42,250.0675,11.9445,279.8723,0.00,100.00,182.67,-11.86,182.67,11.86,12.52
176.10,123.69,169.1681,13.3212,186.3179,0.04,100.00,40.42,3.94,2.40,5.87,357.67,169.3250,16.2848,186.9681,169.0339,16.2718,187.2274,1.77,6.06,40.42,169.7970,16.3025,186.5818,1.77,6.06,40.42,250.0675,11.9445,279.8723,0.00,100.00,182.67,-11.86,182.67,11.86,12.52
176.19,123.69,169.1681,13.3271,186.3179,0.06,100.00,40.42,3.94,2.40,5.87,357.67,169.3250,16.2907,186.9681,169.0339,16.2777,187.2274,1.77,6.06,40.42,169.7970,16.3084,186.5818,1.77,6.06,40.42,250.0675,11.9445,279.8723,0.00,100.00,182.67,-11.86,182.67,11.86,12.52
176.29,123.69,169.1681,13.3305,186.3179,0.03,100.00,40.42,3.94,2.40,5.87,357.67,169.3250,16.2941,186.9681,169.0339,16.2811,187.2274,1.77,6.06,40.42,169.7970,16.3118,186.5818,1.77,6.06,40.42,250.0675,11.9445,279.8723,0.00,100.00,182.67,-11.86,182.67,11.86,12.52
176.38,123.69,169.1681,13.3404,186.3179,0.10,100.00,40.42,3.94,2.40,5.87,357.67,169.3250,16.3040,186.9681,169.0339,16.2910,187.2274,1.77,6.06,40.42,169.7970,16.3217,186.5818,1.77,6.06,40.42,250.0675,11.9445,279.8723,0.00,100.00,182.67,-11.86,182.67,11.86,12.52
176.48,123.69,169.1681,13.3473,186.3179,0.07,100.00,40.42,3.94,2.40,5.87,357.67,169.3250,16.3109,186.9681,169.0339,16.2978,187.2274,1.77,6.06,40.42,169.7970,16.3286,186.5818,1.77,6.06,40.42,250.0675,11.9445,279.8723,0.00,100.00,182.67,-11.86,182.67,11.86,12.52
176.58,123.69,169.1681,13.3214,186.3179,0.27,100.00,40.42,3.94,2.40,5.87,357.67,169.3250,16.2850,186.9681,169.0339,16.2719,187.2274,1.77,6.06,40.42,169.7970,16.3027,186.5818,1.77,6.06,40.42,250.0675,11.9445,279.8723,0.00,100.00,182.67,-11.86,182.67,11.86,12.52
176.67,123.69,169.1681,13.3271,186.3179,0.06,100.00,40.42,3.94,2.40,5.87,357.67,169.3250,16.2907,186.9681,169.0339,16.2777,187.2274,1.77,6.06,40.42,169.7970,16.3084,186.5818,1.77,6.06,40.42,250.0675,11.9445,279.8723,0.00,100.00,182.67,-11.86,182.67,11.86,12.52
176.77,123.69,169.1681,13.3280,186.3179,0.01,100.00,40.42,3.94,2.40,5.87,357.67,169.3250,16.2916,186.9681,169.0339,16.2785,187.2274,1.77,6.06,40.42,169.7970,16.3093,186.5818,1.77,6.06,40.42,250.0675,11.9445,279.8723,0.00,100.00,182.67,-11.86,182.67,11.86,12.52
176.87,123.69,169.1681,13.3279,186.3179,0.00,100.00,40.42,3.94,2.40,5.87,357.67,169.3250,16.2915,186.9681,169.0339,16.2785,187.2274,1.77,6.06,40.42,169.7970,16.3092,186.5818,1.77,6.06,40.42,250.0675,11.9445,279.8723,0.00,100.00,182.67,-11.86,182.67,11.86,12.52
176.97,123.69,169.1681,13.3304,186.3179,0.02,100.00,40.42,3.94,2.40,5.87,357.67,169.3250,16.2940,186.9681,169.0339,16.2809,187.2274,1.77,6.06,40.42,169.7970,16.3117,186.5818,1.77,6.06,40.42,250.0675,11.9445,279.8723,0.00,100.00,182.67,-11.86,182.67,11.86,12.52
177.07,123.69,169.1681,13.3347,186.3179,0.04,100.00,40.42,3.94,2.40,5.87,357.67,169.3250,16.2982,186.9681,169.0339,16.2852,187.2274,1.77,6.06,40.42,169.7970,16.3159,186.5818,1.77,6.06,40.42,250.0675,11.9445,279.8723,0.00,100.00,182.67,-11.86,182.67,11.86,12.52
177.17,123.69,169.1681,13.3380,186.3179,0.03,100.00,40.42,3.94,2.40,5.87,357.67,169.3250,16.3015,186.9681,169.0339,16.2885,187.2274,1.77,6.06,40.42,169.7970,16.3192,186.5818,1.77,6.06,40.42,250.0675,11.9445,279.8723,0.00,100.00,182.67,-11.86,182.67,11.86,12.52
177.26,123.69,169.1681,13.3414,186.3179,0.03,100.00,40.42,3.94,2.40,5.87,357.67,169.3250,16.3049,186.9681,169.0339,16.2919,187.2274,1.77,6.06,40.42,169.7970,16.3226,186.5818,1.77,6.06,40.42,250.0675,11.9445,279.8723,0.00,100.00,182.67,-11.86,182.67,11.86,12.52
177.37,123.69,169.1681,13.3363,186.3179,0.05,100.00,40.42,3.94,2.40,5.87,357.67,169.3250,16.2999,186.9681,169.0339,16.2868,187.2274,1.77,6.06,40.42,169.7970,16.3176,186.5818,1.77,6.06,40.42,250.0675,11.9445,279.8723,0.00,100.00,182.67,-11.86,182.67,11.86,12.52
177.47,123.69,169.1681,13.3348,186.3179,0.02,100.00,40.42,3.94,2.40,5.87,357.67,169.3250,16.2984,186.9681,169.0339,16.2853,187.2274,1.77,6.06,40.42,169.7970,16.3161,186.5818,1.77,6.06,40.42,250.0675,11.9445,279.8723,0.00,100.00,182.67,-11.86,182.67,11.86,12.52
177.57,123.69,169.1681,13.3322,186.3179,0.03,100.00,40.42,3.94,2.40,5.87,357.67,169.3250,16.2957,186.9681,169.0339,16.2827,187.2274,1.77,6.06,40.42,169.7970,16.3134,186.5818,1.77,6.06,40.42,250.0675,11.9445,279.8723,0.00,100.00,182.67,-11.86,182.67,11.86,12.52
177.67,123.69,169.1681,13.3346,186.3179,0.03,100.00,40.42,3.94,2.40,5.87,357.67,169.3250,16.2982,186.9681,169.0339,16.2852,187.2274,1.77,6.06,40.42,169.7970,16.3159,186.5818,1.77,6.06,40.42,250.0675,11.9445,279.8723,0.00,100.00,182.67,-11.86,182.67,11.86,12.52
177.77,123.69,169.1681,13.3296,186.3179,0.05,100.00,40.42,3.94,2.40,5.87,357.67,169.3250,16.2932,186.9681,169.0339,16.2801,187.2274,1.77,6.06,40.42,169.7970,16.3109,186.5818,1.77,6.06,40.42,250.0675,11.9445,279.8723,0.00,100.00,182.67,-11.86,182.67,11.86,12.52
177.87,123.69,169.1681,13.3296,186.3179,0.00,100.00,40.42,3.94,2.40,5.87,357.67,169.3250,16.2932,186.9681,169.0339,16.2801,187.2274,1.77,6.06,40.42,169.7970,16.3109,186.5818,1.77,6.06,40.42,250.0675,11.9445,279.8723,0.00,100.00,182.67,-11.86,182.67,11.86,12.52
177.97,123.69,169.1681,13.3363,186.3179,0.07,100.00,40.42,3.94,2.40,5.87,357.67,169.3250,16.2998,186.9681,169.0339,16.2868,187.2274,1.77,6.06,40.42,169.7970,16.3175,186.5818,1.77,6.06,40.42,250.0675,11.9445,279.8723,0.00,100.00,182.67,-11.86,182.67,11.86,12.52
178.06,123.69,169.1681,13.3408,186.3179,0.05,100.00,40.42,3.94,2.40,5.87,357.67,169.3250,16.3044,186.9681,169.0339,16.2913,187.2274,1.77,6.06,40.42,169.7970,16.3221,186.5818,1.77,6.06,40.42,250.0675,11.9445,279.8723,0.00,100.00,182.67,-11.86,182.67,11.86,12.52
178.16,123.69,169.1681,13.3487,186.3179,0.08,100.00,40.42,3.94,2.40,5.87,357.67,169.3250,16.3123,186.9680,169.0339,16.2993,187.2274,1.77,6.06,40.42,169.7969,16.3300,186.5818,1.77,6.06,40.42,250.0675,11.9445,279.8723,0.00,100.00,182.67,-11.86,182.67,11.86,12.52
178.26,123.69,169.1681,13.3195,186.3179,0.30,100.00,40.42,3.94,2.40,5.87,357.67,169.3250,16.2830,186.9681,169.0339,16.2700,187.2274,1.77,6.06,40.42,169.7970,16.3007,186.5818,1.77,6.06,40.42,250.0675,11.9445,279.8723,0.00,100.00,182.67,-11.86,182.67,11.86,12.52
178.35,123.69,169.1681,13.3302,186.3179,0.11,100.00,40.42,3.94,2.40,5.87,357.67,169.3250,16.2937,186.9681,169.0339,16.2807,187.2274,1.77,6.06,40.42,169.7970,16.3114,186.5818,1.77,6.06,40.42,250.0675,11.9445,279.8723,0.00,100.00,182.67,-11.86,182.67,11.86,12.52
178.45,123.69,169.1681,13.3395,186.3179,0.10,100.00,40.42,3.94,2.40,5.87,357.67,169.3250,16.3031,186.9681,169.0339,16.2900,187.2274,1.77,6.06,40.42,169.7970,16.3208,186.5818,1.77,6.06,40.42,250.0675,11.9445,279.8723,0.00,100.00,182.67,-11.86,182.67,11.86,12.52
178.54,123.69,169.1681,13.3428,186.3179,0.03,100.00,40.42,3.94,2.40,5.87,357.67,169.3250,16.3064,186.9681,169.0339,16.2934,187.2274,1.77,6.06,40.42,169.7970,16.3241,186.5818,1.77,6.06,40.42,250.0675,11.9445,279.8723,0.00,100.00,182.67,-11.86,182.67,11.86,12.52
178.64,123.69,169.1681,13.3447,186.3179,0.02,100.00,40.42,3.94,2.40,5.87,357.67,169.3250,16.3083,186.9681,169.0339,16.2953,187.2274,1.77,6.06,40.42,169.7970,16.3260,186.5818,1.77,6.06,40.42,250.0675,11.9445,279.8723,0.00,100.00,182.67,-11.86,182.67,11.86,12.52
178.74,123.69,169.1681,13.3482,186.3179,0.04,100.00,40.42,3.94,2.40,5.87,357.67,169.3250,16.3118,186.9681,169.0339,16.2987,187.2274,1.77,6.06,40.42,169.7970,16.3294,186.5818,1.77,6.06,40.42,250.0675,11.9445,279.8723,0.00,100.00,182.67,-11.86,182.67,11.86,12.52
178.84,123.69,169.1681,13.3170,186.3179,0.32,100.00,40.42,3.94,2.40,5.87,357.67,169.3250,16.2806,186.9681,169.0339,16.2676,187.2274,1.77,6.06,40.42,169.7970,16.2983,186.5818,1.77,6.06,40.42,250.0675,11.9445,279.8723,0.00,100.00,182.67,-11.86,182.67,11.86,12.52
178.93,123.69,169.1681,13.3245,186.3179,0.08,100.00,40.42,3.94,2.40,5.87,357.67,169.3250,16.2880,186.9681,169.0339,16.2750,187.2274,1.77,6.06,40.42,169.7970,16.3057,186.5818,1.77,6.06,40.42,250.0675,11.9445,279.8723,0.00,100.00,182.67,-11.86,182.67,11.86,12.52
179.03,123.69,169.1681,13.3229,186.3179,0.02,100.00,40.42,3.94,2.40,5.87,357.67,169.3250,16.2864,186.9681,169.0339,16.2734,187.2274,1.77,6.06,40.42,169.7970,16.3041,186.5818,1.77,6.06,40.42,250.0675,11.9445,279.8723,0.00,100.00,182.67,-11.86,182.67,11.86,12.52
179.13,123.69,169.1681,13.3262,186.3179,0.03,100.00,40.42,3.94,2.40,5.87,357.67,169.3250,16.2898,186.9681,169.0339,16.2767,187.2274,1.77,6.06,40.42,169.7970,16.3075,186.5818,1.77,6.06,40.42,250.0675,11.9445,279.8723,0.00,100.00,182.67,-11.86,182.67,11.86,12.52
179.23,123.69,169.1681,13.3262,186.3179,0.00,100.00,40.42,3.94,2.40,5.87,357.67,169.3250,16.2898,186.9681,169.0339,16.2768,187.2274,1.77,6.06,40.42,169.7970,16.3075,186.5818,1.77,6.06,40.42,250.0675,11.9445,279.8723,0.00,100.00,182.67,-11.86,182.67,11.86,12.52
179.33,123.69,169.1681,13.3320,186.3179,0.06,100.00,40.42,3.94,2.40,5.87,357.67,169.3250,16.2956,186.9681,169.0339,16.2825,187.2274,1.77,6.06,40.42,169.7970,16.3133,186.5818,1.77,6.06,40.42,250.0675,11.9445,279.8723,0.00,100.00,182.67,-11.86,182.67,11.86,12.52
179.43,123.69,169.1681,13.3395,186.3179,0.08,100.00,40.42,3.94,2.40,5.87,357.67,169.3250,16.3031,186.9681,169.0339,16.2900,187.2274,1.77,6.06,40.42,169.7970,16.3208,186.5818,1.77,6.06,40.42,250.0675,11.9445,279.8723,0.00,100.00,182.67,-11.86,182.67,11.86,12.52
179.52,123.69,169.1681,13.3455,186.3179,0.06,100.00,40.42,3.94,2.40,5.87,357.67,169.3250,16.3091,186.9681,169.0339,16.2960,187.2274,1.77,6.06,40.42,169.7970,16.3268,186.5818,1.77,6.06,40.42,250.0675,11.9445,279.8723,0.00,100.00,182.67,-11.86,182.67,11.86,12.52
179.62,123.69,169.1681,13.3162,186.3179,0.30,100.00,40.42,3.94,2.40,5.87,357.67,169.3250,16.2798,186.9681,169.0339,16.2668,187.2274,1.77,6.06,40.42,169.7970,16.2975,186.5818,1.77,6.06,40.42,250.0675,11.9445,279.8723,0.00,100.00,182.67,-11.86,182.67,11.86,12.52
179.71,123.69,169.1681,13.3230,186.3179,0.07,100.00,40.42,3.94,2.40,5.87,357.67,169.3250,16.2865,186.9681,169.0339,16.2735,187.2274,1.77,6.06,40.42,169.7970,16.3042,186.5818,1.77,6.06,40.42,250.0675,11.9445,279.8723,0.00,100.00,182.67,-11.86,182.67,11.86,12.52
179.81,123.69,169.1681,13.3280,186.3179,0.05,100.00,40.42,3.94,2.40,5.87,357.67,169.3250,16.2916,186.9681,169.0339,16.2785,187.2274,1.77,6.06,40.42,169.7970,16.3093,186.5818,1.77,6.06,40.42,250.0675,11.9445,279.8723,0.00,100.00,182.67,-11.86,182.67,11.86,12.52
179.91,123.69,169.1681,13.3396,186.3179,0.12,100.00,40.42,3.94,2.40,5.87,357.67,169.3250,16.3032,186.9681,169.0339,16.2901,187.2274,1.77,6.06,40.42,169.7970,16.3209,186.5818,1.77,6.06,40.42,250.0675,11.9445,279.8723,0.00,100.00,182.67,-11.86,182.67,11.86,12.52
180.00,123.69,169.1681,13.3454,186.3179,0.06,100.00,40.42,3.94,2.40,5.87,357.67,169.3250,16.3089,186.9681,169.0339,16.2959,187.2274,1.77,6.06,40.42,169.7970,16.3266,186.5818,1.77,6.06,40.42,250.0675,11.9445,279.8723,0.00,100.00,182.67,-11.86,182.67,11.86,12.52
180.10,123.69,169.1681,13.3173,186.3179,0.29,100.00,40.42,3.94,2.40,5.87,357.67,169.3250,16.2809,186.9681,169.0339,16.2678,187.2274,1.77,6.06,40.42,169.7970,16.2986,186.5818,1.77,6.06,40.42,250.0675,11.9445,279.8723,0.00,100.00,182.67,-11.86,182.67,11.86,12.52
180.19,123.69,169.1681,13.3229,186.3179,0.06,100.00,40.42,3.94,2.40,5.87,357.67,169.3250,16.2865,186.9681,169.0339,16.2734,187.2274,1.77,6.06,40.42,169.7970,16.3042,186.5818,1.77,6.06,40.42,250.0675,11.9445,279.8723,0.00,100.00,182.67,-11.86,182.67,11.86,12.52
180.29,123.69,169.1681,13.3306,186.3179,0.08,100.00,40.42,3.94,2.40,5.87,357.67,169.3250,16.2941,186.9681,169.0339,16.2811,187.2274,1.77,6.06,40.42,169.7970,16.3118,186.5818,1.77,6.06,40.42,250.0675,11.9445,279.8723,0.00,100.00,182.67,-11.86,182.67,11.86,12.52
180.39,123.69,169.1681,13.3336,186.3179,0.03,100.00,40.42,3.94,2.40,5.87,357.67,169.3250,16.2972,186.9681,169.0339,16.2842,187.2274,1.77,6.06,40.42,169.7970,16.3149,186.5818,1.77,6.06,40.42,250.0675,11.9445,279.8723,0.00,100.00,182.67,-11.86,182.67,11.86,12.52
180.49,123.69,169.1681,13.3365,186.3179,0.03,100.00,40.42,3.94,2.40,5.87,357.67,169.3250,16.3000,186.9681,169.0339,16.2870,187.2274,1.77,6.06,40.42,169.7970,16.3177,186.5818,1.77,6.06,40.42,250.0675,11.9445,279.8723,0.00,100.00,182.67,-11.86,182.67,11.86,12.52
180.59,123.69,169.1681,13.3319,186.3179,0.04,100.00,40.42,3.94,2.40,5.87,357.67,169.3250,16.2955,186.9681,169.0339,16.2825,187.2274,1.77,6.06,40.42,169.7970,16.3132,186.5818,1.77,6.06,40.42,250.0675,11.9445,279.8723,0.00,100.00,182.67,-11.86,182.67,11.86,12.52
180.69,123.69,169.1681,13.3344,186.3179,0.03,100.00,40.42,3.94,2.40,5.87,357.67,169.3250,16.2980,186.9681,169.0339,16.2850,187.2274,1.77,6.06,40.42,169.7970,16.3157,186.5818,1.77,6.06,40.42,250.0675,11.9445,279.8723,0.00,100.00,182.67,-11.86,182.67,11.86,12.52
180.79,123.69,169.1681,13.3361,186.3179,0.02,100.00,40.42,3.94,2.40,5.87,357.67,169.3250,16.2997,186.9681,169.0339,16.2867,187.2274,1.77,6.06,40.42,169.7970,16.3174,186.5818,1.77,6.06,40.42,250.0675,11.9445,279.8723,0.00,100.00,182.67,-11.86,182.67,11.86,12.52
180.88,123.69,169.1681,13.3468,186.3179,0.11,100.00,40.42,3.94,2.40,5.87,357.67,169.3251,16.3103,186.9681,169.0339,16.2973,187.2274,1.77,6.06,40.42,169.7970,16.3280,186.5818,1.77,6.06,40.42,250.0675,11.9445,279.8723,0.00,100.00,182.67,-11.86,182.67,11.86,12.52
180.98,123.69,169.1681,13.3188,186.3179,0.29,100.00,40.42,3.94,2.40,5.87,357.67,169.3250,16.2824,186.9681,169.0339,16.2694,187.2274,1.77,6.06,40.42,169.7970,16.3001,186.5818,1.77,6.06,40.42,250.0675,11.9445,279.8723,0.00,100.00,182.67,-11.86,182.67,11.86,12.52
181.07,123.69,169.1681,13.3280,186.3179,0.10,100.00,40.42,3.94,2.40,5.87,357.67,169.3250,16.2915,186.9681,169.0339,16.2785,187.2274,1.77,6.06,40.42,169.7970,16.3092,186.5818,1.77,6.06,40.42,250.0675,11.9445,279.8723,0.00,100.00,182.67,-11.86,182.67,11.86,12.52
181.17,123.69,169.1681,13.3322,186.3179,0.04,100.00,40.42,3.94,2.40,5.87,357.67,169.3250,16.2958,186.9681,169.0339,16.2827,187.2274,1.77,6.06,40.42,169.7970,16.3135,186.5818,1.77,6.06,40.42,250.0675,11.9445,279.8723,0.00,100.00,182.67,-11.86,182.67,11.86,12.52
181.27,123.69,169.1681,13.3379,186.3179,0.06,100.00,40.42,3.94,2.40,5.87,357.67,169.3250,16.3015,186.9681,169.0339,16.2885,187.2274,1.77,6.06,40.42,169.7970,16.3192,186.5818,1.77,6.06,40.42,250.0675,11.9445,279.8723,0.00,100.00,182.67,-11.86,182.67,11.86,12.52
181.36,123.69,169.1681,13.3407,186.3179,0.03,100.00,40.42,3.94,2.40,5.87,357.67,169.3250,16.3043,186.9681,169.0339,16.2913,187.2274,1.77,6.06,40.42,169.7970,16.3220,186.5818,1.77,6.06,40.42,250.0675,11.9445,279.8723,0.00,100.00,182.67,-11.86,182.67,11.86,12.52
181.46,123.69,169.1681,13.3490,186.3179,0.09,100.00,40.42,3.94,2.40,5.87,357.67,169.3250,16.3126,186.9680,169.0339,16.2996,187.2274,1.77,6.06,40.42,169.7970,16.3303,186.5818,1.77,6.06,40.42,250.0675,11.9445,279.8723,0.00,100.00,182.67,-11.86,182.67,11.86,12.52
181.55,123.69,169.1681,13.3237,186.3179,0.27,100.00,40.42,3.94,2.40,5.87,357.67,169.3250,16.2873,186.9681,169.0339,16.2743,187.2274,1.77,6.06,40.42,169.7970,16.3050,186.5818,1.77,6.06,40.42,250.0675,11.9445,279.8723,0.00,100.00,182.67,-11.86,182.67,11.86,12.52
181.66,123.69,169.1681,13.3212,186.3179,0.03,100.00,40.42,3.94,2.40,5.87,357.67,169.3250,16.2848,186.9681,169.0339,16.2717,187.2274,1.77,6.06,40.42,169.7970,16.3025,186.5818,1.77,6.06,40.42,250.0675,11.9445,279.8723,0.00,100.00,182.67,-11.86,182.67,11.86,12.52
181.75,123.69,169.1681,13.3246,186.3179,0.03,100.00,40.42,3.94,2.40,5.87,357.67,169.3250,16.2882,186.9681,169.0339,16.2751,187.2274,1.77,6.06,40.42,169.7970,16.3059,186.5818,1.77,6.06,40.42,250.0675,11.9445,279.8723,0.00,100.00,182.67,-11.86,182.67,11.86,12.52
181.86,123.69,169.1681,13.3220,186.3179,0.03,100.00,40.42,3.94,2.40,5.87,357.67,169.3250,16.2856,186.9681,169.0339,16.2725,187.2274,1.77,6.06,40.42,169.7970,16.3033,186.5818,1.77,6.06,40.42,250.0675,11.9445,279.8723,0.00,100.00,182.67,-11.86,182.67,11.86,12.52
181.95,123.69,169.1681,13.3253,186.3179,0.03,100.00,40.42,3.94,2.40,5.87,357.67,169.3250,16.2889,186.9681,169.0339,16.2758,187.2274,1.77,6.06,40.42,169.7970,16.3066,186.5818,1.77,6.06,40.42,250.0675,11.9445,279.8723,0.00,100.00,182.67,-11.86,182.67,11.86,12.52
182.05,123.69,169.1681,13.3317,186.3179,0.07,100.00,40.42,3.94,2.40,5.87,357.67,169.3250,16.2953,186.9681,169.0339,16.2823,187.2274,1.77,6.06,40.42,169.7970,16.3130,186.5818,1.77,6.06,40.42,250.0675,11.9445,279.8723,0.00,100.00,182.67,-11.86,182.67,11.86,12.52
182.15,123.69,169.1681,13.3390,186.3179,0.08,100.00,40.42,3.94,2.40,5.87,357.67,169.3250,16.3026,186.9681,169.0339,16.2895,187.2274,1.77,6.06,40.42,169.7970,16.3203,186.5818,1.77,6.06,40.42,250.0675,11.9445,279.8723,0.00,100.00,182.67,-11.86,182.67,11.86,12.52
182.24,123.69,169.1681,13.3455,186.3179,0.07,100.00,40.42,3.94,2.40,5.87,357.67,169.3250,16.3091,186.9681,169.0339,16.2961,187.2274,1.77,6.06,40.42,169.7970,16.3268,186.5818,1.77,6.06,40.42,250.0675,11.9445,279.8723,0.00,100.00,182.67,-11.86,182.67,11.86,12.52
182.34,123.69,169.1681,13.3513,186.3179,0.06,100.00,40.42,3.94,2.40,5.87,357.67,169.3251,16.3148,186.9681,169.0339,16.3018,187.2274,1.77,6.06,40.42,169.7970,16.3325,186.5818,1.77,6.06,40.42,250.0675,11.9445,279.8723,0.00,100.00,182.67,-11.86,182.67,11.86,12.52
182.44,123.69,169.1681,13.3221,186.3179,0.30,100.00,40.42,3.94,2.40,5.87,357.67,169.3250,16.2856,186.9681,169.0339,16.2726,187.2274,1.77,6.06,40.42,169.7970,16.3033,186.5818,1.77,6.06,40.42,250.0675,11.9445,279.8723,0.00,100.00,182.67,-11.86,182.67,11.86,12.52
182.53,123.69,169.1681,13.3328,186.3179,0.11,100.00,40.42,3.94,2.40,5.87,357.67,169.3250,16.2964,186.9681,169.0339,16.2833,187.2274,1.77,6.06,40.42,169.7970,16.3141,186.5818,1.77,6.06,40.42,250.0675,11.9445,279.8723,0.00,100.00,182.67,-11.86,182.67,11.86,12.52
182.62,123.69,169.1681,13.3160,186.3179,0.19,100.00,40.42,3.94,2.40,5.87,357.67,169.3250,16.2796,186.9681,169.0339,16.2666,187.2274,1.77,6.06,40.42,169.7970,16.2973,186.5818,1.77,6.06,40.42,250.0675,11.9445,279.8723,0.00,100.00,182.67,-11.86,182.67,11.86,12.52
182.71,123.69,169.1681,13.3329,186.3179,0.19,100.00,40.42,3.94,2.40,5.87,357.67,169.3250,16.2965,186.9681,169.0339,16.2834,187.2274,1.77,6.06,40.42,169.7970,16.3142,186.5818,1.77,6.06,40.42,250.0675,11.9445,279.8723,0.00,100.00,182.67,-11.86,182.67,11.86,12.52
182.80,123.69,169.1681,13.3499,186.3179,0.19,100.00,40.42,3.94,2.40,5.87,357.67,169.3250,16.3134,186.9681,169.0339,16.3004,187.2274,1.77,6.06,40.42,169.7970,16.3311,186.5818,1.77,6.06,40.42,250.0675,11.9445,279.8723,0.00,100.00,182.67,-11.86,182.67,11.86,12.52
182.89,123.69,169.1681,13.3278,186.3179,0.24,100.00,40.42,3.94,2.40,5.87,357.67,169.3250,16.2913,186.9681,169.0339,16.2783,187.2274,1.77,6.06,40.42,169.7970,16.3090,186.5818,1.77,6.06,40.42,250.0675,11.9445,279.8723,0.00,100.00,182.67,-11.86,182.67,11.86,12.52
182.98,123.69,169.1681,13.3421,186.3179,0.16,100.00,40.42,3.94,2.40,5.87,357.67,169.3250,16.3057,186.9681,169.0339,16.2927,187.2274,1.77,6.06,40.42,169.7970,16.3234,186.5818,1.77,6.06,40.42,250.0675,11.9445,279.8723,0.00,100.00,182.67,-11.86,182.67,11.86,12.52
183.08,123.69,169.1681,13.3196,186.3179,0.24,100.00,40.42,3.94,2.40,5.87,357.67,169.3250,16.2831,186.9681,169.0339,16.2701,187.2274,1.77,6.06,40.42,169.7970,16.3008,186.5818,1.77,6.06,40.42,250.0675,11.9445,279.8723,0.00,100.00,182.67,-11.86,182.67,11.86,12.52
183.17,123.69,169.1681,13.3381,186.3179,0.21,100.00,40.42,3.94,2.40,5.87,357.67,169.3250,16.3016,186.9681,169.0339,16.2886,187.2274,1.77,6.06,40.42,169.7970,16.3193,186.5818,1.77,6.06,40.42,250.0675,11.9445,279.8723,0.00,100.00,182.67,-11.86,182.67,11.86,12.52
183.26,123.69,169.1681,13.3171,186.3179,0.23,100.00,40.42,3.94,2.40,5.87,357.67,169.3250,16.2806,186.9681,169.0339,16.2676,187.2274,1.77,6.06,40.42,169.7970,16.2983,186.5818,1.77,6.06,40.42,250.0675,11.9445,279.8723,0.00,100.00,182.67,-11.86,182.67,11.86,12.52
183.35,123.69,169.1681,13.3313,186.3179,0.15,100.00,40.42,3.94,2.40,5.87,357.67,169.3250,16.2949,186.9681,169.0339,16.2818,187.2274,1.77,6.06,40.42,169.7970,16.3126,186.5818,1.77,6.06,40.42,250.0675,11.9445,279.8723,0.00,100.00,182.67,-11.86,182.67,11.86,12.52
183.45,123.69,169.1681,13.3296,186.3179,0.02,100.00,40.42,3.94,2.40,5.87,357.67,169.3250,16.2931,186.9681,169.0339,16.2801,187.2274,1.77,6.06,40.42,169.7970,16.3108,186.5818,1.77,6.06,40.42,250.0675,11.9445,279.8723,0.00,100.00,182.67,-11.86,182.67,11.86,12.52
183.54,123.69,169.1681,13.3405,186.3179,0.12,100.00,40.42,3.94,2.40,5.87,357.67,169.3250,16.3041,186.9681,169.0339,16.2911,187.2274,1.77,6.06,40.42,169.7970,16.3218,186.5818,1.77,6.06,40.42,250.0675,11.9445,279.8723,0.00,100.00,182.67,-11.86,182.67,11.86,12.52
183.64,123.69,169.1681,13.3163,186.3179,0.26,100.00,40.42,3.94,2.40,5.87,357.67,169.3250,16.2798,186.9681,169.0339,16.2668,187.2274,1.77,6.06,40.42,169.7970,16.2975,186.5818,1.77,6.06,40.42,250.0675,11.9445,279.8723,0.00,100.00,182.67,-11.86,182.67,11.86,12.52
183.73,123.69,169.1681,13.3328,186.3179,0.18,100.00,40.42,3.94,2.40,5.87,357.67,169.3250,16.2964,186.9681,169.0339,16.2833,187.2274,1.77,6.06,40.42,169.7970,16.3141,186.5818,1.77,6.06,40.42,250.0675,11.9445,279.8723,0.00,100.00,182.67,-11.86,182.67,11.86,12.52
183.82,123.69,169.1681,13.3473,186.3179,0.16,100.00,40.42,3.94,2.40,5.87,357.67,169.3250,16.3109,186.9681,169.0339,16.2978,187.2274,1.77,6.06,40.42,169.7970,16.3286,186.5818,1.77,6.06,40.42,250.0675,11.9445,279.8723,0.00,100.00,182.67,-11.86,182.67,11.86,12.52
183.91,123.69,169.1681,13.3305,186.3179,0.19,100.00,40.42,3.94,2.40,5.87,357.67,169.3250,16.2941,186.9681,169.0339,16.2810,187.2274,1.77,6.06,40.42,169.7970,16.3118,186.5818,1.77,6.06,40.42,250.0675,11.9445,279.8723,0.00,100.00,182.67,-11.86,182.67,11.86,12.52
184.00,123.69,169.1681,13.3463,186.3179,0.17,100.00,40.42,3.94,2.40,5.87,357.67,169.3250,16.3099,186.9681,169.0339,16.2968,187.2274,1.77,6.06,40.42,169.7970,16.3276,186.5818,1.77,6.06,40.42,250.0675,11.9445,279.8723,0.00,100.00,182.67,-11.86,182.67,11.86,12.52
184.09,123.69,169.1681,13.3323,186.3179,0.16,100.00,40.42,3.94,2.40,5.87,357.67,169.3250,16.2958,186.9681,169.0339,16.2828,187.2274,1.77,6.06,40.42,169.7970,16.3135,186.5818,1.77,6.06,40.42,250.0675,11.9445,279.8723,0.00,100.00,182.67,-11.86,182.67,11.86,12.52
184.18,123.69,169.1681,13.3467,186.3179,0.16,100.00,40.42,3.94,2.40,5.87,357.67,169.3250,16.3103,186.9681,169.0339,16.2973,187.2274,1.77,6.06,40.42,169.7970,16.3280,186.5818,1.77,6.06,40.42,250.0675,11.9445,279.8723,0.00,100.00,182.67,-11.86,182.67,11.86,12.52
184.18,123.69,169.1681,13.3303,186.3179,Infinity,100.00,40.42,3.94,2.40,5.87,357.67,169.3250,16.2939,186.9681,169.0339,16.2809,187.2274,1.77,6.06,40.42,169.7970,16.3116,186.5818,1.77,6.06,40.42,250.0675,11.9445,279.8723,NaN,100.00,182.67,-11.86,182.67,11.86,12.52
